alert_id,organization_id,severity,incident_type,asset_id,case_id,created_at,closed_at
A-00001,ORG-001,medium,lateral_movement,ASSET-ORG-001-038,CASE-00068,2025-05-09T09:20:10,2025-05-10T23:44:27
A-00002,ORG-001,medium,recon,ASSET-ORG-001-037,CASE-00043,2025-06-28T21:04:06,2025-06-30T18:05:03
A-00003,ORG-001,medium,data_exfil,ASSET-ORG-001-006,,2025-04-27T03:03:10,2025-04-28T05:57:19
A-00004,ORG-001,medium,malware,ASSET-ORG-001-006,,2025-02-14T10:51:54,2025-02-17T04:44:58
A-00005,ORG-001,high,lateral_movement,ASSET-ORG-001-029,,2025-06-27T21:12:31,2025-06-28T10:16:20
A-00006,ORG-001,critical,phishing,ASSET-ORG-001-022,,2025-03-21T22:24:18,2025-03-22T04:54:53
A-00007,ORG-001,low,data_exfil,ASSET-ORG-001-033,,2025-06-10T04:26:21,2025-06-12T04:36:24
A-00008,ORG-001,medium,lateral_movement,ASSET-ORG-001-029,,2025-05-28T13:48:45,2025-05-29T17:34:14
A-00009,ORG-001,critical,lateral_movement,ASSET-ORG-001-039,,2025-06-05T05:04:19,2025-06-05T09:15:00
A-00010,ORG-001,critical,malware,ASSET-ORG-001-042,,2025-06-11T14:04:05,2025-06-11T17:28:10
A-00011,ORG-001,high,phishing,ASSET-ORG-001-025,,2025-02-07T00:18:31,2025-02-07T19:13:11
A-00012,ORG-001,critical,lateral_movement,ASSET-ORG-001-020,,2025-06-12T14:55:14,2025-06-12T22:15:46
A-00013,ORG-001,medium,data_exfil,ASSET-ORG-001-021,,2025-06-18T20:38:15,2025-06-20T10:22:29
A-00014,ORG-001,high,privilege_escalation,ASSET-ORG-001-027,CASE-00099,2025-01-09T11:24:40,2025-01-10T01:12:12
A-00015,ORG-001,critical,malware,ASSET-ORG-001-009,,2025-04-08T12:50:47,2025-04-08T20:13:06
A-00016,ORG-001,low,malware,ASSET-ORG-001-031,,2025-06-01T18:10:18,2025-06-05T08:46:06
A-00017,ORG-001,medium,brute_force,ASSET-ORG-001-041,,2025-05-20T13:27:57,2025-05-23T00:59:49
A-00018,ORG-001,high,lateral_movement,ASSET-ORG-001-019,CASE-00018,2025-02-14T04:09:46,2025-02-15T01:45:26
A-00019,ORG-001,medium,brute_force,ASSET-ORG-001-023,CASE-00084,2025-03-14T18:53:09,2025-03-17T02:14:50
A-00020,ORG-001,medium,data_exfil,ASSET-ORG-001-040,CASE-00021,2025-05-13T15:38:16,2025-05-15T09:10:28
A-00021,ORG-001,medium,privilege_escalation,ASSET-ORG-001-030,,2025-06-24T23:56:25,2025-06-26T20:53:05
A-00022,ORG-001,low,lateral_movement,ASSET-ORG-001-017,,2025-03-30T17:00:33,2025-04-03T13:00:31
A-00023,ORG-001,high,lateral_movement,ASSET-ORG-001-019,,2025-01-05T06:14:45,2025-01-06T05:21:22
A-00024,ORG-001,low,privilege_escalation,ASSET-ORG-001-015,,2025-04-28T21:07:40,2025-05-03T00:26:17
A-00025,ORG-001,medium,phishing,ASSET-ORG-001-041,,2025-01-19T20:49:00,2025-01-22T18:30:24
A-00026,ORG-001,critical,brute_force,ASSET-ORG-001-021,,2025-05-26T03:30:47,2025-05-26T09:17:42
A-00027,ORG-001,high,privilege_escalation,ASSET-ORG-001-031,,2025-06-06T14:30:31,2025-06-07T03:52:53
A-00028,ORG-001,low,privilege_escalation,ASSET-ORG-001-036,,2025-03-13T00:38:07,2025-03-15T13:47:11
A-00029,ORG-001,critical,brute_force,ASSET-ORG-001-044,CASE-00138,2025-05-26T10:38:49,2025-05-26T15:01:59
A-00030,ORG-001,low,brute_force,ASSET-ORG-001-040,,2025-02-12T23:38:45,2025-02-18T21:58:01
A-00031,ORG-001,high,data_exfil,ASSET-ORG-001-008,CASE-00010,2025-01-19T20:56:51,2025-01-20T09:13:18
A-00032,ORG-001,medium,recon,ASSET-ORG-001-027,,2025-04-25T01:12:15,2025-04-26T12:27:22
A-00033,ORG-001,low,recon,ASSET-ORG-001-027,,2025-02-24T07:41:00,2025-02-26T12:26:52
A-00034,ORG-001,low,privilege_escalation,ASSET-ORG-001-024,CASE-00114,2025-01-20T07:01:33,2025-01-24T12:31:22
A-00035,ORG-001,low,privilege_escalation,ASSET-ORG-001-030,,2025-01-18T19:13:44,2025-01-22T02:07:08
A-00036,ORG-001,medium,phishing,ASSET-ORG-001-005,,2025-06-11T03:13:53,2025-06-13T19:35:15
A-00037,ORG-001,medium,brute_force,ASSET-ORG-001-010,,2025-01-26T05:48:26,2025-01-28T21:08:40
A-00038,ORG-001,high,brute_force,ASSET-ORG-001-002,,2025-02-03T20:02:46,2025-02-04T08:52:37
A-00039,ORG-001,medium,malware,ASSET-ORG-001-029,,2025-04-08T20:03:30,2025-04-10T12:11:27
A-00040,ORG-001,medium,data_exfil,ASSET-ORG-001-042,CASE-00169,2025-01-07T01:10:21,2025-01-08T05:36:06
A-00041,ORG-001,high,malware,ASSET-ORG-001-032,,2025-05-19T08:01:50,2025-05-20T00:06:19
A-00042,ORG-001,medium,brute_force,ASSET-ORG-001-025,,2025-04-27T00:02:52,2025-04-29T14:40:54
A-00043,ORG-001,medium,privilege_escalation,ASSET-ORG-001-036,CASE-00168,2025-05-20T23:21:26,2025-05-22T15:00:53
A-00044,ORG-001,high,brute_force,ASSET-ORG-001-043,,2025-02-19T11:52:21,2025-02-20T02:41:11
A-00045,ORG-001,critical,malware,ASSET-ORG-001-006,,2025-03-25T20:41:25,2025-03-25T23:34:09
A-00046,ORG-001,medium,data_exfil,ASSET-ORG-001-023,,2025-06-19T15:18:19,2025-06-21T22:06:09
A-00047,ORG-001,low,recon,ASSET-ORG-001-020,,2025-03-10T06:47:24,2025-03-12T21:52:40
A-00048,ORG-001,medium,malware,ASSET-ORG-001-018,,2025-04-22T11:29:59,2025-04-24T03:58:05
A-00049,ORG-001,low,privilege_escalation,ASSET-ORG-001-040,,2025-04-30T03:27:31,2025-05-06T01:03:30
A-00050,ORG-001,high,brute_force,ASSET-ORG-001-023,,2025-01-02T04:27:18,2025-01-02T15:45:26
A-00051,ORG-001,critical,lateral_movement,ASSET-ORG-001-002,,2025-01-18T19:37:18,2025-01-19T02:27:00
A-00052,ORG-001,medium,malware,ASSET-ORG-001-004,,2025-01-31T05:03:17,2025-02-01T16:31:01
A-00053,ORG-001,medium,data_exfil,ASSET-ORG-001-018,,2025-02-11T20:37:27,2025-02-14T09:55:55
A-00054,ORG-001,medium,malware,ASSET-ORG-001-015,,2025-03-18T18:03:39,2025-03-21T13:42:08
A-00055,ORG-001,high,malware,ASSET-ORG-001-032,,2025-05-26T01:20:17,2025-05-26T17:10:40
A-00056,ORG-001,high,lateral_movement,ASSET-ORG-001-003,,2025-03-26T16:55:50,2025-03-27T01:16:18
A-00057,ORG-001,critical,malware,ASSET-ORG-001-021,,2025-02-03T08:59:13,2025-02-03T16:36:47
A-00058,ORG-001,medium,data_exfil,ASSET-ORG-001-020,,2025-05-25T19:42:08,2025-05-27T20:25:29
A-00059,ORG-001,critical,privilege_escalation,ASSET-ORG-001-023,,2025-03-10T04:14:36,2025-03-10T12:07:05
A-00060,ORG-001,medium,phishing,ASSET-ORG-001-041,,2025-04-06T22:45:08,2025-04-09T08:32:10
A-00061,ORG-001,medium,recon,ASSET-ORG-001-021,,2025-06-17T19:40:56,2025-06-20T17:21:17
A-00062,ORG-001,medium,brute_force,ASSET-ORG-001-033,,2025-01-15T09:45:12,2025-01-17T08:21:23
A-00063,ORG-001,low,recon,ASSET-ORG-001-039,,2025-04-09T11:06:26,2025-04-13T19:06:05
A-00064,ORG-001,critical,recon,ASSET-ORG-001-031,,2025-04-08T08:32:27,2025-04-08T11:54:50
A-00065,ORG-001,low,lateral_movement,ASSET-ORG-001-006,,2025-04-08T23:22:07,2025-04-14T21:28:03
A-00066,ORG-001,high,brute_force,ASSET-ORG-001-025,,2025-03-21T09:00:12,2025-03-22T07:06:07
A-00067,ORG-001,high,privilege_escalation,ASSET-ORG-001-043,,2025-06-25T23:51:47,2025-06-26T18:50:05
A-00068,ORG-001,critical,brute_force,ASSET-ORG-001-020,,2025-05-08T09:26:11,2025-05-08T15:00:14
A-00069,ORG-001,medium,privilege_escalation,ASSET-ORG-001-044,,2025-06-27T04:18:56,2025-06-29T18:38:46
A-00070,ORG-001,low,brute_force,ASSET-ORG-001-032,,2025-02-07T06:48:33,2025-02-10T15:48:06
A-00071,ORG-001,low,malware,ASSET-ORG-001-033,CASE-00076,2025-05-30T16:32:11,2025-06-04T23:08:46
A-00072,ORG-001,critical,brute_force,ASSET-ORG-001-040,,2025-01-26T10:43:58,2025-01-26T18:10:08
A-00073,ORG-001,low,recon,ASSET-ORG-001-019,,2025-05-27T02:23:49,2025-05-31T19:46:36
A-00074,ORG-001,low,data_exfil,ASSET-ORG-001-030,,2025-05-30T09:50:36,2025-06-03T02:52:45
A-00075,ORG-001,high,phishing,ASSET-ORG-001-013,,2025-06-05T14:08:19,2025-06-06T09:08:46
A-00076,ORG-001,medium,brute_force,ASSET-ORG-001-029,,2025-06-25T19:01:57,2025-06-28T08:24:49
A-00077,ORG-001,high,data_exfil,ASSET-ORG-001-033,,2025-03-14T14:47:12,2025-03-15T03:04:43
A-00078,ORG-001,low,data_exfil,ASSET-ORG-001-045,CASE-00074,2025-06-11T09:15:20,2025-06-14T05:28:07
A-00079,ORG-001,medium,malware,ASSET-ORG-001-002,,2025-02-19T16:41:31,2025-02-21T08:23:43
A-00080,ORG-001,medium,recon,ASSET-ORG-001-028,,2025-01-22T14:10:05,2025-01-24T11:08:49
A-00081,ORG-001,critical,privilege_escalation,ASSET-ORG-001-032,,2025-04-26T21:00:19,2025-04-27T03:53:04
A-00082,ORG-001,critical,lateral_movement,ASSET-ORG-001-006,,2025-04-12T15:36:53,2025-04-12T20:53:49
A-00083,ORG-001,medium,brute_force,ASSET-ORG-001-017,,2025-05-26T02:44:51,2025-05-27T03:55:48
A-00084,ORG-001,medium,brute_force,ASSET-ORG-001-009,CASE-00149,2025-01-09T14:37:09,2025-01-11T16:16:22
A-00085,ORG-001,high,phishing,ASSET-ORG-001-009,,2025-01-13T06:04:11,2025-01-14T03:06:17
A-00086,ORG-001,medium,privilege_escalation,ASSET-ORG-001-035,,2025-04-02T22:12:10,2025-04-04T16:38:54
A-00087,ORG-001,high,malware,ASSET-ORG-001-024,CASE-00168,2025-03-26T20:20:27,2025-03-27T11:37:22
A-00088,ORG-001,high,malware,ASSET-ORG-001-028,,2025-01-16T07:49:35,2025-01-16T23:39:55
A-00089,ORG-001,medium,phishing,ASSET-ORG-001-045,,2025-03-28T04:45:46,2025-03-30T06:21:41
A-00090,ORG-001,low,malware,ASSET-ORG-001-043,,2025-05-04T19:01:25,2025-05-09T06:10:56
A-00091,ORG-001,medium,data_exfil,ASSET-ORG-001-003,,2025-01-25T12:16:28,2025-01-26T17:10:12
A-00092,ORG-001,medium,brute_force,ASSET-ORG-001-024,CASE-00040,2025-03-28T04:54:25,2025-03-29T10:30:20
A-00093,ORG-001,critical,phishing,ASSET-ORG-001-032,CASE-00030,2025-04-11T12:52:04,2025-04-11T18:23:24
A-00094,ORG-001,low,brute_force,ASSET-ORG-001-045,,2025-06-27T23:06:04,
A-00095,ORG-001,critical,lateral_movement,ASSET-ORG-001-021,,2025-05-10T16:21:32,2025-05-10T21:31:16
A-00096,ORG-001,medium,privilege_escalation,ASSET-ORG-001-024,,2025-04-09T18:58:25,2025-04-11T11:18:08
A-00097,ORG-001,medium,data_exfil,ASSET-ORG-001-036,CASE-00142,2025-01-26T04:46:39,2025-01-29T01:20:17
A-00098,ORG-001,low,lateral_movement,ASSET-ORG-001-031,CASE-00102,2025-04-13T01:55:09,2025-04-17T13:44:43
A-00099,ORG-001,critical,brute_force,ASSET-ORG-001-042,,2025-01-15T09:38:02,2025-01-15T15:43:46
A-00100,ORG-001,low,privilege_escalation,ASSET-ORG-001-008,,2025-04-11T14:31:51,2025-04-14T12:48:55
A-00101,ORG-001,high,malware,ASSET-ORG-001-017,,2025-02-08T02:49:59,2025-02-08T22:23:38
A-00102,ORG-001,medium,malware,ASSET-ORG-001-033,,2025-05-05T11:13:04,2025-05-06T23:29:50
A-00103,ORG-001,high,recon,ASSET-ORG-001-003,,2025-06-10T05:52:47,2025-06-11T05:36:15
A-00104,ORG-001,medium,data_exfil,ASSET-ORG-001-041,,2025-04-16T22:34:31,2025-04-18T19:40:06
A-00105,ORG-001,medium,phishing,ASSET-ORG-001-029,,2025-03-22T16:56:15,2025-03-25T04:11:58
A-00106,ORG-001,low,brute_force,ASSET-ORG-001-026,,2025-01-26T09:24:51,2025-01-30T15:22:40
A-00107,ORG-001,critical,malware,ASSET-ORG-001-019,,2025-03-16T14:16:04,2025-03-16T21:52:08
A-00108,ORG-001,high,brute_force,ASSET-ORG-001-032,,2025-01-05T12:00:33,2025-01-05T21:38:54
A-00109,ORG-001,high,brute_force,ASSET-ORG-001-004,,2025-01-10T19:32:07,2025-01-11T08:39:25
A-00110,ORG-001,low,lateral_movement,ASSET-ORG-001-024,,2025-05-29T07:49:49,2025-06-02T18:33:30
A-00111,ORG-001,critical,recon,ASSET-ORG-001-029,,2025-05-29T10:22:52,2025-05-29T17:23:09
A-00112,ORG-001,high,phishing,ASSET-ORG-001-013,,2025-04-27T23:40:51,2025-04-28T16:56:56
A-00113,ORG-001,critical,recon,ASSET-ORG-001-009,,2025-03-05T16:25:53,2025-03-06T00:00:42
A-00114,ORG-001,medium,brute_force,ASSET-ORG-001-031,,2025-06-08T09:39:54,2025-06-09T10:52:35
A-00115,ORG-001,low,lateral_movement,ASSET-ORG-001-002,,2025-04-26T21:48:01,2025-05-01T18:55:02
A-00116,ORG-001,critical,lateral_movement,ASSET-ORG-001-040,CASE-00123,2025-05-31T09:55:34,2025-05-31T15:23:12
A-00117,ORG-001,critical,lateral_movement,ASSET-ORG-001-014,,2025-03-21T16:29:50,2025-03-21T23:03:53
A-00118,ORG-001,high,data_exfil,ASSET-ORG-001-021,,2025-02-03T15:05:18,2025-02-04T07:27:22
A-00119,ORG-001,medium,lateral_movement,ASSET-ORG-001-044,,2025-05-05T22:02:15,2025-05-07T17:17:15
A-00120,ORG-001,low,privilege_escalation,ASSET-ORG-001-019,,2025-05-17T21:04:35,2025-05-21T03:15:48
A-00121,ORG-001,high,recon,ASSET-ORG-001-018,,2025-02-25T21:11:44,2025-02-26T07:24:51
A-00122,ORG-001,high,lateral_movement,ASSET-ORG-001-006,,2025-03-09T06:10:15,2025-03-09T22:13:26
A-00123,ORG-001,high,malware,ASSET-ORG-001-040,,2025-05-24T20:48:07,2025-05-25T15:29:05
A-00124,ORG-001,critical,privilege_escalation,ASSET-ORG-001-009,,2025-01-02T00:08:50,2025-01-02T07:09:23
A-00125,ORG-001,medium,brute_force,ASSET-ORG-001-021,,2025-02-25T10:07:54,2025-02-28T09:09:52
A-00126,ORG-001,low,phishing,ASSET-ORG-001-027,,2025-06-21T07:33:34,2025-06-24T09:09:37
A-00127,ORG-001,medium,phishing,ASSET-ORG-001-019,CASE-00102,2025-06-20T05:55:09,2025-06-21T08:38:50
A-00128,ORG-001,medium,data_exfil,ASSET-ORG-001-009,,2025-06-15T06:13:33,2025-06-17T18:56:29
A-00129,ORG-001,high,phishing,ASSET-ORG-001-001,,2025-05-24T00:53:17,2025-05-24T15:01:29
A-00130,ORG-001,high,brute_force,ASSET-ORG-001-006,,2025-03-19T20:01:05,2025-03-20T16:12:05
A-00131,ORG-001,high,brute_force,ASSET-ORG-001-020,,2025-04-24T02:27:49,2025-04-24T23:37:23
A-00132,ORG-001,medium,lateral_movement,ASSET-ORG-001-020,,2025-05-15T00:59:10,2025-05-16T09:32:09
A-00133,ORG-001,high,recon,ASSET-ORG-001-024,CASE-00040,2025-03-22T17:58:51,2025-03-23T14:45:33
A-00134,ORG-001,medium,recon,ASSET-ORG-001-029,,2025-04-13T13:27:54,2025-04-15T15:48:33
A-00135,ORG-001,critical,brute_force,ASSET-ORG-001-034,CASE-00138,2025-03-27T19:07:34,2025-03-27T22:11:02
A-00136,ORG-001,medium,data_exfil,ASSET-ORG-001-037,CASE-00034,2025-01-12T05:04:22,2025-01-14T21:45:47
A-00137,ORG-001,medium,malware,ASSET-ORG-001-028,CASE-00056,2025-03-08T21:37:15,2025-03-10T02:15:49
A-00138,ORG-001,medium,lateral_movement,ASSET-ORG-001-042,CASE-00035,2025-03-23T15:01:43,2025-03-25T18:17:45
A-00139,ORG-001,low,data_exfil,ASSET-ORG-001-025,,2025-01-16T13:59:31,2025-01-21T20:31:59
A-00140,ORG-001,low,privilege_escalation,ASSET-ORG-001-002,CASE-00058,2025-02-27T22:28:20,2025-03-04T17:54:07
A-00141,ORG-001,critical,phishing,ASSET-ORG-001-008,CASE-00089,2025-01-07T06:08:36,2025-01-07T11:57:33
A-00142,ORG-001,high,phishing,ASSET-ORG-001-035,,2025-02-12T04:32:52,2025-02-13T02:16:51
A-00143,ORG-001,high,recon,ASSET-ORG-001-044,CASE-00148,2025-06-08T21:56:19,2025-06-09T11:46:34
A-00144,ORG-001,medium,lateral_movement,ASSET-ORG-001-012,,2025-05-02T13:20:22,2025-05-04T20:26:50
A-00145,ORG-001,critical,data_exfil,ASSET-ORG-001-012,,2025-05-27T11:50:01,2025-05-27T18:43:47
A-00146,ORG-001,medium,phishing,ASSET-ORG-001-025,,2025-02-17T03:48:09,2025-02-18T22:22:14
A-00147,ORG-001,critical,brute_force,ASSET-ORG-001-025,,2025-05-11T19:32:19,2025-05-12T03:02:42
A-00148,ORG-001,critical,phishing,ASSET-ORG-001-008,,2025-05-26T00:42:34,2025-05-26T07:04:07
A-00149,ORG-001,high,phishing,ASSET-ORG-001-036,,2025-03-04T10:50:04,2025-03-05T08:57:08
A-00150,ORG-001,critical,lateral_movement,ASSET-ORG-001-031,,2025-05-28T21:26:53,2025-05-29T02:21:46
A-00151,ORG-001,medium,phishing,ASSET-ORG-001-010,,2025-01-04T03:35:24,2025-01-05T22:34:44
A-00152,ORG-001,high,privilege_escalation,ASSET-ORG-001-016,,2025-04-07T22:54:48,2025-04-08T16:56:14
A-00153,ORG-001,critical,privilege_escalation,ASSET-ORG-001-023,,2025-02-02T20:50:07,2025-02-03T00:06:33
A-00154,ORG-001,critical,malware,ASSET-ORG-001-027,CASE-00172,2025-01-27T16:45:25,2025-01-28T00:29:51
A-00155,ORG-001,medium,recon,ASSET-ORG-001-031,,2025-05-09T00:29:15,2025-05-11T12:00:43
A-00156,ORG-001,medium,brute_force,ASSET-ORG-001-002,,2025-04-08T12:29:46,2025-04-10T19:50:58
A-00157,ORG-001,critical,malware,ASSET-ORG-001-034,,2025-01-29T21:54:45,2025-01-30T02:06:21
A-00158,ORG-001,low,phishing,ASSET-ORG-001-020,,2025-05-13T19:51:54,2025-05-16T07:36:20
A-00159,ORG-001,high,lateral_movement,ASSET-ORG-001-001,,2025-05-17T11:29:44,2025-05-17T22:36:55
A-00160,ORG-001,low,data_exfil,ASSET-ORG-001-018,CASE-00178,2025-01-10T00:59:40,2025-01-12T11:49:19
A-00161,ORG-001,medium,lateral_movement,ASSET-ORG-001-003,,2025-02-04T19:51:09,2025-02-06T18:45:09
A-00162,ORG-001,low,brute_force,ASSET-ORG-001-011,,2025-04-20T12:14:08,2025-04-23T23:15:24
A-00163,ORG-001,medium,lateral_movement,ASSET-ORG-001-006,,2025-04-08T05:51:49,2025-04-10T07:02:53
A-00164,ORG-001,medium,privilege_escalation,ASSET-ORG-001-021,,2025-01-06T18:03:56,2025-01-09T16:14:27
A-00165,ORG-001,critical,recon,ASSET-ORG-001-043,,2025-03-15T19:16:02,2025-03-15T22:02:50
A-00166,ORG-001,high,malware,ASSET-ORG-001-001,,2025-03-01T20:37:49,2025-03-02T12:43:35
A-00167,ORG-001,high,malware,ASSET-ORG-001-006,,2025-03-10T17:21:36,2025-03-11T11:26:57
A-00168,ORG-001,medium,recon,ASSET-ORG-001-016,,2025-04-22T01:31:43,2025-04-24T15:28:27
A-00169,ORG-001,critical,data_exfil,ASSET-ORG-001-018,,2025-03-23T18:28:44,2025-03-23T23:12:26
A-00170,ORG-001,high,phishing,ASSET-ORG-001-020,,2025-01-02T07:32:17,2025-01-02T22:44:29
A-00171,ORG-001,low,phishing,ASSET-ORG-001-020,,2025-03-04T06:24:28,2025-03-09T22:15:24
A-00172,ORG-001,critical,data_exfil,ASSET-ORG-001-021,CASE-00081,2025-02-26T14:14:48,2025-02-26T22:00:26
A-00173,ORG-001,critical,recon,ASSET-ORG-001-013,,2025-04-25T23:58:40,2025-04-26T06:56:39
A-00174,ORG-001,medium,phishing,ASSET-ORG-001-041,CASE-00105,2025-02-28T19:18:08,2025-03-02T12:55:32
A-00175,ORG-001,high,data_exfil,ASSET-ORG-001-035,,2025-04-09T08:59:09,2025-04-10T08:49:01
A-00176,ORG-001,medium,brute_force,ASSET-ORG-001-011,CASE-00064,2025-05-06T15:14:16,2025-05-09T11:51:05
A-00177,ORG-001,critical,malware,ASSET-ORG-001-017,,2025-02-13T02:36:00,2025-02-13T09:14:53
A-00178,ORG-001,medium,recon,ASSET-ORG-001-010,,2025-03-08T23:39:52,2025-03-10T01:27:10
A-00179,ORG-001,high,brute_force,ASSET-ORG-001-030,,2025-06-02T06:57:47,2025-06-02T18:43:44
A-00180,ORG-001,medium,malware,ASSET-ORG-001-002,CASE-00012,2025-06-14T21:27:56,2025-06-16T22:26:51
A-00181,ORG-001,high,data_exfil,ASSET-ORG-001-030,CASE-00041,2025-02-15T00:31:30,2025-02-15T23:02:51
A-00182,ORG-001,high,malware,ASSET-ORG-001-014,CASE-00152,2025-02-09T23:01:30,2025-02-10T12:05:31
A-00183,ORG-001,critical,malware,ASSET-ORG-001-017,,2025-05-11T05:41:42,2025-05-11T12:09:01
A-00184,ORG-001,low,recon,ASSET-ORG-001-012,,2025-06-08T00:17:42,2025-06-11T19:36:48
A-00185,ORG-001,medium,brute_force,ASSET-ORG-001-008,,2025-02-16T07:49:46,2025-02-18T06:03:59
A-00186,ORG-001,medium,data_exfil,ASSET-ORG-001-012,,2025-04-05T12:02:51,2025-04-08T10:19:23
A-00187,ORG-001,low,recon,ASSET-ORG-001-004,CASE-00081,2025-06-18T01:37:33,2025-06-22T05:54:52
A-00188,ORG-001,critical,data_exfil,ASSET-ORG-001-036,,2025-04-09T03:30:42,2025-04-09T11:27:21
A-00189,ORG-001,high,recon,ASSET-ORG-001-019,,2025-02-02T15:54:38,2025-02-03T14:07:24
A-00190,ORG-001,medium,brute_force,ASSET-ORG-001-035,,2025-06-09T17:38:41,2025-06-10T20:40:28
A-00191,ORG-001,medium,brute_force,ASSET-ORG-001-003,,2025-03-29T07:54:16,2025-03-31T03:02:31
A-00192,ORG-001,medium,privilege_escalation,ASSET-ORG-001-040,CASE-00151,2025-05-03T20:55:29,2025-05-06T04:06:10
A-00193,ORG-001,medium,recon,ASSET-ORG-001-035,,2025-02-02T16:41:43,2025-02-04T16:15:46
A-00194,ORG-001,medium,privilege_escalation,ASSET-ORG-001-033,,2025-06-24T19:01:39,2025-06-26T01:57:41
A-00195,ORG-001,critical,privilege_escalation,ASSET-ORG-001-009,,2025-02-18T11:34:49,2025-02-18T14:54:41
A-00196,ORG-001,high,malware,ASSET-ORG-001-041,,2025-06-04T07:05:52,2025-06-05T05:05:41
A-00197,ORG-001,low,privilege_escalation,ASSET-ORG-001-006,,2025-05-22T22:23:22,2025-05-27T17:09:21
A-00198,ORG-001,low,data_exfil,ASSET-ORG-001-018,CASE-00110,2025-03-04T16:39:38,2025-03-08T09:57:42
A-00199,ORG-001,medium,malware,ASSET-ORG-001-003,,2025-01-20T08:03:06,2025-01-23T05:38:55
A-00200,ORG-001,high,lateral_movement,ASSET-ORG-001-009,CASE-00110,2025-06-21T07:06:23,2025-06-22T02:56:21
A-00201,ORG-001,critical,lateral_movement,ASSET-ORG-001-020,,2025-05-21T23:21:03,2025-05-22T03:28:55
A-00202,ORG-001,critical,lateral_movement,ASSET-ORG-001-022,,2025-06-08T16:00:14,2025-06-08T19:06:05
A-00203,ORG-001,high,malware,ASSET-ORG-001-007,CASE-00019,2025-01-21T00:57:14,2025-01-21T14:39:29
A-00204,ORG-001,critical,lateral_movement,ASSET-ORG-001-011,CASE-00145,2025-03-27T11:00:43,2025-03-27T16:12:30
A-00205,ORG-001,critical,malware,ASSET-ORG-001-038,CASE-00026,2025-05-22T18:05:21,2025-05-22T23:35:04
A-00206,ORG-001,low,phishing,ASSET-ORG-001-034,CASE-00169,2025-04-28T20:29:03,2025-05-03T22:41:19
A-00207,ORG-001,high,malware,ASSET-ORG-001-016,,2025-04-08T00:13:24,2025-04-08T19:50:21
A-00208,ORG-001,high,lateral_movement,ASSET-ORG-001-012,,2025-05-29T02:33:37,2025-05-29T19:08:05
A-00209,ORG-001,critical,phishing,ASSET-ORG-001-003,CASE-00018,2025-06-29T03:31:52,2025-06-29T06:04:53
A-00210,ORG-001,medium,privilege_escalation,ASSET-ORG-001-027,,2025-03-24T06:00:13,2025-03-26T11:17:47
A-00211,ORG-001,medium,phishing,ASSET-ORG-001-010,,2025-04-15T03:45:33,2025-04-17T03:33:08
A-00212,ORG-001,low,malware,ASSET-ORG-001-016,,2025-01-17T17:46:50,2025-01-22T09:03:24
A-00213,ORG-001,critical,malware,ASSET-ORG-001-009,,2025-05-17T05:13:30,2025-05-17T07:19:41
A-00214,ORG-001,medium,malware,ASSET-ORG-001-022,,2025-06-06T17:23:42,2025-06-09T00:39:26
A-00215,ORG-001,high,data_exfil,ASSET-ORG-001-037,,2025-02-02T09:43:25,2025-02-03T00:25:01
A-00216,ORG-001,high,data_exfil,ASSET-ORG-001-024,CASE-00004,2025-03-16T08:48:49,2025-03-16T19:32:44
A-00217,ORG-001,high,malware,ASSET-ORG-001-037,,2025-03-14T09:24:43,2025-03-14T19:35:08
A-00218,ORG-001,low,privilege_escalation,ASSET-ORG-001-020,CASE-00120,2025-03-05T13:19:58,2025-03-08T01:54:48
A-00219,ORG-001,medium,data_exfil,ASSET-ORG-001-024,,2025-04-25T21:28:46,2025-04-28T09:24:17
A-00220,ORG-001,medium,recon,ASSET-ORG-001-016,,2025-01-30T05:41:24,2025-01-31T06:09:15
A-00221,ORG-001,high,privilege_escalation,ASSET-ORG-001-045,CASE-00139,2025-06-20T08:02:30,2025-06-20T16:12:58
A-00222,ORG-001,critical,recon,ASSET-ORG-001-016,,2025-03-23T12:29:01,2025-03-23T18:57:43
A-00223,ORG-001,critical,phishing,ASSET-ORG-001-034,CASE-00072,2025-03-22T04:59:03,2025-03-22T10:22:28
A-00224,ORG-001,medium,malware,ASSET-ORG-001-028,,2025-05-09T15:12:44,2025-05-11T00:43:48
A-00225,ORG-001,high,phishing,ASSET-ORG-001-005,,2025-02-09T08:42:33,2025-02-09T19:11:13
A-00226,ORG-001,medium,privilege_escalation,ASSET-ORG-001-014,,2025-03-29T18:05:10,2025-03-31T16:32:11
A-00227,ORG-001,medium,phishing,ASSET-ORG-001-021,,2025-01-29T19:14:20,2025-01-31T01:52:50
A-00228,ORG-001,low,malware,ASSET-ORG-001-026,,2025-06-15T22:43:50,2025-06-20T16:35:13
A-00229,ORG-001,critical,malware,ASSET-ORG-001-015,,2025-01-26T09:10:37,2025-01-26T12:58:49
A-00230,ORG-001,critical,lateral_movement,ASSET-ORG-001-029,CASE-00017,2025-06-07T03:36:18,2025-06-07T06:46:38
A-00231,ORG-001,high,lateral_movement,ASSET-ORG-001-026,CASE-00147,2025-04-07T08:06:59,2025-04-07T16:39:11
A-00232,ORG-001,critical,recon,ASSET-ORG-001-040,,2025-04-30T19:19:19,2025-04-30T23:33:32
A-00233,ORG-001,medium,privilege_escalation,ASSET-ORG-001-034,CASE-00052,2025-02-18T09:06:45,2025-02-21T07:02:33
A-00234,ORG-001,critical,data_exfil,ASSET-ORG-001-023,,2025-04-04T03:29:29,2025-04-04T10:26:51
A-00235,ORG-001,critical,data_exfil,ASSET-ORG-001-034,CASE-00072,2025-03-11T09:45:28,2025-03-11T17:04:24
A-00236,ORG-001,high,recon,ASSET-ORG-001-004,CASE-00169,2025-05-29T08:43:47,2025-05-29T20:43:26
A-00237,ORG-001,medium,recon,ASSET-ORG-001-002,,2025-05-17T14:19:40,2025-05-19T15:56:11
A-00238,ORG-001,medium,phishing,ASSET-ORG-001-032,,2025-04-16T06:29:01,2025-04-18T04:59:17
A-00239,ORG-001,critical,recon,ASSET-ORG-001-013,CASE-00123,2025-06-06T14:18:28,2025-06-06T17:29:43
A-00240,ORG-001,medium,privilege_escalation,ASSET-ORG-001-034,,2025-06-17T03:00:37,2025-06-19T05:34:50
A-00241,ORG-001,low,data_exfil,ASSET-ORG-001-038,,2025-01-20T14:50:38,2025-01-24T15:51:32
A-00242,ORG-001,high,lateral_movement,ASSET-ORG-001-036,,2025-05-15T16:13:32,2025-05-16T11:23:52
A-00243,ORG-001,critical,malware,ASSET-ORG-001-045,,2025-04-22T05:36:13,2025-04-22T11:10:04
A-00244,ORG-001,high,recon,ASSET-ORG-001-007,,2025-04-07T08:23:23,2025-04-07T18:57:00
A-00245,ORG-001,medium,lateral_movement,ASSET-ORG-001-022,CASE-00182,2025-03-28T17:26:46,2025-03-29T18:16:33
A-00246,ORG-001,critical,data_exfil,ASSET-ORG-001-027,CASE-00001,2025-02-02T07:11:35,2025-02-02T12:57:41
A-00247,ORG-001,medium,lateral_movement,ASSET-ORG-001-015,,2025-02-01T14:02:03,2025-02-03T22:53:45
A-00248,ORG-001,critical,data_exfil,ASSET-ORG-001-011,CASE-00088,2025-05-23T03:17:51,2025-05-23T05:58:48
A-00249,ORG-001,medium,recon,ASSET-ORG-001-028,,2025-01-31T12:09:24,2025-02-01T16:03:23
A-00250,ORG-001,medium,lateral_movement,ASSET-ORG-001-019,,2025-02-27T17:59:14,2025-03-01T11:17:05
A-00251,ORG-001,high,brute_force,ASSET-ORG-001-043,,2025-05-02T09:08:05,2025-05-03T04:03:40
A-00252,ORG-001,critical,privilege_escalation,ASSET-ORG-001-026,,2025-04-02T10:45:36,2025-04-02T17:12:42
A-00253,ORG-001,high,brute_force,ASSET-ORG-001-029,,2025-04-01T07:19:37,2025-04-01T20:07:19
A-00254,ORG-001,medium,data_exfil,ASSET-ORG-001-038,CASE-00089,2025-02-14T04:17:10,2025-02-16T20:35:53
A-00255,ORG-001,low,recon,ASSET-ORG-001-016,,2025-04-03T11:32:35,2025-04-07T07:03:59
A-00256,ORG-001,medium,recon,ASSET-ORG-001-010,,2025-01-24T08:33:14,2025-01-26T17:15:07
A-00257,ORG-001,high,privilege_escalation,ASSET-ORG-001-041,CASE-00175,2025-01-29T17:09:45,2025-01-30T16:20:49
A-00258,ORG-001,high,data_exfil,ASSET-ORG-001-001,,2025-06-02T17:35:29,2025-06-03T14:20:31
A-00259,ORG-001,critical,brute_force,ASSET-ORG-001-035,,2025-06-20T21:43:48,2025-06-21T02:51:35
A-00260,ORG-001,medium,data_exfil,ASSET-ORG-001-003,CASE-00156,2025-03-18T20:31:40,2025-03-20T20:39:59
A-00261,ORG-001,high,privilege_escalation,ASSET-ORG-001-032,CASE-00078,2025-06-16T15:39:50,2025-06-17T12:20:15
A-00262,ORG-001,medium,malware,ASSET-ORG-001-013,,2025-03-27T18:32:54,2025-03-29T09:56:28
A-00263,ORG-001,high,recon,ASSET-ORG-001-024,,2025-06-09T10:13:06,2025-06-09T19:14:29
A-00264,ORG-001,medium,phishing,ASSET-ORG-001-013,,2025-06-19T22:38:13,2025-06-21T13:15:12
A-00265,ORG-001,critical,brute_force,ASSET-ORG-001-013,CASE-00117,2025-02-23T04:49:39,2025-02-23T10:10:49
A-00266,ORG-001,low,data_exfil,ASSET-ORG-001-038,,2025-04-18T01:24:04,2025-04-22T04:20:18
A-00267,ORG-001,medium,phishing,ASSET-ORG-001-015,CASE-00147,2025-05-06T17:00:32,2025-05-08T09:24:03
A-00268,ORG-001,medium,malware,ASSET-ORG-001-031,,2025-06-26T23:58:11,2025-06-28T09:36:16
A-00269,ORG-001,high,lateral_movement,ASSET-ORG-001-042,,2025-02-23T11:21:25,2025-02-24T03:04:19
A-00270,ORG-001,high,brute_force,ASSET-ORG-001-044,,2025-04-12T02:20:54,2025-04-13T01:21:16
A-00271,ORG-001,medium,recon,ASSET-ORG-001-039,,2025-02-24T21:22:11,2025-02-26T19:06:14
A-00272,ORG-001,high,lateral_movement,ASSET-ORG-001-042,,2025-02-28T00:28:03,2025-02-28T11:53:47
A-00273,ORG-001,medium,brute_force,ASSET-ORG-001-017,,2025-06-26T02:30:51,2025-06-28T08:59:35
A-00274,ORG-001,high,lateral_movement,ASSET-ORG-001-015,,2025-05-14T06:28:27,2025-05-15T00:12:24
A-00275,ORG-001,medium,lateral_movement,ASSET-ORG-001-036,CASE-00033,2025-05-29T03:27:23,2025-05-30T16:47:13
A-00276,ORG-001,medium,phishing,ASSET-ORG-001-023,,2025-02-13T08:47:00,2025-02-15T07:08:40
A-00277,ORG-001,high,privilege_escalation,ASSET-ORG-001-041,,2025-04-24T07:39:17,2025-04-25T02:13:08
A-00278,ORG-001,high,brute_force,ASSET-ORG-001-027,CASE-00175,2025-01-11T11:56:49,2025-01-12T11:48:00
A-00279,ORG-001,critical,privilege_escalation,ASSET-ORG-001-012,,2025-06-01T06:07:44,2025-06-01T08:51:52
A-00280,ORG-001,medium,phishing,ASSET-ORG-001-032,CASE-00044,2025-06-02T11:20:52,2025-06-03T17:45:31
A-00281,ORG-001,critical,recon,ASSET-ORG-001-013,,2025-05-22T21:07:05,2025-05-23T02:30:50
A-00282,ORG-001,medium,malware,ASSET-ORG-001-044,,2025-01-01T19:13:06,2025-01-04T16:51:08
A-00283,ORG-001,medium,phishing,ASSET-ORG-001-005,,2025-06-09T23:23:25,2025-06-11T02:43:09
A-00284,ORG-001,medium,phishing,ASSET-ORG-001-022,,2025-06-25T00:45:10,2025-06-27T12:26:47
A-00285,ORG-001,critical,lateral_movement,ASSET-ORG-001-002,,2025-04-25T12:10:04,2025-04-25T18:45:39
A-00286,ORG-001,critical,malware,ASSET-ORG-001-043,,2025-01-21T23:50:42,2025-01-22T07:47:38
A-00287,ORG-001,high,lateral_movement,ASSET-ORG-001-041,,2025-01-02T19:21:44,2025-01-03T08:50:37
A-00288,ORG-001,low,recon,ASSET-ORG-001-040,,2025-01-23T20:40:58,2025-01-27T13:51:17
A-00289,ORG-001,medium,phishing,ASSET-ORG-001-023,,2025-05-17T14:15:10,2025-05-19T20:05:25
A-00290,ORG-001,high,malware,ASSET-ORG-001-043,,2025-01-18T06:46:59,2025-01-18T16:47:36
A-00291,ORG-001,high,brute_force,ASSET-ORG-001-017,,2025-04-01T03:41:21,2025-04-01T12:36:03
A-00292,ORG-001,critical,privilege_escalation,ASSET-ORG-001-003,,2025-01-02T21:04:34,2025-01-03T00:20:08
A-00293,ORG-001,high,brute_force,ASSET-ORG-001-012,,2025-01-23T02:29:44,2025-01-23T17:47:29
A-00294,ORG-001,critical,lateral_movement,ASSET-ORG-001-004,,2025-06-13T22:57:19,2025-06-14T02:24:22
A-00295,ORG-001,critical,lateral_movement,ASSET-ORG-001-009,,2025-04-04T19:18:51,2025-04-05T01:45:25
A-00296,ORG-001,medium,privilege_escalation,ASSET-ORG-001-037,,2025-05-21T13:01:45,2025-05-24T06:10:19
A-00297,ORG-001,high,lateral_movement,ASSET-ORG-001-016,,2025-04-04T13:57:18,2025-04-05T04:14:57
A-00298,ORG-001,high,data_exfil,ASSET-ORG-001-011,,2025-01-15T12:53:50,2025-01-16T10:34:35
A-00299,ORG-001,medium,malware,ASSET-ORG-001-030,,2025-03-28T06:04:12,2025-03-30T23:47:49
A-00300,ORG-001,critical,data_exfil,ASSET-ORG-001-027,,2025-01-07T22:59:20,2025-01-08T06:03:36
A-00301,ORG-001,medium,data_exfil,ASSET-ORG-001-022,,2025-03-12T13:17:55,2025-03-13T17:15:02
A-00302,ORG-001,high,privilege_escalation,ASSET-ORG-001-040,,2025-04-27T11:58:30,2025-04-28T04:35:17
A-00303,ORG-001,low,privilege_escalation,ASSET-ORG-001-019,CASE-00091,2025-04-17T08:25:23,2025-04-22T12:26:33
A-00304,ORG-001,medium,malware,ASSET-ORG-001-017,,2025-04-29T14:46:32,2025-05-01T05:02:31
A-00305,ORG-001,medium,malware,ASSET-ORG-001-041,,2025-06-12T14:52:31,2025-06-15T09:45:04
A-00306,ORG-001,medium,malware,ASSET-ORG-001-036,,2025-03-26T01:02:33,2025-03-28T19:38:58
A-00307,ORG-001,critical,data_exfil,ASSET-ORG-001-043,,2025-04-27T14:44:50,2025-04-27T22:15:52
A-00308,ORG-001,low,brute_force,ASSET-ORG-001-029,,2025-06-06T06:37:30,2025-06-09T02:02:55
A-00309,ORG-001,high,lateral_movement,ASSET-ORG-001-036,,2025-05-03T20:03:06,2025-05-04T08:00:29
A-00310,ORG-001,medium,lateral_movement,ASSET-ORG-001-008,,2025-05-28T17:28:06,2025-05-30T19:07:03
A-00311,ORG-001,high,privilege_escalation,ASSET-ORG-001-028,,2025-06-06T22:58:23,2025-06-07T07:12:19
A-00312,ORG-001,critical,malware,ASSET-ORG-001-045,,2025-06-02T07:22:13,2025-06-02T12:03:24
A-00313,ORG-001,low,lateral_movement,ASSET-ORG-001-042,,2025-04-19T23:42:37,2025-04-24T08:20:45
A-00314,ORG-001,high,privilege_escalation,ASSET-ORG-001-044,,2025-03-02T17:04:23,2025-03-03T11:07:27
A-00315,ORG-001,medium,privilege_escalation,ASSET-ORG-001-038,,2025-04-17T03:24:40,2025-04-19T23:20:54
A-00316,ORG-001,critical,phishing,ASSET-ORG-001-033,,2025-01-24T04:13:44,2025-01-24T09:39:44
A-00317,ORG-001,medium,phishing,ASSET-ORG-001-003,CASE-00120,2025-01-30T20:18:34,2025-02-01T19:48:09
A-00318,ORG-001,medium,malware,ASSET-ORG-001-021,,2025-04-13T00:31:06,2025-04-14T16:32:07
A-00319,ORG-001,medium,phishing,ASSET-ORG-001-027,,2025-04-16T10:56:13,2025-04-19T02:02:33
A-00320,ORG-001,high,privilege_escalation,ASSET-ORG-001-040,,2025-04-14T00:18:14,2025-04-14T16:56:54
A-00321,ORG-001,critical,lateral_movement,ASSET-ORG-001-023,,2025-03-28T12:57:35,2025-03-28T17:08:50
A-00322,ORG-001,low,data_exfil,ASSET-ORG-001-017,,2025-04-15T21:41:18,2025-04-19T14:52:41
A-00323,ORG-001,critical,lateral_movement,ASSET-ORG-001-013,,2025-03-04T04:45:56,2025-03-04T11:26:35
A-00324,ORG-001,critical,recon,ASSET-ORG-001-045,,2025-06-20T14:44:46,2025-06-20T20:42:27
A-00325,ORG-001,critical,brute_force,ASSET-ORG-001-036,CASE-00014,2025-01-14T16:17:02,2025-01-14T23:31:02
A-00326,ORG-001,critical,malware,ASSET-ORG-001-042,CASE-00173,2025-05-20T20:46:28,2025-05-21T04:24:10
A-00327,ORG-001,medium,recon,ASSET-ORG-001-006,,2025-02-24T15:57:58,2025-02-26T23:50:12
A-00328,ORG-001,medium,privilege_escalation,ASSET-ORG-001-035,CASE-00101,2025-02-27T06:41:57,2025-03-02T04:52:08
A-00329,ORG-001,critical,malware,ASSET-ORG-001-037,,2025-04-26T20:36:47,2025-04-27T02:12:00
A-00330,ORG-001,critical,phishing,ASSET-ORG-001-015,,2025-04-30T18:53:31,2025-04-30T23:11:32
A-00331,ORG-001,high,recon,ASSET-ORG-001-005,,2025-02-26T10:32:22,2025-02-27T06:46:01
A-00332,ORG-001,high,brute_force,ASSET-ORG-001-040,,2025-01-14T13:19:58,2025-01-15T00:51:19
A-00333,ORG-001,critical,brute_force,ASSET-ORG-001-016,,2025-06-02T13:26:29,2025-06-02T17:27:27
A-00334,ORG-001,high,brute_force,ASSET-ORG-001-020,,2025-04-05T13:27:04,2025-04-06T07:29:38
A-00335,ORG-001,low,malware,ASSET-ORG-001-005,,2025-06-23T05:30:41,2025-06-25T08:13:28
A-00336,ORG-001,medium,recon,ASSET-ORG-001-026,,2025-05-30T08:43:58,2025-06-02T03:41:52
A-00337,ORG-001,medium,phishing,ASSET-ORG-001-024,,2025-03-18T05:10:29,2025-03-19T21:26:07
A-00338,ORG-001,low,phishing,ASSET-ORG-001-030,,2025-04-08T07:24:11,2025-04-13T09:44:13
A-00339,ORG-001,low,lateral_movement,ASSET-ORG-001-011,,2025-05-28T00:50:09,2025-06-02T03:42:44
A-00340,ORG-001,critical,lateral_movement,ASSET-ORG-001-031,,2025-03-11T16:06:30,2025-03-11T18:28:34
A-00341,ORG-001,high,data_exfil,ASSET-ORG-001-030,,2025-06-21T04:19:48,2025-06-21T13:10:31
A-00342,ORG-001,medium,recon,ASSET-ORG-001-012,,2025-03-15T03:21:38,2025-03-18T02:57:35
A-00343,ORG-001,high,data_exfil,ASSET-ORG-001-023,,2025-06-08T16:35:57,2025-06-09T16:23:43
A-00344,ORG-001,high,phishing,ASSET-ORG-001-012,CASE-00165,2025-01-31T13:20:18,2025-02-01T03:55:56
A-00345,ORG-001,high,phishing,ASSET-ORG-001-038,,2025-02-01T07:27:43,2025-02-02T03:14:41
A-00346,ORG-001,critical,phishing,ASSET-ORG-001-017,,2025-06-29T02:54:50,2025-06-29T06:33:09
A-00347,ORG-001,low,phishing,ASSET-ORG-001-029,,2025-04-28T18:36:55,2025-05-03T15:16:11
A-00348,ORG-001,medium,privilege_escalation,ASSET-ORG-001-038,CASE-00106,2025-06-09T07:35:20,2025-06-10T20:49:59
A-00349,ORG-001,medium,malware,ASSET-ORG-001-015,,2025-03-15T10:35:33,2025-03-17T14:39:39
A-00350,ORG-001,medium,phishing,ASSET-ORG-001-031,,2025-06-25T01:47:55,2025-06-27T22:33:47
A-00351,ORG-001,critical,recon,ASSET-ORG-001-035,,2025-06-10T16:31:51,2025-06-10T18:32:30
A-00352,ORG-001,high,privilege_escalation,ASSET-ORG-001-031,,2025-06-03T07:35:44,2025-06-04T05:35:19
A-00353,ORG-001,low,malware,ASSET-ORG-001-019,,2025-04-27T04:14:39,2025-05-02T11:25:50
A-00354,ORG-001,high,phishing,ASSET-ORG-001-045,,2025-06-06T04:14:59,2025-06-06T18:00:01
A-00355,ORG-001,medium,lateral_movement,ASSET-ORG-001-026,,2025-05-27T14:25:26,2025-05-29T05:15:23
A-00356,ORG-001,high,brute_force,ASSET-ORG-001-037,,2025-03-08T20:49:00,2025-03-09T18:54:37
A-00357,ORG-001,medium,privilege_escalation,ASSET-ORG-001-022,CASE-00055,2025-06-05T12:14:56,2025-06-08T04:20:26
A-00358,ORG-001,medium,privilege_escalation,ASSET-ORG-001-010,,2025-04-02T14:08:06,2025-04-05T09:50:36
A-00359,ORG-001,low,data_exfil,ASSET-ORG-001-040,CASE-00099,2025-05-08T09:59:53,2025-05-13T13:52:29
A-00360,ORG-001,low,recon,ASSET-ORG-001-019,CASE-00169,2025-02-07T19:35:04,2025-02-10T00:28:44
A-00361,ORG-001,medium,recon,ASSET-ORG-001-011,,2025-05-11T21:10:52,2025-05-12T23:48:25
A-00362,ORG-001,high,data_exfil,ASSET-ORG-001-026,,2025-04-24T19:19:53,2025-04-25T06:58:40
A-00363,ORG-001,medium,brute_force,ASSET-ORG-001-018,,2025-02-13T22:36:48,2025-02-16T18:46:02
A-00364,ORG-001,high,malware,ASSET-ORG-001-017,,2025-02-03T23:43:16,2025-02-04T15:07:57
A-00365,ORG-001,medium,recon,ASSET-ORG-001-017,,2025-05-15T19:10:06,2025-05-18T03:24:35
A-00366,ORG-001,medium,privilege_escalation,ASSET-ORG-001-022,,2025-05-31T14:33:08,2025-06-02T23:57:52
A-00367,ORG-001,medium,phishing,ASSET-ORG-001-044,,2025-05-17T03:43:02,2025-05-18T20:27:36
A-00368,ORG-001,high,recon,ASSET-ORG-001-001,,2025-05-17T02:03:04,2025-05-18T01:12:01
A-00369,ORG-001,high,recon,ASSET-ORG-001-018,,2025-02-05T11:50:14,2025-02-06T09:25:14
A-00370,ORG-001,low,privilege_escalation,ASSET-ORG-001-040,CASE-00052,2025-03-11T03:12:28,2025-03-14T01:55:34
A-00371,ORG-001,medium,lateral_movement,ASSET-ORG-001-032,CASE-00021,2025-04-30T04:38:27,2025-05-01T05:07:23
A-00372,ORG-001,low,recon,ASSET-ORG-001-018,,2025-04-06T07:19:07,2025-04-09T09:57:04
A-00373,ORG-001,high,phishing,ASSET-ORG-001-037,,2025-01-25T21:40:10,2025-01-26T06:39:18
A-00374,ORG-001,critical,malware,ASSET-ORG-001-045,,2025-04-11T15:00:39,2025-04-11T21:11:54
A-00375,ORG-001,high,recon,ASSET-ORG-001-017,,2025-02-16T01:08:54,2025-02-16T14:03:09
A-00376,ORG-001,high,phishing,ASSET-ORG-001-037,,2025-01-26T11:09:10,2025-01-27T05:38:11
A-00377,ORG-001,high,malware,ASSET-ORG-001-012,CASE-00039,2025-03-23T20:25:43,2025-03-24T13:31:24
A-00378,ORG-001,medium,data_exfil,ASSET-ORG-001-007,,2025-05-15T02:09:52,2025-05-16T14:03:31
A-00379,ORG-001,high,brute_force,ASSET-ORG-001-036,,2025-04-19T06:05:55,2025-04-20T04:50:40
A-00380,ORG-001,medium,recon,ASSET-ORG-001-012,CASE-00148,2025-06-01T12:30:14,2025-06-03T09:13:42
A-00381,ORG-001,high,brute_force,ASSET-ORG-001-030,,2025-05-03T15:59:31,2025-05-04T02:37:43
A-00382,ORG-001,high,recon,ASSET-ORG-001-037,,2025-03-20T14:22:39,2025-03-21T13:49:52
A-00383,ORG-001,medium,lateral_movement,ASSET-ORG-001-018,,2025-04-28T13:17:54,2025-05-01T12:14:23
A-00384,ORG-001,high,phishing,ASSET-ORG-001-002,,2025-01-25T06:43:41,2025-01-26T03:58:36
A-00385,ORG-001,critical,data_exfil,ASSET-ORG-001-034,,2025-05-29T13:08:29,2025-05-29T15:53:56
A-00386,ORG-001,medium,phishing,ASSET-ORG-001-034,,2025-06-12T19:46:33,2025-06-14T08:11:56
A-00387,ORG-001,low,recon,ASSET-ORG-001-029,,2025-01-27T05:40:51,2025-02-01T12:13:13
A-00388,ORG-001,high,brute_force,ASSET-ORG-001-031,,2025-04-15T19:02:08,2025-04-16T07:10:13
A-00389,ORG-001,high,data_exfil,ASSET-ORG-001-035,CASE-00035,2025-01-02T14:45:37,2025-01-03T11:16:50
A-00390,ORG-001,critical,data_exfil,ASSET-ORG-001-019,,2025-04-26T22:14:20,2025-04-27T02:20:36
A-00391,ORG-001,medium,data_exfil,ASSET-ORG-001-025,CASE-00184,2025-02-12T20:02:06,2025-02-14T15:11:04
A-00392,ORG-001,medium,brute_force,ASSET-ORG-001-019,,2025-05-06T22:01:43,2025-05-09T12:45:48
A-00393,ORG-001,low,phishing,ASSET-ORG-001-009,,2025-02-26T05:36:42,2025-02-28T21:41:00
A-00394,ORG-001,critical,recon,ASSET-ORG-001-002,CASE-00005,2025-02-06T02:31:55,2025-02-06T05:27:46
A-00395,ORG-001,high,privilege_escalation,ASSET-ORG-001-032,,2025-03-14T02:50:09,2025-03-14T19:16:37
A-00396,ORG-001,critical,privilege_escalation,ASSET-ORG-001-017,CASE-00121,2025-06-08T16:39:51,2025-06-08T22:08:14
A-00397,ORG-001,critical,data_exfil,ASSET-ORG-001-007,,2025-04-12T04:41:03,2025-04-12T08:34:53
A-00398,ORG-001,medium,phishing,ASSET-ORG-001-024,,2025-06-22T08:08:27,2025-06-23T11:56:01
A-00399,ORG-001,high,data_exfil,ASSET-ORG-001-021,CASE-00029,2025-01-03T22:13:14,2025-01-04T09:16:02
A-00400,ORG-001,high,malware,ASSET-ORG-001-016,,2025-01-31T14:55:41,2025-02-01T08:01:43
A-00401,ORG-001,high,recon,ASSET-ORG-001-042,CASE-00060,2025-05-27T22:27:57,2025-05-28T12:47:18
A-00402,ORG-001,high,data_exfil,ASSET-ORG-001-036,CASE-00011,2025-02-27T05:28:10,2025-02-27T23:20:58
A-00403,ORG-001,low,privilege_escalation,ASSET-ORG-001-036,,2025-02-01T03:15:16,2025-02-03T13:17:07
A-00404,ORG-001,medium,lateral_movement,ASSET-ORG-001-012,CASE-00164,2025-06-21T10:45:47,2025-06-22T12:07:34
A-00405,ORG-001,medium,phishing,ASSET-ORG-001-034,CASE-00138,2025-05-13T16:03:19,2025-05-16T04:17:08
A-00406,ORG-001,critical,lateral_movement,ASSET-ORG-001-005,,2025-01-09T12:01:00,2025-01-09T15:11:52
A-00407,ORG-001,medium,recon,ASSET-ORG-001-017,,2025-01-10T12:45:20,2025-01-12T15:25:57
A-00408,ORG-001,low,data_exfil,ASSET-ORG-001-041,,2025-01-12T18:53:00,2025-01-16T23:26:49
A-00409,ORG-001,high,malware,ASSET-ORG-001-005,,2025-06-12T00:50:56,2025-06-12T14:22:52
A-00410,ORG-001,medium,recon,ASSET-ORG-001-041,CASE-00135,2025-02-04T17:43:28,2025-02-07T10:23:15
A-00411,ORG-001,high,lateral_movement,ASSET-ORG-001-028,,2025-06-21T10:15:29,2025-06-21T20:09:11
A-00412,ORG-001,medium,brute_force,ASSET-ORG-001-024,,2025-03-22T01:39:32,2025-03-24T23:46:12
A-00413,ORG-001,low,brute_force,ASSET-ORG-001-024,CASE-00141,2025-03-29T20:21:10,2025-04-03T13:31:28
A-00414,ORG-001,low,recon,ASSET-ORG-001-002,CASE-00009,2025-04-11T12:14:04,2025-04-14T07:54:27
A-00415,ORG-001,high,phishing,ASSET-ORG-001-014,,2025-06-16T03:56:46,2025-06-16T17:40:43
A-00416,ORG-001,critical,data_exfil,ASSET-ORG-001-023,,2025-01-31T07:30:42,2025-01-31T10:46:17
A-00417,ORG-001,medium,lateral_movement,ASSET-ORG-001-021,,2025-06-03T23:12:04,2025-06-06T10:20:17
A-00418,ORG-001,medium,recon,ASSET-ORG-001-025,,2025-01-16T05:43:52,2025-01-17T09:48:11
A-00419,ORG-001,low,data_exfil,ASSET-ORG-001-027,,2025-06-30T15:15:39,
A-00420,ORG-001,low,malware,ASSET-ORG-001-041,CASE-00168,2025-05-31T23:02:00,2025-06-06T19:06:11
A-00421,ORG-001,medium,phishing,ASSET-ORG-001-004,CASE-00129,2025-05-11T19:22:03,2025-05-13T23:58:34
A-00422,ORG-001,medium,malware,ASSET-ORG-001-015,,2025-03-25T20:57:58,2025-03-27T18:04:02
A-00423,ORG-001,medium,brute_force,ASSET-ORG-001-006,,2025-03-19T09:16:14,2025-03-21T21:48:43
A-00424,ORG-001,medium,phishing,ASSET-ORG-001-036,,2025-04-30T14:45:11,2025-05-03T04:55:39
A-00425,ORG-001,critical,data_exfil,ASSET-ORG-001-028,,2025-03-12T22:16:14,2025-03-13T03:26:27
A-00426,ORG-001,medium,recon,ASSET-ORG-001-010,,2025-03-27T12:42:30,2025-03-28T15:58:34
A-00427,ORG-001,high,privilege_escalation,ASSET-ORG-001-006,CASE-00176,2025-01-22T19:41:24,2025-01-23T17:09:13
A-00428,ORG-001,high,brute_force,ASSET-ORG-001-014,,2025-05-24T16:42:37,2025-05-25T10:30:15
A-00429,ORG-001,medium,data_exfil,ASSET-ORG-001-038,CASE-00179,2025-06-25T22:27:13,2025-06-28T12:48:50
A-00430,ORG-001,critical,lateral_movement,ASSET-ORG-001-001,,2025-01-13T22:22:05,2025-01-14T03:54:20
A-00431,ORG-001,high,data_exfil,ASSET-ORG-001-033,,2025-05-18T19:23:22,2025-05-19T05:12:09
A-00432,ORG-001,critical,phishing,ASSET-ORG-001-033,,2025-03-30T22:22:14,2025-03-31T05:28:26
A-00433,ORG-001,high,lateral_movement,ASSET-ORG-001-011,,2025-01-04T13:37:14,2025-01-05T03:56:00
A-00434,ORG-001,critical,brute_force,ASSET-ORG-001-025,,2025-06-22T21:34:28,2025-06-22T23:50:33
A-00435,ORG-001,low,lateral_movement,ASSET-ORG-001-009,CASE-00088,2025-01-18T01:09:15,2025-01-22T08:49:01
A-00436,ORG-001,low,brute_force,ASSET-ORG-001-029,CASE-00080,2025-04-16T06:59:32,2025-04-19T02:10:58
A-00437,ORG-001,high,lateral_movement,ASSET-ORG-001-034,,2025-06-26T14:52:10,2025-06-27T01:19:53
A-00438,ORG-001,critical,brute_force,ASSET-ORG-001-010,,2025-05-22T04:26:10,2025-05-22T06:42:16
A-00439,ORG-001,medium,phishing,ASSET-ORG-001-013,,2025-01-21T17:35:27,2025-01-23T03:10:10
A-00440,ORG-001,medium,phishing,ASSET-ORG-001-044,,2025-01-06T01:33:45,2025-01-08T03:43:23
A-00441,ORG-001,medium,phishing,ASSET-ORG-001-025,,2025-04-06T10:18:08,2025-04-08T20:48:24
A-00442,ORG-001,low,phishing,ASSET-ORG-001-043,CASE-00070,2025-02-09T09:16:22,2025-02-12T15:03:51
A-00443,ORG-001,high,data_exfil,ASSET-ORG-001-003,,2025-04-29T01:09:32,2025-04-29T22:32:42
A-00444,ORG-001,medium,data_exfil,ASSET-ORG-001-030,,2025-06-10T14:08:47,2025-06-11T17:14:06
A-00445,ORG-001,high,lateral_movement,ASSET-ORG-001-003,CASE-00138,2025-04-19T07:04:29,2025-04-19T22:07:37
A-00446,ORG-001,high,phishing,ASSET-ORG-001-028,,2025-02-27T04:05:43,2025-02-27T23:15:25
A-00447,ORG-001,high,lateral_movement,ASSET-ORG-001-029,,2025-01-18T13:29:04,2025-01-19T10:38:23
A-00448,ORG-001,critical,recon,ASSET-ORG-001-013,,2025-06-21T08:58:25,2025-06-21T15:06:44
A-00449,ORG-001,critical,lateral_movement,ASSET-ORG-001-025,,2025-05-22T03:28:39,2025-05-22T10:08:05
A-00450,ORG-001,low,phishing,ASSET-ORG-001-010,,2025-02-04T17:34:46,2025-02-07T01:03:07
A-00451,ORG-001,low,malware,ASSET-ORG-001-040,CASE-00034,2025-05-29T15:00:10,2025-06-02T03:51:53
A-00452,ORG-001,high,recon,ASSET-ORG-001-043,,2025-04-03T08:58:42,2025-04-04T01:14:18
A-00453,ORG-001,medium,privilege_escalation,ASSET-ORG-001-014,,2025-01-10T11:58:41,2025-01-12T01:26:15
A-00454,ORG-001,low,brute_force,ASSET-ORG-001-022,,2025-06-28T17:18:12,
A-00455,ORG-001,medium,recon,ASSET-ORG-001-036,,2025-02-04T10:50:01,2025-02-06T19:59:25
A-00456,ORG-001,high,malware,ASSET-ORG-001-028,,2025-06-13T18:06:27,2025-06-14T12:07:42
A-00457,ORG-001,medium,malware,ASSET-ORG-001-037,CASE-00054,2025-05-22T16:46:52,2025-05-25T14:34:54
A-00458,ORG-001,high,recon,ASSET-ORG-001-037,,2025-05-02T00:31:41,2025-05-02T14:58:11
A-00459,ORG-001,medium,data_exfil,ASSET-ORG-001-032,,2025-06-06T21:27:41,2025-06-08T10:33:42
A-00460,ORG-001,low,malware,ASSET-ORG-001-008,CASE-00075,2025-01-05T15:47:11,2025-01-10T11:29:24
A-00461,ORG-001,critical,brute_force,ASSET-ORG-001-036,,2025-06-06T12:26:06,2025-06-06T20:14:15
A-00462,ORG-001,high,malware,ASSET-ORG-001-008,,2025-05-14T04:13:35,2025-05-14T18:17:37
A-00463,ORG-001,high,malware,ASSET-ORG-001-042,,2025-01-27T08:39:32,2025-01-28T01:25:27
A-00464,ORG-001,low,brute_force,ASSET-ORG-001-037,,2025-05-21T18:34:40,2025-05-25T16:31:34
A-00465,ORG-001,medium,malware,ASSET-ORG-001-010,,2025-02-24T11:02:18,2025-02-25T13:18:29
A-00466,ORG-001,medium,privilege_escalation,ASSET-ORG-001-020,,2025-05-17T22:46:43,2025-05-19T21:40:47
A-00467,ORG-001,low,brute_force,ASSET-ORG-001-014,,2025-04-12T23:08:43,2025-04-16T19:10:24
A-00468,ORG-001,critical,data_exfil,ASSET-ORG-001-033,CASE-00130,2025-01-30T22:03:16,2025-01-31T01:47:08
A-00469,ORG-001,critical,lateral_movement,ASSET-ORG-001-003,,2025-03-31T04:48:43,2025-03-31T10:20:23
A-00470,ORG-001,critical,data_exfil,ASSET-ORG-001-003,,2025-01-21T00:29:38,2025-01-21T07:13:56
A-00471,ORG-001,critical,brute_force,ASSET-ORG-001-035,CASE-00052,2025-03-03T23:20:44,2025-03-04T05:21:38
A-00472,ORG-001,critical,recon,ASSET-ORG-001-023,,2025-04-17T16:13:46,2025-04-17T21:07:42
A-00473,ORG-001,critical,data_exfil,ASSET-ORG-001-044,,2025-01-10T19:08:31,2025-01-10T22:06:22
A-00474,ORG-001,medium,data_exfil,ASSET-ORG-001-040,,2025-03-11T01:19:45,2025-03-13T00:04:49
A-00475,ORG-001,high,phishing,ASSET-ORG-001-006,,2025-06-07T20:09:37,2025-06-08T18:45:59
A-00476,ORG-001,medium,lateral_movement,ASSET-ORG-001-030,,2025-04-02T08:54:09,2025-04-04T01:46:26
A-00477,ORG-001,high,brute_force,ASSET-ORG-001-026,CASE-00158,2025-02-05T14:29:14,2025-02-06T11:13:23
A-00478,ORG-001,high,data_exfil,ASSET-ORG-001-002,,2025-01-13T16:37:26,2025-01-14T09:16:37
A-00479,ORG-001,high,lateral_movement,ASSET-ORG-001-007,CASE-00027,2025-03-05T06:39:46,2025-03-06T00:47:13
A-00480,ORG-001,medium,data_exfil,ASSET-ORG-001-025,,2025-01-13T19:51:41,2025-01-15T20:40:17
A-00481,ORG-001,medium,phishing,ASSET-ORG-001-043,,2025-05-11T00:35:11,2025-05-12T06:15:30
A-00482,ORG-001,medium,privilege_escalation,ASSET-ORG-001-029,,2025-02-04T05:01:49,2025-02-06T03:27:38
A-00483,ORG-001,medium,recon,ASSET-ORG-001-025,CASE-00028,2025-03-05T13:49:58,2025-03-08T01:49:34
A-00484,ORG-001,medium,malware,ASSET-ORG-001-010,,2025-05-09T07:55:49,2025-05-10T18:47:45
A-00485,ORG-001,high,privilege_escalation,ASSET-ORG-001-044,CASE-00082,2025-03-01T03:18:23,2025-03-01T19:13:13
A-00486,ORG-001,low,malware,ASSET-ORG-001-024,,2025-06-24T23:19:01,2025-06-30T07:15:14
A-00487,ORG-001,low,brute_force,ASSET-ORG-001-008,CASE-00144,2025-06-17T05:42:21,2025-06-20T22:48:19
A-00488,ORG-001,medium,lateral_movement,ASSET-ORG-001-021,CASE-00180,2025-05-19T05:06:20,2025-05-21T08:58:46
A-00489,ORG-001,high,brute_force,ASSET-ORG-001-027,CASE-00143,2025-01-30T22:56:15,2025-01-31T12:11:20
A-00490,ORG-001,medium,phishing,ASSET-ORG-001-032,CASE-00019,2025-05-08T18:09:38,2025-05-11T01:57:45
A-00491,ORG-001,medium,data_exfil,ASSET-ORG-001-030,CASE-00036,2025-06-23T12:23:46,2025-06-26T08:24:33
A-00492,ORG-001,high,data_exfil,ASSET-ORG-001-036,,2025-06-09T05:48:35,2025-06-09T22:00:09
A-00493,ORG-001,high,recon,ASSET-ORG-001-037,CASE-00129,2025-03-13T06:12:15,2025-03-13T14:48:47
A-00494,ORG-001,critical,data_exfil,ASSET-ORG-001-045,,2025-01-16T13:07:16,2025-01-16T16:24:51
A-00495,ORG-001,high,lateral_movement,ASSET-ORG-001-043,,2025-05-10T20:26:51,2025-05-11T05:52:08
A-00496,ORG-001,critical,data_exfil,ASSET-ORG-001-033,,2025-06-25T22:31:21,2025-06-26T04:47:36
A-00497,ORG-001,high,lateral_movement,ASSET-ORG-001-031,,2025-04-23T06:19:57,2025-04-23T17:24:37
A-00498,ORG-001,high,phishing,ASSET-ORG-001-040,,2025-02-24T13:25:26,2025-02-25T02:26:02
A-00499,ORG-001,high,phishing,ASSET-ORG-001-017,,2025-06-01T22:50:36,2025-06-02T19:36:01
A-00500,ORG-001,critical,data_exfil,ASSET-ORG-001-027,,2025-05-30T14:10:26,2025-05-30T19:39:41
A-00501,ORG-001,medium,malware,ASSET-ORG-001-004,CASE-00068,2025-02-02T13:04:28,2025-02-04T22:51:46
A-00502,ORG-001,high,phishing,ASSET-ORG-001-034,,2025-06-18T23:47:17,2025-06-19T15:42:07
A-00503,ORG-001,medium,privilege_escalation,ASSET-ORG-001-028,CASE-00137,2025-04-29T13:04:08,2025-05-02T12:33:03
A-00504,ORG-001,high,malware,ASSET-ORG-001-017,,2025-05-08T01:27:38,2025-05-08T20:05:42
A-00505,ORG-001,high,malware,ASSET-ORG-001-044,,2025-01-02T15:30:06,2025-01-03T14:38:31
A-00506,ORG-001,high,malware,ASSET-ORG-001-002,,2025-05-01T06:36:01,2025-05-01T16:16:26
A-00507,ORG-001,low,recon,ASSET-ORG-001-012,,2025-06-23T23:40:12,2025-06-26T15:48:46
A-00508,ORG-001,high,malware,ASSET-ORG-001-041,,2025-03-30T01:12:03,2025-03-30T14:13:56
A-00509,ORG-001,low,brute_force,ASSET-ORG-001-017,,2025-02-04T13:12:41,2025-02-09T05:22:29
A-00510,ORG-001,medium,phishing,ASSET-ORG-001-040,CASE-00139,2025-05-05T22:10:23,2025-05-07T05:54:35
A-00511,ORG-001,critical,malware,ASSET-ORG-001-005,,2025-04-21T22:39:31,2025-04-22T02:56:22
A-00512,ORG-001,medium,data_exfil,ASSET-ORG-001-037,,2025-01-01T17:15:38,2025-01-04T06:47:22
A-00513,ORG-001,medium,malware,ASSET-ORG-001-035,,2025-02-13T20:31:21,2025-02-14T20:45:48
A-00514,ORG-001,high,lateral_movement,ASSET-ORG-001-020,,2025-03-19T19:00:01,2025-03-20T04:00:18
A-00515,ORG-001,medium,brute_force,ASSET-ORG-001-042,,2025-02-09T10:36:36,2025-02-10T23:28:15
A-00516,ORG-001,medium,brute_force,ASSET-ORG-001-032,,2025-01-17T11:29:16,2025-01-20T09:33:58
A-00517,ORG-001,high,data_exfil,ASSET-ORG-001-005,,2025-06-03T22:25:56,2025-06-04T16:16:21
A-00518,ORG-001,medium,data_exfil,ASSET-ORG-001-044,CASE-00168,2025-06-18T23:25:33,2025-06-21T14:29:49
A-00519,ORG-001,critical,recon,ASSET-ORG-001-003,,2025-02-17T02:58:57,2025-02-17T10:53:16
A-00520,ORG-001,critical,recon,ASSET-ORG-001-040,CASE-00028,2025-02-12T19:56:32,2025-02-12T22:30:59
A-00521,ORG-001,high,privilege_escalation,ASSET-ORG-001-014,,2025-05-29T09:33:36,2025-05-29T18:23:23
A-00522,ORG-001,medium,data_exfil,ASSET-ORG-001-016,,2025-06-29T17:57:38,
A-00523,ORG-001,critical,malware,ASSET-ORG-001-012,CASE-00125,2025-06-29T20:06:39,2025-06-29T22:55:19
A-00524,ORG-001,high,phishing,ASSET-ORG-001-040,,2025-05-15T07:25:56,2025-05-15T16:07:01
A-00525,ORG-001,critical,phishing,ASSET-ORG-001-013,,2025-01-23T19:37:34,2025-01-24T02:27:07
A-00526,ORG-001,low,recon,ASSET-ORG-001-015,,2025-04-01T03:24:12,2025-04-06T22:38:19
A-00527,ORG-001,low,data_exfil,ASSET-ORG-001-032,,2025-02-04T05:43:42,2025-02-07T04:59:42
A-00528,ORG-001,medium,privilege_escalation,ASSET-ORG-001-030,,2025-01-09T09:52:26,2025-01-10T17:28:39
A-00529,ORG-001,medium,recon,ASSET-ORG-001-038,CASE-00061,2025-03-05T07:08:27,2025-03-07T13:39:22
A-00530,ORG-001,medium,privilege_escalation,ASSET-ORG-001-013,CASE-00061,2025-03-14T22:06:27,2025-03-16T14:10:32
A-00531,ORG-001,high,data_exfil,ASSET-ORG-001-024,,2025-01-27T11:41:29,2025-01-28T04:01:27
A-00532,ORG-001,high,phishing,ASSET-ORG-001-022,CASE-00120,2025-02-12T16:35:30,2025-02-13T05:57:53
A-00533,ORG-001,low,data_exfil,ASSET-ORG-001-014,CASE-00106,2025-04-25T20:58:00,2025-04-30T17:55:24
A-00534,ORG-001,medium,lateral_movement,ASSET-ORG-001-016,,2025-02-18T02:58:41,2025-02-20T02:48:39
A-00535,ORG-001,critical,data_exfil,ASSET-ORG-001-033,,2025-01-07T12:40:59,2025-01-07T18:33:28
A-00536,ORG-001,low,phishing,ASSET-ORG-001-023,,2025-02-27T10:28:59,2025-03-02T21:17:56
A-00537,ORG-001,low,lateral_movement,ASSET-ORG-001-038,,2025-01-05T17:46:30,2025-01-10T12:00:57
A-00538,ORG-001,high,lateral_movement,ASSET-ORG-001-001,,2025-06-17T01:40:25,2025-06-17T21:05:36
A-00539,ORG-001,medium,recon,ASSET-ORG-001-014,,2025-06-02T22:54:36,2025-06-04T04:48:18
A-00540,ORG-001,low,malware,ASSET-ORG-001-025,,2025-03-12T23:46:36,2025-03-17T19:32:54
A-00541,ORG-001,medium,phishing,ASSET-ORG-001-022,CASE-00182,2025-02-16T08:06:32,2025-02-18T23:24:13
A-00542,ORG-001,high,brute_force,ASSET-ORG-001-018,,2025-04-08T18:47:15,2025-04-09T15:10:14
A-00543,ORG-001,high,recon,ASSET-ORG-001-044,,2025-06-10T06:32:42,2025-06-11T00:14:43
A-00544,ORG-001,medium,lateral_movement,ASSET-ORG-001-005,,2025-02-06T13:47:28,2025-02-08T23:07:56
A-00545,ORG-001,medium,data_exfil,ASSET-ORG-001-010,,2025-06-19T21:45:48,2025-06-21T12:38:12
A-00546,ORG-001,critical,brute_force,ASSET-ORG-001-027,,2025-03-28T04:32:15,2025-03-28T12:24:20
A-00547,ORG-001,medium,lateral_movement,ASSET-ORG-001-042,,2025-06-02T18:52:02,2025-06-04T18:37:41
A-00548,ORG-001,critical,privilege_escalation,ASSET-ORG-001-020,,2025-02-03T08:21:10,2025-02-03T12:43:09
A-00549,ORG-001,medium,brute_force,ASSET-ORG-001-012,CASE-00042,2025-02-04T01:14:01,2025-02-05T12:24:36
A-00550,ORG-001,critical,recon,ASSET-ORG-001-003,,2025-05-10T05:42:11,2025-05-10T10:35:16
A-00551,ORG-001,medium,malware,ASSET-ORG-001-002,,2025-03-20T13:23:49,2025-03-23T01:45:48
A-00552,ORG-001,medium,lateral_movement,ASSET-ORG-001-019,,2025-04-03T00:35:01,2025-04-04T21:41:17
A-00553,ORG-001,low,lateral_movement,ASSET-ORG-001-010,,2025-06-05T06:17:42,2025-06-10T16:36:46
A-00554,ORG-001,high,malware,ASSET-ORG-001-031,,2025-06-24T19:07:01,2025-06-25T03:50:47
A-00555,ORG-001,critical,malware,ASSET-ORG-001-039,,2025-05-05T12:44:00,2025-05-05T16:30:34
A-00556,ORG-001,medium,malware,ASSET-ORG-001-033,,2025-03-18T14:08:50,2025-03-20T04:18:23
A-00557,ORG-001,critical,privilege_escalation,ASSET-ORG-001-028,,2025-03-13T18:36:01,2025-03-14T00:06:53
A-00558,ORG-001,low,lateral_movement,ASSET-ORG-001-027,CASE-00187,2025-06-06T01:26:45,2025-06-10T17:53:24
A-00559,ORG-001,medium,phishing,ASSET-ORG-001-014,CASE-00151,2025-02-28T21:09:34,2025-03-03T07:43:10
A-00560,ORG-001,high,recon,ASSET-ORG-001-025,,2025-01-18T04:11:55,2025-01-18T12:19:08
A-00561,ORG-001,critical,privilege_escalation,ASSET-ORG-001-025,,2025-02-26T04:59:46,2025-02-26T12:02:15
A-00562,ORG-001,critical,brute_force,ASSET-ORG-001-041,CASE-00001,2025-06-11T23:51:16,2025-06-12T07:38:54
A-00563,ORG-001,critical,privilege_escalation,ASSET-ORG-001-018,,2025-04-06T17:46:50,2025-04-06T20:23:16
A-00564,ORG-001,low,privilege_escalation,ASSET-ORG-001-008,,2025-03-14T11:14:54,2025-03-19T13:53:25
A-00565,ORG-001,critical,malware,ASSET-ORG-001-010,CASE-00067,2025-03-04T01:49:19,2025-03-04T08:01:06
A-00566,ORG-001,high,brute_force,ASSET-ORG-001-019,,2025-04-13T20:10:20,2025-04-14T15:48:13
A-00567,ORG-001,critical,malware,ASSET-ORG-001-039,,2025-05-27T03:30:11,2025-05-27T07:01:27
A-00568,ORG-001,high,phishing,ASSET-ORG-001-001,CASE-00149,2025-01-27T14:13:50,2025-01-28T07:39:48
A-00569,ORG-001,low,privilege_escalation,ASSET-ORG-001-036,,2025-04-30T02:47:00,2025-05-05T07:20:13
A-00570,ORG-001,medium,privilege_escalation,ASSET-ORG-001-008,,2025-03-23T00:58:28,2025-03-25T10:30:23
A-00571,ORG-001,low,data_exfil,ASSET-ORG-001-023,CASE-00034,2025-03-02T12:02:15,2025-03-06T16:50:25
A-00572,ORG-001,critical,privilege_escalation,ASSET-ORG-001-008,CASE-00078,2025-02-13T04:15:45,2025-02-13T07:26:02
A-00573,ORG-001,medium,malware,ASSET-ORG-001-002,,2025-05-31T10:19:40,2025-06-02T21:35:24
A-00574,ORG-001,critical,malware,ASSET-ORG-001-017,,2025-01-09T09:42:23,2025-01-09T12:18:33
A-00575,ORG-001,critical,phishing,ASSET-ORG-001-018,,2025-04-23T13:50:13,2025-04-23T19:00:10
A-00576,ORG-001,low,phishing,ASSET-ORG-001-035,CASE-00050,2025-01-01T20:10:27,2025-01-04T10:32:46
A-00577,ORG-001,low,data_exfil,ASSET-ORG-001-024,,2025-05-16T13:32:06,2025-05-22T03:22:11
A-00578,ORG-001,high,phishing,ASSET-ORG-001-027,,2025-01-22T21:53:52,2025-01-23T19:45:31
A-00579,ORG-001,medium,recon,ASSET-ORG-001-003,CASE-00093,2025-01-16T23:18:11,2025-01-18T23:11:44
A-00580,ORG-001,low,phishing,ASSET-ORG-001-036,,2025-03-21T02:04:21,2025-03-24T20:23:33
A-00581,ORG-001,low,privilege_escalation,ASSET-ORG-001-031,,2025-05-12T20:58:49,2025-05-17T02:29:34
A-00582,ORG-001,critical,phishing,ASSET-ORG-001-026,,2025-03-19T19:02:40,2025-03-20T02:25:11
A-00583,ORG-001,critical,brute_force,ASSET-ORG-001-013,,2025-03-07T18:08:16,2025-03-07T21:57:38
A-00584,ORG-001,medium,brute_force,ASSET-ORG-001-042,,2025-03-19T17:13:57,2025-03-21T19:09:45
A-00585,ORG-001,critical,brute_force,ASSET-ORG-001-032,,2025-04-07T13:27:49,2025-04-07T17:33:52
A-00586,ORG-001,high,lateral_movement,ASSET-ORG-001-021,CASE-00046,2025-01-30T15:48:15,2025-01-31T05:18:56
A-00587,ORG-001,high,recon,ASSET-ORG-001-017,CASE-00170,2025-04-16T07:56:41,2025-04-16T22:12:00
A-00588,ORG-001,high,data_exfil,ASSET-ORG-001-029,CASE-00116,2025-03-31T06:09:12,2025-03-31T14:48:30
A-00589,ORG-001,medium,data_exfil,ASSET-ORG-001-043,,2025-04-18T12:49:12,2025-04-21T04:05:50
A-00590,ORG-001,medium,data_exfil,ASSET-ORG-001-040,,2025-05-12T08:39:41,2025-05-14T10:20:55
A-00591,ORG-001,high,lateral_movement,ASSET-ORG-001-038,CASE-00094,2025-01-06T05:21:44,2025-01-07T03:17:31
A-00592,ORG-001,low,data_exfil,ASSET-ORG-001-023,CASE-00089,2025-01-11T23:04:21,2025-01-15T10:38:27
A-00593,ORG-001,critical,phishing,ASSET-ORG-001-002,CASE-00079,2025-04-15T13:12:15,2025-04-15T18:10:21
A-00594,ORG-001,medium,brute_force,ASSET-ORG-001-025,,2025-04-21T18:02:24,2025-04-23T22:27:39
A-00595,ORG-001,medium,privilege_escalation,ASSET-ORG-001-043,CASE-00128,2025-03-07T22:22:06,2025-03-09T10:30:06
A-00596,ORG-001,critical,privilege_escalation,ASSET-ORG-001-035,,2025-02-11T13:41:08,2025-02-11T18:18:04
A-00597,ORG-001,medium,recon,ASSET-ORG-001-022,,2025-02-23T01:58:22,2025-02-24T06:52:16
A-00598,ORG-001,medium,brute_force,ASSET-ORG-001-028,CASE-00078,2025-05-09T19:55:56,2025-05-12T11:15:00
A-00599,ORG-001,medium,malware,ASSET-ORG-001-041,,2025-05-17T13:45:46,2025-05-20T03:21:11
A-00600,ORG-001,high,privilege_escalation,ASSET-ORG-001-030,,2025-02-22T00:40:19,2025-02-22T20:17:06
A-00601,ORG-001,medium,privilege_escalation,ASSET-ORG-001-020,CASE-00039,2025-06-13T21:53:37,2025-06-16T05:35:51
A-00602,ORG-001,critical,lateral_movement,ASSET-ORG-001-039,,2025-02-15T20:26:41,2025-02-16T02:08:20
A-00603,ORG-001,low,data_exfil,ASSET-ORG-001-042,,2025-06-25T20:39:40,2025-06-28T02:03:00
A-00604,ORG-001,medium,lateral_movement,ASSET-ORG-001-003,,2025-05-21T06:58:22,2025-05-23T18:21:02
A-00605,ORG-001,low,lateral_movement,ASSET-ORG-001-043,CASE-00105,2025-06-21T23:45:04,2025-06-24T12:54:10
A-00606,ORG-001,low,recon,ASSET-ORG-001-043,,2025-06-10T23:20:03,2025-06-16T11:51:50
A-00607,ORG-001,high,malware,ASSET-ORG-001-016,,2025-04-27T11:22:11,2025-04-27T21:35:44
A-00608,ORG-001,high,malware,ASSET-ORG-001-012,,2025-02-11T13:49:06,2025-02-12T02:48:58
A-00609,ORG-001,high,lateral_movement,ASSET-ORG-001-016,CASE-00140,2025-02-23T22:19:59,2025-02-24T20:36:37
A-00610,ORG-001,low,malware,ASSET-ORG-001-042,,2025-06-25T18:40:29,
A-00611,ORG-001,high,data_exfil,ASSET-ORG-001-020,,2025-05-05T01:43:06,2025-05-05T22:28:21
A-00612,ORG-001,low,data_exfil,ASSET-ORG-001-017,,2025-02-28T10:14:25,2025-03-02T23:23:02
A-00613,ORG-001,high,privilege_escalation,ASSET-ORG-001-011,,2025-06-27T20:21:37,2025-06-28T12:20:57
A-00614,ORG-001,low,brute_force,ASSET-ORG-001-028,,2025-06-20T06:00:12,2025-06-22T20:37:28
A-00615,ORG-001,medium,brute_force,ASSET-ORG-001-027,,2025-04-27T22:03:49,2025-04-30T13:56:52
A-00616,ORG-001,medium,privilege_escalation,ASSET-ORG-001-042,,2025-01-27T10:14:08,2025-01-28T10:27:34
A-00617,ORG-001,medium,privilege_escalation,ASSET-ORG-001-042,CASE-00133,2025-05-29T04:35:45,2025-05-30T14:04:08
A-00618,ORG-001,medium,brute_force,ASSET-ORG-001-029,,2025-04-03T21:20:40,2025-04-05T07:03:58
A-00619,ORG-001,critical,data_exfil,ASSET-ORG-001-037,,2025-02-13T14:11:09,2025-02-13T16:22:28
A-00620,ORG-001,medium,malware,ASSET-ORG-001-030,,2025-02-08T11:59:14,2025-02-10T07:02:58
A-00621,ORG-001,critical,brute_force,ASSET-ORG-001-011,,2025-04-21T03:32:36,2025-04-21T06:36:41
A-00622,ORG-001,high,data_exfil,ASSET-ORG-001-025,CASE-00069,2025-01-26T06:46:22,2025-01-26T22:37:28
A-00623,ORG-001,low,phishing,ASSET-ORG-001-040,CASE-00075,2025-03-29T13:42:13,2025-04-02T01:52:03
A-00624,ORG-001,low,data_exfil,ASSET-ORG-001-044,CASE-00083,2025-02-11T05:00:21,2025-02-15T12:51:23
A-00625,ORG-001,high,malware,ASSET-ORG-001-036,,2025-01-12T09:48:20,2025-01-12T18:45:15
A-00626,ORG-001,low,lateral_movement,ASSET-ORG-001-024,,2025-01-26T16:16:29,2025-02-01T01:45:59
A-00627,ORG-001,high,malware,ASSET-ORG-001-021,,2025-05-18T22:01:51,2025-05-19T15:41:12
A-00628,ORG-001,high,brute_force,ASSET-ORG-001-028,,2025-02-24T22:31:42,2025-02-25T22:29:32
A-00629,ORG-001,low,privilege_escalation,ASSET-ORG-001-010,,2025-04-18T21:37:54,2025-04-24T21:22:31
A-00630,ORG-001,high,lateral_movement,ASSET-ORG-001-030,CASE-00121,2025-03-26T17:54:38,2025-03-27T04:01:21
A-00631,ORG-001,low,recon,ASSET-ORG-001-032,CASE-00092,2025-03-30T21:18:53,2025-04-04T21:06:40
A-00632,ORG-001,critical,phishing,ASSET-ORG-001-033,,2025-06-09T17:27:44,2025-06-09T21:56:42
A-00633,ORG-001,high,data_exfil,ASSET-ORG-001-044,,2025-01-19T07:29:39,2025-01-19T21:28:37
A-00634,ORG-001,critical,malware,ASSET-ORG-001-030,CASE-00083,2025-06-11T07:20:20,2025-06-11T13:42:23
A-00635,ORG-001,high,lateral_movement,ASSET-ORG-001-037,,2025-01-26T02:40:32,2025-01-26T14:31:24
A-00636,ORG-001,medium,lateral_movement,ASSET-ORG-001-005,,2025-04-17T05:55:58,2025-04-20T01:47:25
A-00637,ORG-001,critical,privilege_escalation,ASSET-ORG-001-014,,2025-02-01T15:21:31,2025-02-01T20:53:41
A-00638,ORG-001,low,lateral_movement,ASSET-ORG-001-039,,2025-01-26T11:50:24,2025-01-30T16:07:46
A-00639,ORG-001,high,recon,ASSET-ORG-001-039,,2025-03-24T03:39:06,2025-03-24T13:17:38
A-00640,ORG-001,low,lateral_movement,ASSET-ORG-001-015,CASE-00088,2025-05-06T18:05:03,2025-05-09T16:40:04
A-00641,ORG-001,medium,malware,ASSET-ORG-001-019,,2025-04-01T22:03:34,2025-04-04T05:54:24
A-00642,ORG-001,high,phishing,ASSET-ORG-001-034,,2025-03-25T01:22:28,2025-03-25T14:45:12
A-00643,ORG-001,medium,privilege_escalation,ASSET-ORG-001-017,CASE-00170,2025-03-11T00:33:09,2025-03-12T19:06:39
A-00644,ORG-001,medium,privilege_escalation,ASSET-ORG-001-026,,2025-01-09T18:55:15,2025-01-11T00:59:09
A-00645,ORG-001,high,privilege_escalation,ASSET-ORG-001-017,,2025-03-08T06:44:00,2025-03-09T06:35:44
A-00646,ORG-001,critical,lateral_movement,ASSET-ORG-001-031,CASE-00030,2025-03-31T08:30:54,2025-03-31T14:12:08
A-00647,ORG-001,medium,lateral_movement,ASSET-ORG-001-044,,2025-03-18T16:49:13,2025-03-20T14:51:32
A-00648,ORG-001,critical,malware,ASSET-ORG-001-014,,2025-04-04T10:10:07,2025-04-04T18:04:21
A-00649,ORG-001,critical,phishing,ASSET-ORG-001-010,CASE-00109,2025-05-24T10:58:11,2025-05-24T17:01:21
A-00650,ORG-001,medium,phishing,ASSET-ORG-001-019,,2025-04-21T13:44:17,2025-04-23T18:15:47
A-00651,ORG-001,medium,recon,ASSET-ORG-001-019,,2025-01-08T04:30:45,2025-01-10T16:00:39
A-00652,ORG-001,high,malware,ASSET-ORG-001-034,,2025-01-04T16:38:16,2025-01-05T08:19:12
A-00653,ORG-001,critical,brute_force,ASSET-ORG-001-013,,2025-04-02T02:49:08,2025-04-02T07:56:55
A-00654,ORG-001,high,brute_force,ASSET-ORG-001-025,,2025-03-22T22:42:48,2025-03-23T21:52:44
A-00655,ORG-001,high,privilege_escalation,ASSET-ORG-001-011,,2025-05-01T17:59:43,2025-05-02T05:46:02
A-00656,ORG-001,low,data_exfil,ASSET-ORG-001-020,,2025-02-15T13:52:09,2025-02-18T20:22:12
A-00657,ORG-001,critical,malware,ASSET-ORG-001-022,CASE-00129,2025-03-25T14:50:12,2025-03-25T17:52:26
A-00658,ORG-001,critical,recon,ASSET-ORG-001-018,,2025-06-24T01:08:35,2025-06-24T04:31:08
A-00659,ORG-001,low,malware,ASSET-ORG-001-007,,2025-06-01T18:45:51,2025-06-07T11:41:06
A-00660,ORG-001,low,brute_force,ASSET-ORG-001-011,CASE-00031,2025-05-22T10:21:13,2025-05-26T04:53:49
A-00661,ORG-001,high,privilege_escalation,ASSET-ORG-001-007,,2025-01-30T23:04:12,2025-01-31T18:50:59
A-00662,ORG-001,high,privilege_escalation,ASSET-ORG-001-031,,2025-03-08T06:40:00,2025-03-08T19:53:12
A-00663,ORG-001,high,phishing,ASSET-ORG-001-009,CASE-00136,2025-06-05T16:30:46,2025-06-06T08:19:09
A-00664,ORG-001,medium,recon,ASSET-ORG-001-005,,2025-01-17T11:05:42,2025-01-19T11:43:46
A-00665,ORG-001,critical,recon,ASSET-ORG-001-004,CASE-00165,2025-05-03T15:30:16,2025-05-03T22:14:08
A-00666,ORG-001,medium,privilege_escalation,ASSET-ORG-001-020,,2025-05-21T02:40:17,2025-05-23T01:30:50
A-00667,ORG-001,low,recon,ASSET-ORG-001-010,CASE-00072,2025-05-16T23:36:41,2025-05-21T10:26:20
A-00668,ORG-001,high,privilege_escalation,ASSET-ORG-001-042,,2025-03-20T13:07:59,2025-03-21T11:14:55
A-00669,ORG-001,critical,recon,ASSET-ORG-001-019,,2025-02-11T12:04:30,2025-02-11T14:55:11
A-00670,ORG-001,low,brute_force,ASSET-ORG-001-028,,2025-04-09T02:45:00,2025-04-11T18:50:03
A-00671,ORG-001,high,recon,ASSET-ORG-001-023,,2025-01-25T01:00:37,2025-01-25T09:52:45
A-00672,ORG-001,low,recon,ASSET-ORG-001-041,,2025-05-10T05:33:01,2025-05-15T11:12:57
A-00673,ORG-001,high,privilege_escalation,ASSET-ORG-001-037,CASE-00077,2025-05-11T13:46:07,2025-05-12T00:19:00
A-00674,ORG-001,high,malware,ASSET-ORG-001-010,,2025-05-19T04:29:05,2025-05-19T20:14:03
A-00675,ORG-001,high,recon,ASSET-ORG-001-026,,2025-04-25T05:23:40,2025-04-25T23:34:12
A-00676,ORG-001,low,lateral_movement,ASSET-ORG-001-027,,2025-06-09T23:14:29,2025-06-12T22:57:25
A-00677,ORG-001,medium,lateral_movement,ASSET-ORG-001-014,,2025-03-30T10:28:07,2025-04-01T20:56:14
A-00678,ORG-001,critical,recon,ASSET-ORG-001-019,,2025-01-08T19:43:42,2025-01-09T02:29:12
A-00679,ORG-001,high,brute_force,ASSET-ORG-001-019,,2025-02-11T20:40:56,2025-02-12T08:00:54
A-00680,ORG-001,medium,recon,ASSET-ORG-001-029,,2025-06-24T19:38:34,2025-06-26T20:14:32
A-00681,ORG-001,high,data_exfil,ASSET-ORG-001-043,,2025-03-29T04:50:23,2025-03-29T15:33:06
A-00682,ORG-001,medium,data_exfil,ASSET-ORG-001-025,,2025-02-15T05:01:49,2025-02-17T09:49:19
A-00683,ORG-001,medium,recon,ASSET-ORG-001-041,CASE-00043,2025-06-04T14:22:07,2025-06-06T12:51:29
A-00684,ORG-001,medium,malware,ASSET-ORG-001-037,,2025-04-12T07:32:56,2025-04-13T21:20:24
A-00685,ORG-001,high,phishing,ASSET-ORG-001-016,CASE-00005,2025-06-11T02:38:17,2025-06-11T23:29:00
A-00686,ORG-001,high,phishing,ASSET-ORG-001-027,CASE-00006,2025-01-05T16:06:48,2025-01-06T15:45:45
A-00687,ORG-001,critical,privilege_escalation,ASSET-ORG-001-006,,2025-01-30T22:45:05,2025-01-31T03:32:38
A-00688,ORG-001,critical,lateral_movement,ASSET-ORG-001-004,CASE-00084,2025-02-27T20:53:38,2025-02-28T02:26:35
A-00689,ORG-001,high,recon,ASSET-ORG-001-038,CASE-00052,2025-02-15T22:07:42,2025-02-16T15:06:09
A-00690,ORG-001,high,data_exfil,ASSET-ORG-001-041,,2025-02-15T09:18:34,2025-02-15T17:38:54
A-00691,ORG-001,high,malware,ASSET-ORG-001-041,CASE-00146,2025-04-08T04:11:02,2025-04-08T15:53:15
A-00692,ORG-001,low,data_exfil,ASSET-ORG-001-003,,2025-01-01T04:39:54,2025-01-06T00:20:05
A-00693,ORG-001,medium,phishing,ASSET-ORG-001-001,,2025-01-12T16:26:09,2025-01-15T03:32:51
A-00694,ORG-001,high,phishing,ASSET-ORG-001-035,CASE-00131,2025-04-20T08:09:01,2025-04-20T17:25:24
A-00695,ORG-001,high,recon,ASSET-ORG-001-021,,2025-06-21T15:25:11,2025-06-22T11:50:13
A-00696,ORG-001,medium,brute_force,ASSET-ORG-001-016,,2025-05-09T14:26:04,2025-05-11T13:51:19
A-00697,ORG-001,medium,malware,ASSET-ORG-001-001,CASE-00001,2025-05-11T15:02:20,2025-05-13T03:40:31
A-00698,ORG-001,medium,recon,ASSET-ORG-001-002,CASE-00167,2025-06-23T07:41:16,2025-06-25T16:06:16
A-00699,ORG-001,low,malware,ASSET-ORG-001-030,CASE-00179,2025-03-13T22:33:53,2025-03-17T02:40:15
A-00700,ORG-001,high,malware,ASSET-ORG-001-040,,2025-05-02T09:48:48,2025-05-02T23:19:57
A-00701,ORG-001,medium,malware,ASSET-ORG-001-013,,2025-06-09T10:42:45,2025-06-12T09:12:07
A-00702,ORG-001,medium,recon,ASSET-ORG-001-037,CASE-00145,2025-02-04T02:01:25,2025-02-05T06:46:58
A-00703,ORG-001,low,lateral_movement,ASSET-ORG-001-018,,2025-02-07T06:05:34,2025-02-09T09:27:34
A-00704,ORG-001,medium,brute_force,ASSET-ORG-001-044,,2025-04-19T18:19:46,2025-04-22T03:23:00
A-00705,ORG-001,high,lateral_movement,ASSET-ORG-001-034,,2025-04-01T14:27:06,2025-04-02T07:28:23
A-00706,ORG-001,critical,phishing,ASSET-ORG-001-022,,2025-01-16T21:15:25,2025-01-17T04:27:42
A-00707,ORG-001,critical,data_exfil,ASSET-ORG-001-028,CASE-00161,2025-06-06T21:49:41,2025-06-07T00:02:48
A-00708,ORG-001,critical,brute_force,ASSET-ORG-001-034,,2025-06-04T04:49:33,2025-06-04T08:58:50
A-00709,ORG-001,medium,lateral_movement,ASSET-ORG-001-029,,2025-04-23T10:01:48,2025-04-24T19:07:10
A-00710,ORG-001,medium,malware,ASSET-ORG-001-029,,2025-01-11T15:20:04,2025-01-13T13:17:12
A-00711,ORG-001,high,recon,ASSET-ORG-001-027,CASE-00098,2025-02-15T06:22:50,2025-02-16T06:07:11
A-00712,ORG-001,medium,brute_force,ASSET-ORG-001-042,,2025-05-12T05:20:41,2025-05-13T07:14:09
A-00713,ORG-001,critical,privilege_escalation,ASSET-ORG-001-013,,2025-06-25T14:40:10,2025-06-25T21:53:13
A-00714,ORG-001,medium,malware,ASSET-ORG-001-009,CASE-00036,2025-03-02T12:28:22,2025-03-05T07:02:11
A-00715,ORG-001,critical,data_exfil,ASSET-ORG-001-020,,2025-04-28T03:43:09,2025-04-28T08:50:25
A-00716,ORG-001,low,data_exfil,ASSET-ORG-001-023,,2025-02-07T22:39:47,2025-02-11T03:50:39
A-00717,ORG-001,medium,data_exfil,ASSET-ORG-001-039,,2025-05-15T10:52:56,2025-05-17T10:59:43
A-00718,ORG-001,high,brute_force,ASSET-ORG-001-027,,2025-03-05T19:28:32,2025-03-06T06:25:47
A-00719,ORG-001,high,phishing,ASSET-ORG-001-016,,2025-04-04T08:26:22,2025-04-05T05:48:43
A-00720,ORG-001,critical,malware,ASSET-ORG-001-036,CASE-00003,2025-01-23T08:49:15,2025-01-23T12:07:01
A-00721,ORG-001,medium,brute_force,ASSET-ORG-001-036,CASE-00068,2025-02-17T18:16:35,2025-02-19T07:16:38
A-00722,ORG-001,medium,malware,ASSET-ORG-001-022,CASE-00168,2025-02-10T19:46:37,2025-02-12T17:59:29
A-00723,ORG-001,medium,recon,ASSET-ORG-001-028,,2025-06-20T13:35:02,2025-06-21T18:20:40
A-00724,ORG-001,high,data_exfil,ASSET-ORG-001-041,,2025-02-17T11:41:02,2025-02-17T20:31:29
A-00725,ORG-001,low,privilege_escalation,ASSET-ORG-001-033,CASE-00072,2025-04-24T10:01:13,2025-04-29T09:14:04
A-00726,ORG-001,high,lateral_movement,ASSET-ORG-001-033,CASE-00131,2025-03-14T16:12:23,2025-03-15T09:16:58
A-00727,ORG-001,high,data_exfil,ASSET-ORG-001-041,,2025-06-28T21:02:03,2025-06-29T19:25:37
A-00728,ORG-001,low,recon,ASSET-ORG-001-011,CASE-00109,2025-06-13T14:00:56,2025-06-17T20:29:55
A-00729,ORG-001,medium,data_exfil,ASSET-ORG-001-033,,2025-05-01T14:39:22,2025-05-03T15:09:00
A-00730,ORG-001,high,phishing,ASSET-ORG-001-029,,2025-02-15T09:32:32,2025-02-15T22:22:39
A-00731,ORG-001,low,malware,ASSET-ORG-001-008,,2025-01-14T20:30:32,2025-01-19T00:58:19
A-00732,ORG-001,medium,lateral_movement,ASSET-ORG-001-018,,2025-02-07T00:27:29,2025-02-09T20:26:32
A-00733,ORG-001,medium,lateral_movement,ASSET-ORG-001-035,,2025-06-27T04:00:38,2025-06-28T23:01:33
A-00734,ORG-001,low,privilege_escalation,ASSET-ORG-001-042,,2025-01-03T07:24:53,2025-01-08T04:09:19
A-00735,ORG-001,high,recon,ASSET-ORG-001-038,,2025-06-02T14:54:26,2025-06-03T08:58:02
A-00736,ORG-001,high,data_exfil,ASSET-ORG-001-029,CASE-00179,2025-06-15T15:00:27,2025-06-16T09:10:25
A-00737,ORG-001,medium,data_exfil,ASSET-ORG-001-045,CASE-00109,2025-04-15T09:24:58,2025-04-17T07:14:06
A-00738,ORG-001,high,lateral_movement,ASSET-ORG-001-039,,2025-06-27T10:23:37,2025-06-28T05:27:32
A-00739,ORG-001,high,data_exfil,ASSET-ORG-001-041,,2025-06-23T17:48:29,2025-06-24T07:21:14
A-00740,ORG-001,critical,malware,ASSET-ORG-001-025,,2025-02-25T02:41:09,2025-02-25T06:33:35
A-00741,ORG-001,high,malware,ASSET-ORG-001-009,CASE-00106,2025-04-15T04:03:08,2025-04-15T19:40:09
A-00742,ORG-001,medium,phishing,ASSET-ORG-001-039,,2025-04-22T16:07:12,2025-04-24T14:42:58
A-00743,ORG-001,high,privilege_escalation,ASSET-ORG-001-026,,2025-04-28T10:47:55,2025-04-29T09:29:59
A-00744,ORG-001,low,brute_force,ASSET-ORG-001-045,,2025-06-13T14:59:04,2025-06-17T10:18:12
A-00745,ORG-001,medium,data_exfil,ASSET-ORG-001-025,,2025-06-26T20:47:23,2025-06-29T20:46:56
A-00746,ORG-001,high,lateral_movement,ASSET-ORG-001-035,CASE-00041,2025-02-26T16:18:14,2025-02-27T12:26:24
A-00747,ORG-001,high,data_exfil,ASSET-ORG-001-027,,2025-05-28T22:31:43,2025-05-29T16:35:32
A-00748,ORG-001,high,recon,ASSET-ORG-001-003,,2025-03-31T17:51:23,2025-04-01T02:20:33
A-00749,ORG-001,critical,malware,ASSET-ORG-001-009,CASE-00010,2025-03-05T12:26:41,2025-03-05T18:40:13
A-00750,ORG-001,high,phishing,ASSET-ORG-001-011,,2025-06-12T19:40:26,2025-06-13T04:00:09
A-00751,ORG-002,high,malware,ASSET-ORG-002-037,,2025-03-18T10:24:32,2025-03-18T22:22:03
A-00752,ORG-002,medium,malware,ASSET-ORG-002-030,,2025-06-23T07:19:23,2025-06-26T04:18:22
A-00753,ORG-002,medium,brute_force,ASSET-ORG-002-020,CASE-00189,2025-03-10T17:15:35,2025-03-12T01:03:47
A-00754,ORG-002,critical,recon,ASSET-ORG-002-033,,2025-06-24T11:21:35,2025-06-24T14:45:31
A-00755,ORG-002,high,data_exfil,ASSET-ORG-002-026,CASE-00356,2025-03-14T16:24:30,2025-03-15T05:51:23
A-00756,ORG-002,critical,lateral_movement,ASSET-ORG-002-028,,2025-01-02T03:04:39,2025-01-02T08:20:50
A-00757,ORG-002,critical,data_exfil,ASSET-ORG-002-027,CASE-00260,2025-05-25T10:56:13,2025-05-25T15:57:06
A-00758,ORG-002,low,malware,ASSET-ORG-002-027,,2025-04-05T23:13:16,2025-04-11T07:20:19
A-00759,ORG-002,high,lateral_movement,ASSET-ORG-002-025,,2025-01-26T12:27:02,2025-01-26T22:26:53
A-00760,ORG-002,medium,privilege_escalation,ASSET-ORG-002-016,CASE-00276,2025-01-11T02:31:23,2025-01-13T03:26:13
A-00761,ORG-002,critical,data_exfil,ASSET-ORG-002-016,,2025-04-30T22:17:09,2025-05-01T01:40:25
A-00762,ORG-002,critical,brute_force,ASSET-ORG-002-016,,2025-05-10T09:19:29,2025-05-10T15:13:51
A-00763,ORG-002,medium,phishing,ASSET-ORG-002-015,CASE-00339,2025-01-24T09:23:23,2025-01-25T19:01:23
A-00764,ORG-002,high,recon,ASSET-ORG-002-020,CASE-00201,2025-05-16T22:58:36,2025-05-17T18:30:20
A-00765,ORG-002,critical,data_exfil,ASSET-ORG-002-004,,2025-03-01T02:05:38,2025-03-01T05:05:44
A-00766,ORG-002,high,data_exfil,ASSET-ORG-002-018,CASE-00270,2025-06-26T09:49:58,2025-06-27T04:52:27
A-00767,ORG-002,low,brute_force,ASSET-ORG-002-024,,2025-05-24T22:40:17,2025-05-29T03:18:06
A-00768,ORG-002,medium,phishing,ASSET-ORG-002-018,,2025-02-10T18:49:34,2025-02-13T13:22:31
A-00769,ORG-002,low,privilege_escalation,ASSET-ORG-002-013,,2025-02-07T11:06:26,2025-02-12T04:01:37
A-00770,ORG-002,medium,brute_force,ASSET-ORG-002-031,CASE-00327,2025-05-28T18:27:40,2025-05-30T09:10:12
A-00771,ORG-002,low,privilege_escalation,ASSET-ORG-002-036,,2025-03-09T10:43:10,2025-03-13T16:01:25
A-00772,ORG-002,low,privilege_escalation,ASSET-ORG-002-002,,2025-02-02T09:58:26,2025-02-08T01:13:55
A-00773,ORG-002,medium,lateral_movement,ASSET-ORG-002-026,,2025-04-07T02:59:16,2025-04-09T17:45:39
A-00774,ORG-002,critical,privilege_escalation,ASSET-ORG-002-033,,2025-03-16T14:16:14,2025-03-16T21:23:25
A-00775,ORG-002,critical,phishing,ASSET-ORG-002-037,,2025-02-12T07:03:27,2025-02-12T14:26:49
A-00776,ORG-002,high,lateral_movement,ASSET-ORG-002-034,,2025-02-20T06:15:24,2025-02-20T19:46:48
A-00777,ORG-002,low,brute_force,ASSET-ORG-002-009,CASE-00225,2025-02-22T12:19:03,2025-02-24T19:49:14
A-00778,ORG-002,medium,brute_force,ASSET-ORG-002-021,,2025-01-17T03:57:18,2025-01-19T19:57:07
A-00779,ORG-002,low,phishing,ASSET-ORG-002-018,CASE-00190,2025-02-04T07:38:45,2025-02-07T20:55:36
A-00780,ORG-002,low,privilege_escalation,ASSET-ORG-002-038,,2025-01-21T16:03:32,2025-01-25T23:41:20
A-00781,ORG-002,medium,recon,ASSET-ORG-002-036,,2025-02-10T00:46:14,2025-02-12T08:58:10
A-00782,ORG-002,critical,phishing,ASSET-ORG-002-028,,2025-03-13T13:59:13,2025-03-13T17:20:13
A-00783,ORG-002,critical,data_exfil,ASSET-ORG-002-012,CASE-00233,2025-05-06T17:52:05,2025-05-06T22:26:07
A-00784,ORG-002,low,malware,ASSET-ORG-002-034,CASE-00353,2025-01-27T15:49:25,2025-01-29T17:32:25
A-00785,ORG-002,medium,malware,ASSET-ORG-002-009,,2025-02-18T05:21:43,2025-02-19T11:26:57
A-00786,ORG-002,medium,privilege_escalation,ASSET-ORG-002-006,CASE-00376,2025-02-09T06:53:13,2025-02-10T17:01:31
A-00787,ORG-002,medium,brute_force,ASSET-ORG-002-035,CASE-00202,2025-01-24T21:34:24,2025-01-25T23:07:03
A-00788,ORG-002,critical,privilege_escalation,ASSET-ORG-002-027,CASE-00263,2025-01-28T12:59:56,2025-01-28T15:00:35
A-00789,ORG-002,high,lateral_movement,ASSET-ORG-002-025,CASE-00355,2025-05-14T08:33:46,2025-05-15T05:34:34
A-00790,ORG-002,critical,brute_force,ASSET-ORG-002-008,,2025-03-12T00:01:17,2025-03-12T02:47:35
A-00791,ORG-002,high,phishing,ASSET-ORG-002-028,CASE-00323,2025-01-30T04:04:33,2025-01-31T00:13:23
A-00792,ORG-002,high,brute_force,ASSET-ORG-002-005,,2025-06-03T04:20:09,2025-06-03T12:22:31
A-00793,ORG-002,critical,phishing,ASSET-ORG-002-025,,2025-03-28T17:45:05,2025-03-29T00:06:22
A-00794,ORG-002,critical,phishing,ASSET-ORG-002-012,,2025-05-30T00:58:27,2025-05-30T06:28:43
A-00795,ORG-002,low,recon,ASSET-ORG-002-022,,2025-01-27T20:09:28,2025-02-02T19:23:48
A-00796,ORG-002,medium,recon,ASSET-ORG-002-035,,2025-04-06T15:41:20,2025-04-09T06:27:44
A-00797,ORG-002,medium,privilege_escalation,ASSET-ORG-002-015,,2025-05-17T12:39:08,2025-05-18T19:00:20
A-00798,ORG-002,low,malware,ASSET-ORG-002-023,,2025-03-12T01:43:21,2025-03-14T22:01:00
A-00799,ORG-002,critical,lateral_movement,ASSET-ORG-002-010,CASE-00223,2025-03-15T07:05:41,2025-03-15T09:20:04
A-00800,ORG-002,medium,malware,ASSET-ORG-002-031,CASE-00215,2025-06-12T14:44:24,2025-06-15T09:59:18
A-00801,ORG-002,critical,phishing,ASSET-ORG-002-005,CASE-00281,2025-01-03T10:09:01,2025-01-03T17:19:51
A-00802,ORG-002,high,phishing,ASSET-ORG-002-034,,2025-05-16T15:32:37,2025-05-17T04:59:45
A-00803,ORG-002,medium,malware,ASSET-ORG-002-026,,2025-06-11T16:34:13,2025-06-13T23:25:02
A-00804,ORG-002,high,phishing,ASSET-ORG-002-018,,2025-01-18T20:27:18,2025-01-19T13:56:55
A-00805,ORG-002,medium,malware,ASSET-ORG-002-030,CASE-00331,2025-04-03T16:55:15,2025-04-05T15:43:35
A-00806,ORG-002,critical,malware,ASSET-ORG-002-007,,2025-01-16T02:36:51,2025-01-16T07:54:56
A-00807,ORG-002,critical,malware,ASSET-ORG-002-005,CASE-00260,2025-02-11T03:34:18,2025-02-11T11:00:24
A-00808,ORG-002,medium,recon,ASSET-ORG-002-031,,2025-01-09T20:53:13,2025-01-11T00:23:08
A-00809,ORG-002,critical,privilege_escalation,ASSET-ORG-002-026,,2025-05-21T21:57:06,2025-05-22T03:11:26
A-00810,ORG-002,low,recon,ASSET-ORG-002-007,CASE-00292,2025-04-08T12:18:53,2025-04-11T10:11:14
A-00811,ORG-002,critical,data_exfil,ASSET-ORG-002-006,CASE-00229,2025-06-21T21:20:56,2025-06-22T05:02:47
A-00812,ORG-002,medium,lateral_movement,ASSET-ORG-002-034,,2025-06-30T15:10:22,
A-00813,ORG-002,critical,lateral_movement,ASSET-ORG-002-025,,2025-02-16T10:20:10,2025-02-16T14:14:12
A-00814,ORG-002,medium,data_exfil,ASSET-ORG-002-007,,2025-06-06T06:17:49,2025-06-07T07:23:05
A-00815,ORG-002,low,phishing,ASSET-ORG-002-005,,2025-02-24T09:26:28,2025-03-01T21:24:06
A-00816,ORG-002,high,brute_force,ASSET-ORG-002-029,,2025-05-07T06:34:50,2025-05-07T17:08:14
A-00817,ORG-002,high,brute_force,ASSET-ORG-002-026,,2025-03-21T10:13:58,2025-03-22T09:50:02
A-00818,ORG-002,critical,data_exfil,ASSET-ORG-002-033,,2025-03-29T09:34:55,2025-03-29T13:58:27
A-00819,ORG-002,critical,privilege_escalation,ASSET-ORG-002-016,CASE-00352,2025-05-16T21:02:57,2025-05-17T04:09:13
A-00820,ORG-002,medium,brute_force,ASSET-ORG-002-030,CASE-00306,2025-04-01T23:18:56,2025-04-04T22:05:59
A-00821,ORG-002,medium,phishing,ASSET-ORG-002-026,CASE-00289,2025-03-05T19:56:57,2025-03-07T00:38:37
A-00822,ORG-002,critical,phishing,ASSET-ORG-002-031,CASE-00304,2025-01-29T06:08:36,2025-01-29T13:58:14
A-00823,ORG-002,high,data_exfil,ASSET-ORG-002-014,,2025-01-11T12:01:10,2025-01-11T23:52:10
A-00824,ORG-002,high,lateral_movement,ASSET-ORG-002-012,,2025-01-17T05:33:49,2025-01-17T16:08:37
A-00825,ORG-002,high,privilege_escalation,ASSET-ORG-002-004,,2025-01-18T22:48:26,2025-01-19T14:36:30
A-00826,ORG-002,medium,phishing,ASSET-ORG-002-028,,2025-03-10T20:59:10,2025-03-13T14:30:55
A-00827,ORG-002,medium,brute_force,ASSET-ORG-002-021,,2025-01-03T18:06:54,2025-01-05T05:04:28
A-00828,ORG-002,high,brute_force,ASSET-ORG-002-008,,2025-06-03T19:03:57,2025-06-04T15:20:04
A-00829,ORG-002,medium,recon,ASSET-ORG-002-007,,2025-01-08T02:02:13,2025-01-09T17:57:23
A-00830,ORG-002,high,phishing,ASSET-ORG-002-037,,2025-01-03T18:58:25,2025-01-04T09:42:50
A-00831,ORG-002,high,brute_force,ASSET-ORG-002-023,,2025-06-10T19:37:33,2025-06-11T13:30:04
A-00832,ORG-002,critical,data_exfil,ASSET-ORG-002-025,,2025-02-25T08:19:35,2025-02-25T14:18:30
A-00833,ORG-002,low,malware,ASSET-ORG-002-006,,2025-06-06T11:57:05,2025-06-09T03:04:12
A-00834,ORG-002,low,malware,ASSET-ORG-002-029,,2025-04-08T17:50:04,2025-04-14T06:28:57
A-00835,ORG-002,low,phishing,ASSET-ORG-002-015,,2025-05-31T20:31:27,2025-06-05T14:44:03
A-00836,ORG-002,low,data_exfil,ASSET-ORG-002-026,,2025-01-02T11:26:32,2025-01-06T18:00:13
A-00837,ORG-002,high,lateral_movement,ASSET-ORG-002-017,,2025-03-01T16:34:20,2025-03-02T15:50:10
A-00838,ORG-002,critical,data_exfil,ASSET-ORG-002-003,,2025-01-04T00:22:31,2025-01-04T02:36:51
A-00839,ORG-002,low,phishing,ASSET-ORG-002-036,CASE-00334,2025-03-17T23:52:51,2025-03-21T03:56:20
A-00840,ORG-002,low,phishing,ASSET-ORG-002-026,,2025-06-25T13:44:38,2025-06-29T12:04:27
A-00841,ORG-002,medium,privilege_escalation,ASSET-ORG-002-026,,2025-06-13T16:48:28,2025-06-16T14:29:15
A-00842,ORG-002,critical,brute_force,ASSET-ORG-002-014,,2025-01-19T02:35:49,2025-01-19T05:26:45
A-00843,ORG-002,critical,data_exfil,ASSET-ORG-002-002,,2025-05-25T03:33:12,2025-05-25T06:44:29
A-00844,ORG-002,critical,lateral_movement,ASSET-ORG-002-015,,2025-02-27T15:45:33,2025-02-27T19:31:24
A-00845,ORG-002,medium,privilege_escalation,ASSET-ORG-002-017,,2025-05-09T00:21:48,2025-05-10T04:07:53
A-00846,ORG-002,critical,recon,ASSET-ORG-002-008,,2025-01-21T19:00:48,2025-01-21T22:18:15
A-00847,ORG-002,high,malware,ASSET-ORG-002-027,CASE-00213,2025-01-15T06:53:19,2025-01-15T23:44:43
A-00848,ORG-002,medium,data_exfil,ASSET-ORG-002-011,,2025-02-04T21:57:31,2025-02-06T19:42:47
A-00849,ORG-002,low,data_exfil,ASSET-ORG-002-040,CASE-00275,2025-04-27T12:10:09,2025-05-02T19:45:23
A-00850,ORG-002,medium,recon,ASSET-ORG-002-033,,2025-05-28T18:20:06,2025-05-30T05:25:42
A-00851,ORG-002,medium,phishing,ASSET-ORG-002-018,CASE-00374,2025-02-23T03:22:41,2025-02-25T14:26:42
A-00852,ORG-002,high,recon,ASSET-ORG-002-026,,2025-06-29T02:27:13,2025-06-29T13:58:05
A-00853,ORG-002,critical,phishing,ASSET-ORG-002-032,,2025-03-26T04:07:27,2025-03-26T10:11:06
A-00854,ORG-002,medium,recon,ASSET-ORG-002-025,,2025-03-25T08:44:36,2025-03-26T23:17:11
A-00855,ORG-002,high,data_exfil,ASSET-ORG-002-019,CASE-00318,2025-04-28T06:17:40,2025-04-29T05:20:37
A-00856,ORG-002,high,malware,ASSET-ORG-002-012,,2025-06-07T02:24:06,2025-06-07T16:16:33
A-00857,ORG-002,critical,brute_force,ASSET-ORG-002-001,CASE-00268,2025-05-20T04:32:32,2025-05-20T09:32:08
A-00858,ORG-002,critical,brute_force,ASSET-ORG-002-039,CASE-00243,2025-06-21T12:45:23,2025-06-21T15:26:14
A-00859,ORG-002,high,privilege_escalation,ASSET-ORG-002-021,,2025-02-08T11:26:52,2025-02-08T23:02:10
A-00860,ORG-002,high,recon,ASSET-ORG-002-002,,2025-02-25T08:22:05,2025-02-25T16:41:33
A-00861,ORG-002,low,malware,ASSET-ORG-002-022,CASE-00324,2025-05-06T04:52:20,2025-05-08T07:14:31
A-00862,ORG-002,high,malware,ASSET-ORG-002-036,,2025-05-31T09:57:36,2025-05-31T23:39:40
A-00863,ORG-002,low,recon,ASSET-ORG-002-007,,2025-01-06T16:29:34,2025-01-10T01:07:02
A-00864,ORG-002,high,malware,ASSET-ORG-002-013,,2025-05-21T14:35:14,2025-05-22T13:22:27
A-00865,ORG-002,medium,privilege_escalation,ASSET-ORG-002-025,CASE-00272,2025-02-22T09:52:52,2025-02-23T22:17:05
A-00866,ORG-002,critical,brute_force,ASSET-ORG-002-010,,2025-05-27T05:23:47,2025-05-27T12:42:47
A-00867,ORG-002,high,malware,ASSET-ORG-002-034,,2025-04-13T10:44:33,2025-04-13T23:07:15
A-00868,ORG-002,medium,brute_force,ASSET-ORG-002-036,CASE-00263,2025-06-12T05:54:30,2025-06-13T23:33:27
A-00869,ORG-002,medium,data_exfil,ASSET-ORG-002-025,CASE-00191,2025-02-06T11:45:31,2025-02-08T23:16:04
A-00870,ORG-002,medium,brute_force,ASSET-ORG-002-030,,2025-05-08T05:52:10,2025-05-09T17:04:59
A-00871,ORG-002,high,brute_force,ASSET-ORG-002-025,CASE-00221,2025-03-29T20:29:07,2025-03-30T20:17:02
A-00872,ORG-002,low,recon,ASSET-ORG-002-007,,2025-01-29T14:25:11,2025-02-03T09:33:03
A-00873,ORG-002,high,data_exfil,ASSET-ORG-002-012,,2025-02-21T19:10:34,2025-02-22T03:41:47
A-00874,ORG-002,high,data_exfil,ASSET-ORG-002-033,,2025-03-25T15:53:57,2025-03-26T09:08:44
A-00875,ORG-002,critical,phishing,ASSET-ORG-002-026,,2025-02-04T07:13:33,2025-02-04T14:37:58
A-00876,ORG-002,low,recon,ASSET-ORG-002-018,CASE-00201,2025-02-16T08:44:07,2025-02-18T18:19:29
A-00877,ORG-002,critical,lateral_movement,ASSET-ORG-002-018,,2025-04-07T03:40:01,2025-04-07T07:32:21
A-00878,ORG-002,low,recon,ASSET-ORG-002-031,CASE-00316,2025-05-24T12:24:45,2025-05-28T08:52:42
A-00879,ORG-002,critical,lateral_movement,ASSET-ORG-002-005,,2025-02-02T08:37:26,2025-02-02T12:19:44
A-00880,ORG-002,low,phishing,ASSET-ORG-002-001,CASE-00255,2025-04-26T08:15:52,2025-04-30T11:32:56
A-00881,ORG-002,high,phishing,ASSET-ORG-002-031,,2025-01-22T05:46:32,2025-01-22T14:35:52
A-00882,ORG-002,high,data_exfil,ASSET-ORG-002-023,CASE-00376,2025-04-16T23:12:59,2025-04-17T11:54:04
A-00883,ORG-002,medium,lateral_movement,ASSET-ORG-002-039,,2025-04-05T01:15:25,2025-04-06T09:28:04
A-00884,ORG-002,medium,phishing,ASSET-ORG-002-023,,2025-04-07T16:03:58,2025-04-08T18:18:59
A-00885,ORG-002,medium,brute_force,ASSET-ORG-002-035,CASE-00284,2025-06-24T14:40:31,2025-06-26T23:23:24
A-00886,ORG-002,critical,lateral_movement,ASSET-ORG-002-023,,2025-06-22T10:21:22,2025-06-22T15:22:14
A-00887,ORG-002,high,malware,ASSET-ORG-002-038,,2025-04-11T23:44:16,2025-04-12T20:30:51
A-00888,ORG-002,critical,malware,ASSET-ORG-002-032,,2025-06-30T01:13:08,2025-06-30T04:33:29
A-00889,ORG-002,critical,data_exfil,ASSET-ORG-002-019,,2025-01-13T13:08:04,2025-01-13T17:49:01
A-00890,ORG-002,medium,malware,ASSET-ORG-002-004,,2025-02-18T19:45:53,2025-02-20T05:47:35
A-00891,ORG-002,low,lateral_movement,ASSET-ORG-002-018,,2025-01-28T16:46:13,2025-01-31T21:25:14
A-00892,ORG-002,medium,lateral_movement,ASSET-ORG-002-025,,2025-03-24T01:17:15,2025-03-26T06:21:00
A-00893,ORG-002,low,recon,ASSET-ORG-002-020,CASE-00254,2025-02-03T15:38:44,2025-02-09T01:46:13
A-00894,ORG-002,high,phishing,ASSET-ORG-002-020,CASE-00222,2025-03-01T05:23:05,2025-03-01T14:56:34
A-00895,ORG-002,critical,data_exfil,ASSET-ORG-002-021,,2025-04-08T19:56:55,2025-04-09T01:12:11
A-00896,ORG-002,high,malware,ASSET-ORG-002-036,,2025-01-06T03:08:09,2025-01-07T01:05:40
A-00897,ORG-002,medium,recon,ASSET-ORG-002-019,,2025-01-11T09:29:45,2025-01-13T14:05:18
A-00898,ORG-002,critical,malware,ASSET-ORG-002-018,,2025-06-11T03:35:15,2025-06-11T11:30:10
A-00899,ORG-002,medium,recon,ASSET-ORG-002-004,CASE-00377,2025-05-17T05:33:56,2025-05-18T20:29:52
A-00900,ORG-002,low,brute_force,ASSET-ORG-002-020,,2025-05-20T15:26:41,2025-05-22T16:23:03
A-00901,ORG-002,high,malware,ASSET-ORG-002-001,,2025-01-30T17:08:04,2025-01-31T12:07:34
A-00902,ORG-002,high,privilege_escalation,ASSET-ORG-002-033,CASE-00214,2025-03-28T04:19:54,2025-03-28T19:26:39
A-00903,ORG-002,medium,privilege_escalation,ASSET-ORG-002-040,,2025-05-13T07:11:00,2025-05-15T15:09:35
A-00904,ORG-002,high,lateral_movement,ASSET-ORG-002-002,,2025-02-05T21:16:01,2025-02-06T07:50:46
A-00905,ORG-002,low,data_exfil,ASSET-ORG-002-024,,2025-05-10T15:42:21,2025-05-14T07:46:55
A-00906,ORG-002,critical,data_exfil,ASSET-ORG-002-008,,2025-04-20T13:24:17,2025-04-20T18:56:57
A-00907,ORG-002,high,lateral_movement,ASSET-ORG-002-030,,2025-02-23T18:27:58,2025-02-24T02:37:55
A-00908,ORG-002,medium,brute_force,ASSET-ORG-002-034,,2025-03-17T20:26:28,2025-03-20T09:47:59
A-00909,ORG-002,medium,privilege_escalation,ASSET-ORG-002-009,,2025-02-24T01:09:32,2025-02-27T01:06:19
A-00910,ORG-002,critical,lateral_movement,ASSET-ORG-002-033,,2025-05-31T13:36:59,2025-05-31T21:36:50
A-00911,ORG-002,high,recon,ASSET-ORG-002-026,,2025-01-14T02:53:56,2025-01-14T11:43:00
A-00912,ORG-002,high,phishing,ASSET-ORG-002-016,,2025-01-21T11:20:52,2025-01-21T22:30:55
A-00913,ORG-002,high,brute_force,ASSET-ORG-002-039,CASE-00206,2025-05-03T14:02:36,2025-05-04T13:20:50
A-00914,ORG-002,critical,brute_force,ASSET-ORG-002-032,,2025-03-26T22:58:01,2025-03-27T03:34:15
A-00915,ORG-002,medium,lateral_movement,ASSET-ORG-002-007,CASE-00194,2025-02-09T12:33:48,2025-02-10T14:59:01
A-00916,ORG-002,medium,lateral_movement,ASSET-ORG-002-034,CASE-00235,2025-04-07T08:20:43,2025-04-08T22:11:26
A-00917,ORG-002,high,brute_force,ASSET-ORG-002-023,,2025-05-01T02:19:13,2025-05-01T20:29:27
A-00918,ORG-002,critical,recon,ASSET-ORG-002-020,,2025-01-20T14:17:19,2025-01-20T17:21:43
A-00919,ORG-002,low,brute_force,ASSET-ORG-002-025,CASE-00262,2025-05-17T13:29:28,2025-05-21T17:36:53
A-00920,ORG-002,low,recon,ASSET-ORG-002-020,,2025-03-19T12:29:54,2025-03-25T06:35:42
A-00921,ORG-002,medium,malware,ASSET-ORG-002-022,,2025-03-23T19:53:34,2025-03-25T14:53:22
A-00922,ORG-002,low,lateral_movement,ASSET-ORG-002-004,,2025-02-15T18:03:20,2025-02-20T17:56:05
A-00923,ORG-002,medium,recon,ASSET-ORG-002-006,,2025-06-22T08:08:11,2025-06-25T00:17:23
A-00924,ORG-002,medium,data_exfil,ASSET-ORG-002-031,,2025-02-28T22:01:55,2025-03-02T14:36:59
A-00925,ORG-002,medium,malware,ASSET-ORG-002-036,,2025-04-04T15:05:26,2025-04-05T18:53:14
A-00926,ORG-002,critical,malware,ASSET-ORG-002-040,,2025-06-25T10:51:15,2025-06-25T16:12:04
A-00927,ORG-002,high,malware,ASSET-ORG-002-038,,2025-01-02T22:50:05,2025-01-03T10:58:09
A-00928,ORG-002,high,brute_force,ASSET-ORG-002-003,CASE-00220,2025-03-02T23:55:57,2025-03-03T14:17:52
A-00929,ORG-002,medium,data_exfil,ASSET-ORG-002-023,,2025-06-24T07:18:23,2025-06-25T23:20:49
A-00930,ORG-002,high,recon,ASSET-ORG-002-033,CASE-00256,2025-01-21T06:26:15,2025-01-21T15:25:13
A-00931,ORG-002,high,lateral_movement,ASSET-ORG-002-036,CASE-00321,2025-02-10T22:15:27,2025-02-11T08:29:31
A-00932,ORG-002,high,malware,ASSET-ORG-002-002,,2025-04-07T21:04:38,2025-04-08T20:18:07
A-00933,ORG-002,critical,data_exfil,ASSET-ORG-002-025,,2025-03-28T05:16:55,2025-03-28T07:41:10
A-00934,ORG-002,high,malware,ASSET-ORG-002-039,,2025-05-27T12:07:21,2025-05-28T02:14:35
A-00935,ORG-002,medium,privilege_escalation,ASSET-ORG-002-002,,2025-03-08T04:54:57,2025-03-11T02:10:27
A-00936,ORG-002,low,brute_force,ASSET-ORG-002-035,,2025-04-01T00:04:42,2025-04-05T13:48:13
A-00937,ORG-002,medium,phishing,ASSET-ORG-002-009,,2025-06-26T06:14:50,2025-06-27T07:21:10
A-00938,ORG-002,medium,malware,ASSET-ORG-002-040,,2025-02-23T06:11:25,2025-02-25T08:31:41
A-00939,ORG-002,high,brute_force,ASSET-ORG-002-012,,2025-03-28T04:17:54,2025-03-28T20:43:19
A-00940,ORG-002,medium,malware,ASSET-ORG-002-018,CASE-00202,2025-06-24T04:31:45,2025-06-27T00:58:18
A-00941,ORG-002,low,phishing,ASSET-ORG-002-015,,2025-05-03T09:35:19,2025-05-06T11:00:04
A-00942,ORG-002,medium,data_exfil,ASSET-ORG-002-038,CASE-00363,2025-03-03T14:53:08,2025-03-04T17:56:26
A-00943,ORG-002,low,recon,ASSET-ORG-002-003,,2025-04-27T14:54:00,2025-05-01T01:04:48
A-00944,ORG-002,medium,privilege_escalation,ASSET-ORG-002-027,CASE-00271,2025-01-14T20:42:58,2025-01-17T19:27:24
A-00945,ORG-002,low,lateral_movement,ASSET-ORG-002-024,,2025-04-02T09:33:04,2025-04-06T04:22:37
A-00946,ORG-002,critical,recon,ASSET-ORG-002-014,,2025-06-06T21:42:44,2025-06-07T02:33:43
A-00947,ORG-002,medium,brute_force,ASSET-ORG-002-014,,2025-03-15T13:31:15,2025-03-18T07:57:02
A-00948,ORG-002,low,phishing,ASSET-ORG-002-037,CASE-00207,2025-04-08T18:27:39,2025-04-14T06:07:10
A-00949,ORG-002,medium,recon,ASSET-ORG-002-031,,2025-05-09T00:05:03,2025-05-11T14:16:23
A-00950,ORG-002,medium,brute_force,ASSET-ORG-002-015,CASE-00250,2025-03-30T12:16:50,2025-04-01T11:12:17
A-00951,ORG-002,high,brute_force,ASSET-ORG-002-036,,2025-04-09T04:28:09,2025-04-09T13:51:38
A-00952,ORG-002,high,data_exfil,ASSET-ORG-002-015,,2025-04-21T13:19:37,2025-04-22T12:23:49
A-00953,ORG-002,medium,brute_force,ASSET-ORG-002-021,,2025-01-23T21:45:07,2025-01-25T03:41:13
A-00954,ORG-002,low,data_exfil,ASSET-ORG-002-001,,2025-02-02T09:12:32,2025-02-05T02:48:00
A-00955,ORG-002,low,malware,ASSET-ORG-002-011,,2025-01-15T04:16:23,2025-01-17T23:33:07
A-00956,ORG-002,high,brute_force,ASSET-ORG-002-008,,2025-03-07T09:38:25,2025-03-08T08:39:13
A-00957,ORG-002,low,malware,ASSET-ORG-002-005,,2025-05-24T10:49:01,2025-05-28T14:30:41
A-00958,ORG-002,medium,lateral_movement,ASSET-ORG-002-028,,2025-02-26T04:11:39,2025-02-28T14:56:09
A-00959,ORG-002,medium,brute_force,ASSET-ORG-002-030,,2025-03-15T16:00:49,2025-03-17T15:20:49
A-00960,ORG-002,high,malware,ASSET-ORG-002-037,CASE-00264,2025-04-11T12:33:09,2025-04-12T06:06:48
A-00961,ORG-002,medium,lateral_movement,ASSET-ORG-002-014,,2025-03-25T14:27:03,2025-03-28T04:15:11
A-00962,ORG-002,high,phishing,ASSET-ORG-002-011,CASE-00258,2025-02-26T00:24:31,2025-02-26T13:07:52
A-00963,ORG-002,medium,phishing,ASSET-ORG-002-007,,2025-02-10T03:57:31,2025-02-12T20:09:57
A-00964,ORG-002,critical,malware,ASSET-ORG-002-035,,2025-04-15T10:52:11,2025-04-15T14:38:45
A-00965,ORG-002,medium,recon,ASSET-ORG-002-009,,2025-06-11T08:55:00,2025-06-13T17:57:53
A-00966,ORG-002,critical,phishing,ASSET-ORG-002-018,,2025-05-23T01:39:37,2025-05-23T04:43:13
A-00967,ORG-002,high,malware,ASSET-ORG-002-021,,2025-01-31T10:24:05,2025-02-01T03:37:55
A-00968,ORG-002,high,lateral_movement,ASSET-ORG-002-034,,2025-03-03T15:47:02,2025-03-04T03:14:59
A-00969,ORG-002,high,phishing,ASSET-ORG-002-017,,2025-04-02T06:53:47,2025-04-02T17:39:11
A-00970,ORG-002,low,lateral_movement,ASSET-ORG-002-014,CASE-00320,2025-01-01T14:54:08,2025-01-06T06:09:16
A-00971,ORG-002,high,data_exfil,ASSET-ORG-002-038,,2025-02-15T13:51:17,2025-02-16T09:27:50
A-00972,ORG-002,high,lateral_movement,ASSET-ORG-002-026,,2025-04-27T02:08:46,2025-04-27T16:38:50
A-00973,ORG-002,high,data_exfil,ASSET-ORG-002-021,,2025-02-18T00:57:00,2025-02-18T21:00:32
A-00974,ORG-002,low,privilege_escalation,ASSET-ORG-002-032,CASE-00311,2025-04-27T17:08:13,2025-05-02T05:08:21
A-00975,ORG-002,high,recon,ASSET-ORG-002-021,,2025-02-20T19:10:07,2025-02-21T15:27:23
A-00976,ORG-002,medium,brute_force,ASSET-ORG-002-003,,2025-03-01T21:45:49,2025-03-04T06:21:34
A-00977,ORG-002,medium,phishing,ASSET-ORG-002-039,CASE-00345,2025-04-15T19:29:52,2025-04-16T20:56:53
A-00978,ORG-002,critical,lateral_movement,ASSET-ORG-002-022,CASE-00285,2025-06-27T03:17:35,2025-06-27T08:30:12
A-00979,ORG-002,medium,brute_force,ASSET-ORG-002-035,,2025-02-08T12:47:47,2025-02-10T00:13:41
A-00980,ORG-002,medium,brute_force,ASSET-ORG-002-011,,2025-06-26T19:57:15,2025-06-28T23:10:45
A-00981,ORG-002,critical,data_exfil,ASSET-ORG-002-032,CASE-00322,2025-01-09T05:03:47,2025-01-09T08:29:29
A-00982,ORG-002,medium,brute_force,ASSET-ORG-002-006,,2025-01-15T20:38:31,2025-01-17T02:01:20
A-00983,ORG-002,medium,phishing,ASSET-ORG-002-007,,2025-05-23T21:25:06,2025-05-26T16:14:57
A-00984,ORG-002,high,data_exfil,ASSET-ORG-002-013,,2025-01-20T08:32:19,2025-01-20T21:20:58
A-00985,ORG-002,high,phishing,ASSET-ORG-002-027,,2025-04-19T22:25:55,2025-04-20T11:30:10
A-00986,ORG-002,low,privilege_escalation,ASSET-ORG-002-035,,2025-05-19T18:10:41,2025-05-22T09:57:03
A-00987,ORG-002,medium,lateral_movement,ASSET-ORG-002-020,,2025-03-06T13:15:41,2025-03-07T23:43:49
A-00988,ORG-002,medium,malware,ASSET-ORG-002-010,,2025-03-20T07:01:30,2025-03-23T03:54:58
A-00989,ORG-002,low,privilege_escalation,ASSET-ORG-002-015,,2025-01-12T10:38:50,2025-01-17T10:30:23
A-00990,ORG-002,medium,data_exfil,ASSET-ORG-002-001,,2025-02-22T01:38:44,2025-02-23T16:52:50
A-00991,ORG-002,high,lateral_movement,ASSET-ORG-002-031,,2025-04-10T21:25:21,2025-04-11T15:31:20
A-00992,ORG-002,critical,lateral_movement,ASSET-ORG-002-008,,2025-02-02T06:32:02,2025-02-02T10:19:49
A-00993,ORG-002,high,lateral_movement,ASSET-ORG-002-034,CASE-00296,2025-04-05T14:29:08,2025-04-06T01:01:54
A-00994,ORG-002,low,lateral_movement,ASSET-ORG-002-018,,2025-04-12T10:56:01,2025-04-16T09:53:04
A-00995,ORG-002,medium,lateral_movement,ASSET-ORG-002-024,,2025-04-11T20:29:06,2025-04-14T16:30:16
A-00996,ORG-002,critical,recon,ASSET-ORG-002-031,,2025-01-02T21:46:12,2025-01-03T02:39:42
A-00997,ORG-002,critical,lateral_movement,ASSET-ORG-002-007,,2025-04-15T10:00:37,2025-04-15T16:11:04
A-00998,ORG-002,high,lateral_movement,ASSET-ORG-002-001,,2025-06-30T04:13:54,2025-06-30T15:44:18
A-00999,ORG-002,medium,lateral_movement,ASSET-ORG-002-013,,2025-01-16T01:03:53,2025-01-18T20:13:09
A-01000,ORG-002,medium,privilege_escalation,ASSET-ORG-002-025,CASE-00321,2025-03-06T02:39:28,2025-03-08T20:34:32
A-01001,ORG-002,high,phishing,ASSET-ORG-002-001,,2025-06-02T02:44:42,2025-06-02T14:57:55
A-01002,ORG-002,high,malware,ASSET-ORG-002-009,CASE-00188,2025-04-10T08:43:09,2025-04-11T07:24:51
A-01003,ORG-002,medium,brute_force,ASSET-ORG-002-020,,2025-06-12T20:23:22,2025-06-15T10:23:57
A-01004,ORG-002,medium,privilege_escalation,ASSET-ORG-002-028,,2025-04-19T20:03:12,2025-04-22T04:12:47
A-01005,ORG-002,critical,privilege_escalation,ASSET-ORG-002-024,,2025-06-16T02:19:26,2025-06-16T08:33:58
A-01006,ORG-002,medium,phishing,ASSET-ORG-002-025,,2025-03-14T15:55:32,2025-03-16T04:57:37
A-01007,ORG-002,critical,brute_force,ASSET-ORG-002-034,,2025-02-07T20:14:48,2025-02-07T22:17:51
A-01008,ORG-002,low,recon,ASSET-ORG-002-001,,2025-04-28T19:46:25,2025-05-02T11:32:10
A-01009,ORG-002,high,lateral_movement,ASSET-ORG-002-004,,2025-04-22T02:33:22,2025-04-23T01:32:39
A-01010,ORG-002,medium,privilege_escalation,ASSET-ORG-002-007,,2025-01-08T09:59:42,2025-01-10T12:54:13
A-01011,ORG-002,critical,data_exfil,ASSET-ORG-002-004,,2025-03-03T00:26:54,2025-03-03T03:20:08
A-01012,ORG-002,medium,lateral_movement,ASSET-ORG-002-002,,2025-03-06T14:19:52,2025-03-08T13:22:35
A-01013,ORG-002,medium,brute_force,ASSET-ORG-002-034,CASE-00338,2025-01-03T18:02:33,2025-01-05T23:24:02
A-01014,ORG-002,critical,brute_force,ASSET-ORG-002-006,,2025-02-03T12:18:19,2025-02-03T18:20:28
A-01015,ORG-002,critical,brute_force,ASSET-ORG-002-036,,2025-03-10T02:18:34,2025-03-10T05:22:51
A-01016,ORG-002,critical,recon,ASSET-ORG-002-002,,2025-05-29T21:11:10,2025-05-30T00:43:38
A-01017,ORG-002,critical,lateral_movement,ASSET-ORG-002-016,,2025-03-01T18:22:10,2025-03-02T02:12:57
A-01018,ORG-002,medium,brute_force,ASSET-ORG-002-004,,2025-03-15T15:42:53,2025-03-17T12:37:08
A-01019,ORG-002,critical,brute_force,ASSET-ORG-002-017,CASE-00239,2025-05-16T10:51:23,2025-05-16T16:51:27
A-01020,ORG-002,medium,privilege_escalation,ASSET-ORG-002-011,,2025-01-08T03:10:45,2025-01-10T21:47:37
A-01021,ORG-002,medium,brute_force,ASSET-ORG-002-014,,2025-03-08T10:40:47,2025-03-10T23:21:46
A-01022,ORG-002,high,malware,ASSET-ORG-002-008,CASE-00243,2025-04-11T09:32:00,2025-04-12T05:31:04
A-01023,ORG-002,critical,lateral_movement,ASSET-ORG-002-007,,2025-05-03T05:33:09,2025-05-03T10:49:08
A-01024,ORG-002,medium,malware,ASSET-ORG-002-012,,2025-06-27T07:34:55,2025-06-29T09:39:03
A-01025,ORG-002,high,recon,ASSET-ORG-002-028,,2025-05-22T22:29:47,2025-05-23T13:45:57
A-01026,ORG-002,medium,recon,ASSET-ORG-002-007,CASE-00247,2025-03-23T17:56:12,2025-03-26T00:56:57
A-01027,ORG-002,low,lateral_movement,ASSET-ORG-002-034,CASE-00264,2025-02-08T12:54:02,2025-02-13T23:37:11
A-01028,ORG-002,medium,malware,ASSET-ORG-002-006,CASE-00273,2025-03-02T01:19:08,2025-03-03T11:37:11
A-01029,ORG-002,high,malware,ASSET-ORG-002-012,CASE-00232,2025-02-15T20:41:42,2025-02-16T20:18:36
A-01030,ORG-002,high,brute_force,ASSET-ORG-002-007,,2025-04-02T10:05:24,2025-04-03T04:05:57
A-01031,ORG-002,critical,phishing,ASSET-ORG-002-021,,2025-05-29T04:02:38,2025-05-29T07:15:33
A-01032,ORG-002,medium,privilege_escalation,ASSET-ORG-002-028,,2025-04-26T21:56:12,2025-04-29T02:36:57
A-01033,ORG-002,medium,brute_force,ASSET-ORG-002-024,,2025-03-07T23:49:12,2025-03-10T12:20:05
A-01034,ORG-002,medium,malware,ASSET-ORG-002-015,,2025-01-27T19:29:56,2025-01-30T07:54:14
A-01035,ORG-002,high,brute_force,ASSET-ORG-002-020,,2025-03-17T02:41:27,2025-03-17T22:59:01
A-01036,ORG-002,high,malware,ASSET-ORG-002-023,,2025-05-14T05:17:51,2025-05-15T02:38:07
A-01037,ORG-002,high,data_exfil,ASSET-ORG-002-026,,2025-03-24T00:47:33,2025-03-24T22:50:04
A-01038,ORG-002,low,brute_force,ASSET-ORG-002-008,,2025-06-02T12:40:14,2025-06-05T14:42:57
A-01039,ORG-002,high,lateral_movement,ASSET-ORG-002-006,,2025-01-30T04:51:18,2025-01-30T12:58:53
A-01040,ORG-002,high,data_exfil,ASSET-ORG-002-019,,2025-01-08T17:41:18,2025-01-09T03:54:03
A-01041,ORG-002,medium,brute_force,ASSET-ORG-002-028,CASE-00341,2025-03-07T12:41:08,2025-03-09T10:15:00
A-01042,ORG-002,high,brute_force,ASSET-ORG-002-003,,2025-04-26T16:31:51,2025-04-27T02:33:50
A-01043,ORG-002,medium,data_exfil,ASSET-ORG-002-018,CASE-00225,2025-03-09T01:37:00,2025-03-11T10:58:10
A-01044,ORG-002,critical,recon,ASSET-ORG-002-007,CASE-00283,2025-03-16T03:50:36,2025-03-16T10:30:33
A-01045,ORG-002,critical,lateral_movement,ASSET-ORG-002-017,,2025-05-21T02:52:17,2025-05-21T10:48:51
A-01046,ORG-002,medium,brute_force,ASSET-ORG-002-040,,2025-04-10T19:35:52,2025-04-13T10:51:28
A-01047,ORG-002,high,data_exfil,ASSET-ORG-002-014,CASE-00200,2025-05-28T17:12:27,2025-05-29T09:09:42
A-01048,ORG-002,high,data_exfil,ASSET-ORG-002-014,,2025-01-04T15:14:11,2025-01-05T13:28:23
A-01049,ORG-002,high,malware,ASSET-ORG-002-021,,2025-02-12T22:12:13,2025-02-13T07:21:49
A-01050,ORG-002,high,recon,ASSET-ORG-002-001,,2025-03-08T14:15:58,2025-03-09T04:27:59
A-01051,ORG-002,critical,data_exfil,ASSET-ORG-002-017,,2025-03-20T05:49:41,2025-03-20T08:07:18
A-01052,ORG-002,medium,brute_force,ASSET-ORG-002-006,CASE-00312,2025-02-10T07:15:31,2025-02-12T21:49:20
A-01053,ORG-002,medium,recon,ASSET-ORG-002-023,CASE-00347,2025-04-20T16:35:22,2025-04-23T00:00:45
A-01054,ORG-002,high,recon,ASSET-ORG-002-009,,2025-03-15T11:36:22,2025-03-16T06:39:30
A-01055,ORG-002,medium,phishing,ASSET-ORG-002-011,CASE-00216,2025-05-29T21:53:41,2025-06-01T03:06:11
A-01056,ORG-002,medium,lateral_movement,ASSET-ORG-002-007,,2025-05-09T23:33:26,2025-05-12T21:39:35
A-01057,ORG-002,high,data_exfil,ASSET-ORG-002-019,,2025-06-10T10:05:02,2025-06-11T02:15:57
A-01058,ORG-002,critical,malware,ASSET-ORG-002-025,,2025-04-23T15:43:53,2025-04-23T23:40:33
A-01059,ORG-002,medium,phishing,ASSET-ORG-002-040,CASE-00195,2025-05-01T09:02:16,2025-05-03T21:41:29
A-01060,ORG-002,medium,malware,ASSET-ORG-002-021,,2025-04-29T09:55:56,2025-05-01T04:07:56
A-01061,ORG-002,medium,data_exfil,ASSET-ORG-002-036,,2025-04-10T06:59:45,2025-04-11T21:03:07
A-01062,ORG-002,medium,phishing,ASSET-ORG-002-012,CASE-00282,2025-04-02T16:27:59,2025-04-04T07:00:51
A-01063,ORG-002,medium,data_exfil,ASSET-ORG-002-016,,2025-06-04T17:08:26,2025-06-06T06:01:13
A-01064,ORG-002,critical,recon,ASSET-ORG-002-022,,2025-06-19T08:12:46,2025-06-19T11:39:44
A-01065,ORG-002,low,privilege_escalation,ASSET-ORG-002-025,,2025-01-14T15:55:39,2025-01-19T04:40:14
A-01066,ORG-002,medium,lateral_movement,ASSET-ORG-002-039,,2025-05-06T15:39:17,2025-05-09T06:33:06
A-01067,ORG-002,medium,malware,ASSET-ORG-002-024,,2025-03-19T13:28:33,2025-03-22T02:43:35
A-01068,ORG-002,low,privilege_escalation,ASSET-ORG-002-008,,2025-05-21T04:44:12,2025-05-24T05:20:32
A-01069,ORG-002,high,brute_force,ASSET-ORG-002-005,,2025-03-30T23:33:45,2025-03-31T20:28:15
A-01070,ORG-002,medium,recon,ASSET-ORG-002-018,,2025-04-26T10:14:09,2025-04-27T12:50:19
A-01071,ORG-002,high,brute_force,ASSET-ORG-002-020,,2025-05-20T00:02:26,2025-05-20T10:55:20
A-01072,ORG-002,high,data_exfil,ASSET-ORG-002-017,CASE-00343,2025-05-04T15:31:39,2025-05-05T03:40:35
A-01073,ORG-002,medium,recon,ASSET-ORG-002-026,,2025-04-03T14:51:41,2025-04-06T11:53:46
A-01074,ORG-002,medium,recon,ASSET-ORG-002-033,,2025-03-03T00:43:35,2025-03-05T14:50:04
A-01075,ORG-002,high,lateral_movement,ASSET-ORG-002-005,,2025-03-08T11:32:45,2025-03-08T23:38:19
A-01076,ORG-002,low,malware,ASSET-ORG-002-034,,2025-06-24T09:36:39,2025-06-27T18:52:11
A-01077,ORG-002,critical,lateral_movement,ASSET-ORG-002-007,,2025-03-05T23:39:05,2025-03-06T06:16:12
A-01078,ORG-002,medium,phishing,ASSET-ORG-002-017,,2025-06-04T19:32:48,2025-06-06T08:50:57
A-01079,ORG-002,high,brute_force,ASSET-ORG-002-006,CASE-00343,2025-05-25T07:08:44,2025-05-25T18:36:16
A-01080,ORG-002,medium,data_exfil,ASSET-ORG-002-007,,2025-04-15T06:17:31,2025-04-16T10:00:42
A-01081,ORG-002,critical,recon,ASSET-ORG-002-014,CASE-00238,2025-04-27T04:15:03,2025-04-27T10:41:08
A-01082,ORG-002,medium,recon,ASSET-ORG-002-040,,2025-05-27T17:05:08,2025-05-30T02:18:32
A-01083,ORG-002,high,brute_force,ASSET-ORG-002-032,,2025-05-03T13:16:14,2025-05-04T00:29:03
A-01084,ORG-002,medium,recon,ASSET-ORG-002-020,,2025-05-02T13:00:23,2025-05-04T21:02:57
A-01085,ORG-002,high,phishing,ASSET-ORG-002-012,,2025-01-13T17:31:45,2025-01-14T15:22:21
A-01086,ORG-002,medium,phishing,ASSET-ORG-002-020,CASE-00215,2025-04-08T10:27:45,2025-04-10T08:41:59
A-01087,ORG-002,medium,phishing,ASSET-ORG-002-021,,2025-01-31T08:49:10,2025-02-01T22:47:36
A-01088,ORG-002,medium,data_exfil,ASSET-ORG-002-039,,2025-06-03T03:50:06,2025-06-05T10:11:36
A-01089,ORG-002,high,brute_force,ASSET-ORG-002-022,,2025-05-22T02:42:44,2025-05-22T17:09:19
A-01090,ORG-002,critical,data_exfil,ASSET-ORG-002-023,CASE-00291,2025-05-06T09:36:43,2025-05-06T12:53:08
A-01091,ORG-002,high,lateral_movement,ASSET-ORG-002-017,CASE-00368,2025-02-27T05:51:11,2025-02-28T05:00:33
A-01092,ORG-002,medium,data_exfil,ASSET-ORG-002-018,,2025-01-21T17:53:06,2025-01-22T23:18:16
A-01093,ORG-002,low,privilege_escalation,ASSET-ORG-002-025,,2025-05-14T13:23:05,2025-05-19T12:18:54
A-01094,ORG-002,high,brute_force,ASSET-ORG-002-029,,2025-06-29T08:18:58,2025-06-29T21:29:25
A-01095,ORG-002,low,recon,ASSET-ORG-002-020,,2025-04-22T11:26:40,2025-04-25T16:34:14
A-01096,ORG-002,medium,privilege_escalation,ASSET-ORG-002-019,,2025-05-14T21:37:47,2025-05-15T23:13:15
A-01097,ORG-002,low,phishing,ASSET-ORG-002-021,,2025-04-01T22:33:33,2025-04-05T07:43:04
A-01098,ORG-002,critical,lateral_movement,ASSET-ORG-002-027,,2025-03-24T23:30:23,2025-03-25T05:06:49
A-01099,ORG-002,critical,recon,ASSET-ORG-002-024,,2025-01-04T03:30:12,2025-01-04T10:39:09
A-01100,ORG-002,high,recon,ASSET-ORG-002-022,,2025-05-04T04:23:47,2025-05-04T13:37:05
A-01101,ORG-002,critical,data_exfil,ASSET-ORG-002-040,,2025-05-07T06:01:49,2025-05-07T09:46:04
A-01102,ORG-002,high,data_exfil,ASSET-ORG-002-010,,2025-05-07T07:17:14,2025-05-07T21:18:09
A-01103,ORG-002,high,malware,ASSET-ORG-002-026,,2025-04-22T14:28:20,2025-04-23T03:49:15
A-01104,ORG-002,high,lateral_movement,ASSET-ORG-002-021,,2025-04-14T08:59:50,2025-04-15T01:19:49
A-01105,ORG-002,critical,phishing,ASSET-ORG-002-014,,2025-03-01T21:37:43,2025-03-02T01:16:53
A-01106,ORG-002,low,lateral_movement,ASSET-ORG-002-014,CASE-00268,2025-02-09T03:59:48,2025-02-13T00:06:50
A-01107,ORG-002,critical,data_exfil,ASSET-ORG-002-002,CASE-00300,2025-03-28T04:58:06,2025-03-28T08:52:00
A-01108,ORG-002,high,data_exfil,ASSET-ORG-002-038,,2025-06-08T03:50:32,2025-06-08T14:06:41
A-01109,ORG-002,medium,brute_force,ASSET-ORG-002-021,,2025-03-22T14:38:09,2025-03-24T04:32:33
A-01110,ORG-002,low,malware,ASSET-ORG-002-001,,2025-03-15T19:03:50,2025-03-20T08:13:58
A-01111,ORG-002,high,lateral_movement,ASSET-ORG-002-006,CASE-00354,2025-05-07T07:14:08,2025-05-08T02:57:05
A-01112,ORG-002,critical,phishing,ASSET-ORG-002-009,CASE-00190,2025-05-15T23:15:43,2025-05-16T05:32:17
A-01113,ORG-002,high,data_exfil,ASSET-ORG-002-011,,2025-03-23T09:47:45,2025-03-23T20:56:04
A-01114,ORG-002,high,lateral_movement,ASSET-ORG-002-024,,2025-06-26T12:09:28,2025-06-27T11:28:31
A-01115,ORG-002,critical,data_exfil,ASSET-ORG-002-003,,2025-04-15T18:08:07,2025-04-15T23:34:01
A-01116,ORG-002,critical,phishing,ASSET-ORG-002-006,CASE-00213,2025-03-23T12:47:45,2025-03-23T15:23:58
A-01117,ORG-002,medium,malware,ASSET-ORG-002-020,,2025-04-03T11:27:19,2025-04-05T21:38:32
A-01118,ORG-002,high,recon,ASSET-ORG-002-024,,2025-04-30T03:37:40,2025-04-30T23:47:46
A-01119,ORG-002,critical,lateral_movement,ASSET-ORG-002-006,,2025-05-25T07:29:39,2025-05-25T10:21:25
A-01120,ORG-002,high,brute_force,ASSET-ORG-002-012,,2025-05-22T18:11:15,2025-05-23T14:11:27
A-01121,ORG-002,medium,privilege_escalation,ASSET-ORG-002-003,,2025-05-26T05:38:02,2025-05-28T09:40:15
A-01122,ORG-002,critical,brute_force,ASSET-ORG-002-001,CASE-00248,2025-04-22T02:07:02,2025-04-22T08:29:36
A-01123,ORG-002,medium,recon,ASSET-ORG-002-026,,2025-03-29T18:57:28,2025-03-31T10:36:06
A-01124,ORG-002,medium,brute_force,ASSET-ORG-002-022,,2025-06-23T07:28:35,2025-06-24T21:02:37
A-01125,ORG-002,high,recon,ASSET-ORG-002-017,,2025-01-13T06:09:00,2025-01-14T04:23:06
A-01126,ORG-002,critical,lateral_movement,ASSET-ORG-002-019,,2025-01-25T12:35:49,2025-01-25T17:45:39
A-01127,ORG-002,low,recon,ASSET-ORG-002-013,,2025-01-28T12:24:32,2025-01-31T20:43:09
A-01128,ORG-002,medium,privilege_escalation,ASSET-ORG-002-010,CASE-00278,2025-04-20T07:13:29,2025-04-22T21:51:32
A-01129,ORG-002,medium,brute_force,ASSET-ORG-002-011,,2025-01-20T10:40:38,2025-01-21T22:44:18
A-01130,ORG-002,low,brute_force,ASSET-ORG-002-004,,2025-03-19T20:12:10,2025-03-23T15:22:59
A-01131,ORG-002,high,malware,ASSET-ORG-002-017,,2025-05-18T13:06:30,2025-05-19T07:13:32
A-01132,ORG-002,medium,privilege_escalation,ASSET-ORG-002-016,CASE-00229,2025-03-17T23:18:08,2025-03-19T10:54:45
A-01133,ORG-002,critical,data_exfil,ASSET-ORG-002-008,CASE-00258,2025-05-21T23:18:25,2025-05-22T06:38:24
A-01134,ORG-002,medium,malware,ASSET-ORG-002-008,,2025-04-12T02:15:58,2025-04-14T00:55:26
A-01135,ORG-002,low,recon,ASSET-ORG-002-040,,2025-03-30T05:30:20,2025-04-02T03:53:10
A-01136,ORG-002,high,brute_force,ASSET-ORG-002-008,,2025-05-02T17:33:28,2025-05-03T10:03:02
A-01137,ORG-002,medium,privilege_escalation,ASSET-ORG-002-028,,2025-03-23T21:08:37,2025-03-25T01:16:08
A-01138,ORG-002,medium,brute_force,ASSET-ORG-002-023,,2025-01-17T03:14:35,2025-01-18T04:11:03
A-01139,ORG-002,medium,malware,ASSET-ORG-002-032,,2025-04-19T20:54:54,2025-04-22T17:05:21
A-01140,ORG-002,medium,lateral_movement,ASSET-ORG-002-025,,2025-01-09T04:12:21,2025-01-12T00:01:03
A-01141,ORG-002,high,recon,ASSET-ORG-002-039,,2025-03-23T21:52:01,2025-03-24T20:42:31
A-01142,ORG-002,low,privilege_escalation,ASSET-ORG-002-028,,2025-05-10T22:05:04,2025-05-13T01:49:07
A-01143,ORG-002,critical,data_exfil,ASSET-ORG-002-017,,2025-03-11T15:08:43,2025-03-11T20:16:36
A-01144,ORG-002,medium,brute_force,ASSET-ORG-002-030,,2025-05-16T18:03:45,2025-05-19T16:17:15
A-01145,ORG-002,high,data_exfil,ASSET-ORG-002-023,,2025-06-01T15:34:32,2025-06-02T14:25:14
A-01146,ORG-002,high,privilege_escalation,ASSET-ORG-002-020,,2025-01-20T16:05:01,2025-01-21T13:13:34
A-01147,ORG-002,high,brute_force,ASSET-ORG-002-029,CASE-00369,2025-06-23T22:38:18,2025-06-24T13:13:06
A-01148,ORG-002,medium,brute_force,ASSET-ORG-002-036,,2025-04-15T12:26:49,2025-04-17T01:24:06
A-01149,ORG-002,low,data_exfil,ASSET-ORG-002-017,,2025-01-29T07:18:58,2025-02-02T08:51:21
A-01150,ORG-002,low,privilege_escalation,ASSET-ORG-002-019,,2025-04-30T02:44:40,2025-05-05T13:46:20
A-01151,ORG-002,high,privilege_escalation,ASSET-ORG-002-003,,2025-02-17T17:59:37,2025-02-18T11:58:09
A-01152,ORG-002,high,privilege_escalation,ASSET-ORG-002-014,CASE-00245,2025-01-29T05:30:16,2025-01-29T13:43:49
A-01153,ORG-002,high,privilege_escalation,ASSET-ORG-002-034,,2025-04-23T19:10:11,2025-04-24T10:26:40
A-01154,ORG-002,low,phishing,ASSET-ORG-002-021,,2025-04-15T22:18:09,2025-04-20T02:18:18
A-01155,ORG-002,medium,recon,ASSET-ORG-002-009,,2025-01-19T18:17:18,2025-01-22T07:14:23
A-01156,ORG-002,medium,recon,ASSET-ORG-002-015,,2025-04-01T08:23:31,2025-04-03T03:59:22
A-01157,ORG-002,low,phishing,ASSET-ORG-002-002,,2025-04-19T17:35:48,2025-04-24T10:54:34
A-01158,ORG-002,critical,lateral_movement,ASSET-ORG-002-018,CASE-00278,2025-04-21T15:14:39,2025-04-21T19:32:16
A-01159,ORG-002,high,lateral_movement,ASSET-ORG-002-009,,2025-03-18T22:38:25,2025-03-19T10:33:28
A-01160,ORG-002,high,privilege_escalation,ASSET-ORG-002-035,,2025-05-13T07:11:21,2025-05-14T01:52:22
A-01161,ORG-002,medium,lateral_movement,ASSET-ORG-002-011,CASE-00204,2025-05-23T05:57:35,2025-05-24T20:07:53
A-01162,ORG-002,medium,brute_force,ASSET-ORG-002-006,,2025-01-19T06:49:26,2025-01-21T12:12:35
A-01163,ORG-002,critical,brute_force,ASSET-ORG-002-023,CASE-00275,2025-02-04T10:47:41,2025-02-04T16:42:43
A-01164,ORG-002,high,brute_force,ASSET-ORG-002-006,CASE-00290,2025-03-07T23:12:38,2025-03-08T15:26:02
A-01165,ORG-002,critical,brute_force,ASSET-ORG-002-025,CASE-00323,2025-03-01T11:17:35,2025-03-01T13:32:41
A-01166,ORG-002,critical,phishing,ASSET-ORG-002-013,,2025-05-04T14:13:11,2025-05-04T21:52:15
A-01167,ORG-002,critical,lateral_movement,ASSET-ORG-002-010,,2025-04-27T10:53:23,2025-04-27T16:17:43
A-01168,ORG-002,low,phishing,ASSET-ORG-002-033,,2025-01-29T21:41:24,2025-02-03T14:30:47
A-01169,ORG-002,critical,lateral_movement,ASSET-ORG-002-012,,2025-04-25T14:05:41,2025-04-25T20:48:50
A-01170,ORG-002,high,lateral_movement,ASSET-ORG-002-036,,2025-06-11T12:19:47,2025-06-12T03:24:30
A-01171,ORG-002,critical,data_exfil,ASSET-ORG-002-003,CASE-00313,2025-03-11T13:53:55,2025-03-11T16:25:55
A-01172,ORG-002,low,lateral_movement,ASSET-ORG-002-038,,2025-01-20T04:20:59,2025-01-25T08:03:26
A-01173,ORG-002,high,recon,ASSET-ORG-002-013,,2025-02-24T20:49:56,2025-02-25T10:39:48
A-01174,ORG-002,high,brute_force,ASSET-ORG-002-036,,2025-04-05T00:05:25,2025-04-05T19:11:19
A-01175,ORG-002,medium,recon,ASSET-ORG-002-035,,2025-02-03T15:54:37,2025-02-06T14:34:53
A-01176,ORG-002,high,recon,ASSET-ORG-002-004,,2025-06-09T22:56:06,2025-06-10T21:57:39
A-01177,ORG-002,critical,phishing,ASSET-ORG-002-015,CASE-00242,2025-05-19T08:04:26,2025-05-19T12:59:21
A-01178,ORG-002,critical,brute_force,ASSET-ORG-002-001,,2025-06-25T14:47:23,2025-06-25T18:58:40
A-01179,ORG-002,critical,data_exfil,ASSET-ORG-002-015,,2025-03-14T04:38:16,2025-03-14T10:17:47
A-01180,ORG-002,medium,privilege_escalation,ASSET-ORG-002-020,,2025-02-09T18:47:33,2025-02-12T18:22:01
A-01181,ORG-002,low,phishing,ASSET-ORG-002-032,,2025-02-19T05:02:54,2025-02-24T20:26:54
A-01182,ORG-002,high,lateral_movement,ASSET-ORG-002-008,CASE-00364,2025-01-23T09:14:10,2025-01-23T20:07:45
A-01183,ORG-002,critical,lateral_movement,ASSET-ORG-002-017,CASE-00271,2025-05-13T05:15:00,2025-05-13T10:52:28
A-01184,ORG-002,high,phishing,ASSET-ORG-002-034,,2025-01-07T22:21:05,2025-01-08T14:53:18
A-01185,ORG-002,high,recon,ASSET-ORG-002-024,,2025-03-27T01:44:01,2025-03-27T23:10:29
A-01186,ORG-002,critical,malware,ASSET-ORG-002-010,CASE-00269,2025-03-08T06:47:40,2025-03-08T11:04:38
A-01187,ORG-002,critical,data_exfil,ASSET-ORG-002-010,CASE-00352,2025-02-26T15:54:45,2025-02-26T22:30:52
A-01188,ORG-002,critical,phishing,ASSET-ORG-002-039,,2025-04-13T15:15:08,2025-04-13T19:52:18
A-01189,ORG-002,high,recon,ASSET-ORG-002-002,CASE-00204,2025-05-01T02:49:14,2025-05-01T23:56:11
A-01190,ORG-002,medium,privilege_escalation,ASSET-ORG-002-025,CASE-00188,2025-05-30T06:22:49,2025-06-01T23:39:52
A-01191,ORG-002,low,lateral_movement,ASSET-ORG-002-025,CASE-00309,2025-02-24T20:23:54,2025-03-02T14:07:01
A-01192,ORG-002,medium,data_exfil,ASSET-ORG-002-010,,2025-03-30T04:50:00,2025-04-01T19:53:48
A-01193,ORG-002,medium,phishing,ASSET-ORG-002-025,CASE-00261,2025-02-19T22:41:23,2025-02-21T10:21:49
A-01194,ORG-002,low,privilege_escalation,ASSET-ORG-002-015,,2025-03-20T02:31:55,2025-03-22T20:44:23
A-01195,ORG-002,low,data_exfil,ASSET-ORG-002-027,,2025-03-31T10:27:55,2025-04-05T04:20:16
A-01196,ORG-002,medium,phishing,ASSET-ORG-002-016,,2025-02-12T03:06:13,2025-02-13T17:00:33
A-01197,ORG-002,medium,data_exfil,ASSET-ORG-002-024,,2025-05-06T01:15:27,2025-05-07T23:36:18
A-01198,ORG-002,low,privilege_escalation,ASSET-ORG-002-040,,2025-03-22T00:36:30,2025-03-24T08:01:08
A-01199,ORG-002,critical,data_exfil,ASSET-ORG-002-002,,2025-05-15T18:07:58,2025-05-15T22:00:43
A-01200,ORG-002,medium,recon,ASSET-ORG-002-010,,2025-05-05T12:23:10,2025-05-07T17:38:59
A-01201,ORG-002,critical,data_exfil,ASSET-ORG-002-021,CASE-00377,2025-04-29T12:28:28,2025-04-29T20:02:52
A-01202,ORG-002,medium,malware,ASSET-ORG-002-002,CASE-00212,2025-01-02T16:23:56,2025-01-03T20:14:24
A-01203,ORG-002,high,malware,ASSET-ORG-002-024,,2025-05-02T00:28:12,2025-05-02T14:12:48
A-01204,ORG-002,critical,phishing,ASSET-ORG-002-011,CASE-00331,2025-03-22T14:54:23,2025-03-22T17:59:04
A-01205,ORG-002,medium,lateral_movement,ASSET-ORG-002-018,CASE-00329,2025-05-14T23:27:50,2025-05-16T17:37:26
A-01206,ORG-002,critical,data_exfil,ASSET-ORG-002-007,,2025-05-27T17:41:37,2025-05-27T20:03:07
A-01207,ORG-002,critical,malware,ASSET-ORG-002-032,,2025-05-11T10:38:11,2025-05-11T17:47:43
A-01208,ORG-002,low,malware,ASSET-ORG-002-013,,2025-05-04T03:41:32,2025-05-08T02:23:50
A-01209,ORG-002,critical,recon,ASSET-ORG-002-027,,2025-02-02T19:52:38,2025-02-03T01:12:05
A-01210,ORG-002,medium,malware,ASSET-ORG-002-032,,2025-03-03T20:37:56,2025-03-05T08:47:03
A-01211,ORG-002,critical,lateral_movement,ASSET-ORG-002-030,,2025-05-09T01:04:32,2025-05-09T03:48:21
A-01212,ORG-002,high,malware,ASSET-ORG-002-018,,2025-05-16T07:35:05,2025-05-16T22:24:50
A-01213,ORG-002,critical,brute_force,ASSET-ORG-002-018,,2025-01-17T04:14:04,2025-01-17T10:19:45
A-01214,ORG-002,critical,phishing,ASSET-ORG-002-007,,2025-02-17T04:16:49,2025-02-17T06:57:27
A-01215,ORG-002,medium,brute_force,ASSET-ORG-002-040,,2025-01-14T16:00:27,2025-01-16T03:23:05
A-01216,ORG-002,critical,lateral_movement,ASSET-ORG-002-006,CASE-00368,2025-02-06T00:50:28,2025-02-06T03:40:32
A-01217,ORG-002,medium,data_exfil,ASSET-ORG-002-021,CASE-00200,2025-05-02T10:48:58,2025-05-05T01:21:39
A-01218,ORG-002,medium,recon,ASSET-ORG-002-004,,2025-03-27T22:16:32,2025-03-29T11:44:29
A-01219,ORG-002,low,lateral_movement,ASSET-ORG-002-008,,2025-05-17T11:36:09,2025-05-19T22:38:19
A-01220,ORG-002,high,data_exfil,ASSET-ORG-002-033,,2025-05-05T09:23:20,2025-05-05T22:35:04
A-01221,ORG-002,medium,malware,ASSET-ORG-002-004,,2025-01-13T04:35:23,2025-01-15T16:33:21
A-01222,ORG-002,high,lateral_movement,ASSET-ORG-002-006,CASE-00371,2025-03-03T19:50:32,2025-03-04T14:32:56
A-01223,ORG-002,high,privilege_escalation,ASSET-ORG-002-031,,2025-03-13T22:23:28,2025-03-14T15:29:16
A-01224,ORG-002,high,privilege_escalation,ASSET-ORG-002-026,,2025-04-01T00:38:37,2025-04-02T00:27:26
A-01225,ORG-002,high,malware,ASSET-ORG-002-009,CASE-00286,2025-06-03T01:34:57,2025-06-03T15:20:53
A-01226,ORG-002,critical,recon,ASSET-ORG-002-012,,2025-02-12T03:15:51,2025-02-12T06:07:38
A-01227,ORG-002,high,phishing,ASSET-ORG-002-032,CASE-00328,2025-04-28T20:00:34,2025-04-29T17:11:04
A-01228,ORG-002,high,phishing,ASSET-ORG-002-034,,2025-04-06T23:17:10,2025-04-07T21:54:56
A-01229,ORG-002,medium,recon,ASSET-ORG-002-009,,2025-04-13T20:17:09,2025-04-15T16:48:46
A-01230,ORG-002,critical,brute_force,ASSET-ORG-002-027,,2025-02-17T18:57:18,2025-02-17T22:51:41
A-01231,ORG-002,low,lateral_movement,ASSET-ORG-002-031,,2025-06-02T18:46:56,2025-06-06T11:38:15
A-01232,ORG-002,medium,recon,ASSET-ORG-002-015,CASE-00270,2025-05-18T12:00:28,2025-05-21T07:10:36
A-01233,ORG-002,high,malware,ASSET-ORG-002-025,,2025-05-26T16:08:58,2025-05-27T02:51:00
A-01234,ORG-002,high,data_exfil,ASSET-ORG-002-025,,2025-05-31T23:06:05,2025-06-01T10:37:05
A-01235,ORG-002,high,privilege_escalation,ASSET-ORG-002-040,,2025-04-04T16:51:37,2025-04-05T11:05:20
A-01236,ORG-002,medium,recon,ASSET-ORG-002-039,,2025-01-24T08:55:46,2025-01-26T06:27:20
A-01237,ORG-002,high,privilege_escalation,ASSET-ORG-002-001,,2025-02-27T21:36:20,2025-02-28T10:21:24
A-01238,ORG-002,critical,lateral_movement,ASSET-ORG-002-025,,2025-04-18T19:43:10,2025-04-18T23:08:53
A-01239,ORG-002,high,phishing,ASSET-ORG-002-039,CASE-00258,2025-03-30T00:41:13,2025-03-30T13:52:15
A-01240,ORG-002,critical,privilege_escalation,ASSET-ORG-002-025,,2025-04-17T19:46:41,2025-04-17T22:00:35
A-01241,ORG-002,high,privilege_escalation,ASSET-ORG-002-003,,2025-05-05T23:29:28,2025-05-06T12:38:28
A-01242,ORG-002,low,phishing,ASSET-ORG-002-010,,2025-01-20T20:32:04,2025-01-26T00:40:11
A-01243,ORG-002,critical,brute_force,ASSET-ORG-002-005,,2025-04-06T15:00:35,2025-04-06T20:39:20
A-01244,ORG-002,high,phishing,ASSET-ORG-002-036,,2025-06-09T18:44:24,2025-06-10T04:22:07
A-01245,ORG-002,medium,data_exfil,ASSET-ORG-002-003,,2025-01-09T04:33:13,2025-01-10T20:30:02
A-01246,ORG-002,medium,malware,ASSET-ORG-002-033,,2025-05-29T15:39:34,2025-05-31T12:45:01
A-01247,ORG-002,high,recon,ASSET-ORG-002-032,CASE-00197,2025-01-02T09:19:56,2025-01-02T23:41:33
A-01248,ORG-002,high,recon,ASSET-ORG-002-024,,2025-04-10T04:52:17,2025-04-10T19:56:32
A-01249,ORG-002,critical,brute_force,ASSET-ORG-002-029,,2025-01-06T14:17:57,2025-01-06T20:21:16
A-01250,ORG-002,high,phishing,ASSET-ORG-002-008,,2025-01-09T02:09:00,2025-01-09T17:12:12
A-01251,ORG-002,medium,brute_force,ASSET-ORG-002-030,,2025-01-11T13:22:16,2025-01-14T12:32:40
A-01252,ORG-002,low,phishing,ASSET-ORG-002-032,CASE-00234,2025-05-20T19:10:24,2025-05-25T03:45:47
A-01253,ORG-002,high,privilege_escalation,ASSET-ORG-002-011,,2025-06-28T19:19:38,2025-06-29T12:16:40
A-01254,ORG-002,medium,privilege_escalation,ASSET-ORG-002-001,,2025-02-23T06:00:38,2025-02-24T06:00:40
A-01255,ORG-002,medium,data_exfil,ASSET-ORG-002-024,,2025-01-15T18:38:57,2025-01-17T15:02:11
A-01256,ORG-002,low,privilege_escalation,ASSET-ORG-002-014,,2025-01-24T08:45:18,2025-01-30T05:28:57
A-01257,ORG-002,critical,data_exfil,ASSET-ORG-002-012,,2025-01-03T18:50:53,2025-01-03T21:52:22
A-01258,ORG-002,high,lateral_movement,ASSET-ORG-002-010,,2025-02-11T20:11:20,2025-02-12T05:22:30
A-01259,ORG-002,medium,malware,ASSET-ORG-002-005,CASE-00191,2025-05-30T10:17:02,2025-06-01T06:43:58
A-01260,ORG-002,low,phishing,ASSET-ORG-002-029,,2025-06-07T08:31:22,2025-06-09T08:48:23
A-01261,ORG-002,low,data_exfil,ASSET-ORG-002-036,CASE-00332,2025-05-17T11:58:12,2025-05-22T11:07:01
A-01262,ORG-002,medium,brute_force,ASSET-ORG-002-024,,2025-01-18T04:02:54,2025-01-20T23:35:48
A-01263,ORG-002,medium,recon,ASSET-ORG-002-010,,2025-03-04T06:37:21,2025-03-07T05:10:33
A-01264,ORG-002,high,privilege_escalation,ASSET-ORG-002-032,,2025-05-12T05:02:24,2025-05-12T22:54:42
A-01265,ORG-002,high,privilege_escalation,ASSET-ORG-002-035,,2025-06-17T08:16:44,2025-06-18T04:39:50
A-01266,ORG-002,critical,privilege_escalation,ASSET-ORG-002-037,,2025-01-28T02:12:58,2025-01-28T06:05:22
A-01267,ORG-002,low,recon,ASSET-ORG-002-035,,2025-01-09T03:38:01,2025-01-14T07:18:04
A-01268,ORG-002,medium,privilege_escalation,ASSET-ORG-002-022,,2025-04-05T23:44:38,2025-04-07T08:15:28
A-01269,ORG-002,medium,phishing,ASSET-ORG-002-037,,2025-03-10T04:24:16,2025-03-12T10:06:50
A-01270,ORG-002,critical,malware,ASSET-ORG-002-033,,2025-06-05T07:58:05,2025-06-05T10:56:57
A-01271,ORG-002,high,privilege_escalation,ASSET-ORG-002-026,,2025-02-28T19:25:07,2025-03-01T18:26:29
A-01272,ORG-002,critical,brute_force,ASSET-ORG-002-029,CASE-00362,2025-01-24T02:21:39,2025-01-24T08:12:04
A-01273,ORG-002,high,data_exfil,ASSET-ORG-002-024,CASE-00340,2025-02-10T11:26:23,2025-02-11T00:58:11
A-01274,ORG-002,high,brute_force,ASSET-ORG-002-031,,2025-06-17T05:21:56,2025-06-18T03:53:22
A-01275,ORG-002,low,data_exfil,ASSET-ORG-002-002,,2025-03-15T18:46:33,2025-03-18T00:24:28
A-01276,ORG-002,critical,brute_force,ASSET-ORG-002-035,,2025-01-18T20:58:43,2025-01-18T23:44:01
A-01277,ORG-002,high,brute_force,ASSET-ORG-002-020,,2025-04-18T07:25:21,2025-04-19T05:34:13
A-01278,ORG-002,medium,malware,ASSET-ORG-002-033,,2025-03-28T07:11:37,2025-03-29T12:13:31
A-01279,ORG-002,medium,brute_force,ASSET-ORG-002-038,,2025-01-23T20:22:30,2025-01-26T10:00:09
A-01280,ORG-002,critical,phishing,ASSET-ORG-002-005,,2025-02-08T15:58:50,2025-02-08T22:22:08
A-01281,ORG-002,high,privilege_escalation,ASSET-ORG-002-038,CASE-00234,2025-06-14T04:29:40,2025-06-14T21:28:32
A-01282,ORG-002,medium,data_exfil,ASSET-ORG-002-002,,2025-05-18T13:25:27,2025-05-21T03:39:58
A-01283,ORG-002,medium,data_exfil,ASSET-ORG-002-031,,2025-01-07T12:17:35,2025-01-09T08:36:07
A-01284,ORG-002,medium,data_exfil,ASSET-ORG-002-026,,2025-04-09T11:19:13,2025-04-11T05:01:54
A-01285,ORG-002,critical,phishing,ASSET-ORG-002-006,,2025-04-21T18:21:10,2025-04-21T22:03:10
A-01286,ORG-002,high,brute_force,ASSET-ORG-002-031,,2025-01-13T23:23:54,2025-01-14T21:46:47
A-01287,ORG-002,critical,malware,ASSET-ORG-002-033,,2025-06-03T00:45:07,2025-06-03T02:51:45
A-01288,ORG-002,low,privilege_escalation,ASSET-ORG-002-014,CASE-00250,2025-02-06T15:15:07,2025-02-11T12:23:37
A-01289,ORG-002,low,malware,ASSET-ORG-002-010,,2025-05-10T12:49:44,2025-05-13T07:19:05
A-01290,ORG-002,high,malware,ASSET-ORG-002-037,CASE-00205,2025-02-01T23:42:36,2025-02-02T12:12:27
A-01291,ORG-002,critical,brute_force,ASSET-ORG-002-026,,2025-01-06T08:55:45,2025-01-06T12:40:56
A-01292,ORG-002,medium,privilege_escalation,ASSET-ORG-002-015,,2025-05-26T08:46:06,2025-05-27T18:02:23
A-01293,ORG-002,high,recon,ASSET-ORG-002-019,,2025-04-07T12:48:35,2025-04-08T10:53:00
A-01294,ORG-002,medium,malware,ASSET-ORG-002-024,,2025-02-23T20:43:42,2025-02-26T01:21:54
A-01295,ORG-002,low,privilege_escalation,ASSET-ORG-002-031,,2025-04-10T07:28:58,2025-04-15T06:31:19
A-01296,ORG-002,medium,privilege_escalation,ASSET-ORG-002-037,,2025-01-27T15:42:43,2025-01-30T01:53:14
A-01297,ORG-002,high,brute_force,ASSET-ORG-002-018,,2025-06-19T20:38:15,2025-06-20T09:53:51
A-01298,ORG-002,low,recon,ASSET-ORG-002-027,,2025-02-24T02:00:26,2025-02-27T16:26:30
A-01299,ORG-002,medium,lateral_movement,ASSET-ORG-002-019,,2025-02-06T21:18:21,2025-02-08T23:37:42
A-01300,ORG-002,medium,brute_force,ASSET-ORG-002-016,CASE-00373,2025-02-09T22:47:20,2025-02-12T18:20:36
A-01301,ORG-002,high,lateral_movement,ASSET-ORG-002-018,,2025-04-21T07:57:16,2025-04-22T00:18:42
A-01302,ORG-002,low,malware,ASSET-ORG-002-005,,2025-02-06T16:28:07,2025-02-10T05:34:41
A-01303,ORG-002,low,recon,ASSET-ORG-002-018,,2025-04-10T05:59:03,2025-04-15T16:37:32
A-01304,ORG-002,high,data_exfil,ASSET-ORG-002-021,,2025-01-24T04:39:10,2025-01-24T15:11:47
A-01305,ORG-002,high,privilege_escalation,ASSET-ORG-002-007,,2025-06-29T18:17:50,2025-06-30T15:49:24
A-01306,ORG-002,high,data_exfil,ASSET-ORG-002-016,,2025-02-14T18:09:12,2025-02-15T06:09:58
A-01307,ORG-002,high,recon,ASSET-ORG-002-002,CASE-00286,2025-02-01T03:29:54,2025-02-01T13:09:29
A-01308,ORG-002,medium,phishing,ASSET-ORG-002-015,CASE-00305,2025-02-24T06:25:40,2025-02-25T14:14:50
A-01309,ORG-002,high,phishing,ASSET-ORG-002-007,,2025-06-14T12:37:16,2025-06-14T22:06:49
A-01310,ORG-002,high,lateral_movement,ASSET-ORG-002-032,CASE-00257,2025-03-26T18:56:16,2025-03-27T17:18:42
A-01311,ORG-002,medium,privilege_escalation,ASSET-ORG-002-029,CASE-00317,2025-04-28T18:44:46,2025-04-30T09:42:28
A-01312,ORG-002,high,brute_force,ASSET-ORG-002-023,CASE-00291,2025-03-20T15:54:48,2025-03-21T04:54:14
A-01313,ORG-002,medium,malware,ASSET-ORG-002-029,,2025-05-19T11:08:43,2025-05-20T12:44:18
A-01314,ORG-002,low,malware,ASSET-ORG-002-028,,2025-02-19T12:02:24,2025-02-23T14:45:16
A-01315,ORG-002,medium,recon,ASSET-ORG-002-034,,2025-06-07T07:32:09,2025-06-08T21:47:13
A-01316,ORG-002,high,privilege_escalation,ASSET-ORG-002-015,,2025-01-18T11:18:08,2025-01-19T08:10:28
A-01317,ORG-002,high,brute_force,ASSET-ORG-002-010,CASE-00253,2025-06-16T16:54:04,2025-06-17T08:50:10
A-01318,ORG-002,medium,privilege_escalation,ASSET-ORG-002-012,CASE-00355,2025-02-25T23:18:34,2025-02-28T15:12:32
A-01319,ORG-002,critical,privilege_escalation,ASSET-ORG-002-007,CASE-00370,2025-02-22T05:50:11,2025-02-22T09:27:47
A-01320,ORG-002,high,phishing,ASSET-ORG-002-010,,2025-04-14T15:01:24,2025-04-15T02:25:26
A-01321,ORG-002,critical,data_exfil,ASSET-ORG-002-010,,2025-06-14T09:08:56,2025-06-14T12:21:10
A-01322,ORG-002,medium,phishing,ASSET-ORG-002-039,CASE-00216,2025-05-27T12:17:17,2025-05-28T15:21:58
A-01323,ORG-002,medium,data_exfil,ASSET-ORG-002-036,,2025-04-16T03:25:41,2025-04-18T08:50:20
A-01324,ORG-002,medium,recon,ASSET-ORG-002-023,,2025-06-02T16:49:06,2025-06-05T12:54:38
A-01325,ORG-002,critical,privilege_escalation,ASSET-ORG-002-032,,2025-01-25T12:19:13,2025-01-25T14:39:06
A-01326,ORG-002,high,brute_force,ASSET-ORG-002-032,,2025-02-08T14:01:20,2025-02-09T11:40:52
A-01327,ORG-002,medium,brute_force,ASSET-ORG-002-026,,2025-02-17T11:24:51,2025-02-18T21:46:38
A-01328,ORG-002,high,phishing,ASSET-ORG-002-030,,2025-01-26T07:46:25,2025-01-26T23:20:34
A-01329,ORG-002,low,brute_force,ASSET-ORG-002-024,CASE-00351,2025-01-11T07:33:14,2025-01-15T10:36:25
A-01330,ORG-002,medium,data_exfil,ASSET-ORG-002-003,,2025-06-18T16:06:16,2025-06-21T03:01:03
A-01331,ORG-002,critical,lateral_movement,ASSET-ORG-002-036,,2025-02-22T08:28:01,2025-02-22T11:00:43
A-01332,ORG-002,high,recon,ASSET-ORG-002-021,,2025-02-25T07:51:24,2025-02-25T22:33:19
A-01333,ORG-002,medium,recon,ASSET-ORG-002-037,,2025-04-09T05:53:14,2025-04-10T10:47:13
A-01334,ORG-002,high,lateral_movement,ASSET-ORG-002-029,CASE-00284,2025-05-23T00:48:11,2025-05-23T21:57:23
A-01335,ORG-002,high,phishing,ASSET-ORG-002-013,CASE-00199,2025-03-23T05:46:22,2025-03-24T00:08:11
A-01336,ORG-002,critical,malware,ASSET-ORG-002-017,,2025-05-22T05:10:27,2025-05-22T11:34:02
A-01337,ORG-002,critical,lateral_movement,ASSET-ORG-002-032,,2025-01-23T04:22:59,2025-01-23T07:06:39
A-01338,ORG-002,medium,brute_force,ASSET-ORG-002-031,,2025-02-20T02:45:20,2025-02-22T20:46:28
A-01339,ORG-002,medium,privilege_escalation,ASSET-ORG-002-038,,2025-04-11T23:36:02,2025-04-13T19:54:50
A-01340,ORG-002,low,brute_force,ASSET-ORG-002-032,,2025-05-21T15:22:28,2025-05-26T02:18:52
A-01341,ORG-002,low,phishing,ASSET-ORG-002-016,,2025-04-01T04:00:59,2025-04-04T02:20:10
A-01342,ORG-002,medium,data_exfil,ASSET-ORG-002-026,,2025-03-23T10:02:24,2025-03-26T03:17:47
A-01343,ORG-002,critical,brute_force,ASSET-ORG-002-004,,2025-03-26T14:09:08,2025-03-26T19:50:49
A-01344,ORG-002,high,brute_force,ASSET-ORG-002-016,,2025-04-05T11:20:50,2025-04-06T04:18:04
A-01345,ORG-002,low,brute_force,ASSET-ORG-002-016,CASE-00298,2025-04-29T13:28:30,2025-05-02T13:29:22
A-01346,ORG-002,medium,malware,ASSET-ORG-002-010,CASE-00209,2025-04-15T22:18:31,2025-04-18T05:30:50
A-01347,ORG-002,high,privilege_escalation,ASSET-ORG-002-024,CASE-00222,2025-05-12T19:09:22,2025-05-13T15:38:17
A-01348,ORG-002,critical,phishing,ASSET-ORG-002-020,,2025-03-06T02:34:19,2025-03-06T05:28:54
A-01349,ORG-002,low,privilege_escalation,ASSET-ORG-002-032,,2025-01-21T21:09:56,2025-01-25T12:05:54
A-01350,ORG-002,medium,brute_force,ASSET-ORG-002-011,CASE-00306,2025-05-05T22:45:34,2025-05-08T12:15:09
A-01351,ORG-002,critical,data_exfil,ASSET-ORG-002-029,,2025-03-11T15:54:18,2025-03-11T22:32:12
A-01352,ORG-002,high,brute_force,ASSET-ORG-002-014,,2025-02-16T17:39:21,2025-02-17T10:03:11
A-01353,ORG-002,critical,privilege_escalation,ASSET-ORG-002-022,CASE-00373,2025-05-14T13:02:04,2025-05-14T17:56:48
A-01354,ORG-002,critical,lateral_movement,ASSET-ORG-002-036,,2025-05-22T15:09:33,2025-05-22T22:30:29
A-01355,ORG-002,low,privilege_escalation,ASSET-ORG-002-017,CASE-00196,2025-03-17T15:28:36,2025-03-20T18:38:48
A-01356,ORG-002,low,privilege_escalation,ASSET-ORG-002-021,,2025-03-29T07:20:41,2025-04-01T02:42:00
A-01357,ORG-002,medium,lateral_movement,ASSET-ORG-002-021,,2025-06-27T18:30:27,2025-06-30T11:45:49
A-01358,ORG-002,low,data_exfil,ASSET-ORG-002-006,CASE-00230,2025-04-05T13:05:29,2025-04-09T13:48:52
A-01359,ORG-002,high,phishing,ASSET-ORG-002-027,,2025-01-08T11:11:08,2025-01-09T09:13:07
A-01360,ORG-002,medium,privilege_escalation,ASSET-ORG-002-033,CASE-00273,2025-02-23T02:21:03,2025-02-25T17:00:27
A-01361,ORG-002,medium,malware,ASSET-ORG-002-030,,2025-05-20T15:16:56,2025-05-23T10:18:56
A-01362,ORG-002,medium,privilege_escalation,ASSET-ORG-002-005,CASE-00338,2025-04-03T03:24:43,2025-04-05T09:47:41
A-01363,ORG-002,medium,phishing,ASSET-ORG-002-021,,2025-06-12T02:27:36,2025-06-14T21:29:15
A-01364,ORG-002,high,malware,ASSET-ORG-002-034,,2025-02-14T12:14:47,2025-02-14T20:59:04
A-01365,ORG-002,low,data_exfil,ASSET-ORG-002-002,,2025-04-08T10:19:58,2025-04-14T07:32:32
A-01366,ORG-002,medium,data_exfil,ASSET-ORG-002-038,,2025-02-11T10:35:02,2025-02-14T01:28:30
A-01367,ORG-002,medium,phishing,ASSET-ORG-002-035,,2025-05-08T09:39:33,2025-05-10T00:14:29
A-01368,ORG-002,critical,lateral_movement,ASSET-ORG-002-017,,2025-02-02T19:42:09,2025-02-03T03:41:12
A-01369,ORG-002,medium,brute_force,ASSET-ORG-002-020,,2025-04-16T07:23:32,2025-04-18T23:20:45
A-01370,ORG-002,low,malware,ASSET-ORG-002-029,CASE-00257,2025-03-07T13:00:11,2025-03-10T06:41:20
A-01371,ORG-002,medium,privilege_escalation,ASSET-ORG-002-006,,2025-03-11T04:17:15,2025-03-12T10:59:20
A-01372,ORG-002,low,recon,ASSET-ORG-002-006,,2025-01-13T07:37:08,2025-01-16T07:15:15
A-01373,ORG-002,medium,malware,ASSET-ORG-002-022,,2025-06-15T17:37:38,2025-06-17T21:58:24
A-01374,ORG-002,medium,data_exfil,ASSET-ORG-002-038,CASE-00236,2025-05-26T04:41:40,2025-05-27T09:33:57
A-01375,ORG-002,low,privilege_escalation,ASSET-ORG-002-032,,2025-04-19T05:56:29,2025-04-24T00:37:15
A-01376,ORG-002,critical,brute_force,ASSET-ORG-002-002,,2025-05-10T01:10:06,2025-05-10T06:33:33
A-01377,ORG-002,low,privilege_escalation,ASSET-ORG-002-030,,2025-01-17T13:10:42,2025-01-20T08:42:18
A-01378,ORG-002,medium,malware,ASSET-ORG-002-038,,2025-01-27T08:44:07,2025-01-29T19:12:33
A-01379,ORG-002,high,brute_force,ASSET-ORG-002-035,CASE-00351,2025-06-09T15:33:52,2025-06-10T07:18:46
A-01380,ORG-002,high,privilege_escalation,ASSET-ORG-002-027,,2025-01-15T10:42:58,2025-01-16T04:22:55
A-01381,ORG-002,medium,privilege_escalation,ASSET-ORG-002-009,,2025-06-30T20:41:12,
A-01382,ORG-002,high,malware,ASSET-ORG-002-012,,2025-04-22T22:16:17,2025-04-23T10:08:10
A-01383,ORG-002,low,malware,ASSET-ORG-002-036,,2025-04-23T02:42:04,2025-04-28T10:13:39
A-01384,ORG-002,critical,data_exfil,ASSET-ORG-002-006,,2025-05-08T18:01:28,2025-05-08T23:03:28
A-01385,ORG-002,critical,privilege_escalation,ASSET-ORG-002-024,CASE-00310,2025-03-20T20:02:39,2025-03-21T02:58:38
A-01386,ORG-002,medium,privilege_escalation,ASSET-ORG-002-007,,2025-05-03T11:55:20,2025-05-04T13:08:55
A-01387,ORG-002,medium,phishing,ASSET-ORG-002-027,,2025-01-02T00:38:12,2025-01-04T14:43:06
A-01388,ORG-002,medium,privilege_escalation,ASSET-ORG-002-013,,2025-04-06T15:55:42,2025-04-09T07:48:02
A-01389,ORG-002,high,phishing,ASSET-ORG-002-026,,2025-04-25T17:11:18,2025-04-26T08:40:48
A-01390,ORG-002,medium,brute_force,ASSET-ORG-002-039,CASE-00219,2025-04-07T15:20:38,2025-04-08T15:26:58
A-01391,ORG-002,critical,brute_force,ASSET-ORG-002-009,,2025-04-22T23:13:31,2025-04-23T02:54:12
A-01392,ORG-002,high,lateral_movement,ASSET-ORG-002-003,,2025-02-14T19:51:55,2025-02-15T08:24:58
A-01393,ORG-002,medium,lateral_movement,ASSET-ORG-002-008,CASE-00188,2025-06-11T03:56:37,2025-06-12T04:56:44
A-01394,ORG-002,critical,brute_force,ASSET-ORG-002-021,,2025-03-21T19:59:23,2025-03-22T01:26:13
A-01395,ORG-002,high,lateral_movement,ASSET-ORG-002-010,,2025-02-10T03:40:17,2025-02-10T18:45:24
A-01396,ORG-002,high,phishing,ASSET-ORG-002-004,CASE-00188,2025-06-01T17:33:20,2025-06-02T16:43:56
A-01397,ORG-002,critical,privilege_escalation,ASSET-ORG-002-001,CASE-00259,2025-04-02T21:25:48,2025-04-03T04:15:01
A-01398,ORG-002,low,data_exfil,ASSET-ORG-002-018,,2025-02-01T03:47:23,2025-02-06T01:44:44
A-01399,ORG-002,medium,phishing,ASSET-ORG-002-008,CASE-00329,2025-02-21T23:27:34,2025-02-24T02:27:45
A-01400,ORG-002,high,malware,ASSET-ORG-002-037,,2025-06-21T19:30:25,2025-06-22T05:27:25
A-01401,ORG-002,high,lateral_movement,ASSET-ORG-002-036,CASE-00193,2025-03-23T12:03:56,2025-03-24T06:24:17
A-01402,ORG-002,medium,brute_force,ASSET-ORG-002-038,,2025-02-08T17:34:56,2025-02-11T15:22:24
A-01403,ORG-002,medium,phishing,ASSET-ORG-002-021,,2025-01-09T21:27:34,2025-01-11T21:56:13
A-01404,ORG-002,medium,lateral_movement,ASSET-ORG-002-005,,2025-01-21T00:54:41,2025-01-23T18:03:54
A-01405,ORG-002,high,data_exfil,ASSET-ORG-002-035,CASE-00199,2025-05-24T10:11:49,2025-05-24T19:31:07
A-01406,ORG-002,critical,recon,ASSET-ORG-002-027,CASE-00253,2025-01-24T08:32:00,2025-01-24T13:05:08
A-01407,ORG-002,critical,phishing,ASSET-ORG-002-040,,2025-01-24T01:33:02,2025-01-24T04:24:06
A-01408,ORG-002,medium,privilege_escalation,ASSET-ORG-002-016,,2025-01-09T13:50:58,2025-01-12T00:30:41
A-01409,ORG-002,low,malware,ASSET-ORG-002-006,CASE-00293,2025-04-08T19:24:51,2025-04-14T08:18:07
A-01410,ORG-002,medium,recon,ASSET-ORG-002-011,,2025-01-06T05:21:36,2025-01-07T12:27:37
A-01411,ORG-002,medium,phishing,ASSET-ORG-002-012,,2025-06-09T16:15:40,2025-06-11T03:41:24
A-01412,ORG-002,high,lateral_movement,ASSET-ORG-002-029,CASE-00263,2025-02-13T19:29:22,2025-02-14T14:45:05
A-01413,ORG-002,medium,phishing,ASSET-ORG-002-005,,2025-06-11T20:56:57,2025-06-13T08:31:55
A-01414,ORG-002,low,malware,ASSET-ORG-002-006,,2025-05-29T10:26:38,2025-06-01T09:23:11
A-01415,ORG-002,high,recon,ASSET-ORG-002-036,,2025-06-21T14:56:23,2025-06-22T11:16:00
A-01416,ORG-002,medium,data_exfil,ASSET-ORG-002-028,,2025-02-03T10:12:26,2025-02-06T06:41:42
A-01417,ORG-002,high,recon,ASSET-ORG-002-014,,2025-06-29T20:27:57,2025-06-30T17:49:02
A-01418,ORG-002,critical,recon,ASSET-ORG-002-008,,2025-06-04T16:26:00,2025-06-04T19:35:14
A-01419,ORG-002,low,malware,ASSET-ORG-002-036,,2025-04-04T01:48:03,2025-04-08T11:16:10
A-01420,ORG-002,medium,phishing,ASSET-ORG-002-004,,2025-04-11T13:50:33,2025-04-13T02:56:04
A-01421,ORG-002,medium,malware,ASSET-ORG-002-016,,2025-04-15T15:56:07,2025-04-18T08:09:03
A-01422,ORG-002,low,malware,ASSET-ORG-002-028,,2025-04-06T05:56:04,2025-04-09T11:50:00
A-01423,ORG-002,high,lateral_movement,ASSET-ORG-002-035,,2025-01-16T13:33:29,2025-01-17T10:59:17
A-01424,ORG-002,medium,lateral_movement,ASSET-ORG-002-002,,2025-06-17T13:20:21,2025-06-18T15:32:56
A-01425,ORG-002,high,recon,ASSET-ORG-002-024,CASE-00213,2025-01-12T02:47:34,2025-01-13T01:07:41
A-01426,ORG-002,medium,brute_force,ASSET-ORG-002-019,,2025-02-20T15:26:06,2025-02-22T03:01:58
A-01427,ORG-002,high,privilege_escalation,ASSET-ORG-002-005,,2025-01-30T05:44:27,2025-01-30T16:56:23
A-01428,ORG-002,high,malware,ASSET-ORG-002-039,,2025-01-10T11:40:19,2025-01-10T19:43:22
A-01429,ORG-002,critical,data_exfil,ASSET-ORG-002-037,,2025-01-24T20:57:10,2025-01-25T01:05:56
A-01430,ORG-002,low,brute_force,ASSET-ORG-002-004,,2025-03-13T02:39:55,2025-03-16T23:49:50
A-01431,ORG-002,high,malware,ASSET-ORG-002-036,,2025-05-19T16:49:25,2025-05-20T01:32:25
A-01432,ORG-002,medium,privilege_escalation,ASSET-ORG-002-002,,2025-05-30T23:29:19,2025-06-02T20:57:21
A-01433,ORG-002,low,privilege_escalation,ASSET-ORG-002-026,,2025-02-19T02:12:13,2025-02-24T07:10:58
A-01434,ORG-002,low,phishing,ASSET-ORG-002-036,,2025-04-02T23:19:50,2025-04-07T23:55:19
A-01435,ORG-002,high,privilege_escalation,ASSET-ORG-002-013,CASE-00237,2025-04-13T14:09:20,2025-04-14T09:56:50
A-01436,ORG-002,medium,recon,ASSET-ORG-002-037,,2025-05-06T06:47:06,2025-05-08T05:10:34
A-01437,ORG-002,medium,recon,ASSET-ORG-002-028,CASE-00372,2025-02-11T12:43:35,2025-02-12T20:18:22
A-01438,ORG-002,high,lateral_movement,ASSET-ORG-002-025,,2025-01-31T10:08:40,2025-02-01T00:36:04
A-01439,ORG-002,low,phishing,ASSET-ORG-002-026,,2025-06-03T03:25:02,2025-06-06T12:46:45
A-01440,ORG-002,medium,phishing,ASSET-ORG-002-019,,2025-02-07T05:15:23,2025-02-08T06:57:01
A-01441,ORG-002,medium,privilege_escalation,ASSET-ORG-002-034,,2025-04-09T02:28:43,2025-04-10T04:06:59
A-01442,ORG-002,critical,brute_force,ASSET-ORG-002-022,,2025-05-21T21:03:00,2025-05-22T00:16:19
A-01443,ORG-002,high,brute_force,ASSET-ORG-002-004,CASE-00364,2025-06-15T15:06:24,2025-06-16T04:24:39
A-01444,ORG-002,medium,data_exfil,ASSET-ORG-002-015,,2025-06-06T15:31:03,2025-06-08T01:48:54
A-01445,ORG-002,medium,recon,ASSET-ORG-002-004,,2025-04-28T18:17:31,2025-04-30T08:45:17
A-01446,ORG-002,high,phishing,ASSET-ORG-002-003,,2025-06-21T08:12:06,2025-06-21T23:36:16
A-01447,ORG-002,critical,recon,ASSET-ORG-002-027,,2025-06-01T05:59:57,2025-06-01T13:01:42
A-01448,ORG-002,high,malware,ASSET-ORG-002-002,CASE-00235,2025-04-24T19:22:43,2025-04-25T05:19:18
A-01449,ORG-002,high,data_exfil,ASSET-ORG-002-032,CASE-00364,2025-02-21T05:48:11,2025-02-22T03:04:43
A-01450,ORG-002,medium,brute_force,ASSET-ORG-002-009,,2025-06-22T00:31:06,2025-06-23T04:44:15
A-01451,ORG-002,critical,brute_force,ASSET-ORG-002-015,,2025-02-14T22:10:00,2025-02-15T03:46:48
A-01452,ORG-002,medium,data_exfil,ASSET-ORG-002-013,CASE-00223,2025-02-03T03:03:24,2025-02-04T14:32:18
A-01453,ORG-002,medium,malware,ASSET-ORG-002-016,,2025-03-29T15:10:22,2025-03-31T11:11:56
A-01454,ORG-002,low,brute_force,ASSET-ORG-002-009,,2025-04-11T21:53:07,2025-04-17T03:57:40
A-01455,ORG-002,high,data_exfil,ASSET-ORG-002-028,,2025-03-26T12:58:37,2025-03-27T11:22:18
A-01456,ORG-002,low,phishing,ASSET-ORG-002-004,,2025-04-12T00:34:16,2025-04-15T06:09:41
A-01457,ORG-002,medium,malware,ASSET-ORG-002-021,CASE-00227,2025-05-25T16:42:12,2025-05-27T08:12:10
A-01458,ORG-002,medium,recon,ASSET-ORG-002-036,,2025-02-05T14:43:26,2025-02-07T22:29:23
A-01459,ORG-002,critical,phishing,ASSET-ORG-002-034,,2025-06-11T10:33:55,2025-06-11T14:57:58
A-01460,ORG-002,high,phishing,ASSET-ORG-002-031,,2025-06-17T13:05:47,2025-06-18T09:14:26
A-01461,ORG-002,high,phishing,ASSET-ORG-002-015,,2025-05-06T06:32:58,2025-05-06T21:21:48
A-01462,ORG-002,critical,brute_force,ASSET-ORG-002-037,,2025-04-23T18:55:38,2025-04-23T21:31:02
A-01463,ORG-002,medium,data_exfil,ASSET-ORG-002-017,CASE-00192,2025-04-24T04:30:24,2025-04-25T16:33:55
A-01464,ORG-002,medium,privilege_escalation,ASSET-ORG-002-025,,2025-06-18T20:32:11,2025-06-21T20:21:39
A-01465,ORG-002,medium,privilege_escalation,ASSET-ORG-002-030,,2025-01-18T09:49:15,2025-01-20T23:50:49
A-01466,ORG-002,high,brute_force,ASSET-ORG-002-037,,2025-01-20T23:45:13,2025-01-21T13:06:47
A-01467,ORG-002,high,phishing,ASSET-ORG-002-028,CASE-00245,2025-03-20T11:45:54,2025-03-21T06:01:50
A-01468,ORG-002,critical,privilege_escalation,ASSET-ORG-002-027,,2025-06-23T03:11:31,2025-06-23T05:28:11
A-01469,ORG-002,low,phishing,ASSET-ORG-002-034,,2025-04-28T19:34:18,2025-05-02T03:40:09
A-01470,ORG-002,critical,recon,ASSET-ORG-002-002,,2025-06-12T07:54:30,2025-06-12T12:29:59
A-01471,ORG-002,low,malware,ASSET-ORG-002-010,,2025-06-25T04:46:58,2025-06-30T15:15:05
A-01472,ORG-002,medium,recon,ASSET-ORG-002-010,CASE-00339,2025-03-26T07:15:54,2025-03-28T02:38:14
A-01473,ORG-002,low,phishing,ASSET-ORG-002-001,,2025-04-20T02:09:00,2025-04-25T00:20:09
A-01474,ORG-002,low,privilege_escalation,ASSET-ORG-002-013,CASE-00363,2025-06-06T17:58:33,2025-06-11T22:56:41
A-01475,ORG-002,high,phishing,ASSET-ORG-002-016,,2025-04-25T02:28:00,2025-04-26T00:57:45
A-01476,ORG-002,high,data_exfil,ASSET-ORG-002-025,CASE-00319,2025-01-13T03:45:36,2025-01-13T12:45:50
A-01477,ORG-002,high,privilege_escalation,ASSET-ORG-002-002,,2025-01-10T07:18:19,2025-01-10T16:30:38
A-01478,ORG-002,high,data_exfil,ASSET-ORG-002-027,,2025-05-31T05:29:25,2025-05-31T16:42:57
A-01479,ORG-002,low,lateral_movement,ASSET-ORG-002-027,,2025-05-02T17:55:39,2025-05-05T14:50:51
A-01480,ORG-002,high,brute_force,ASSET-ORG-002-026,,2025-02-01T12:25:48,2025-02-01T21:29:21
A-01481,ORG-002,medium,malware,ASSET-ORG-002-032,,2025-05-21T18:41:23,2025-05-24T16:13:45
A-01482,ORG-002,low,phishing,ASSET-ORG-002-037,,2025-05-16T18:52:56,2025-05-22T10:31:31
A-01483,ORG-002,high,phishing,ASSET-ORG-002-013,,2025-02-09T08:29:38,2025-02-10T00:45:22
A-01484,ORG-002,high,malware,ASSET-ORG-002-030,,2025-01-03T01:35:32,2025-01-03T13:19:21
A-01485,ORG-002,high,recon,ASSET-ORG-002-021,,2025-01-26T16:49:29,2025-01-27T09:20:22
A-01486,ORG-002,medium,brute_force,ASSET-ORG-002-017,,2025-04-26T01:30:23,2025-04-27T05:05:16
A-01487,ORG-002,medium,privilege_escalation,ASSET-ORG-002-007,,2025-03-25T17:21:00,2025-03-27T13:24:12
A-01488,ORG-002,high,recon,ASSET-ORG-002-007,,2025-06-30T03:19:14,2025-06-30T13:54:05
A-01489,ORG-002,medium,phishing,ASSET-ORG-002-005,,2025-01-03T17:18:27,2025-01-05T05:03:57
A-01490,ORG-002,high,data_exfil,ASSET-ORG-002-011,CASE-00237,2025-04-22T04:08:08,2025-04-22T22:04:38
A-01491,ORG-002,low,recon,ASSET-ORG-002-016,,2025-06-20T05:27:10,2025-06-22T22:11:55
A-01492,ORG-002,low,data_exfil,ASSET-ORG-002-002,CASE-00362,2025-03-07T17:23:25,2025-03-11T02:43:38
A-01493,ORG-002,medium,data_exfil,ASSET-ORG-002-026,,2025-05-13T04:30:11,2025-05-14T13:10:04
A-01494,ORG-002,medium,phishing,ASSET-ORG-002-001,,2025-03-12T21:25:31,2025-03-13T21:35:21
A-01495,ORG-002,medium,malware,ASSET-ORG-002-026,,2025-05-12T19:11:27,2025-05-14T21:50:42
A-01496,ORG-002,critical,malware,ASSET-ORG-002-034,,2025-05-07T11:17:09,2025-05-07T14:52:17
A-01497,ORG-002,critical,recon,ASSET-ORG-002-035,,2025-05-31T00:26:28,2025-05-31T04:53:06
A-01498,ORG-002,critical,malware,ASSET-ORG-002-022,,2025-06-05T00:44:39,2025-06-05T03:03:10
A-01499,ORG-002,high,lateral_movement,ASSET-ORG-002-039,CASE-00326,2025-05-20T04:18:07,2025-05-21T00:53:19
A-01500,ORG-002,medium,lateral_movement,ASSET-ORG-002-005,,2025-05-06T16:30:01,2025-05-07T22:37:04
A-01501,ORG-002,low,lateral_movement,ASSET-ORG-002-029,,2025-01-18T19:11:35,2025-01-22T23:10:33
A-01502,ORG-002,high,data_exfil,ASSET-ORG-002-031,CASE-00327,2025-02-08T01:22:25,2025-02-08T19:11:26
A-01503,ORG-002,critical,lateral_movement,ASSET-ORG-002-030,,2025-04-07T02:23:34,2025-04-07T09:56:56
A-01504,ORG-002,medium,data_exfil,ASSET-ORG-002-033,CASE-00347,2025-04-07T13:14:29,2025-04-09T00:26:56
A-01505,ORG-002,medium,data_exfil,ASSET-ORG-002-003,CASE-00320,2025-06-03T12:07:39,2025-06-06T10:58:17
A-01506,ORG-002,medium,brute_force,ASSET-ORG-002-004,,2025-05-16T01:16:21,2025-05-17T20:53:03
A-01507,ORG-002,low,privilege_escalation,ASSET-ORG-002-025,,2025-03-15T23:18:19,2025-03-21T17:31:55
A-01508,ORG-002,critical,lateral_movement,ASSET-ORG-002-022,CASE-00326,2025-06-15T12:51:07,2025-06-15T18:15:39
A-01509,ORG-002,medium,brute_force,ASSET-ORG-002-012,,2025-05-04T22:41:57,2025-05-06T16:39:28
A-01510,ORG-002,high,privilege_escalation,ASSET-ORG-002-015,,2025-06-18T05:12:50,2025-06-18T16:45:21
A-01511,ORG-003,critical,recon,ASSET-ORG-003-026,,2025-01-18T18:26:17,2025-01-18T18:33:48
A-01512,ORG-003,high,privilege_escalation,ASSET-ORG-003-038,,2025-02-22T12:13:49,2025-02-22T12:17:13
A-01513,ORG-003,critical,lateral_movement,ASSET-ORG-003-026,,2025-04-23T08:27:09,2025-04-23T08:34:52
A-01514,ORG-003,high,recon,ASSET-ORG-003-023,,2025-02-14T12:47:20,2025-02-14T12:50:20
A-01515,ORG-003,high,brute_force,ASSET-ORG-003-028,,2025-01-09T13:09:13,2025-01-09T13:15:26
A-01516,ORG-003,medium,privilege_escalation,ASSET-ORG-003-036,CASE-00450,2025-04-19T09:20:34,2025-04-21T01:39:48
A-01517,ORG-003,low,lateral_movement,ASSET-ORG-003-026,,2025-02-05T06:54:03,2025-02-09T01:33:00
A-01518,ORG-003,high,brute_force,ASSET-ORG-003-028,,2025-01-05T23:24:09,2025-01-05T23:28:25
A-01519,ORG-003,critical,brute_force,ASSET-ORG-003-007,CASE-00380,2025-03-16T22:35:18,2025-03-16T22:38:30
A-01520,ORG-003,medium,malware,ASSET-ORG-003-033,,2025-04-22T10:25:46,2025-04-24T02:35:42
A-01521,ORG-003,critical,brute_force,ASSET-ORG-003-026,,2025-04-04T02:44:31,2025-04-04T02:47:48
A-01522,ORG-003,medium,data_exfil,ASSET-ORG-003-002,,2025-05-02T00:30:16,2025-05-03T05:07:18
A-01523,ORG-003,high,lateral_movement,ASSET-ORG-003-011,,2025-06-09T08:57:54,2025-06-09T09:01:38
A-01524,ORG-003,high,malware,ASSET-ORG-003-022,CASE-00562,2025-02-06T05:31:39,2025-02-06T05:35:46
A-01525,ORG-003,critical,phishing,ASSET-ORG-003-024,,2025-06-26T00:15:56,2025-06-26T00:20:18
A-01526,ORG-003,medium,data_exfil,ASSET-ORG-003-021,,2025-05-07T06:33:04,2025-05-08T08:50:58
A-01527,ORG-003,high,privilege_escalation,ASSET-ORG-003-037,,2025-03-22T20:31:19,2025-03-22T20:36:44
A-01528,ORG-003,low,lateral_movement,ASSET-ORG-003-005,,2025-05-30T23:38:39,2025-06-05T02:45:40
A-01529,ORG-003,medium,lateral_movement,ASSET-ORG-003-001,,2025-06-18T05:14:41,2025-06-20T10:25:23
A-01530,ORG-003,medium,malware,ASSET-ORG-003-015,,2025-06-13T01:26:49,2025-06-15T01:13:05
A-01531,ORG-003,medium,privilege_escalation,ASSET-ORG-003-016,,2025-05-16T17:01:13,2025-05-19T11:23:00
A-01532,ORG-003,high,privilege_escalation,ASSET-ORG-003-006,,2025-03-05T13:27:09,2025-03-05T13:32:03
A-01533,ORG-003,critical,malware,ASSET-ORG-003-009,,2025-05-21T06:32:31,2025-05-21T06:39:37
A-01534,ORG-003,high,brute_force,ASSET-ORG-003-016,,2025-05-16T08:12:46,2025-05-16T08:18:01
A-01535,ORG-003,high,lateral_movement,ASSET-ORG-003-004,,2025-02-14T02:13:09,2025-02-14T02:20:14
A-01536,ORG-003,high,brute_force,ASSET-ORG-003-016,,2025-03-21T18:25:05,2025-03-21T18:32:36
A-01537,ORG-003,critical,recon,ASSET-ORG-003-037,,2025-02-28T11:22:49,2025-02-28T11:25:58
A-01538,ORG-003,critical,data_exfil,ASSET-ORG-003-025,,2025-05-13T12:15:13,2025-05-13T12:19:33
A-01539,ORG-003,high,data_exfil,ASSET-ORG-003-027,,2025-01-10T17:01:40,2025-01-10T17:06:27
A-01540,ORG-003,high,privilege_escalation,ASSET-ORG-003-024,CASE-00457,2025-04-06T03:42:07,2025-04-06T03:47:53
A-01541,ORG-003,medium,brute_force,ASSET-ORG-003-021,,2025-02-12T20:41:19,2025-02-14T10:41:26
A-01542,ORG-003,high,privilege_escalation,ASSET-ORG-003-026,,2025-06-20T01:55:22,2025-06-20T02:00:37
A-01543,ORG-003,high,brute_force,ASSET-ORG-003-004,CASE-00485,2025-01-22T01:10:28,2025-01-22T01:15:51
A-01544,ORG-003,low,malware,ASSET-ORG-003-028,,2025-02-01T02:53:06,2025-02-04T06:04:50
A-01545,ORG-003,low,data_exfil,ASSET-ORG-003-031,,2025-03-02T07:34:36,2025-03-06T18:00:39
A-01546,ORG-003,medium,malware,ASSET-ORG-003-006,CASE-00449,2025-03-14T08:01:08,2025-03-16T20:40:20
A-01547,ORG-003,critical,data_exfil,ASSET-ORG-003-038,CASE-00515,2025-04-11T05:59:39,2025-04-11T06:05:01
A-01548,ORG-003,critical,malware,ASSET-ORG-003-012,,2025-04-23T04:55:39,2025-04-23T05:02:43
A-01549,ORG-003,low,privilege_escalation,ASSET-ORG-003-018,,2025-03-28T15:02:53,2025-03-31T10:41:44
A-01550,ORG-003,high,phishing,ASSET-ORG-003-028,,2025-01-15T18:50:12,2025-01-15T18:53:27
A-01551,ORG-003,high,lateral_movement,ASSET-ORG-003-031,CASE-00513,2025-03-08T10:32:09,2025-03-08T10:36:05
A-01552,ORG-003,low,recon,ASSET-ORG-003-004,,2025-03-31T13:22:03,2025-04-05T22:03:54
A-01553,ORG-003,critical,phishing,ASSET-ORG-003-008,,2025-05-11T10:34:40,2025-05-11T10:41:25
A-01554,ORG-003,high,privilege_escalation,ASSET-ORG-003-018,,2025-01-10T03:43:50,2025-01-10T03:46:06
A-01555,ORG-003,high,lateral_movement,ASSET-ORG-003-030,,2025-03-07T17:42:25,2025-03-07T17:45:39
A-01556,ORG-003,low,phishing,ASSET-ORG-003-029,CASE-00413,2025-02-25T10:22:04,2025-03-02T16:36:46
A-01557,ORG-003,low,data_exfil,ASSET-ORG-003-029,,2025-06-24T23:45:30,2025-06-29T09:44:32
A-01558,ORG-003,medium,lateral_movement,ASSET-ORG-003-011,CASE-00453,2025-04-06T00:14:03,2025-04-07T12:35:34
A-01559,ORG-003,low,brute_force,ASSET-ORG-003-001,,2025-05-08T04:46:35,2025-05-13T11:50:31
A-01560,ORG-003,medium,phishing,ASSET-ORG-003-003,CASE-00462,2025-03-17T01:44:49,2025-03-19T22:05:03
A-01561,ORG-003,high,recon,ASSET-ORG-003-033,,2025-06-11T02:53:06,2025-06-11T02:56:20
A-01562,ORG-003,high,brute_force,ASSET-ORG-003-001,,2025-01-07T22:40:18,2025-01-07T22:48:16
A-01563,ORG-003,medium,data_exfil,ASSET-ORG-003-029,,2025-04-03T01:47:43,2025-04-05T14:34:46
A-01564,ORG-003,medium,brute_force,ASSET-ORG-003-017,,2025-02-20T20:29:04,2025-02-23T03:36:49
A-01565,ORG-003,medium,data_exfil,ASSET-ORG-003-036,,2025-01-21T19:22:11,2025-01-22T20:30:12
A-01566,ORG-003,high,recon,ASSET-ORG-003-033,CASE-00515,2025-05-09T08:48:42,2025-05-09T08:52:52
A-01567,ORG-003,medium,data_exfil,ASSET-ORG-003-038,,2025-04-13T11:13:52,2025-04-16T00:41:43
A-01568,ORG-003,high,lateral_movement,ASSET-ORG-003-009,,2025-06-12T15:04:53,2025-06-12T15:10:58
A-01569,ORG-003,medium,data_exfil,ASSET-ORG-003-017,,2025-02-03T23:41:48,2025-02-05T19:11:50
A-01570,ORG-003,high,privilege_escalation,ASSET-ORG-003-007,,2025-01-30T07:28:05,2025-01-30T07:31:02
A-01571,ORG-003,high,privilege_escalation,ASSET-ORG-003-011,,2025-06-21T04:23:01,2025-06-21T04:29:51
A-01572,ORG-003,critical,malware,ASSET-ORG-003-003,,2025-06-08T11:50:04,2025-06-08T11:53:03
A-01573,ORG-003,high,malware,ASSET-ORG-003-002,,2025-04-09T15:05:36,2025-04-09T15:12:59
A-01574,ORG-003,medium,lateral_movement,ASSET-ORG-003-025,,2025-01-24T15:10:32,2025-01-25T15:59:29
A-01575,ORG-003,low,phishing,ASSET-ORG-003-036,CASE-00393,2025-02-26T04:31:45,2025-03-02T03:02:03
A-01576,ORG-003,high,privilege_escalation,ASSET-ORG-003-036,,2025-05-05T13:40:27,2025-05-05T13:43:37
A-01577,ORG-003,medium,malware,ASSET-ORG-003-030,CASE-00428,2025-06-12T04:47:06,2025-06-14T10:13:24
A-01578,ORG-003,low,lateral_movement,ASSET-ORG-003-038,CASE-00449,2025-03-15T15:09:02,2025-03-20T06:52:16
A-01579,ORG-003,low,malware,ASSET-ORG-003-028,,2025-03-26T01:13:51,2025-03-30T10:01:08
A-01580,ORG-003,high,malware,ASSET-ORG-003-006,,2025-05-17T17:14:56,2025-05-17T17:18:51
A-01581,ORG-003,high,privilege_escalation,ASSET-ORG-003-038,,2025-02-22T04:59:58,2025-02-22T05:07:14
A-01582,ORG-003,medium,data_exfil,ASSET-ORG-003-027,CASE-00521,2025-04-17T10:57:33,2025-04-19T01:41:25
A-01583,ORG-003,critical,recon,ASSET-ORG-003-030,,2025-06-02T09:57:12,2025-06-02T09:59:19
A-01584,ORG-003,medium,lateral_movement,ASSET-ORG-003-037,,2025-01-23T23:22:47,2025-01-26T09:47:04
A-01585,ORG-003,high,recon,ASSET-ORG-003-028,,2025-02-05T01:42:14,2025-02-05T01:47:19
A-01586,ORG-003,high,lateral_movement,ASSET-ORG-003-016,,2025-01-25T13:33:08,2025-01-25T13:35:19
A-01587,ORG-003,medium,brute_force,ASSET-ORG-003-030,,2025-06-14T21:53:08,2025-06-17T19:50:16
A-01588,ORG-003,medium,recon,ASSET-ORG-003-024,CASE-00379,2025-01-28T00:43:11,2025-01-29T06:01:25
A-01589,ORG-003,high,lateral_movement,ASSET-ORG-003-006,CASE-00502,2025-05-11T06:55:11,2025-05-11T06:58:21
A-01590,ORG-003,critical,lateral_movement,ASSET-ORG-003-036,CASE-00397,2025-01-29T02:08:01,2025-01-29T02:12:24
A-01591,ORG-003,low,brute_force,ASSET-ORG-003-033,CASE-00532,2025-04-25T02:34:37,2025-04-27T13:25:09
A-01592,ORG-003,critical,privilege_escalation,ASSET-ORG-003-036,,2025-03-09T07:19:35,2025-03-09T07:27:23
A-01593,ORG-003,high,privilege_escalation,ASSET-ORG-003-033,,2025-01-25T13:09:19,2025-01-25T13:11:20
A-01594,ORG-003,high,privilege_escalation,ASSET-ORG-003-001,,2025-05-18T22:16:07,2025-05-18T22:23:01
A-01595,ORG-003,high,malware,ASSET-ORG-003-030,,2025-02-03T08:04:23,2025-02-03T08:08:11
A-01596,ORG-003,low,recon,ASSET-ORG-003-011,,2025-06-28T13:22:41,
A-01597,ORG-003,medium,privilege_escalation,ASSET-ORG-003-034,,2025-02-05T11:45:41,2025-02-06T23:28:44
A-01598,ORG-003,high,recon,ASSET-ORG-003-024,,2025-01-02T05:06:47,2025-01-02T05:12:53
A-01599,ORG-003,high,malware,ASSET-ORG-003-012,CASE-00525,2025-06-13T20:34:54,2025-06-13T20:40:51
A-01600,ORG-003,critical,phishing,ASSET-ORG-003-028,,2025-01-16T16:53:07,2025-01-16T16:55:29
A-01601,ORG-003,medium,malware,ASSET-ORG-003-037,,2025-01-27T10:34:17,2025-01-29T01:06:23
A-01602,ORG-003,high,lateral_movement,ASSET-ORG-003-006,CASE-00501,2025-06-20T08:18:42,2025-06-20T08:25:00
A-01603,ORG-003,medium,phishing,ASSET-ORG-003-010,,2025-06-04T20:22:50,2025-06-07T13:42:13
A-01604,ORG-003,high,recon,ASSET-ORG-003-017,,2025-02-24T04:22:02,2025-02-24T04:28:03
A-01605,ORG-003,low,privilege_escalation,ASSET-ORG-003-033,,2025-06-29T18:03:12,
A-01606,ORG-003,medium,malware,ASSET-ORG-003-014,CASE-00457,2025-06-25T02:12:37,2025-06-26T07:21:36
A-01607,ORG-003,high,lateral_movement,ASSET-ORG-003-012,,2025-01-14T08:15:42,2025-01-14T08:21:41
A-01608,ORG-003,medium,brute_force,ASSET-ORG-003-029,,2025-02-19T17:12:10,2025-02-22T07:21:38
A-01609,ORG-003,low,data_exfil,ASSET-ORG-003-003,CASE-00447,2025-05-25T17:29:54,2025-05-30T08:00:53
A-01610,ORG-003,low,recon,ASSET-ORG-003-013,,2025-04-17T05:57:42,2025-04-21T02:10:56
A-01611,ORG-003,high,privilege_escalation,ASSET-ORG-003-020,,2025-03-20T19:35:40,2025-03-20T19:38:50
A-01612,ORG-003,low,lateral_movement,ASSET-ORG-003-004,CASE-00491,2025-03-18T09:43:10,2025-03-22T14:09:49
A-01613,ORG-003,critical,privilege_escalation,ASSET-ORG-003-001,CASE-00522,2025-04-26T08:33:04,2025-04-26T08:35:21
A-01614,ORG-003,critical,data_exfil,ASSET-ORG-003-020,,2025-05-22T20:56:07,2025-05-22T20:58:21
A-01615,ORG-003,critical,malware,ASSET-ORG-003-007,,2025-03-31T20:20:13,2025-03-31T20:26:32
A-01616,ORG-003,critical,brute_force,ASSET-ORG-003-019,,2025-05-17T17:37:17,2025-05-17T17:43:04
A-01617,ORG-003,critical,malware,ASSET-ORG-003-026,,2025-05-20T05:51:59,2025-05-20T05:59:16
A-01618,ORG-003,low,lateral_movement,ASSET-ORG-003-006,,2025-05-13T13:05:25,2025-05-16T14:53:10
A-01619,ORG-003,medium,phishing,ASSET-ORG-003-029,,2025-06-24T23:30:33,2025-06-26T22:21:19
A-01620,ORG-003,medium,malware,ASSET-ORG-003-006,,2025-03-04T01:00:47,2025-03-05T09:05:43
A-01621,ORG-003,high,recon,ASSET-ORG-003-022,,2025-01-07T05:05:13,2025-01-07T05:10:57
A-01622,ORG-003,medium,lateral_movement,ASSET-ORG-003-013,,2025-06-13T23:46:15,2025-06-15T09:10:27
A-01623,ORG-003,medium,phishing,ASSET-ORG-003-005,,2025-01-10T08:22:10,2025-01-11T09:04:38
A-01624,ORG-003,medium,phishing,ASSET-ORG-003-020,,2025-05-31T01:47:41,2025-06-01T02:41:00
A-01625,ORG-003,low,data_exfil,ASSET-ORG-003-003,,2025-04-09T08:22:42,2025-04-15T01:26:43
A-01626,ORG-003,low,phishing,ASSET-ORG-003-022,,2025-06-20T23:25:40,2025-06-26T17:02:53
A-01627,ORG-003,medium,brute_force,ASSET-ORG-003-010,CASE-00473,2025-01-09T20:59:56,2025-01-11T23:18:40
A-01628,ORG-003,medium,data_exfil,ASSET-ORG-003-037,,2025-03-25T04:49:46,2025-03-27T20:41:49
A-01629,ORG-003,low,data_exfil,ASSET-ORG-003-033,,2025-02-21T20:34:14,2025-02-24T14:49:10
A-01630,ORG-003,medium,recon,ASSET-ORG-003-019,,2025-03-01T13:35:24,2025-03-04T07:54:03
A-01631,ORG-003,medium,privilege_escalation,ASSET-ORG-003-011,,2025-03-06T21:21:54,2025-03-08T21:15:21
A-01632,ORG-003,high,phishing,ASSET-ORG-003-026,CASE-00475,2025-02-05T15:50:50,2025-02-05T15:55:16
A-01633,ORG-003,medium,phishing,ASSET-ORG-003-015,,2025-06-03T06:17:47,2025-06-04T22:24:45
A-01634,ORG-003,medium,data_exfil,ASSET-ORG-003-003,,2025-03-11T03:52:12,2025-03-12T21:39:29
A-01635,ORG-003,low,malware,ASSET-ORG-003-006,CASE-00416,2025-03-16T13:41:28,2025-03-20T22:51:54
A-01636,ORG-003,high,data_exfil,ASSET-ORG-003-022,,2025-05-27T10:59:58,2025-05-27T11:06:46
A-01637,ORG-003,low,privilege_escalation,ASSET-ORG-003-012,,2025-01-18T00:50:12,2025-01-21T01:44:21
A-01638,ORG-003,high,privilege_escalation,ASSET-ORG-003-012,CASE-00439,2025-06-04T19:52:17,2025-06-04T19:54:21
A-01639,ORG-003,medium,malware,ASSET-ORG-003-017,,2025-03-31T16:48:49,2025-04-03T02:33:17
A-01640,ORG-003,critical,data_exfil,ASSET-ORG-003-008,,2025-01-18T15:19:03,2025-01-18T15:23:59
A-01641,ORG-003,critical,phishing,ASSET-ORG-003-028,,2025-05-17T00:12:45,2025-05-17T00:16:11
A-01642,ORG-003,medium,data_exfil,ASSET-ORG-003-001,,2025-05-14T06:50:04,2025-05-16T09:29:19
A-01643,ORG-003,high,recon,ASSET-ORG-003-006,,2025-05-22T19:35:04,2025-05-22T19:42:05
A-01644,ORG-003,low,phishing,ASSET-ORG-003-007,,2025-03-16T02:56:34,2025-03-21T11:55:04
A-01645,ORG-003,medium,recon,ASSET-ORG-003-014,,2025-01-14T01:01:44,2025-01-16T16:53:44
A-01646,ORG-003,critical,recon,ASSET-ORG-003-031,,2025-06-24T14:38:39,2025-06-24T14:42:07
A-01647,ORG-003,high,malware,ASSET-ORG-003-007,,2025-04-10T19:00:40,2025-04-10T19:03:50
A-01648,ORG-003,medium,lateral_movement,ASSET-ORG-003-015,,2025-01-27T06:24:18,2025-01-28T17:43:38
A-01649,ORG-003,medium,lateral_movement,ASSET-ORG-003-034,,2025-05-26T04:52:23,2025-05-27T12:51:41
A-01650,ORG-003,medium,lateral_movement,ASSET-ORG-003-001,CASE-00410,2025-01-25T18:34:08,2025-01-26T21:11:55
A-01651,ORG-003,high,privilege_escalation,ASSET-ORG-003-009,CASE-00490,2025-05-16T01:02:38,2025-05-16T01:05:30
A-01652,ORG-003,low,data_exfil,ASSET-ORG-003-017,CASE-00463,2025-03-18T20:54:04,2025-03-22T01:35:50
A-01653,ORG-003,high,brute_force,ASSET-ORG-003-026,CASE-00490,2025-06-25T08:43:12,2025-06-25T08:50:11
A-01654,ORG-003,low,lateral_movement,ASSET-ORG-003-005,CASE-00552,2025-04-02T04:51:03,2025-04-06T00:19:42
A-01655,ORG-003,critical,privilege_escalation,ASSET-ORG-003-002,,2025-02-21T04:47:39,2025-02-21T04:51:45
A-01656,ORG-003,critical,data_exfil,ASSET-ORG-003-026,,2025-02-01T11:55:04,2025-02-01T11:58:21
A-01657,ORG-003,high,malware,ASSET-ORG-003-033,CASE-00408,2025-01-11T20:24:21,2025-01-11T20:29:28
A-01658,ORG-003,high,data_exfil,ASSET-ORG-003-030,,2025-05-27T05:54:01,2025-05-27T05:56:21
A-01659,ORG-003,critical,recon,ASSET-ORG-003-026,,2025-03-12T07:16:44,2025-03-12T07:21:49
A-01660,ORG-003,low,lateral_movement,ASSET-ORG-003-020,,2025-04-28T09:54:57,2025-05-01T13:22:39
A-01661,ORG-003,high,brute_force,ASSET-ORG-003-025,,2025-02-02T11:33:25,2025-02-02T11:39:17
A-01662,ORG-003,high,privilege_escalation,ASSET-ORG-003-027,CASE-00415,2025-05-10T05:17:23,2025-05-10T05:20:33
A-01663,ORG-003,medium,brute_force,ASSET-ORG-003-018,,2025-05-11T18:45:57,2025-05-13T05:47:00
A-01664,ORG-003,medium,lateral_movement,ASSET-ORG-003-007,,2025-05-24T16:12:30,2025-05-27T13:33:26
A-01665,ORG-003,medium,privilege_escalation,ASSET-ORG-003-006,CASE-00439,2025-05-08T18:34:19,2025-05-11T14:19:11
A-01666,ORG-003,low,lateral_movement,ASSET-ORG-003-019,,2025-03-31T12:06:13,2025-04-03T15:17:16
A-01667,ORG-003,high,phishing,ASSET-ORG-003-015,,2025-02-17T16:13:05,2025-02-17T16:17:18
A-01668,ORG-003,high,malware,ASSET-ORG-003-024,CASE-00554,2025-06-14T17:32:54,2025-06-14T17:40:36
A-01669,ORG-003,medium,brute_force,ASSET-ORG-003-030,,2025-06-01T03:25:47,2025-06-03T07:51:29
A-01670,ORG-003,high,brute_force,ASSET-ORG-003-030,,2025-03-19T22:33:02,2025-03-19T22:40:02
A-01671,ORG-003,medium,lateral_movement,ASSET-ORG-003-022,,2025-02-08T17:07:25,2025-02-10T19:22:25
A-01672,ORG-003,medium,privilege_escalation,ASSET-ORG-003-018,,2025-03-18T07:38:26,2025-03-20T11:47:46
A-01673,ORG-003,medium,privilege_escalation,ASSET-ORG-003-005,,2025-03-25T16:10:36,2025-03-27T07:22:04
A-01674,ORG-003,high,brute_force,ASSET-ORG-003-002,CASE-00423,2025-04-14T23:32:51,2025-04-14T23:40:48
A-01675,ORG-003,low,brute_force,ASSET-ORG-003-033,,2025-01-17T23:57:29,2025-01-22T01:43:13
A-01676,ORG-003,high,brute_force,ASSET-ORG-003-029,,2025-02-05T06:53:40,2025-02-05T06:56:37
A-01677,ORG-003,low,phishing,ASSET-ORG-003-016,,2025-03-13T10:44:14,2025-03-19T00:26:38
A-01678,ORG-003,high,privilege_escalation,ASSET-ORG-003-019,,2025-01-11T05:18:58,2025-01-11T05:26:39
A-01679,ORG-003,high,phishing,ASSET-ORG-003-027,,2025-06-08T13:31:45,2025-06-08T13:34:44
A-01680,ORG-003,medium,malware,ASSET-ORG-003-029,,2025-04-21T00:24:48,2025-04-23T06:27:41
A-01681,ORG-003,critical,recon,ASSET-ORG-003-008,,2025-04-07T06:02:50,2025-04-07T06:09:21
A-01682,ORG-003,critical,lateral_movement,ASSET-ORG-003-036,CASE-00408,2025-03-28T17:27:57,2025-03-28T17:30:44
A-01683,ORG-003,high,privilege_escalation,ASSET-ORG-003-018,,2025-05-24T12:34:09,2025-05-24T12:37:39
A-01684,ORG-003,high,privilege_escalation,ASSET-ORG-003-032,,2025-01-10T10:32:10,2025-01-10T10:35:07
A-01685,ORG-003,low,lateral_movement,ASSET-ORG-003-002,CASE-00543,2025-05-15T06:37:41,2025-05-20T11:40:28
A-01686,ORG-003,critical,data_exfil,ASSET-ORG-003-026,,2025-05-13T10:12:14,2025-05-13T10:16:59
A-01687,ORG-003,low,lateral_movement,ASSET-ORG-003-003,CASE-00449,2025-06-29T14:48:51,
A-01688,ORG-003,medium,recon,ASSET-ORG-003-005,,2025-01-05T18:34:54,2025-01-07T21:20:28
A-01689,ORG-003,critical,phishing,ASSET-ORG-003-005,CASE-00552,2025-03-02T00:55:26,2025-03-02T00:59:01
A-01690,ORG-003,critical,malware,ASSET-ORG-003-020,,2025-02-14T00:32:28,2025-02-14T00:39:21
A-01691,ORG-003,medium,recon,ASSET-ORG-003-006,,2025-04-06T23:57:51,2025-04-08T11:56:28
A-01692,ORG-003,high,brute_force,ASSET-ORG-003-023,CASE-00428,2025-05-18T17:03:08,2025-05-18T17:06:26
A-01693,ORG-003,critical,lateral_movement,ASSET-ORG-003-012,,2025-04-22T18:33:11,2025-04-22T18:40:34
A-01694,ORG-003,medium,recon,ASSET-ORG-003-023,,2025-06-10T15:15:01,2025-06-12T06:46:32
A-01695,ORG-003,medium,privilege_escalation,ASSET-ORG-003-029,CASE-00416,2025-02-14T01:08:54,2025-02-16T22:00:01
A-01696,ORG-003,high,lateral_movement,ASSET-ORG-003-015,,2025-06-01T19:43:32,2025-06-01T19:48:33
A-01697,ORG-003,critical,malware,ASSET-ORG-003-036,,2025-03-31T03:37:46,2025-03-31T03:40:09
A-01698,ORG-003,low,privilege_escalation,ASSET-ORG-003-033,,2025-06-06T16:32:48,2025-06-09T15:36:52
A-01699,ORG-003,critical,data_exfil,ASSET-ORG-003-008,CASE-00387,2025-01-31T06:52:37,2025-01-31T06:57:59
A-01700,ORG-003,low,lateral_movement,ASSET-ORG-003-006,,2025-06-16T19:22:14,2025-06-21T19:10:05
A-01701,ORG-003,low,privilege_escalation,ASSET-ORG-003-026,,2025-04-03T21:51:41,2025-04-07T03:01:58
A-01702,ORG-003,high,lateral_movement,ASSET-ORG-003-010,,2025-01-28T12:03:50,2025-01-28T12:07:12
A-01703,ORG-003,medium,brute_force,ASSET-ORG-003-017,,2025-01-30T21:32:45,2025-02-01T22:44:54
A-01704,ORG-003,medium,privilege_escalation,ASSET-ORG-003-012,,2025-02-04T16:30:51,2025-02-06T18:16:21
A-01705,ORG-003,low,phishing,ASSET-ORG-003-031,,2025-06-17T20:49:49,2025-06-21T08:27:31
A-01706,ORG-003,high,malware,ASSET-ORG-003-016,,2025-01-02T05:25:13,2025-01-02T05:31:21
A-01707,ORG-003,high,malware,ASSET-ORG-003-036,,2025-03-04T21:45:27,2025-03-04T21:48:43
A-01708,ORG-003,medium,phishing,ASSET-ORG-003-037,CASE-00451,2025-06-10T19:33:39,2025-06-13T06:02:31
A-01709,ORG-003,high,brute_force,ASSET-ORG-003-037,,2025-01-15T02:54:23,2025-01-15T02:57:52
A-01710,ORG-003,high,lateral_movement,ASSET-ORG-003-018,,2025-01-14T23:38:29,2025-01-14T23:41:08
A-01711,ORG-003,high,malware,ASSET-ORG-003-037,,2025-05-11T04:52:27,2025-05-11T04:55:13
A-01712,ORG-003,medium,data_exfil,ASSET-ORG-003-036,,2025-04-07T10:33:43,2025-04-09T12:36:45
A-01713,ORG-003,medium,malware,ASSET-ORG-003-032,CASE-00418,2025-01-19T15:49:49,2025-01-21T01:43:48
A-01714,ORG-003,medium,data_exfil,ASSET-ORG-003-026,,2025-03-31T20:36:21,2025-04-03T11:20:36
A-01715,ORG-003,critical,data_exfil,ASSET-ORG-003-032,,2025-06-23T10:35:48,2025-06-23T10:41:55
A-01716,ORG-003,high,brute_force,ASSET-ORG-003-037,,2025-04-13T23:55:35,2025-04-14T00:02:08
A-01717,ORG-003,high,lateral_movement,ASSET-ORG-003-014,,2025-05-03T12:30:39,2025-05-03T12:38:29
A-01718,ORG-003,high,recon,ASSET-ORG-003-006,,2025-05-03T07:51:03,2025-05-03T07:56:18
A-01719,ORG-003,medium,privilege_escalation,ASSET-ORG-003-038,,2025-05-04T16:19:42,2025-05-06T16:42:46
A-01720,ORG-003,medium,data_exfil,ASSET-ORG-003-025,CASE-00384,2025-02-22T20:57:05,2025-02-24T17:32:36
A-01721,ORG-003,high,recon,ASSET-ORG-003-030,CASE-00413,2025-03-18T19:49:51,2025-03-18T19:54:27
A-01722,ORG-003,high,recon,ASSET-ORG-003-029,,2025-04-26T03:58:49,2025-04-26T04:04:39
A-01723,ORG-003,high,brute_force,ASSET-ORG-003-028,CASE-00429,2025-05-15T02:33:05,2025-05-15T02:35:22
A-01724,ORG-003,high,lateral_movement,ASSET-ORG-003-015,CASE-00440,2025-04-02T07:34:09,2025-04-02T07:37:50
A-01725,ORG-003,critical,lateral_movement,ASSET-ORG-003-037,,2025-05-07T05:33:49,2025-05-07T05:38:52
A-01726,ORG-003,medium,phishing,ASSET-ORG-003-024,,2025-03-09T22:01:15,2025-03-11T06:02:22
A-01727,ORG-003,low,privilege_escalation,ASSET-ORG-003-021,,2025-04-30T05:49:38,2025-05-04T00:03:31
A-01728,ORG-003,medium,recon,ASSET-ORG-003-022,,2025-04-29T18:50:26,2025-05-01T23:29:32
A-01729,ORG-003,high,brute_force,ASSET-ORG-003-015,,2025-03-01T16:32:54,2025-03-01T16:37:05
A-01730,ORG-003,critical,recon,ASSET-ORG-003-038,,2025-02-17T11:51:48,2025-02-17T11:58:59
A-01731,ORG-003,high,data_exfil,ASSET-ORG-003-017,,2025-01-04T08:02:48,2025-01-04T08:09:17
A-01732,ORG-003,critical,phishing,ASSET-ORG-003-004,,2025-04-26T05:04:34,2025-04-26T05:09:22
A-01733,ORG-003,medium,phishing,ASSET-ORG-003-037,,2025-05-10T21:48:09,2025-05-13T12:37:38
A-01734,ORG-003,low,privilege_escalation,ASSET-ORG-003-037,CASE-00380,2025-03-28T12:22:52,2025-03-31T07:10:51
A-01735,ORG-003,low,recon,ASSET-ORG-003-023,,2025-02-07T10:07:24,2025-02-11T03:55:48
A-01736,ORG-003,low,phishing,ASSET-ORG-003-003,,2025-02-17T11:08:39,2025-02-19T12:37:26
A-01737,ORG-003,critical,recon,ASSET-ORG-003-015,,2025-04-21T00:25:26,2025-04-21T00:27:53
A-01738,ORG-003,high,phishing,ASSET-ORG-003-008,,2025-02-09T14:53:45,2025-02-09T14:59:41
A-01739,ORG-003,medium,data_exfil,ASSET-ORG-003-013,,2025-03-06T05:29:15,2025-03-08T23:53:34
A-01740,ORG-003,critical,recon,ASSET-ORG-003-014,,2025-01-14T08:33:29,2025-01-14T08:37:42
A-01741,ORG-003,high,data_exfil,ASSET-ORG-003-015,CASE-00556,2025-01-17T10:27:38,2025-01-17T10:30:15
A-01742,ORG-003,critical,lateral_movement,ASSET-ORG-003-009,CASE-00482,2025-01-07T12:03:12,2025-01-07T12:07:19
A-01743,ORG-003,medium,lateral_movement,ASSET-ORG-003-038,CASE-00437,2025-03-22T17:14:00,2025-03-25T05:57:54
A-01744,ORG-003,critical,privilege_escalation,ASSET-ORG-003-021,,2025-05-19T00:21:40,2025-05-19T00:24:52
A-01745,ORG-003,low,phishing,ASSET-ORG-003-006,,2025-05-06T13:31:44,2025-05-11T12:29:47
A-01746,ORG-003,low,malware,ASSET-ORG-003-010,CASE-00431,2025-02-14T08:19:55,2025-02-19T14:28:27
A-01747,ORG-003,low,phishing,ASSET-ORG-003-011,,2025-06-08T06:29:10,2025-06-13T15:54:31
A-01748,ORG-003,medium,privilege_escalation,ASSET-ORG-003-011,,2025-02-08T15:16:08,2025-02-10T05:54:29
A-01749,ORG-003,medium,malware,ASSET-ORG-003-014,CASE-00480,2025-02-09T16:37:30,2025-02-10T17:21:01
A-01750,ORG-003,critical,data_exfil,ASSET-ORG-003-030,CASE-00555,2025-03-12T21:57:20,2025-03-12T21:59:25
A-01751,ORG-003,medium,brute_force,ASSET-ORG-003-021,,2025-02-18T08:59:58,2025-02-19T13:07:32
A-01752,ORG-003,low,lateral_movement,ASSET-ORG-003-038,,2025-04-18T23:44:49,2025-04-22T13:22:00
A-01753,ORG-003,high,lateral_movement,ASSET-ORG-003-009,CASE-00385,2025-01-10T01:28:57,2025-01-10T01:32:02
A-01754,ORG-003,medium,privilege_escalation,ASSET-ORG-003-002,,2025-01-18T15:28:14,2025-01-21T00:32:44
A-01755,ORG-003,high,lateral_movement,ASSET-ORG-003-027,,2025-06-27T22:13:45,2025-06-27T22:17:57
A-01756,ORG-003,low,privilege_escalation,ASSET-ORG-003-031,,2025-05-05T16:50:12,2025-05-11T13:28:11
A-01757,ORG-003,low,phishing,ASSET-ORG-003-017,,2025-01-10T17:13:59,2025-01-15T01:29:40
A-01758,ORG-003,high,phishing,ASSET-ORG-003-022,CASE-00551,2025-04-09T05:08:55,2025-04-09T05:11:27
A-01759,ORG-003,high,recon,ASSET-ORG-003-019,,2025-05-19T09:00:37,2025-05-19T09:04:47
A-01760,ORG-003,high,lateral_movement,ASSET-ORG-003-013,CASE-00441,2025-03-29T15:32:03,2025-03-29T15:38:56
A-01761,ORG-003,critical,malware,ASSET-ORG-003-008,CASE-00411,2025-04-14T02:14:49,2025-04-14T02:20:43
A-01762,ORG-003,medium,lateral_movement,ASSET-ORG-003-004,,2025-05-11T00:36:25,2025-05-12T05:59:26
A-01763,ORG-003,high,phishing,ASSET-ORG-003-023,,2025-01-21T02:39:59,2025-01-21T02:46:59
A-01764,ORG-003,critical,brute_force,ASSET-ORG-003-008,,2025-04-06T22:10:06,2025-04-06T22:12:58
A-01765,ORG-003,critical,malware,ASSET-ORG-003-024,CASE-00494,2025-06-16T10:37:54,2025-06-16T10:42:22
A-01766,ORG-003,low,data_exfil,ASSET-ORG-003-013,,2025-06-26T11:10:57,2025-06-29T15:37:29
A-01767,ORG-003,medium,phishing,ASSET-ORG-003-019,CASE-00516,2025-02-27T04:07:56,2025-03-01T02:07:34
A-01768,ORG-003,medium,brute_force,ASSET-ORG-003-001,,2025-02-22T14:46:30,2025-02-25T00:36:28
A-01769,ORG-003,medium,malware,ASSET-ORG-003-021,,2025-02-06T18:58:40,2025-02-09T03:36:51
A-01770,ORG-003,critical,recon,ASSET-ORG-003-021,,2025-03-22T09:54:54,2025-03-22T09:58:53
A-01771,ORG-003,high,phishing,ASSET-ORG-003-011,,2025-06-27T02:27:15,2025-06-27T02:32:18
A-01772,ORG-003,critical,privilege_escalation,ASSET-ORG-003-009,,2025-01-06T09:27:00,2025-01-06T09:34:34
A-01773,ORG-003,high,malware,ASSET-ORG-003-021,CASE-00529,2025-06-29T10:26:03,2025-06-29T10:31:33
A-01774,ORG-003,high,data_exfil,ASSET-ORG-003-010,,2025-05-06T09:25:30,2025-05-06T09:30:59
A-01775,ORG-003,critical,lateral_movement,ASSET-ORG-003-017,,2025-05-02T01:43:54,2025-05-02T01:50:17
A-01776,ORG-003,medium,malware,ASSET-ORG-003-003,CASE-00515,2025-02-22T22:27:39,2025-02-25T16:15:02
A-01777,ORG-003,critical,privilege_escalation,ASSET-ORG-003-012,CASE-00416,2025-06-01T20:54:04,2025-06-01T20:56:43
A-01778,ORG-003,low,lateral_movement,ASSET-ORG-003-024,,2025-04-15T12:46:58,2025-04-18T11:09:36
A-01779,ORG-003,medium,data_exfil,ASSET-ORG-003-020,,2025-06-23T12:36:55,2025-06-24T13:13:46
A-01780,ORG-003,high,brute_force,ASSET-ORG-003-009,,2025-06-12T13:30:09,2025-06-12T13:37:53
A-01781,ORG-003,medium,data_exfil,ASSET-ORG-003-016,,2025-06-11T12:58:25,2025-06-13T11:48:53
A-01782,ORG-003,high,brute_force,ASSET-ORG-003-008,,2025-04-26T16:35:53,2025-04-26T16:41:35
A-01783,ORG-003,critical,phishing,ASSET-ORG-003-028,,2025-06-07T00:38:39,2025-06-07T00:41:53
A-01784,ORG-003,high,malware,ASSET-ORG-003-019,,2025-05-23T06:48:39,2025-05-23T06:54:47
A-01785,ORG-003,low,privilege_escalation,ASSET-ORG-003-008,,2025-01-18T11:39:08,2025-01-23T08:15:18
A-01786,ORG-003,low,data_exfil,ASSET-ORG-003-038,,2025-04-29T08:03:29,2025-05-04T22:34:28
A-01787,ORG-003,medium,malware,ASSET-ORG-003-011,,2025-04-10T17:57:22,2025-04-12T08:27:31
A-01788,ORG-003,critical,lateral_movement,ASSET-ORG-003-011,,2025-05-18T03:16:19,2025-05-18T03:18:20
A-01789,ORG-003,critical,malware,ASSET-ORG-003-001,,2025-03-04T11:32:08,2025-03-04T11:39:31
A-01790,ORG-003,critical,brute_force,ASSET-ORG-003-036,,2025-05-14T19:29:48,2025-05-14T19:33:10
A-01791,ORG-003,medium,recon,ASSET-ORG-003-004,,2025-01-12T13:56:54,2025-01-14T22:47:47
A-01792,ORG-003,low,phishing,ASSET-ORG-003-036,,2025-06-22T17:32:07,2025-06-25T23:39:14
A-01793,ORG-003,low,lateral_movement,ASSET-ORG-003-014,,2025-02-11T15:35:47,2025-02-16T14:02:00
A-01794,ORG-003,low,privilege_escalation,ASSET-ORG-003-026,,2025-02-04T09:02:03,2025-02-08T18:56:45
A-01795,ORG-003,critical,lateral_movement,ASSET-ORG-003-033,CASE-00397,2025-06-03T14:48:08,2025-06-03T14:51:28
A-01796,ORG-003,low,brute_force,ASSET-ORG-003-012,,2025-03-31T12:49:09,2025-04-06T04:12:47
A-01797,ORG-003,high,privilege_escalation,ASSET-ORG-003-002,CASE-00500,2025-03-20T20:22:46,2025-03-20T20:28:52
A-01798,ORG-003,medium,privilege_escalation,ASSET-ORG-003-038,CASE-00539,2025-02-02T10:30:02,2025-02-03T10:57:26
A-01799,ORG-003,medium,data_exfil,ASSET-ORG-003-029,CASE-00397,2025-03-21T13:34:50,2025-03-22T22:05:02
A-01800,ORG-003,low,lateral_movement,ASSET-ORG-003-016,,2025-04-16T01:19:32,2025-04-19T20:51:26
A-01801,ORG-003,high,lateral_movement,ASSET-ORG-003-026,CASE-00478,2025-04-14T15:59:54,2025-04-14T16:05:10
A-01802,ORG-003,low,phishing,ASSET-ORG-003-021,,2025-03-29T00:50:39,2025-04-01T06:34:27
A-01803,ORG-003,high,brute_force,ASSET-ORG-003-028,,2025-05-02T23:58:18,2025-05-03T00:05:43
A-01804,ORG-003,medium,phishing,ASSET-ORG-003-027,CASE-00446,2025-03-24T03:33:44,2025-03-26T22:32:38
A-01805,ORG-003,medium,recon,ASSET-ORG-003-026,,2025-04-05T01:36:47,2025-04-06T03:11:07
A-01806,ORG-003,high,brute_force,ASSET-ORG-003-037,,2025-02-25T04:35:31,2025-02-25T04:40:58
A-01807,ORG-003,medium,privilege_escalation,ASSET-ORG-003-020,CASE-00533,2025-01-22T20:29:44,2025-01-25T02:25:12
A-01808,ORG-003,medium,privilege_escalation,ASSET-ORG-003-035,,2025-01-21T17:48:25,2025-01-23T21:32:14
A-01809,ORG-003,critical,lateral_movement,ASSET-ORG-003-033,CASE-00532,2025-06-06T13:10:50,2025-06-06T13:16:11
A-01810,ORG-003,critical,phishing,ASSET-ORG-003-030,CASE-00386,2025-01-08T14:08:49,2025-01-08T14:14:12
A-01811,ORG-003,critical,recon,ASSET-ORG-003-012,,2025-02-22T12:53:56,2025-02-22T13:00:29
A-01812,ORG-003,critical,recon,ASSET-ORG-003-037,CASE-00434,2025-04-18T21:01:30,2025-04-18T21:05:07
A-01813,ORG-003,high,privilege_escalation,ASSET-ORG-003-035,,2025-04-18T00:09:00,2025-04-18T00:13:01
A-01814,ORG-003,low,malware,ASSET-ORG-003-036,,2025-03-09T12:05:13,2025-03-14T00:40:13
A-01815,ORG-003,low,data_exfil,ASSET-ORG-003-024,CASE-00416,2025-06-27T17:08:04,2025-06-29T18:59:15
A-01816,ORG-003,critical,privilege_escalation,ASSET-ORG-003-023,,2025-05-06T06:08:51,2025-05-06T06:12:35
A-01817,ORG-003,low,lateral_movement,ASSET-ORG-003-019,CASE-00490,2025-03-25T21:14:03,2025-03-30T14:35:56
A-01818,ORG-003,medium,phishing,ASSET-ORG-003-027,CASE-00408,2025-06-20T12:38:50,2025-06-23T11:27:00
A-01819,ORG-003,critical,brute_force,ASSET-ORG-003-019,,2025-02-28T20:09:26,2025-02-28T20:13:35
A-01820,ORG-003,medium,data_exfil,ASSET-ORG-003-024,,2025-02-02T00:11:07,2025-02-03T22:05:41
A-01821,ORG-003,medium,phishing,ASSET-ORG-003-008,,2025-03-04T20:07:09,2025-03-06T21:10:57
A-01822,ORG-003,critical,privilege_escalation,ASSET-ORG-003-012,,2025-01-25T06:00:08,2025-01-25T06:07:19
A-01823,ORG-003,low,brute_force,ASSET-ORG-003-035,,2025-02-26T00:51:03,2025-03-02T00:16:53
A-01824,ORG-003,medium,recon,ASSET-ORG-003-015,,2025-03-02T16:32:28,2025-03-03T16:59:08
A-01825,ORG-003,medium,privilege_escalation,ASSET-ORG-003-004,CASE-00420,2025-01-01T15:29:32,2025-01-03T09:38:01
A-01826,ORG-003,high,privilege_escalation,ASSET-ORG-003-010,,2025-05-03T23:25:33,2025-05-03T23:31:30
A-01827,ORG-003,medium,lateral_movement,ASSET-ORG-003-016,,2025-04-30T21:41:27,2025-05-02T22:55:21
A-01828,ORG-003,high,lateral_movement,ASSET-ORG-003-023,CASE-00549,2025-01-28T04:10:55,2025-01-28T04:15:35
A-01829,ORG-003,low,recon,ASSET-ORG-003-004,CASE-00464,2025-03-12T12:58:26,2025-03-16T09:54:16
A-01830,ORG-003,medium,brute_force,ASSET-ORG-003-010,CASE-00471,2025-02-27T18:44:40,2025-03-02T02:39:53
A-01831,ORG-003,low,brute_force,ASSET-ORG-003-008,,2025-06-11T19:18:17,2025-06-16T14:28:41
A-01832,ORG-003,low,phishing,ASSET-ORG-003-003,,2025-03-06T17:37:01,2025-03-10T03:18:44
A-01833,ORG-003,low,malware,ASSET-ORG-003-013,CASE-00399,2025-02-16T12:49:51,2025-02-22T10:39:54
A-01834,ORG-003,medium,phishing,ASSET-ORG-003-036,,2025-01-14T06:22:55,2025-01-16T08:03:33
A-01835,ORG-003,high,brute_force,ASSET-ORG-003-005,,2025-03-02T20:50:01,2025-03-02T20:53:33
A-01836,ORG-003,high,privilege_escalation,ASSET-ORG-003-033,,2025-01-10T17:01:43,2025-01-10T17:04:34
A-01837,ORG-003,medium,phishing,ASSET-ORG-003-019,,2025-02-24T05:14:32,2025-02-26T09:01:24
A-01838,ORG-003,medium,malware,ASSET-ORG-003-020,CASE-00479,2025-02-13T14:10:14,2025-02-15T05:27:18
A-01839,ORG-003,medium,brute_force,ASSET-ORG-003-022,,2025-01-11T05:24:19,2025-01-14T01:47:39
A-01840,ORG-003,medium,data_exfil,ASSET-ORG-003-015,CASE-00530,2025-04-23T03:03:46,2025-04-24T04:17:52
A-01841,ORG-003,high,recon,ASSET-ORG-003-019,CASE-00530,2025-06-25T15:45:04,2025-06-25T15:49:31
A-01842,ORG-003,medium,privilege_escalation,ASSET-ORG-003-030,,2025-04-24T04:13:34,2025-04-26T07:13:13
A-01843,ORG-003,medium,phishing,ASSET-ORG-003-034,,2025-05-25T01:29:30,2025-05-26T09:35:10
A-01844,ORG-003,critical,lateral_movement,ASSET-ORG-003-038,CASE-00414,2025-03-31T20:37:17,2025-03-31T20:43:52
A-01845,ORG-003,low,privilege_escalation,ASSET-ORG-003-009,,2025-02-28T02:33:29,2025-03-05T07:34:21
A-01846,ORG-003,medium,recon,ASSET-ORG-003-020,CASE-00462,2025-06-27T20:25:20,2025-06-29T15:33:03
A-01847,ORG-003,medium,privilege_escalation,ASSET-ORG-003-014,,2025-03-24T14:45:34,2025-03-27T02:54:06
A-01848,ORG-003,medium,phishing,ASSET-ORG-003-034,CASE-00433,2025-04-08T15:06:46,2025-04-10T15:59:45
A-01849,ORG-003,high,recon,ASSET-ORG-003-006,,2025-02-23T10:04:09,2025-02-23T10:09:01
A-01850,ORG-003,medium,privilege_escalation,ASSET-ORG-003-037,CASE-00536,2025-05-03T09:17:40,2025-05-04T21:26:58
A-01851,ORG-003,medium,brute_force,ASSET-ORG-003-021,,2025-01-29T16:49:49,2025-02-01T09:37:41
A-01852,ORG-003,medium,phishing,ASSET-ORG-003-024,,2025-01-18T08:46:30,2025-01-21T06:30:17
A-01853,ORG-003,medium,privilege_escalation,ASSET-ORG-003-002,,2025-05-27T12:25:50,2025-05-29T22:16:02
A-01854,ORG-003,high,phishing,ASSET-ORG-003-026,CASE-00549,2025-01-04T21:05:28,2025-01-04T21:08:30
A-01855,ORG-003,low,data_exfil,ASSET-ORG-003-020,,2025-01-27T02:21:16,2025-02-02T00:28:52
A-01856,ORG-003,high,data_exfil,ASSET-ORG-003-003,,2025-04-22T10:53:01,2025-04-22T10:55:31
A-01857,ORG-003,critical,recon,ASSET-ORG-003-008,,2025-01-09T07:04:23,2025-01-09T07:08:48
A-01858,ORG-003,medium,phishing,ASSET-ORG-003-026,,2025-01-14T12:43:36,2025-01-16T13:43:17
A-01859,ORG-003,medium,phishing,ASSET-ORG-003-025,,2025-05-28T02:19:37,2025-05-30T07:36:13
A-01860,ORG-003,high,phishing,ASSET-ORG-003-014,,2025-03-10T14:10:13,2025-03-10T14:14:16
A-01861,ORG-003,medium,privilege_escalation,ASSET-ORG-003-028,CASE-00463,2025-01-18T13:03:00,2025-01-20T15:45:12
A-01862,ORG-003,low,phishing,ASSET-ORG-003-038,,2025-04-05T15:11:05,2025-04-11T01:55:12
A-01863,ORG-003,medium,lateral_movement,ASSET-ORG-003-009,CASE-00551,2025-06-12T18:51:01,2025-06-15T07:50:45
A-01864,ORG-003,critical,malware,ASSET-ORG-003-011,,2025-04-16T18:29:47,2025-04-16T18:36:51
A-01865,ORG-003,critical,phishing,ASSET-ORG-003-019,,2025-02-04T09:17:43,2025-02-04T09:24:09
A-01866,ORG-003,medium,lateral_movement,ASSET-ORG-003-030,CASE-00404,2025-03-04T18:49:34,2025-03-07T17:02:12
A-01867,ORG-003,low,lateral_movement,ASSET-ORG-003-020,,2025-03-21T12:50:59,2025-03-25T03:31:50
A-01868,ORG-003,critical,phishing,ASSET-ORG-003-001,,2025-02-21T06:36:10,2025-02-21T06:39:23
A-01869,ORG-003,low,brute_force,ASSET-ORG-003-017,CASE-00508,2025-05-12T08:24:09,2025-05-15T23:48:35
A-01870,ORG-003,low,recon,ASSET-ORG-003-027,,2025-04-22T16:18:45,2025-04-24T22:51:07
A-01871,ORG-003,medium,phishing,ASSET-ORG-003-033,,2025-04-15T04:38:56,2025-04-17T00:54:29
A-01872,ORG-003,medium,privilege_escalation,ASSET-ORG-003-021,,2025-05-27T11:45:11,2025-05-29T13:16:59
A-01873,ORG-003,low,malware,ASSET-ORG-003-030,,2025-02-21T15:06:00,2025-02-24T19:43:26
A-01874,ORG-003,medium,privilege_escalation,ASSET-ORG-003-018,CASE-00405,2025-05-31T14:50:09,2025-06-01T17:23:34
A-01875,ORG-003,high,data_exfil,ASSET-ORG-003-029,CASE-00504,2025-05-07T14:04:19,2025-05-07T14:09:22
A-01876,ORG-003,high,data_exfil,ASSET-ORG-003-029,CASE-00481,2025-01-03T16:53:35,2025-01-03T16:57:43
A-01877,ORG-003,critical,privilege_escalation,ASSET-ORG-003-027,,2025-01-05T12:04:58,2025-01-05T12:08:33
A-01878,ORG-003,medium,malware,ASSET-ORG-003-017,,2025-01-14T04:03:52,2025-01-17T03:46:31
A-01879,ORG-003,high,malware,ASSET-ORG-003-003,,2025-05-21T14:50:08,2025-05-21T14:57:42
A-01880,ORG-003,critical,malware,ASSET-ORG-003-032,CASE-00449,2025-05-14T21:08:57,2025-05-14T21:15:59
A-01881,ORG-003,critical,brute_force,ASSET-ORG-003-016,,2025-06-13T03:33:47,2025-06-13T03:40:29
A-01882,ORG-003,medium,malware,ASSET-ORG-003-010,,2025-01-29T00:00:47,2025-01-30T20:11:13
A-01883,ORG-003,medium,brute_force,ASSET-ORG-003-037,,2025-03-21T00:10:10,2025-03-22T15:04:27
A-01884,ORG-003,high,lateral_movement,ASSET-ORG-003-014,CASE-00381,2025-02-03T11:24:06,2025-02-03T11:29:40
A-01885,ORG-003,critical,data_exfil,ASSET-ORG-003-014,,2025-01-10T18:13:51,2025-01-10T18:19:54
A-01886,ORG-003,medium,malware,ASSET-ORG-003-022,,2025-06-01T08:25:12,2025-06-03T01:38:14
A-01887,ORG-003,medium,malware,ASSET-ORG-003-022,CASE-00517,2025-04-01T06:20:27,2025-04-03T16:59:14
A-01888,ORG-003,medium,malware,ASSET-ORG-003-002,,2025-06-05T01:25:11,2025-06-07T11:01:02
A-01889,ORG-003,critical,malware,ASSET-ORG-003-007,,2025-02-09T15:36:44,2025-02-09T15:43:20
A-01890,ORG-003,high,malware,ASSET-ORG-003-025,,2025-04-07T05:43:47,2025-04-07T05:46:59
A-01891,ORG-003,high,malware,ASSET-ORG-003-032,,2025-01-22T13:06:28,2025-01-22T13:13:19
A-01892,ORG-003,low,phishing,ASSET-ORG-003-015,CASE-00391,2025-05-28T11:52:55,2025-06-01T07:47:45
A-01893,ORG-003,critical,brute_force,ASSET-ORG-003-012,,2025-02-11T16:27:09,2025-02-11T16:34:09
A-01894,ORG-003,low,lateral_movement,ASSET-ORG-003-002,,2025-04-24T06:33:58,2025-04-27T22:07:13
A-01895,ORG-003,high,phishing,ASSET-ORG-003-027,,2025-05-05T13:51:09,2025-05-05T13:58:29
A-01896,ORG-003,high,malware,ASSET-ORG-003-030,,2025-04-28T00:40:57,2025-04-28T00:45:30
A-01897,ORG-003,low,brute_force,ASSET-ORG-003-038,,2025-04-15T20:48:53,2025-04-19T23:53:49
A-01898,ORG-003,medium,privilege_escalation,ASSET-ORG-003-006,CASE-00515,2025-02-03T03:39:26,2025-02-05T10:57:33
A-01899,ORG-003,high,data_exfil,ASSET-ORG-003-036,,2025-03-25T02:26:15,2025-03-25T02:32:38
A-01900,ORG-003,low,malware,ASSET-ORG-003-033,,2025-04-13T01:05:44,2025-04-16T16:18:20
A-01901,ORG-003,medium,malware,ASSET-ORG-003-037,,2025-01-22T06:28:20,2025-01-25T00:06:56
A-01902,ORG-003,critical,recon,ASSET-ORG-003-034,,2025-06-09T23:33:29,2025-06-09T23:37:12
A-01903,ORG-003,low,privilege_escalation,ASSET-ORG-003-021,,2025-02-14T18:01:37,2025-02-18T10:36:04
A-01904,ORG-003,critical,recon,ASSET-ORG-003-034,CASE-00418,2025-03-21T15:45:23,2025-03-21T15:50:06
A-01905,ORG-003,critical,malware,ASSET-ORG-003-011,,2025-02-08T16:48:50,2025-02-08T16:55:01
A-01906,ORG-003,high,brute_force,ASSET-ORG-003-001,,2025-06-20T14:48:07,2025-06-20T14:51:53
A-01907,ORG-003,high,privilege_escalation,ASSET-ORG-003-019,,2025-05-25T10:15:02,2025-05-25T10:20:28
A-01908,ORG-003,critical,recon,ASSET-ORG-003-037,,2025-05-30T03:41:20,2025-05-30T03:48:10
A-01909,ORG-003,critical,privilege_escalation,ASSET-ORG-003-006,CASE-00378,2025-03-16T15:49:15,2025-03-16T15:56:05
A-01910,ORG-003,critical,data_exfil,ASSET-ORG-003-013,,2025-03-30T16:35:31,2025-03-30T16:42:28
A-01911,ORG-003,high,lateral_movement,ASSET-ORG-003-003,,2025-03-17T09:09:52,2025-03-17T09:11:56
A-01912,ORG-003,low,malware,ASSET-ORG-003-036,,2025-03-24T13:50:35,2025-03-29T11:45:08
A-01913,ORG-003,critical,malware,ASSET-ORG-003-038,,2025-04-11T00:18:24,2025-04-11T00:22:45
A-01914,ORG-003,medium,phishing,ASSET-ORG-003-029,CASE-00402,2025-01-17T00:23:37,2025-01-18T07:23:34
A-01915,ORG-003,medium,brute_force,ASSET-ORG-003-033,,2025-01-28T11:32:18,2025-01-31T05:17:13
A-01916,ORG-003,low,phishing,ASSET-ORG-003-017,,2025-06-06T07:11:54,2025-06-08T08:57:05
A-01917,ORG-003,high,recon,ASSET-ORG-003-017,CASE-00460,2025-02-25T00:39:47,2025-02-25T00:46:44
A-01918,ORG-003,high,lateral_movement,ASSET-ORG-003-004,,2025-01-19T13:01:05,2025-01-19T13:03:34
A-01919,ORG-003,critical,phishing,ASSET-ORG-003-035,,2025-06-26T18:04:18,2025-06-26T18:07:04
A-01920,ORG-003,medium,recon,ASSET-ORG-003-019,CASE-00434,2025-01-01T05:15:34,2025-01-02T16:07:49
A-01921,ORG-003,critical,brute_force,ASSET-ORG-003-033,,2025-06-22T06:51:00,2025-06-22T06:53:35
A-01922,ORG-003,high,privilege_escalation,ASSET-ORG-003-023,,2025-05-04T17:26:37,2025-05-04T17:30:15
A-01923,ORG-003,high,data_exfil,ASSET-ORG-003-002,,2025-01-02T15:14:45,2025-01-02T15:19:15
A-01924,ORG-003,medium,malware,ASSET-ORG-003-012,CASE-00407,2025-06-02T16:25:54,2025-06-05T14:25:10
A-01925,ORG-003,critical,lateral_movement,ASSET-ORG-003-026,,2025-01-23T05:14:46,2025-01-23T05:17:02
A-01926,ORG-003,medium,recon,ASSET-ORG-003-010,CASE-00410,2025-03-30T23:44:43,2025-04-01T06:03:21
A-01927,ORG-003,high,brute_force,ASSET-ORG-003-006,CASE-00538,2025-01-25T06:58:39,2025-01-25T07:00:54
A-01928,ORG-003,high,data_exfil,ASSET-ORG-003-028,,2025-03-26T12:18:03,2025-03-26T12:22:49
A-01929,ORG-003,low,data_exfil,ASSET-ORG-003-015,CASE-00414,2025-06-15T11:12:52,2025-06-21T07:32:57
A-01930,ORG-003,high,lateral_movement,ASSET-ORG-003-014,CASE-00471,2025-05-23T02:50:59,2025-05-23T02:55:37
A-01931,ORG-003,low,malware,ASSET-ORG-003-032,CASE-00520,2025-03-21T13:57:25,2025-03-26T19:50:12
A-01932,ORG-003,medium,phishing,ASSET-ORG-003-026,,2025-03-29T23:25:39,2025-03-30T23:42:13
A-01933,ORG-003,low,privilege_escalation,ASSET-ORG-003-009,,2025-02-23T14:32:30,2025-02-26T01:41:44
A-01934,ORG-003,high,data_exfil,ASSET-ORG-003-035,,2025-03-27T19:51:33,2025-03-27T19:57:54
A-01935,ORG-003,high,privilege_escalation,ASSET-ORG-003-006,,2025-05-09T14:58:04,2025-05-09T15:01:25
A-01936,ORG-003,critical,malware,ASSET-ORG-003-033,,2025-02-28T21:31:04,2025-02-28T21:37:20
A-01937,ORG-003,critical,brute_force,ASSET-ORG-003-018,,2025-06-07T14:46:22,2025-06-07T14:50:09
A-01938,ORG-003,medium,data_exfil,ASSET-ORG-003-036,,2025-01-30T14:03:02,2025-01-31T22:05:39
A-01939,ORG-003,critical,brute_force,ASSET-ORG-003-037,,2025-06-02T13:24:58,2025-06-02T13:28:26
A-01940,ORG-003,critical,lateral_movement,ASSET-ORG-003-032,,2025-05-31T07:36:51,2025-05-31T07:40:31
A-01941,ORG-003,critical,lateral_movement,ASSET-ORG-003-028,CASE-00441,2025-02-15T08:11:48,2025-02-15T08:16:25
A-01942,ORG-003,medium,brute_force,ASSET-ORG-003-038,CASE-00394,2025-06-05T14:39:30,2025-06-07T21:13:31
A-01943,ORG-003,medium,malware,ASSET-ORG-003-012,,2025-01-18T16:35:39,2025-01-20T04:19:03
A-01944,ORG-003,critical,privilege_escalation,ASSET-ORG-003-002,CASE-00563,2025-01-24T00:04:53,2025-01-24T00:10:18
A-01945,ORG-003,critical,lateral_movement,ASSET-ORG-003-033,,2025-03-16T18:27:56,2025-03-16T18:30:23
A-01946,ORG-003,high,recon,ASSET-ORG-003-029,CASE-00556,2025-04-17T22:43:19,2025-04-17T22:50:22
A-01947,ORG-003,medium,malware,ASSET-ORG-003-001,CASE-00400,2025-02-10T18:00:09,2025-02-12T15:41:19
A-01948,ORG-003,critical,malware,ASSET-ORG-003-032,,2025-05-26T03:46:55,2025-05-26T03:49:45
A-01949,ORG-003,high,privilege_escalation,ASSET-ORG-003-007,,2025-06-21T18:39:23,2025-06-21T18:46:45
A-01950,ORG-003,medium,recon,ASSET-ORG-003-004,CASE-00468,2025-05-21T03:38:18,2025-05-23T16:34:50
A-01951,ORG-003,low,malware,ASSET-ORG-003-008,,2025-01-15T23:02:18,2025-01-19T05:02:38
A-01952,ORG-003,high,phishing,ASSET-ORG-003-008,,2025-01-05T09:28:52,2025-01-05T09:34:53
A-01953,ORG-003,low,recon,ASSET-ORG-003-001,,2025-04-02T14:09:34,2025-04-05T10:11:56
A-01954,ORG-003,critical,phishing,ASSET-ORG-003-030,,2025-01-22T17:43:47,2025-01-22T17:49:19
A-01955,ORG-003,critical,phishing,ASSET-ORG-003-038,,2025-05-04T01:27:27,2025-05-04T01:32:43
A-01956,ORG-003,high,privilege_escalation,ASSET-ORG-003-015,CASE-00428,2025-01-08T19:53:50,2025-01-08T19:59:39
A-01957,ORG-003,critical,brute_force,ASSET-ORG-003-036,CASE-00379,2025-01-03T21:33:09,2025-01-03T21:40:53
A-01958,ORG-003,high,recon,ASSET-ORG-003-003,,2025-01-03T20:38:56,2025-01-03T20:42:22
A-01959,ORG-003,medium,phishing,ASSET-ORG-003-014,,2025-06-20T04:02:08,2025-06-22T08:49:03
A-01960,ORG-003,high,malware,ASSET-ORG-003-025,CASE-00409,2025-04-27T23:41:22,2025-04-27T23:49:04
A-01961,ORG-003,high,lateral_movement,ASSET-ORG-003-031,,2025-01-04T20:50:54,2025-01-04T20:56:13
A-01962,ORG-003,high,lateral_movement,ASSET-ORG-003-008,,2025-02-17T18:00:48,2025-02-17T18:07:43
A-01963,ORG-003,medium,phishing,ASSET-ORG-003-006,,2025-03-04T11:56:55,2025-03-05T15:56:51
A-01964,ORG-003,high,brute_force,ASSET-ORG-003-003,CASE-00380,2025-06-07T22:34:46,2025-06-07T22:42:18
A-01965,ORG-003,high,phishing,ASSET-ORG-003-008,,2025-05-01T09:25:20,2025-05-01T09:31:55
A-01966,ORG-003,low,recon,ASSET-ORG-003-005,,2025-02-12T19:05:41,2025-02-14T22:31:46
A-01967,ORG-003,high,phishing,ASSET-ORG-003-003,CASE-00381,2025-01-29T14:44:52,2025-01-29T14:47:43
A-01968,ORG-003,high,privilege_escalation,ASSET-ORG-003-036,,2025-03-17T08:50:20,2025-03-17T08:58:17
A-01969,ORG-003,low,recon,ASSET-ORG-003-022,CASE-00548,2025-02-15T04:19:57,2025-02-19T01:27:31
A-01970,ORG-003,high,data_exfil,ASSET-ORG-003-027,,2025-02-20T09:42:53,2025-02-20T09:46:12
A-01971,ORG-003,high,malware,ASSET-ORG-003-021,,2025-04-02T17:49:00,2025-04-02T17:53:06
A-01972,ORG-003,low,phishing,ASSET-ORG-003-035,,2025-05-30T14:27:23,2025-06-02T01:34:37
A-01973,ORG-003,high,malware,ASSET-ORG-003-009,,2025-02-15T11:29:55,2025-02-15T11:36:58
A-01974,ORG-003,high,brute_force,ASSET-ORG-003-010,,2025-03-15T02:03:37,2025-03-15T02:11:04
A-01975,ORG-003,medium,data_exfil,ASSET-ORG-003-024,CASE-00453,2025-05-30T20:23:29,2025-06-01T16:47:37
A-01976,ORG-003,critical,phishing,ASSET-ORG-003-004,,2025-06-10T13:40:48,2025-06-10T13:47:04
A-01977,ORG-003,medium,data_exfil,ASSET-ORG-003-035,,2025-05-05T12:17:21,2025-05-07T05:01:42
A-01978,ORG-003,high,malware,ASSET-ORG-003-012,,2025-06-22T13:29:22,2025-06-22T13:35:08
A-01979,ORG-003,low,lateral_movement,ASSET-ORG-003-030,,2025-05-11T10:26:13,2025-05-14T12:48:24
A-01980,ORG-003,medium,data_exfil,ASSET-ORG-003-010,,2025-06-23T12:01:31,2025-06-25T20:51:23
A-01981,ORG-003,critical,lateral_movement,ASSET-ORG-003-025,,2025-05-13T15:54:30,2025-05-13T15:58:15
A-01982,ORG-003,high,data_exfil,ASSET-ORG-003-009,,2025-03-11T13:01:40,2025-03-11T13:08:49
A-01983,ORG-003,medium,privilege_escalation,ASSET-ORG-003-017,CASE-00549,2025-04-11T09:27:09,2025-04-13T23:33:33
A-01984,ORG-003,high,malware,ASSET-ORG-003-022,,2025-06-01T11:51:55,2025-06-01T11:57:04
A-01985,ORG-003,critical,recon,ASSET-ORG-003-010,,2025-04-03T02:14:12,2025-04-03T02:17:54
A-01986,ORG-003,high,privilege_escalation,ASSET-ORG-003-029,,2025-03-25T07:35:04,2025-03-25T07:39:15
A-01987,ORG-003,medium,data_exfil,ASSET-ORG-003-029,,2025-01-12T05:14:30,2025-01-14T15:44:04
A-01988,ORG-003,critical,lateral_movement,ASSET-ORG-003-002,,2025-02-16T20:15:36,2025-02-16T20:22:05
A-01989,ORG-003,low,lateral_movement,ASSET-ORG-003-009,,2025-03-30T10:30:43,2025-04-02T16:32:53
A-01990,ORG-003,critical,malware,ASSET-ORG-003-030,,2025-06-11T04:41:48,2025-06-11T04:46:57
A-01991,ORG-003,low,malware,ASSET-ORG-003-028,,2025-02-01T22:04:26,2025-02-04T06:24:18
A-01992,ORG-003,high,brute_force,ASSET-ORG-003-018,CASE-00517,2025-06-12T13:24:01,2025-06-12T13:30:43
A-01993,ORG-003,low,privilege_escalation,ASSET-ORG-003-028,CASE-00422,2025-04-23T08:24:02,2025-04-25T09:32:44
A-01994,ORG-003,low,recon,ASSET-ORG-003-036,,2025-01-03T16:50:41,2025-01-06T06:46:31
A-01995,ORG-003,critical,data_exfil,ASSET-ORG-003-018,,2025-04-07T04:59:26,2025-04-07T05:02:05
A-01996,ORG-003,medium,malware,ASSET-ORG-003-026,CASE-00433,2025-06-29T09:27:26,2025-06-30T23:35:06
A-01997,ORG-003,critical,phishing,ASSET-ORG-003-027,CASE-00527,2025-06-12T03:59:28,2025-06-12T04:05:22
A-01998,ORG-003,critical,brute_force,ASSET-ORG-003-029,,2025-03-26T03:00:14,2025-03-26T03:04:17
A-01999,ORG-003,medium,brute_force,ASSET-ORG-003-017,CASE-00479,2025-01-12T19:39:14,2025-01-14T07:02:00
A-02000,ORG-003,medium,recon,ASSET-ORG-003-021,,2025-01-22T02:41:54,2025-01-24T22:39:10
A-02001,ORG-003,high,recon,ASSET-ORG-003-006,,2025-02-01T01:57:30,2025-02-01T02:04:23
A-02002,ORG-003,high,phishing,ASSET-ORG-003-028,,2025-05-20T12:34:30,2025-05-20T12:40:04
A-02003,ORG-003,high,phishing,ASSET-ORG-003-036,,2025-05-06T03:41:12,2025-05-06T03:45:47
A-02004,ORG-003,medium,lateral_movement,ASSET-ORG-003-038,,2025-03-14T13:15:50,2025-03-15T14:58:02
A-02005,ORG-003,low,privilege_escalation,ASSET-ORG-003-027,CASE-00504,2025-06-14T08:55:04,2025-06-16T12:04:41
A-02006,ORG-003,medium,phishing,ASSET-ORG-003-012,,2025-05-30T20:08:12,2025-06-01T01:47:54
A-02007,ORG-003,low,privilege_escalation,ASSET-ORG-003-016,,2025-05-01T07:59:42,2025-05-03T12:44:20
A-02008,ORG-003,high,phishing,ASSET-ORG-003-016,,2025-02-10T01:22:51,2025-02-10T01:26:19
A-02009,ORG-003,medium,brute_force,ASSET-ORG-003-004,,2025-01-23T01:03:04,2025-01-25T22:03:59
A-02010,ORG-003,high,privilege_escalation,ASSET-ORG-003-003,CASE-00464,2025-02-13T21:24:20,2025-02-13T21:29:47
A-02011,ORG-003,high,privilege_escalation,ASSET-ORG-003-014,,2025-05-02T03:01:59,2025-05-02T03:05:38
A-02012,ORG-003,high,phishing,ASSET-ORG-003-026,,2025-06-28T11:29:10,2025-06-28T11:32:33
A-02013,ORG-003,critical,recon,ASSET-ORG-003-035,,2025-05-06T06:25:41,2025-05-06T06:29:39
A-02014,ORG-003,high,brute_force,ASSET-ORG-003-026,,2025-03-02T18:57:03,2025-03-02T19:04:16
A-02015,ORG-003,high,data_exfil,ASSET-ORG-003-026,CASE-00414,2025-02-08T11:09:23,2025-02-08T11:12:01
A-02016,ORG-003,critical,malware,ASSET-ORG-003-025,,2025-02-05T09:21:26,2025-02-05T09:28:30
A-02017,ORG-003,low,brute_force,ASSET-ORG-003-007,CASE-00430,2025-04-24T18:45:24,2025-04-27T14:02:40
A-02018,ORG-003,critical,data_exfil,ASSET-ORG-003-018,CASE-00480,2025-04-02T22:26:55,2025-04-02T22:31:38
A-02019,ORG-003,low,data_exfil,ASSET-ORG-003-008,CASE-00384,2025-03-29T02:28:56,2025-04-01T11:46:11
A-02020,ORG-003,high,privilege_escalation,ASSET-ORG-003-009,,2025-02-22T12:32:16,2025-02-22T12:34:47
A-02021,ORG-003,high,brute_force,ASSET-ORG-003-014,,2025-05-20T18:29:21,2025-05-20T18:32:32
A-02022,ORG-003,high,phishing,ASSET-ORG-003-017,,2025-04-01T12:21:33,2025-04-01T12:28:42
A-02023,ORG-003,low,phishing,ASSET-ORG-003-006,,2025-04-08T10:10:37,2025-04-13T17:35:08
A-02024,ORG-003,medium,lateral_movement,ASSET-ORG-003-001,,2025-02-28T17:48:14,2025-03-03T09:19:27
A-02025,ORG-003,low,phishing,ASSET-ORG-003-011,,2025-04-25T08:31:38,2025-04-30T22:23:21
A-02026,ORG-003,critical,privilege_escalation,ASSET-ORG-003-004,,2025-02-02T05:17:09,2025-02-02T05:22:03
A-02027,ORG-003,high,malware,ASSET-ORG-003-034,,2025-03-06T18:25:31,2025-03-06T18:32:56
A-02028,ORG-003,medium,privilege_escalation,ASSET-ORG-003-035,,2025-02-03T08:37:42,2025-02-05T07:58:35
A-02029,ORG-003,high,data_exfil,ASSET-ORG-003-009,CASE-00508,2025-05-08T20:39:21,2025-05-08T20:46:20
A-02030,ORG-003,low,lateral_movement,ASSET-ORG-003-021,,2025-05-24T03:11:57,2025-05-28T09:33:18
A-02031,ORG-003,critical,malware,ASSET-ORG-003-035,CASE-00467,2025-02-05T14:28:39,2025-02-05T14:33:39
A-02032,ORG-003,critical,brute_force,ASSET-ORG-003-029,,2025-02-03T10:03:34,2025-02-03T10:10:16
A-02033,ORG-003,critical,malware,ASSET-ORG-003-006,,2025-06-15T06:19:40,2025-06-15T06:23:06
A-02034,ORG-003,high,recon,ASSET-ORG-003-012,,2025-04-26T08:20:29,2025-04-26T08:22:34
A-02035,ORG-003,high,privilege_escalation,ASSET-ORG-003-029,,2025-01-08T17:16:59,2025-01-08T17:20:07
A-02036,ORG-003,high,phishing,ASSET-ORG-003-012,,2025-01-13T23:05:34,2025-01-13T23:11:38
A-02037,ORG-003,medium,malware,ASSET-ORG-003-006,CASE-00437,2025-04-22T15:19:30,2025-04-24T07:18:58
A-02038,ORG-003,critical,recon,ASSET-ORG-003-015,CASE-00496,2025-03-16T05:44:50,2025-03-16T05:46:52
A-02039,ORG-003,critical,data_exfil,ASSET-ORG-003-003,CASE-00513,2025-03-04T05:02:10,2025-03-04T05:07:34
A-02040,ORG-003,high,privilege_escalation,ASSET-ORG-003-004,,2025-04-03T01:00:27,2025-04-03T01:06:10
A-02041,ORG-003,medium,brute_force,ASSET-ORG-003-001,CASE-00512,2025-01-03T20:37:30,2025-01-06T14:18:32
A-02042,ORG-003,high,phishing,ASSET-ORG-003-015,,2025-05-11T17:47:23,2025-05-11T17:50:19
A-02043,ORG-003,low,brute_force,ASSET-ORG-003-009,,2025-02-08T20:17:55,2025-02-11T10:44:13
A-02044,ORG-003,high,lateral_movement,ASSET-ORG-003-025,CASE-00423,2025-04-12T15:01:45,2025-04-12T15:06:50
A-02045,ORG-003,critical,privilege_escalation,ASSET-ORG-003-014,,2025-06-03T09:50:56,2025-06-03T09:55:04
A-02046,ORG-003,medium,data_exfil,ASSET-ORG-003-005,,2025-04-02T22:07:03,2025-04-04T21:59:12
A-02047,ORG-003,high,malware,ASSET-ORG-003-032,CASE-00518,2025-05-01T08:06:59,2025-05-01T08:14:14
A-02048,ORG-003,critical,phishing,ASSET-ORG-003-019,,2025-04-19T19:28:32,2025-04-19T19:32:24
A-02049,ORG-003,medium,phishing,ASSET-ORG-003-015,,2025-02-22T04:05:05,2025-02-24T05:13:56
A-02050,ORG-003,high,privilege_escalation,ASSET-ORG-003-001,,2025-02-02T03:19:20,2025-02-02T03:24:23
A-02051,ORG-003,high,privilege_escalation,ASSET-ORG-003-009,,2025-03-23T04:07:18,2025-03-23T04:14:04
A-02052,ORG-003,critical,data_exfil,ASSET-ORG-003-018,,2025-01-13T06:37:23,2025-01-13T06:44:57
A-02053,ORG-003,high,brute_force,ASSET-ORG-003-012,,2025-01-18T17:48:58,2025-01-18T17:54:18
A-02054,ORG-003,medium,privilege_escalation,ASSET-ORG-003-003,,2025-04-23T22:13:27,2025-04-25T14:16:16
A-02055,ORG-003,medium,lateral_movement,ASSET-ORG-003-007,,2025-02-27T00:16:30,2025-02-28T16:26:59
A-02056,ORG-003,high,recon,ASSET-ORG-003-029,,2025-06-13T17:47:22,2025-06-13T17:54:55
A-02057,ORG-003,low,privilege_escalation,ASSET-ORG-003-030,,2025-01-26T12:14:43,2025-01-30T20:42:29
A-02058,ORG-003,low,privilege_escalation,ASSET-ORG-003-005,,2025-03-13T09:48:23,2025-03-19T09:47:52
A-02059,ORG-003,medium,malware,ASSET-ORG-003-010,,2025-03-29T22:15:15,2025-04-01T08:52:12
A-02060,ORG-003,critical,recon,ASSET-ORG-003-020,CASE-00406,2025-03-06T22:58:59,2025-03-06T23:01:19
A-02061,ORG-003,high,brute_force,ASSET-ORG-003-016,,2025-03-12T13:17:29,2025-03-12T13:22:59
A-02062,ORG-003,critical,lateral_movement,ASSET-ORG-003-016,,2025-03-28T06:09:17,2025-03-28T06:13:33
A-02063,ORG-003,high,lateral_movement,ASSET-ORG-003-029,CASE-00384,2025-05-10T07:11:16,2025-05-10T07:15:04
A-02064,ORG-003,low,data_exfil,ASSET-ORG-003-037,CASE-00483,2025-05-05T17:40:31,2025-05-09T10:37:45
A-02065,ORG-003,medium,data_exfil,ASSET-ORG-003-033,,2025-05-06T15:26:15,2025-05-09T04:21:39
A-02066,ORG-003,high,privilege_escalation,ASSET-ORG-003-014,,2025-04-22T04:42:03,2025-04-22T04:47:35
A-02067,ORG-003,medium,data_exfil,ASSET-ORG-003-002,,2025-05-25T01:27:45,2025-05-27T00:23:37
A-02068,ORG-003,critical,malware,ASSET-ORG-003-030,,2025-01-12T09:28:52,2025-01-12T09:33:06
A-02069,ORG-003,medium,recon,ASSET-ORG-003-026,,2025-05-13T14:03:02,2025-05-15T22:17:34
A-02070,ORG-003,critical,lateral_movement,ASSET-ORG-003-001,,2025-04-03T03:38:25,2025-04-03T03:42:03
A-02071,ORG-003,low,malware,ASSET-ORG-003-037,CASE-00508,2025-06-08T12:42:17,2025-06-13T18:50:21
A-02072,ORG-003,medium,data_exfil,ASSET-ORG-003-021,,2025-06-21T13:43:52,2025-06-23T04:35:28
A-02073,ORG-003,medium,privilege_escalation,ASSET-ORG-003-020,,2025-04-29T14:16:56,2025-05-01T09:23:26
A-02074,ORG-003,medium,lateral_movement,ASSET-ORG-003-016,,2025-06-21T17:01:39,2025-06-22T23:22:11
A-02075,ORG-003,critical,brute_force,ASSET-ORG-003-023,,2025-05-31T12:10:09,2025-05-31T12:16:58
A-02076,ORG-003,medium,malware,ASSET-ORG-003-022,CASE-00475,2025-06-09T03:16:05,2025-06-11T18:29:17
A-02077,ORG-003,high,recon,ASSET-ORG-003-033,,2025-05-25T04:17:48,2025-05-25T04:22:10
A-02078,ORG-003,medium,lateral_movement,ASSET-ORG-003-005,CASE-00415,2025-04-01T11:17:26,2025-04-04T02:31:23
A-02079,ORG-003,high,phishing,ASSET-ORG-003-008,,2025-03-08T17:56:37,2025-03-08T18:04:07
A-02080,ORG-003,low,malware,ASSET-ORG-003-025,,2025-05-07T07:30:34,2025-05-10T20:17:47
A-02081,ORG-003,medium,phishing,ASSET-ORG-003-033,,2025-01-19T02:07:38,2025-01-21T02:03:10
A-02082,ORG-003,low,data_exfil,ASSET-ORG-003-020,,2025-01-09T06:12:36,2025-01-13T23:12:08
A-02083,ORG-003,medium,malware,ASSET-ORG-003-034,CASE-00509,2025-05-05T09:30:51,2025-05-06T14:17:25
A-02084,ORG-003,critical,privilege_escalation,ASSET-ORG-003-019,,2025-06-11T17:42:18,2025-06-11T17:46:51
A-02085,ORG-003,medium,malware,ASSET-ORG-003-030,,2025-01-29T14:29:30,2025-02-01T04:05:25
A-02086,ORG-003,high,malware,ASSET-ORG-003-027,,2025-04-15T19:49:20,2025-04-15T19:51:21
A-02087,ORG-003,low,data_exfil,ASSET-ORG-003-008,CASE-00531,2025-02-03T07:12:13,2025-02-08T03:58:46
A-02088,ORG-003,high,malware,ASSET-ORG-003-030,,2025-01-12T00:47:37,2025-01-12T00:55:02
A-02089,ORG-003,critical,brute_force,ASSET-ORG-003-018,,2025-02-22T07:08:18,2025-02-22T07:12:09
A-02090,ORG-003,critical,brute_force,ASSET-ORG-003-022,,2025-04-12T08:19:35,2025-04-12T08:27:23
A-02091,ORG-003,critical,lateral_movement,ASSET-ORG-003-019,CASE-00423,2025-06-07T09:14:01,2025-06-07T09:21:39
A-02092,ORG-003,high,recon,ASSET-ORG-003-002,CASE-00473,2025-04-24T16:56:22,2025-04-24T16:59:08
A-02093,ORG-003,high,phishing,ASSET-ORG-003-036,CASE-00471,2025-06-26T14:26:59,2025-06-26T14:31:15
A-02094,ORG-003,medium,phishing,ASSET-ORG-003-025,,2025-05-07T00:40:35,2025-05-09T09:21:40
A-02095,ORG-003,low,brute_force,ASSET-ORG-003-003,,2025-03-10T08:06:55,2025-03-14T11:47:43
A-02096,ORG-003,medium,privilege_escalation,ASSET-ORG-003-024,,2025-06-01T05:51:52,2025-06-03T02:08:08
A-02097,ORG-003,medium,data_exfil,ASSET-ORG-003-016,CASE-00561,2025-04-11T12:59:11,2025-04-13T15:53:17
A-02098,ORG-003,high,malware,ASSET-ORG-003-025,,2025-03-20T07:11:52,2025-03-20T07:17:49
A-02099,ORG-003,high,malware,ASSET-ORG-003-009,,2025-03-14T09:31:43,2025-03-14T09:38:40
A-02100,ORG-003,low,lateral_movement,ASSET-ORG-003-012,,2025-01-27T04:37:32,2025-01-29T11:58:47
A-02101,ORG-003,high,phishing,ASSET-ORG-003-027,CASE-00512,2025-04-20T10:55:06,2025-04-20T11:02:23
A-02102,ORG-003,high,phishing,ASSET-ORG-003-023,,2025-03-15T04:44:21,2025-03-15T04:51:33
A-02103,ORG-003,medium,phishing,ASSET-ORG-003-038,,2025-06-27T15:20:17,2025-06-30T11:15:42
A-02104,ORG-003,high,data_exfil,ASSET-ORG-003-036,,2025-04-10T22:59:31,2025-04-10T23:05:28
A-02105,ORG-003,critical,malware,ASSET-ORG-003-016,CASE-00489,2025-02-19T11:29:11,2025-02-19T11:35:39
A-02106,ORG-003,medium,lateral_movement,ASSET-ORG-003-013,,2025-05-29T10:31:44,2025-06-01T06:10:56
A-02107,ORG-003,critical,lateral_movement,ASSET-ORG-003-030,CASE-00454,2025-06-30T13:51:49,2025-06-30T13:57:13
A-02108,ORG-003,low,lateral_movement,ASSET-ORG-003-037,CASE-00386,2025-01-14T17:33:53,2025-01-18T01:16:24
A-02109,ORG-003,low,privilege_escalation,ASSET-ORG-003-035,,2025-04-02T06:43:08,2025-04-05T02:00:01
A-02110,ORG-003,high,lateral_movement,ASSET-ORG-003-009,,2025-02-27T15:25:41,2025-02-27T15:27:46
A-02111,ORG-003,critical,phishing,ASSET-ORG-003-015,,2025-03-07T09:45:30,2025-03-07T09:49:28
A-02112,ORG-003,high,recon,ASSET-ORG-003-026,,2025-01-25T07:01:09,2025-01-25T07:08:00
A-02113,ORG-003,low,privilege_escalation,ASSET-ORG-003-003,,2025-05-07T00:43:20,2025-05-11T06:36:37
A-02114,ORG-003,high,data_exfil,ASSET-ORG-003-027,CASE-00378,2025-01-20T12:22:57,2025-01-20T12:29:26
A-02115,ORG-003,medium,lateral_movement,ASSET-ORG-003-019,,2025-06-14T23:18:08,2025-06-15T23:47:31
A-02116,ORG-003,low,lateral_movement,ASSET-ORG-003-013,CASE-00435,2025-04-04T15:02:13,2025-04-10T09:08:15
A-02117,ORG-003,medium,malware,ASSET-ORG-003-032,,2025-03-09T21:18:33,2025-03-11T01:49:54
A-02118,ORG-003,critical,brute_force,ASSET-ORG-003-038,,2025-04-27T01:06:43,2025-04-27T01:09:19
A-02119,ORG-003,critical,brute_force,ASSET-ORG-003-012,CASE-00495,2025-06-07T08:34:29,2025-06-07T08:38:59
A-02120,ORG-003,high,recon,ASSET-ORG-003-001,,2025-06-01T09:48:30,2025-06-01T09:52:48
A-02121,ORG-003,medium,brute_force,ASSET-ORG-003-005,,2025-06-29T05:30:53,2025-06-30T05:53:19
A-02122,ORG-003,medium,lateral_movement,ASSET-ORG-003-003,,2025-06-28T10:28:08,
A-02123,ORG-003,critical,lateral_movement,ASSET-ORG-003-016,,2025-05-08T15:45:08,2025-05-08T15:48:33
A-02124,ORG-003,high,brute_force,ASSET-ORG-003-003,CASE-00468,2025-04-28T11:35:26,2025-04-28T11:38:03
A-02125,ORG-003,medium,malware,ASSET-ORG-003-007,CASE-00466,2025-03-04T07:47:11,2025-03-06T16:41:31
A-02126,ORG-003,critical,data_exfil,ASSET-ORG-003-004,CASE-00548,2025-05-06T13:25:56,2025-05-06T13:32:07
A-02127,ORG-003,low,privilege_escalation,ASSET-ORG-003-001,,2025-05-20T04:38:39,2025-05-24T02:00:25
A-02128,ORG-003,high,privilege_escalation,ASSET-ORG-003-035,,2025-01-30T01:14:21,2025-01-30T01:17:52
A-02129,ORG-003,medium,malware,ASSET-ORG-003-016,,2025-04-10T18:12:32,2025-04-12T21:16:43
A-02130,ORG-003,high,brute_force,ASSET-ORG-003-002,,2025-05-09T04:09:21,2025-05-09T04:15:08
A-02131,ORG-003,high,data_exfil,ASSET-ORG-003-019,CASE-00556,2025-05-15T09:10:58,2025-05-15T09:16:41
A-02132,ORG-003,high,data_exfil,ASSET-ORG-003-009,CASE-00438,2025-02-08T20:28:31,2025-02-08T20:30:59
A-02133,ORG-003,high,malware,ASSET-ORG-003-033,,2025-06-26T07:02:30,2025-06-26T07:08:49
A-02134,ORG-003,high,recon,ASSET-ORG-003-036,,2025-04-04T18:47:37,2025-04-04T18:49:58
A-02135,ORG-003,critical,privilege_escalation,ASSET-ORG-003-019,,2025-06-18T02:14:02,2025-06-18T02:17:55
A-02136,ORG-003,high,brute_force,ASSET-ORG-003-036,,2025-01-10T03:14:55,2025-01-10T03:19:50
A-02137,ORG-003,high,data_exfil,ASSET-ORG-003-011,,2025-01-29T11:51:29,2025-01-29T11:53:38
A-02138,ORG-003,critical,data_exfil,ASSET-ORG-003-018,,2025-03-12T13:22:23,2025-03-12T13:26:45
A-02139,ORG-003,critical,recon,ASSET-ORG-003-009,,2025-06-28T08:40:41,2025-06-28T08:48:08
A-02140,ORG-003,high,lateral_movement,ASSET-ORG-003-005,,2025-06-09T18:52:19,2025-06-09T18:59:35
A-02141,ORG-003,high,privilege_escalation,ASSET-ORG-003-032,,2025-06-06T02:28:32,2025-06-06T02:33:50
A-02142,ORG-003,high,lateral_movement,ASSET-ORG-003-037,,2025-03-14T23:56:47,2025-03-14T23:58:48
A-02143,ORG-003,critical,recon,ASSET-ORG-003-020,CASE-00476,2025-01-04T04:38:02,2025-01-04T04:41:08
A-02144,ORG-003,critical,data_exfil,ASSET-ORG-003-034,,2025-03-19T22:07:21,2025-03-19T22:09:45
A-02145,ORG-003,critical,data_exfil,ASSET-ORG-003-016,,2025-03-26T06:27:33,2025-03-26T06:29:37
A-02146,ORG-003,medium,lateral_movement,ASSET-ORG-003-028,,2025-02-21T15:33:55,2025-02-22T16:08:55
A-02147,ORG-003,low,malware,ASSET-ORG-003-016,,2025-05-05T02:23:47,2025-05-07T06:35:33
A-02148,ORG-003,medium,data_exfil,ASSET-ORG-003-024,,2025-04-21T09:02:47,2025-04-23T19:05:16
A-02149,ORG-003,critical,recon,ASSET-ORG-003-035,CASE-00478,2025-03-25T13:43:48,2025-03-25T13:46:10
A-02150,ORG-003,low,recon,ASSET-ORG-003-009,,2025-01-09T12:19:52,2025-01-13T10:47:31
A-02151,ORG-003,medium,malware,ASSET-ORG-003-036,,2025-01-04T03:55:00,2025-01-07T01:50:13
A-02152,ORG-003,high,privilege_escalation,ASSET-ORG-003-019,,2025-05-28T23:35:32,2025-05-28T23:40:21
A-02153,ORG-003,medium,lateral_movement,ASSET-ORG-003-024,,2025-01-30T00:17:31,2025-01-31T09:16:25
A-02154,ORG-003,critical,data_exfil,ASSET-ORG-003-009,CASE-00482,2025-03-02T02:49:34,2025-03-02T02:56:11
A-02155,ORG-003,low,phishing,ASSET-ORG-003-027,,2025-06-25T02:40:53,2025-06-29T13:49:28
A-02156,ORG-003,low,lateral_movement,ASSET-ORG-003-001,CASE-00473,2025-01-14T04:12:40,2025-01-18T20:28:05
A-02157,ORG-003,critical,recon,ASSET-ORG-003-029,CASE-00486,2025-04-22T02:05:36,2025-04-22T02:08:07
A-02158,ORG-003,high,recon,ASSET-ORG-003-021,,2025-03-01T17:28:36,2025-03-01T17:34:22
A-02159,ORG-003,high,lateral_movement,ASSET-ORG-003-024,,2025-02-11T12:21:10,2025-02-11T12:23:59
A-02160,ORG-003,low,recon,ASSET-ORG-003-004,,2025-03-04T00:07:45,2025-03-08T19:09:20
A-02161,ORG-003,low,brute_force,ASSET-ORG-003-026,,2025-04-23T18:25:40,2025-04-27T01:42:41
A-02162,ORG-003,medium,brute_force,ASSET-ORG-003-036,,2025-03-31T07:47:01,2025-04-02T12:37:06
A-02163,ORG-003,low,lateral_movement,ASSET-ORG-003-031,,2025-06-14T13:56:20,2025-06-19T10:58:37
A-02164,ORG-003,high,malware,ASSET-ORG-003-007,CASE-00445,2025-04-20T10:51:18,2025-04-20T10:54:53
A-02165,ORG-003,medium,recon,ASSET-ORG-003-031,,2025-02-11T07:15:37,2025-02-12T16:57:50
A-02166,ORG-003,critical,phishing,ASSET-ORG-003-011,,2025-06-08T08:23:56,2025-06-08T08:29:18
A-02167,ORG-003,medium,recon,ASSET-ORG-003-012,,2025-02-20T03:42:21,2025-02-21T15:44:43
A-02168,ORG-003,medium,malware,ASSET-ORG-003-009,,2025-02-16T06:33:04,2025-02-17T19:49:48
A-02169,ORG-003,medium,brute_force,ASSET-ORG-003-009,CASE-00422,2025-02-11T05:56:19,2025-02-13T03:33:35
A-02170,ORG-003,medium,data_exfil,ASSET-ORG-003-022,,2025-06-09T04:54:35,2025-06-11T04:17:24
A-02171,ORG-003,high,brute_force,ASSET-ORG-003-009,,2025-06-24T02:55:15,2025-06-24T03:00:34
A-02172,ORG-003,low,malware,ASSET-ORG-003-002,CASE-00519,2025-01-01T17:37:00,2025-01-06T02:54:07
A-02173,ORG-003,high,phishing,ASSET-ORG-003-012,,2025-05-31T04:34:12,2025-05-31T04:39:53
A-02174,ORG-003,high,data_exfil,ASSET-ORG-003-030,CASE-00410,2025-02-12T09:33:23,2025-02-12T09:37:07
A-02175,ORG-003,medium,malware,ASSET-ORG-003-026,,2025-03-20T00:33:57,2025-03-21T22:19:09
A-02176,ORG-003,high,privilege_escalation,ASSET-ORG-003-003,,2025-03-07T01:29:01,2025-03-07T01:36:15
A-02177,ORG-003,critical,brute_force,ASSET-ORG-003-006,,2025-05-22T08:22:53,2025-05-22T08:25:12
A-02178,ORG-003,critical,data_exfil,ASSET-ORG-003-018,,2025-01-04T14:13:42,2025-01-04T14:21:27
A-02179,ORG-003,high,phishing,ASSET-ORG-003-028,,2025-03-30T01:11:52,2025-03-30T01:17:27
A-02180,ORG-003,high,data_exfil,ASSET-ORG-003-013,CASE-00388,2025-06-06T06:52:26,2025-06-06T06:58:46
A-02181,ORG-003,medium,data_exfil,ASSET-ORG-003-017,,2025-03-21T22:18:08,2025-03-23T03:28:13
A-02182,ORG-003,critical,phishing,ASSET-ORG-003-038,,2025-05-16T17:29:45,2025-05-16T17:36:37
A-02183,ORG-003,medium,privilege_escalation,ASSET-ORG-003-005,,2025-02-20T00:54:38,2025-02-22T20:30:34
A-02184,ORG-003,critical,lateral_movement,ASSET-ORG-003-021,,2025-06-08T00:53:52,2025-06-08T00:58:32
A-02185,ORG-003,high,phishing,ASSET-ORG-003-015,,2025-04-25T15:49:30,2025-04-25T15:53:41
A-02186,ORG-003,medium,lateral_movement,ASSET-ORG-003-035,CASE-00561,2025-06-06T10:16:56,2025-06-09T09:40:49
A-02187,ORG-003,high,malware,ASSET-ORG-003-005,,2025-02-05T10:17:24,2025-02-05T10:25:14
A-02188,ORG-003,low,phishing,ASSET-ORG-003-013,,2025-06-08T13:43:37,2025-06-14T03:52:54
A-02189,ORG-003,high,data_exfil,ASSET-ORG-003-020,,2025-02-03T12:29:26,2025-02-03T12:36:52
A-02190,ORG-003,medium,recon,ASSET-ORG-003-010,,2025-06-26T12:12:59,2025-06-27T21:35:34
A-02191,ORG-003,medium,privilege_escalation,ASSET-ORG-003-019,,2025-01-14T02:04:19,2025-01-16T06:19:13
A-02192,ORG-003,medium,brute_force,ASSET-ORG-003-026,,2025-03-01T09:49:04,2025-03-03T19:51:46
A-02193,ORG-003,high,data_exfil,ASSET-ORG-003-029,,2025-05-02T01:52:13,2025-05-02T01:56:30
A-02194,ORG-003,medium,malware,ASSET-ORG-003-029,CASE-00551,2025-01-30T22:27:44,2025-02-01T13:07:21
A-02195,ORG-003,high,phishing,ASSET-ORG-003-001,CASE-00399,2025-01-20T05:10:13,2025-01-20T05:15:47
A-02196,ORG-003,medium,data_exfil,ASSET-ORG-003-018,,2025-03-06T04:26:47,2025-03-08T16:48:05
A-02197,ORG-003,high,malware,ASSET-ORG-003-012,,2025-02-19T11:17:39,2025-02-19T11:23:39
A-02198,ORG-003,high,privilege_escalation,ASSET-ORG-003-027,,2025-06-06T23:12:53,2025-06-06T23:19:24
A-02199,ORG-003,high,brute_force,ASSET-ORG-003-017,CASE-00396,2025-03-05T03:03:27,2025-03-05T03:06:21
A-02200,ORG-003,low,malware,ASSET-ORG-003-010,,2025-06-05T16:04:42,2025-06-08T21:27:19
A-02201,ORG-003,low,privilege_escalation,ASSET-ORG-003-003,CASE-00459,2025-05-22T18:55:51,2025-05-25T04:10:55
A-02202,ORG-003,low,phishing,ASSET-ORG-003-014,,2025-04-10T13:19:47,2025-04-16T10:58:17
A-02203,ORG-003,medium,malware,ASSET-ORG-003-018,,2025-05-25T23:54:34,2025-05-27T04:56:44
A-02204,ORG-003,low,data_exfil,ASSET-ORG-003-032,,2025-06-18T13:12:13,2025-06-24T01:04:07
A-02205,ORG-003,high,phishing,ASSET-ORG-003-036,CASE-00447,2025-02-22T04:21:16,2025-02-22T04:24:12
A-02206,ORG-003,high,privilege_escalation,ASSET-ORG-003-025,CASE-00430,2025-05-26T23:36:17,2025-05-26T23:44:10
A-02207,ORG-003,critical,brute_force,ASSET-ORG-003-032,,2025-05-05T07:38:26,2025-05-05T07:45:53
A-02208,ORG-003,low,recon,ASSET-ORG-003-036,,2025-01-09T18:26:55,2025-01-12T14:53:21
A-02209,ORG-003,medium,privilege_escalation,ASSET-ORG-003-003,,2025-06-05T14:56:17,2025-06-07T07:55:26
A-02210,ORG-003,medium,privilege_escalation,ASSET-ORG-003-009,,2025-03-06T11:48:28,2025-03-09T01:42:56
A-02211,ORG-003,critical,lateral_movement,ASSET-ORG-003-029,CASE-00436,2025-05-10T03:04:05,2025-05-10T03:10:00
A-02212,ORG-003,medium,malware,ASSET-ORG-003-020,,2025-01-13T22:48:54,2025-01-16T12:12:21
A-02213,ORG-003,low,lateral_movement,ASSET-ORG-003-034,,2025-05-21T03:03:38,2025-05-24T02:12:42
A-02214,ORG-003,medium,data_exfil,ASSET-ORG-003-033,,2025-06-06T12:08:35,2025-06-08T08:16:25
A-02215,ORG-003,critical,lateral_movement,ASSET-ORG-003-024,CASE-00487,2025-05-21T07:25:39,2025-05-21T07:32:19
A-02216,ORG-003,high,privilege_escalation,ASSET-ORG-003-031,,2025-02-26T19:18:52,2025-02-26T19:25:16
A-02217,ORG-003,high,lateral_movement,ASSET-ORG-003-006,,2025-03-14T03:27:26,2025-03-14T03:30:13
A-02218,ORG-003,medium,data_exfil,ASSET-ORG-003-035,,2025-04-08T05:12:39,2025-04-09T16:06:10
A-02219,ORG-003,medium,privilege_escalation,ASSET-ORG-003-002,,2025-03-23T15:14:43,2025-03-25T02:22:08
A-02220,ORG-003,medium,recon,ASSET-ORG-003-002,CASE-00537,2025-01-30T10:03:41,2025-01-31T22:31:56
A-02221,ORG-003,low,brute_force,ASSET-ORG-003-018,,2025-06-19T12:06:25,2025-06-24T19:03:49
A-02222,ORG-003,medium,lateral_movement,ASSET-ORG-003-017,,2025-01-14T17:01:33,2025-01-17T14:41:28
A-02223,ORG-003,low,privilege_escalation,ASSET-ORG-003-035,,2025-04-16T00:14:58,2025-04-21T19:10:18
A-02224,ORG-003,critical,data_exfil,ASSET-ORG-003-004,,2025-04-19T07:39:33,2025-04-19T07:46:30
A-02225,ORG-003,medium,data_exfil,ASSET-ORG-003-011,,2025-03-20T15:22:34,2025-03-23T07:25:14
A-02226,ORG-003,low,malware,ASSET-ORG-003-031,,2025-03-19T09:34:52,2025-03-21T21:07:34
A-02227,ORG-003,medium,malware,ASSET-ORG-003-022,,2025-05-24T08:23:26,2025-05-25T14:48:51
A-02228,ORG-003,medium,lateral_movement,ASSET-ORG-003-025,,2025-06-14T12:51:54,2025-06-17T12:36:32
A-02229,ORG-003,low,data_exfil,ASSET-ORG-003-003,,2025-06-19T12:49:50,2025-06-22T06:04:37
A-02230,ORG-003,critical,recon,ASSET-ORG-003-015,,2025-02-13T11:28:00,2025-02-13T11:32:20
A-02231,ORG-003,high,brute_force,ASSET-ORG-003-030,,2025-06-28T21:39:48,2025-06-28T21:42:11
A-02232,ORG-003,medium,lateral_movement,ASSET-ORG-003-015,,2025-02-07T02:09:57,2025-02-09T02:48:05
A-02233,ORG-003,low,lateral_movement,ASSET-ORG-003-014,CASE-00421,2025-01-20T10:43:58,2025-01-24T09:45:33
A-02234,ORG-003,medium,recon,ASSET-ORG-003-031,CASE-00410,2025-04-30T23:28:13,2025-05-03T19:24:57
A-02235,ORG-003,critical,brute_force,ASSET-ORG-003-033,,2025-04-15T08:26:30,2025-04-15T08:30:17
A-02236,ORG-003,medium,privilege_escalation,ASSET-ORG-003-010,,2025-02-14T01:03:57,2025-02-17T00:15:52
A-02237,ORG-003,medium,privilege_escalation,ASSET-ORG-003-035,CASE-00538,2025-04-27T20:18:50,2025-04-29T01:44:58
A-02238,ORG-003,low,phishing,ASSET-ORG-003-015,,2025-05-05T01:04:05,2025-05-08T21:07:49
A-02239,ORG-003,high,recon,ASSET-ORG-003-019,,2025-02-21T03:33:15,2025-02-21T03:38:45
A-02240,ORG-003,low,phishing,ASSET-ORG-003-028,,2025-05-21T21:40:38,2025-05-26T11:54:12
A-02241,ORG-003,critical,phishing,ASSET-ORG-003-009,,2025-04-30T01:30:50,2025-04-30T01:35:33
A-02242,ORG-003,high,malware,ASSET-ORG-003-023,,2025-04-24T01:40:41,2025-04-24T01:46:56
A-02243,ORG-003,medium,lateral_movement,ASSET-ORG-003-029,CASE-00558,2025-02-15T08:17:19,2025-02-16T15:53:42
A-02244,ORG-003,critical,recon,ASSET-ORG-003-024,,2025-06-28T23:44:38,2025-06-28T23:52:16
A-02245,ORG-003,high,brute_force,ASSET-ORG-003-006,,2025-03-14T23:53:31,2025-03-14T23:58:41
A-02246,ORG-003,low,phishing,ASSET-ORG-003-020,,2025-02-26T15:07:36,2025-03-02T23:05:40
A-02247,ORG-003,high,lateral_movement,ASSET-ORG-003-008,,2025-03-09T01:34:23,2025-03-09T01:41:46
A-02248,ORG-003,low,data_exfil,ASSET-ORG-003-018,,2025-05-24T20:01:21,2025-05-30T12:49:30
A-02249,ORG-003,critical,lateral_movement,ASSET-ORG-003-007,CASE-00420,2025-03-20T13:03:27,2025-03-20T13:10:16
A-02250,ORG-003,low,malware,ASSET-ORG-003-015,,2025-06-02T23:06:50,2025-06-06T18:46:58
A-02251,ORG-003,high,malware,ASSET-ORG-003-038,,2025-02-19T13:03:51,2025-02-19T13:10:38
A-02252,ORG-003,medium,phishing,ASSET-ORG-003-035,,2025-03-20T15:45:14,2025-03-22T12:46:12
A-02253,ORG-003,high,lateral_movement,ASSET-ORG-003-002,,2025-04-22T16:20:13,2025-04-22T16:27:43
A-02254,ORG-003,low,data_exfil,ASSET-ORG-003-025,CASE-00520,2025-03-29T20:25:46,2025-04-03T15:22:30
A-02255,ORG-003,low,lateral_movement,ASSET-ORG-003-026,CASE-00413,2025-06-27T17:28:12,
A-02256,ORG-003,medium,phishing,ASSET-ORG-003-018,CASE-00552,2025-04-30T04:08:08,2025-05-02T22:58:49
A-02257,ORG-003,high,recon,ASSET-ORG-003-002,,2025-01-19T05:04:50,2025-01-19T05:10:52
A-02258,ORG-003,medium,brute_force,ASSET-ORG-003-026,,2025-01-24T08:37:39,2025-01-26T04:36:17
A-02259,ORG-003,high,privilege_escalation,ASSET-ORG-003-026,,2025-06-26T07:25:35,2025-06-26T07:30:39
A-02260,ORG-003,high,malware,ASSET-ORG-003-008,,2025-04-17T17:15:14,2025-04-17T17:20:30
A-02261,ORG-004,medium,malware,ASSET-ORG-004-001,CASE-00565,2025-03-11T03:09:00,2025-03-13T21:34:37
A-02262,ORG-004,low,malware,ASSET-ORG-004-001,CASE-00565,2025-02-21T00:18:32,2025-02-23T13:48:23
A-02263,ORG-004,medium,malware,ASSET-ORG-004-001,CASE-00565,2025-06-08T03:09:41,2025-06-10T19:02:04
A-02264,ORG-004,medium,malware,ASSET-ORG-004-001,CASE-00566,2025-06-29T16:29:17,
A-02265,ORG-004,high,malware,ASSET-ORG-004-001,CASE-00566,2025-01-28T07:37:29,2025-01-28T18:54:42
A-02266,ORG-004,low,malware,ASSET-ORG-004-001,CASE-00567,2025-02-23T14:13:19,2025-02-27T21:16:04
A-02267,ORG-004,medium,malware,ASSET-ORG-004-001,CASE-00567,2025-03-14T13:59:38,2025-03-17T01:06:24
A-02268,ORG-004,medium,malware,ASSET-ORG-004-001,CASE-00568,2025-04-25T11:56:48,2025-04-27T11:00:59
A-02269,ORG-004,high,malware,ASSET-ORG-004-001,CASE-00568,2025-02-17T08:28:15,2025-02-18T00:29:44
A-02270,ORG-004,medium,malware,ASSET-ORG-004-001,CASE-00568,2025-04-08T11:42:55,2025-04-09T15:28:21
A-02271,ORG-004,medium,malware,ASSET-ORG-004-001,CASE-00569,2025-03-05T00:37:02,2025-03-06T07:19:25
A-02272,ORG-004,high,malware,ASSET-ORG-004-001,CASE-00570,2025-03-22T02:38:07,2025-03-22T13:44:42
A-02273,ORG-004,medium,malware,ASSET-ORG-004-001,CASE-00570,2025-03-24T04:27:47,2025-03-26T02:23:42
A-02274,ORG-004,low,malware,ASSET-ORG-004-001,CASE-00571,2025-06-09T14:38:57,2025-06-15T02:51:13
A-02275,ORG-004,high,phishing,ASSET-ORG-004-001,CASE-00572,2025-01-11T06:02:13,2025-01-11T17:23:56
A-02276,ORG-004,high,phishing,ASSET-ORG-004-001,CASE-00573,2025-06-11T08:28:20,2025-06-11T18:59:10
A-02277,ORG-004,critical,phishing,ASSET-ORG-004-001,CASE-00573,2025-03-03T04:10:45,2025-03-03T06:51:55
A-02278,ORG-004,high,phishing,ASSET-ORG-004-001,CASE-00573,2025-06-23T08:55:10,2025-06-23T21:28:04
A-02279,ORG-004,critical,phishing,ASSET-ORG-004-001,CASE-00574,2025-05-10T02:22:31,2025-05-10T05:58:41
A-02280,ORG-004,medium,phishing,ASSET-ORG-004-001,CASE-00574,2025-06-15T02:51:17,2025-06-16T08:21:15
A-02281,ORG-004,medium,phishing,ASSET-ORG-004-001,CASE-00574,2025-02-07T08:50:59,2025-02-09T01:26:21
A-02282,ORG-004,high,phishing,ASSET-ORG-004-001,CASE-00575,2025-04-27T01:30:23,2025-04-27T14:07:59
A-02283,ORG-004,medium,phishing,ASSET-ORG-004-001,CASE-00576,2025-02-27T20:32:35,2025-03-02T16:55:08
A-02284,ORG-004,high,phishing,ASSET-ORG-004-001,CASE-00576,2025-02-07T12:58:03,2025-02-08T01:50:21
A-02285,ORG-004,low,phishing,ASSET-ORG-004-001,CASE-00577,2025-06-09T09:52:47,2025-06-12T21:11:48
A-02286,ORG-004,low,phishing,ASSET-ORG-004-001,CASE-00577,2025-03-11T04:03:55,2025-03-15T15:00:48
A-02287,ORG-004,critical,phishing,ASSET-ORG-004-001,CASE-00577,2025-05-14T15:58:48,2025-05-14T19:35:46
A-02288,ORG-004,low,brute_force,ASSET-ORG-004-001,CASE-00578,2025-02-21T22:41:31,2025-02-26T21:45:04
A-02289,ORG-004,high,brute_force,ASSET-ORG-004-001,CASE-00578,2025-01-31T14:57:48,2025-02-01T05:41:38
A-02290,ORG-004,high,brute_force,ASSET-ORG-004-001,CASE-00578,2025-03-20T12:16:00,2025-03-21T11:43:19
A-02291,ORG-004,medium,brute_force,ASSET-ORG-004-001,CASE-00579,2025-05-10T12:05:17,2025-05-12T05:04:41
A-02292,ORG-004,low,brute_force,ASSET-ORG-004-001,CASE-00579,2025-04-22T23:05:20,2025-04-28T07:23:55
A-02293,ORG-004,high,brute_force,ASSET-ORG-004-001,CASE-00580,2025-06-20T09:07:08,2025-06-21T05:59:26
A-02294,ORG-004,high,brute_force,ASSET-ORG-004-001,CASE-00581,2025-05-06T05:16:17,2025-05-07T01:58:30
A-02295,ORG-004,medium,brute_force,ASSET-ORG-004-001,CASE-00581,2025-04-17T05:26:54,2025-04-18T21:48:12
A-02296,ORG-004,medium,brute_force,ASSET-ORG-004-001,CASE-00581,2025-03-25T08:03:29,2025-03-27T01:59:48
A-02297,ORG-004,high,brute_force,ASSET-ORG-004-001,CASE-00582,2025-05-05T01:33:43,2025-05-05T13:51:53
A-02298,ORG-004,high,brute_force,ASSET-ORG-004-001,CASE-00582,2025-04-08T02:36:09,2025-04-08T12:07:08
A-02299,ORG-004,high,brute_force,ASSET-ORG-004-001,CASE-00582,2025-02-10T10:22:19,2025-02-11T03:00:02
A-02300,ORG-004,low,brute_force,ASSET-ORG-004-001,CASE-00583,2025-06-25T12:10:51,2025-06-27T14:57:44
A-02301,ORG-004,critical,brute_force,ASSET-ORG-004-001,CASE-00583,2025-01-24T18:49:35,2025-01-24T23:25:29
A-02302,ORG-004,medium,brute_force,ASSET-ORG-004-001,CASE-00584,2025-06-11T10:21:38,2025-06-14T08:26:31
A-02303,ORG-004,low,brute_force,ASSET-ORG-004-001,CASE-00584,2025-02-07T03:18:45,2025-02-12T18:22:49
A-02304,ORG-004,medium,brute_force,ASSET-ORG-004-001,CASE-00584,2025-02-28T08:46:55,2025-03-01T09:36:29
A-02305,ORG-004,medium,brute_force,ASSET-ORG-004-001,CASE-00585,2025-05-17T09:57:40,2025-05-19T13:52:11
A-02306,ORG-004,high,data_exfil,ASSET-ORG-004-001,CASE-00586,2025-04-27T12:35:11,2025-04-27T22:36:21
A-02307,ORG-004,high,data_exfil,ASSET-ORG-004-001,CASE-00587,2025-04-27T19:48:29,2025-04-28T08:45:41
A-02308,ORG-004,high,data_exfil,ASSET-ORG-004-001,CASE-00587,2025-04-03T11:25:48,2025-04-04T07:33:07
A-02309,ORG-004,medium,data_exfil,ASSET-ORG-004-001,CASE-00587,2025-05-15T05:56:57,2025-05-17T01:16:04
A-02310,ORG-004,low,data_exfil,ASSET-ORG-004-001,CASE-00588,2025-01-18T16:44:50,2025-01-21T07:51:14
A-02311,ORG-004,medium,data_exfil,ASSET-ORG-004-001,CASE-00588,2025-01-10T05:38:55,2025-01-12T04:20:06
A-02312,ORG-004,low,data_exfil,ASSET-ORG-004-001,CASE-00589,2025-03-20T11:42:02,2025-03-25T18:58:07
A-02313,ORG-004,medium,data_exfil,ASSET-ORG-004-001,CASE-00589,2025-01-15T01:11:33,2025-01-17T22:24:03
A-02314,ORG-004,medium,data_exfil,ASSET-ORG-004-001,CASE-00590,2025-05-25T05:19:00,2025-05-27T05:16:58
A-02315,ORG-004,critical,data_exfil,ASSET-ORG-004-001,CASE-00590,2025-01-12T22:04:02,2025-01-13T04:25:06
A-02316,ORG-004,critical,recon,ASSET-ORG-004-001,CASE-00591,2025-05-17T07:02:41,2025-05-17T09:49:52
A-02317,ORG-004,low,recon,ASSET-ORG-004-001,CASE-00591,2025-01-04T03:36:30,2025-01-06T23:19:16
A-02318,ORG-004,critical,recon,ASSET-ORG-004-001,CASE-00592,2025-01-26T17:35:16,2025-01-27T00:26:41
A-02319,ORG-004,critical,recon,ASSET-ORG-004-001,CASE-00592,2025-06-30T11:29:10,2025-06-30T19:00:58
A-02320,ORG-004,critical,recon,ASSET-ORG-004-001,CASE-00593,2025-04-18T14:19:45,2025-04-18T17:03:16
A-02321,ORG-004,medium,recon,ASSET-ORG-004-001,CASE-00593,2025-02-25T14:06:20,2025-02-27T02:26:06
A-02322,ORG-004,critical,recon,ASSET-ORG-004-001,CASE-00593,2025-02-16T02:41:01,2025-02-16T05:26:01
A-02323,ORG-004,medium,recon,ASSET-ORG-004-001,CASE-00594,2025-05-09T12:37:44,2025-05-11T02:08:23
A-02324,ORG-004,low,recon,ASSET-ORG-004-001,CASE-00594,2025-02-04T01:53:27,2025-02-10T01:25:33
A-02325,ORG-004,high,recon,ASSET-ORG-004-001,CASE-00594,2025-05-20T22:32:14,2025-05-21T21:15:34
A-02326,ORG-004,medium,recon,ASSET-ORG-004-001,CASE-00595,2025-04-09T09:18:59,2025-04-12T02:50:16
A-02327,ORG-004,medium,recon,ASSET-ORG-004-001,CASE-00595,2025-01-12T07:57:02,2025-01-13T10:10:50
A-02328,ORG-004,medium,malware,ASSET-ORG-004-002,CASE-00596,2025-02-27T12:35:44,2025-02-28T23:12:03
A-02329,ORG-004,critical,malware,ASSET-ORG-004-002,CASE-00596,2025-05-04T22:00:06,2025-05-05T00:47:17
A-02330,ORG-004,critical,malware,ASSET-ORG-004-002,CASE-00597,2025-02-27T02:25:12,2025-02-27T10:22:19
A-02331,ORG-004,low,malware,ASSET-ORG-004-002,CASE-00597,2025-03-15T09:56:53,2025-03-20T12:06:43
A-02332,ORG-004,medium,malware,ASSET-ORG-004-002,CASE-00597,2025-06-01T01:52:46,2025-06-02T09:21:03
A-02333,ORG-004,medium,malware,ASSET-ORG-004-002,CASE-00598,2025-01-12T10:56:03,2025-01-14T06:44:11
A-02334,ORG-004,medium,malware,ASSET-ORG-004-002,CASE-00598,2025-01-20T11:23:17,2025-01-22T22:46:02
A-02335,ORG-004,high,malware,ASSET-ORG-004-002,CASE-00599,2025-06-03T22:27:10,2025-06-04T18:27:37
A-02336,ORG-004,high,malware,ASSET-ORG-004-002,CASE-00600,2025-03-05T10:43:43,2025-03-06T10:29:58
A-02337,ORG-004,critical,malware,ASSET-ORG-004-002,CASE-00600,2025-05-26T21:21:18,2025-05-27T04:23:59
A-02338,ORG-004,medium,malware,ASSET-ORG-004-002,CASE-00600,2025-02-17T19:43:23,2025-02-19T20:59:34
A-02339,ORG-004,critical,malware,ASSET-ORG-004-002,CASE-00601,2025-05-05T21:11:45,2025-05-06T04:01:32
A-02340,ORG-004,medium,malware,ASSET-ORG-004-002,CASE-00602,2025-01-08T22:46:13,2025-01-11T18:22:23
A-02341,ORG-004,critical,malware,ASSET-ORG-004-002,CASE-00602,2025-01-15T03:12:58,2025-01-15T05:25:55
A-02342,ORG-004,critical,malware,ASSET-ORG-004-002,CASE-00603,2025-03-06T15:30:09,2025-03-06T18:39:05
A-02343,ORG-004,medium,malware,ASSET-ORG-004-002,CASE-00603,2025-02-25T21:25:04,2025-02-28T19:12:22
A-02344,ORG-004,medium,phishing,ASSET-ORG-004-002,CASE-00604,2025-04-07T15:33:07,2025-04-10T08:16:29
A-02345,ORG-004,critical,phishing,ASSET-ORG-004-002,CASE-00605,2025-02-13T02:12:56,2025-02-13T09:51:50
A-02346,ORG-004,medium,phishing,ASSET-ORG-004-002,CASE-00605,2025-03-03T22:21:06,2025-03-05T22:31:20
A-02347,ORG-004,medium,phishing,ASSET-ORG-004-002,CASE-00605,2025-01-05T01:11:43,2025-01-07T16:51:41
A-02348,ORG-004,high,phishing,ASSET-ORG-004-002,CASE-00606,2025-06-23T13:42:14,2025-06-24T00:29:35
A-02349,ORG-004,high,phishing,ASSET-ORG-004-002,CASE-00606,2025-03-23T15:06:22,2025-03-24T07:28:28
A-02350,ORG-004,critical,phishing,ASSET-ORG-004-002,CASE-00606,2025-03-22T11:07:30,2025-03-22T13:58:25
A-02351,ORG-004,medium,phishing,ASSET-ORG-004-002,CASE-00607,2025-04-18T03:44:49,2025-04-19T08:00:47
A-02352,ORG-004,high,phishing,ASSET-ORG-004-002,CASE-00607,2025-03-19T08:59:48,2025-03-20T04:12:35
A-02353,ORG-004,high,phishing,ASSET-ORG-004-002,CASE-00608,2025-06-20T04:30:13,2025-06-21T03:16:41
A-02354,ORG-004,medium,phishing,ASSET-ORG-004-002,CASE-00609,2025-05-29T21:30:41,2025-05-30T23:50:05
A-02355,ORG-004,high,phishing,ASSET-ORG-004-002,CASE-00609,2025-02-17T21:14:30,2025-02-18T21:08:09
A-02356,ORG-004,medium,brute_force,ASSET-ORG-004-002,CASE-00610,2025-03-15T13:26:45,2025-03-16T14:32:03
A-02357,ORG-004,medium,brute_force,ASSET-ORG-004-002,CASE-00610,2025-02-13T00:50:20,2025-02-16T00:41:30
A-02358,ORG-004,high,brute_force,ASSET-ORG-004-002,CASE-00611,2025-04-15T10:25:28,2025-04-16T09:10:40
A-02359,ORG-004,critical,brute_force,ASSET-ORG-004-002,CASE-00612,2025-06-21T05:14:08,2025-06-21T12:51:13
A-02360,ORG-004,critical,brute_force,ASSET-ORG-004-002,CASE-00612,2025-01-17T21:30:33,2025-01-18T03:12:58
A-02361,ORG-004,medium,brute_force,ASSET-ORG-004-002,CASE-00613,2025-04-03T04:54:37,2025-04-04T05:16:15
A-02362,ORG-004,high,brute_force,ASSET-ORG-004-002,CASE-00613,2025-06-12T22:01:49,2025-06-13T10:13:43
A-02363,ORG-004,critical,brute_force,ASSET-ORG-004-002,CASE-00614,2025-01-19T11:45:20,2025-01-19T19:04:50
A-02364,ORG-004,high,phishing,ASSET-ORG-004-032,,2025-06-20T09:02:04,2025-06-20T19:07:10
A-02365,ORG-004,medium,phishing,ASSET-ORG-004-025,,2025-04-27T04:09:10,2025-04-28T18:46:21
A-02366,ORG-004,critical,malware,ASSET-ORG-004-038,CASE-00629,2025-01-11T04:16:21,2025-01-11T11:03:47
A-02367,ORG-004,medium,malware,ASSET-ORG-004-012,,2025-04-13T06:43:38,2025-04-16T05:35:59
A-02368,ORG-004,critical,recon,ASSET-ORG-004-039,CASE-00686,2025-05-27T19:12:24,2025-05-27T22:50:32
A-02369,ORG-004,high,malware,ASSET-ORG-004-016,,2025-05-30T13:55:31,2025-05-31T05:31:31
A-02370,ORG-004,medium,brute_force,ASSET-ORG-004-037,,2025-02-28T20:32:51,2025-03-03T05:57:39
A-02371,ORG-004,medium,privilege_escalation,ASSET-ORG-004-001,,2025-06-19T06:57:07,2025-06-21T08:15:17
A-02372,ORG-004,critical,brute_force,ASSET-ORG-004-036,CASE-00637,2025-02-11T04:24:55,2025-02-11T08:38:27
A-02373,ORG-004,critical,recon,ASSET-ORG-004-038,,2025-01-25T05:34:22,2025-01-25T10:22:48
A-02374,ORG-004,critical,lateral_movement,ASSET-ORG-004-007,,2025-03-20T17:56:05,2025-03-21T00:21:24
A-02375,ORG-004,medium,phishing,ASSET-ORG-004-027,CASE-00750,2025-06-29T23:22:23,
A-02376,ORG-004,low,privilege_escalation,ASSET-ORG-004-041,,2025-02-01T08:28:53,2025-02-06T03:27:27
A-02377,ORG-004,critical,data_exfil,ASSET-ORG-004-028,CASE-00655,2025-03-28T04:30:21,2025-03-28T11:11:27
A-02378,ORG-004,low,brute_force,ASSET-ORG-004-011,,2025-02-06T08:42:03,2025-02-11T16:50:37
A-02379,ORG-004,low,recon,ASSET-ORG-004-039,,2025-01-01T03:08:57,2025-01-05T22:41:41
A-02380,ORG-004,medium,data_exfil,ASSET-ORG-004-030,CASE-00702,2025-01-30T13:44:28,2025-02-01T21:19:55
A-02381,ORG-004,low,brute_force,ASSET-ORG-004-035,,2025-01-05T18:48:55,2025-01-09T16:59:40
A-02382,ORG-004,high,recon,ASSET-ORG-004-038,CASE-00714,2025-02-06T14:20:18,2025-02-07T08:44:42
A-02383,ORG-004,high,lateral_movement,ASSET-ORG-004-008,CASE-00751,2025-06-13T09:44:13,2025-06-13T23:21:02
A-02384,ORG-004,medium,lateral_movement,ASSET-ORG-004-012,,2025-04-12T12:40:17,2025-04-14T21:14:09
A-02385,ORG-004,medium,recon,ASSET-ORG-004-013,,2025-01-04T11:58:09,2025-01-05T20:57:41
A-02386,ORG-004,medium,data_exfil,ASSET-ORG-004-018,,2025-02-03T04:31:23,2025-02-05T22:08:49
A-02387,ORG-004,low,data_exfil,ASSET-ORG-004-039,CASE-00673,2025-02-10T22:29:42,2025-02-13T15:50:06
A-02388,ORG-004,high,phishing,ASSET-ORG-004-002,,2025-01-27T10:16:44,2025-01-28T09:04:04
A-02389,ORG-004,high,privilege_escalation,ASSET-ORG-004-041,,2025-02-25T23:29:01,2025-02-26T07:56:11
A-02390,ORG-004,high,data_exfil,ASSET-ORG-004-032,,2025-02-19T15:42:18,2025-02-20T00:36:35
A-02391,ORG-004,high,lateral_movement,ASSET-ORG-004-005,,2025-02-24T12:05:53,2025-02-25T03:01:50
A-02392,ORG-004,low,recon,ASSET-ORG-004-013,,2025-06-02T17:35:00,2025-06-06T12:47:22
A-02393,ORG-004,critical,data_exfil,ASSET-ORG-004-032,,2025-02-11T21:51:38,2025-02-12T03:48:45
A-02394,ORG-004,high,malware,ASSET-ORG-004-030,,2025-04-02T19:13:54,2025-04-03T09:52:29
A-02395,ORG-004,medium,recon,ASSET-ORG-004-036,,2025-02-12T10:01:06,2025-02-15T09:51:05
A-02396,ORG-004,high,lateral_movement,ASSET-ORG-004-028,,2025-04-26T22:30:54,2025-04-27T19:05:07
A-02397,ORG-004,critical,lateral_movement,ASSET-ORG-004-003,,2025-04-26T17:00:19,2025-04-26T20:35:49
A-02398,ORG-004,medium,recon,ASSET-ORG-004-003,CASE-00769,2025-05-16T07:59:22,2025-05-18T18:01:38
A-02399,ORG-004,low,lateral_movement,ASSET-ORG-004-041,,2025-05-14T03:14:40,2025-05-16T03:56:29
A-02400,ORG-004,critical,malware,ASSET-ORG-004-009,,2025-05-14T19:34:03,2025-05-15T03:21:24
A-02401,ORG-004,critical,data_exfil,ASSET-ORG-004-039,CASE-00631,2025-02-21T10:09:56,2025-02-21T14:16:55
A-02402,ORG-004,critical,phishing,ASSET-ORG-004-016,,2025-05-08T13:00:17,2025-05-08T18:12:50
A-02403,ORG-004,medium,privilege_escalation,ASSET-ORG-004-025,,2025-06-25T22:46:54,2025-06-27T12:07:13
A-02404,ORG-004,medium,recon,ASSET-ORG-004-024,,2025-04-07T07:06:32,2025-04-08T23:22:46
A-02405,ORG-004,high,privilege_escalation,ASSET-ORG-004-028,,2025-01-08T22:58:13,2025-01-09T21:30:02
A-02406,ORG-004,high,lateral_movement,ASSET-ORG-004-015,,2025-05-14T17:17:04,2025-05-15T09:32:41
A-02407,ORG-004,critical,data_exfil,ASSET-ORG-004-017,,2025-03-16T19:29:38,2025-03-16T22:21:46
A-02408,ORG-004,high,data_exfil,ASSET-ORG-004-011,,2025-05-28T18:45:09,2025-05-29T10:29:48
A-02409,ORG-004,medium,data_exfil,ASSET-ORG-004-026,,2025-02-01T00:38:46,2025-02-02T01:40:26
A-02410,ORG-004,high,privilege_escalation,ASSET-ORG-004-016,,2025-06-29T05:14:43,2025-06-30T00:30:14
A-02411,ORG-004,medium,phishing,ASSET-ORG-004-009,,2025-06-27T13:19:02,2025-06-29T19:48:40
A-02412,ORG-004,low,recon,ASSET-ORG-004-036,CASE-00673,2025-04-14T00:44:27,2025-04-16T06:20:40
A-02413,ORG-004,medium,data_exfil,ASSET-ORG-004-020,CASE-00770,2025-03-13T02:55:53,2025-03-14T06:17:43
A-02414,ORG-004,medium,phishing,ASSET-ORG-004-007,CASE-00659,2025-02-17T19:55:05,2025-02-19T14:30:43
A-02415,ORG-004,critical,lateral_movement,ASSET-ORG-004-022,CASE-00771,2025-02-26T20:34:05,2025-02-27T03:56:33
A-02416,ORG-004,medium,phishing,ASSET-ORG-004-028,,2025-06-21T10:45:47,2025-06-24T07:32:55
A-02417,ORG-004,high,malware,ASSET-ORG-004-042,CASE-00764,2025-01-21T19:36:08,2025-01-22T09:26:24
A-02418,ORG-004,high,privilege_escalation,ASSET-ORG-004-022,,2025-06-07T01:44:14,2025-06-07T10:54:23
A-02419,ORG-004,low,phishing,ASSET-ORG-004-040,CASE-00643,2025-01-17T04:35:04,2025-01-19T12:23:12
A-02420,ORG-004,low,phishing,ASSET-ORG-004-011,,2025-01-20T00:28:52,2025-01-25T14:56:43
A-02421,ORG-004,high,data_exfil,ASSET-ORG-004-008,CASE-00732,2025-05-31T01:51:48,2025-05-31T10:21:11
A-02422,ORG-004,medium,recon,ASSET-ORG-004-006,,2025-03-14T11:03:07,2025-03-16T01:21:37
A-02423,ORG-004,medium,data_exfil,ASSET-ORG-004-034,CASE-00648,2025-02-17T09:17:21,2025-02-20T02:06:02
A-02424,ORG-004,low,phishing,ASSET-ORG-004-039,,2025-03-03T09:38:16,2025-03-08T10:53:32
A-02425,ORG-004,medium,lateral_movement,ASSET-ORG-004-014,CASE-00617,2025-02-23T00:56:10,2025-02-25T06:39:07
A-02426,ORG-004,medium,phishing,ASSET-ORG-004-028,,2025-04-16T04:31:17,2025-04-18T17:17:36
A-02427,ORG-004,low,brute_force,ASSET-ORG-004-007,CASE-00627,2025-02-17T07:39:05,2025-02-20T19:16:08
A-02428,ORG-004,medium,recon,ASSET-ORG-004-011,CASE-00675,2025-03-12T05:28:02,2025-03-13T22:39:20
A-02429,ORG-004,medium,recon,ASSET-ORG-004-008,,2025-05-21T12:31:21,2025-05-24T10:55:12
A-02430,ORG-004,critical,lateral_movement,ASSET-ORG-004-031,,2025-02-17T16:16:00,2025-02-17T21:43:44
A-02431,ORG-004,critical,phishing,ASSET-ORG-004-006,CASE-00625,2025-02-19T21:36:34,2025-02-20T00:31:01
A-02432,ORG-004,medium,privilege_escalation,ASSET-ORG-004-042,,2025-05-11T08:26:48,2025-05-13T23:16:05
A-02433,ORG-004,critical,data_exfil,ASSET-ORG-004-001,,2025-04-13T17:43:15,2025-04-13T23:06:02
A-02434,ORG-004,high,brute_force,ASSET-ORG-004-027,,2025-04-28T13:52:17,2025-04-29T06:28:30
A-02435,ORG-004,high,phishing,ASSET-ORG-004-029,,2025-03-28T15:11:48,2025-03-29T12:33:55
A-02436,ORG-004,high,phishing,ASSET-ORG-004-026,,2025-05-29T12:45:00,2025-05-30T11:50:41
A-02437,ORG-004,high,phishing,ASSET-ORG-004-035,,2025-06-14T06:57:34,2025-06-15T06:28:15
A-02438,ORG-004,medium,brute_force,ASSET-ORG-004-025,,2025-01-14T08:51:10,2025-01-16T06:50:18
A-02439,ORG-004,critical,lateral_movement,ASSET-ORG-004-008,,2025-01-14T21:45:56,2025-01-15T03:55:33
A-02440,ORG-004,critical,data_exfil,ASSET-ORG-004-035,,2025-05-24T03:14:14,2025-05-24T09:04:25
A-02441,ORG-004,low,data_exfil,ASSET-ORG-004-038,,2025-04-10T03:10:00,2025-04-15T01:30:50
A-02442,ORG-004,medium,phishing,ASSET-ORG-004-001,CASE-00756,2025-01-06T11:55:09,2025-01-08T08:11:04
A-02443,ORG-004,medium,malware,ASSET-ORG-004-023,,2025-04-22T23:23:54,2025-04-24T12:35:14
A-02444,ORG-004,high,recon,ASSET-ORG-004-015,CASE-00629,2025-02-24T09:38:17,2025-02-24T18:48:38
A-02445,ORG-004,high,malware,ASSET-ORG-004-034,CASE-00655,2025-02-07T09:29:08,2025-02-07T17:51:26
A-02446,ORG-004,medium,recon,ASSET-ORG-004-040,,2025-05-22T13:50:40,2025-05-25T03:45:22
A-02447,ORG-004,medium,brute_force,ASSET-ORG-004-011,,2025-06-30T13:27:16,
A-02448,ORG-004,low,brute_force,ASSET-ORG-004-034,,2025-05-24T06:15:16,2025-05-26T20:04:41
A-02449,ORG-004,high,lateral_movement,ASSET-ORG-004-021,CASE-00634,2025-03-20T21:52:43,2025-03-21T21:33:46
A-02450,ORG-004,high,privilege_escalation,ASSET-ORG-004-012,,2025-05-25T15:14:09,2025-05-26T15:00:51
A-02451,ORG-004,medium,malware,ASSET-ORG-004-037,,2025-06-12T22:51:47,2025-06-14T14:14:47
A-02452,ORG-004,high,phishing,ASSET-ORG-004-004,,2025-01-23T02:28:47,2025-01-24T00:22:50
A-02453,ORG-004,critical,phishing,ASSET-ORG-004-013,CASE-00658,2025-03-23T20:45:34,2025-03-23T23:51:23
A-02454,ORG-004,critical,lateral_movement,ASSET-ORG-004-039,,2025-06-12T02:25:16,2025-06-12T04:56:00
A-02455,ORG-004,medium,brute_force,ASSET-ORG-004-027,,2025-06-25T12:02:17,2025-06-27T05:06:28
A-02456,ORG-004,medium,recon,ASSET-ORG-004-041,,2025-01-30T22:17:04,2025-02-01T08:52:45
A-02457,ORG-004,low,malware,ASSET-ORG-004-029,,2025-06-07T00:55:03,2025-06-10T16:34:41
A-02458,ORG-004,medium,privilege_escalation,ASSET-ORG-004-017,,2025-06-11T13:44:02,2025-06-14T01:40:18
A-02459,ORG-004,low,malware,ASSET-ORG-004-012,,2025-05-18T05:18:48,2025-05-21T08:40:25
A-02460,ORG-004,high,malware,ASSET-ORG-004-014,,2025-05-21T10:57:08,2025-05-22T09:00:58
A-02461,ORG-004,critical,privilege_escalation,ASSET-ORG-004-031,,2025-04-27T02:01:24,2025-04-27T07:39:49
A-02462,ORG-004,high,privilege_escalation,ASSET-ORG-004-038,,2025-04-15T13:01:46,2025-04-16T05:29:28
A-02463,ORG-004,low,brute_force,ASSET-ORG-004-042,,2025-05-28T15:52:56,2025-05-31T05:25:07
A-02464,ORG-004,high,data_exfil,ASSET-ORG-004-029,,2025-01-06T14:08:16,2025-01-07T06:50:36
A-02465,ORG-004,medium,lateral_movement,ASSET-ORG-004-011,CASE-00648,2025-05-23T17:13:59,2025-05-25T12:55:15
A-02466,ORG-004,critical,phishing,ASSET-ORG-004-028,,2025-03-02T17:09:13,2025-03-02T21:57:43
A-02467,ORG-004,high,brute_force,ASSET-ORG-004-011,,2025-02-27T13:56:02,2025-02-28T11:47:00
A-02468,ORG-004,medium,lateral_movement,ASSET-ORG-004-002,,2025-01-31T13:15:59,2025-02-02T09:37:11
A-02469,ORG-004,high,lateral_movement,ASSET-ORG-004-006,,2025-01-23T21:59:28,2025-01-24T18:09:26
A-02470,ORG-004,medium,malware,ASSET-ORG-004-020,,2025-04-07T02:50:01,2025-04-09T04:25:58
A-02471,ORG-004,low,phishing,ASSET-ORG-004-020,,2025-06-12T20:57:17,2025-06-16T20:15:19
A-02472,ORG-004,medium,recon,ASSET-ORG-004-012,,2025-03-16T20:45:46,2025-03-18T02:18:13
A-02473,ORG-004,high,brute_force,ASSET-ORG-004-012,,2025-05-26T12:13:08,2025-05-27T06:44:21
A-02474,ORG-004,medium,data_exfil,ASSET-ORG-004-039,,2025-02-03T15:29:32,2025-02-05T03:43:00
A-02475,ORG-004,low,lateral_movement,ASSET-ORG-004-035,,2025-06-01T22:24:50,2025-06-05T02:21:27
A-02476,ORG-004,high,data_exfil,ASSET-ORG-004-028,CASE-00653,2025-05-11T18:01:37,2025-05-12T05:15:41
A-02477,ORG-004,medium,phishing,ASSET-ORG-004-017,,2025-02-10T12:33:06,2025-02-12T22:58:05
A-02478,ORG-004,critical,data_exfil,ASSET-ORG-004-024,,2025-06-07T15:53:35,2025-06-07T20:30:51
A-02479,ORG-004,high,data_exfil,ASSET-ORG-004-018,CASE-00699,2025-02-09T15:39:08,2025-02-10T05:50:31
A-02480,ORG-004,low,privilege_escalation,ASSET-ORG-004-040,,2025-03-14T11:19:12,2025-03-20T03:58:47
A-02481,ORG-004,medium,data_exfil,ASSET-ORG-004-019,,2025-03-05T10:48:29,2025-03-07T02:03:55
A-02482,ORG-004,medium,recon,ASSET-ORG-004-013,,2025-01-01T21:06:44,2025-01-02T23:51:09
A-02483,ORG-004,high,brute_force,ASSET-ORG-004-019,,2025-05-24T14:39:17,2025-05-25T11:56:20
A-02484,ORG-004,medium,brute_force,ASSET-ORG-004-030,,2025-01-04T04:26:05,2025-01-06T10:11:12
A-02485,ORG-004,medium,malware,ASSET-ORG-004-006,CASE-00681,2025-01-06T02:38:43,2025-01-07T18:17:35
A-02486,ORG-004,high,data_exfil,ASSET-ORG-004-021,,2025-01-01T00:14:24,2025-01-01T20:07:14
A-02487,ORG-004,medium,brute_force,ASSET-ORG-004-037,,2025-06-22T04:52:24,2025-06-23T18:01:53
A-02488,ORG-004,medium,brute_force,ASSET-ORG-004-002,,2025-06-21T10:48:52,2025-06-23T07:04:30
A-02489,ORG-004,medium,phishing,ASSET-ORG-004-032,,2025-03-08T15:13:17,2025-03-10T13:51:28
A-02490,ORG-004,high,lateral_movement,ASSET-ORG-004-035,,2025-04-25T03:28:26,2025-04-25T14:31:44
A-02491,ORG-004,low,brute_force,ASSET-ORG-004-004,CASE-00623,2025-06-17T10:09:48,2025-06-20T21:13:13
A-02492,ORG-004,low,recon,ASSET-ORG-004-005,,2025-05-03T04:12:52,2025-05-07T16:06:37
A-02493,ORG-004,medium,privilege_escalation,ASSET-ORG-004-027,CASE-00688,2025-06-16T21:20:01,2025-06-19T14:03:34
A-02494,ORG-004,critical,recon,ASSET-ORG-004-023,,2025-02-12T20:41:53,2025-02-12T22:52:13
A-02495,ORG-004,critical,privilege_escalation,ASSET-ORG-004-040,,2025-05-06T22:19:56,2025-05-07T02:13:44
A-02496,ORG-004,high,recon,ASSET-ORG-004-025,,2025-05-28T09:08:03,2025-05-29T01:46:42
A-02497,ORG-004,high,brute_force,ASSET-ORG-004-019,,2025-02-11T00:39:31,2025-02-11T20:06:24
A-02498,ORG-004,critical,phishing,ASSET-ORG-004-013,CASE-00752,2025-02-13T04:13:39,2025-02-13T09:36:08
A-02499,ORG-004,high,privilege_escalation,ASSET-ORG-004-023,CASE-00729,2025-03-31T12:20:29,2025-04-01T04:44:37
A-02500,ORG-004,low,data_exfil,ASSET-ORG-004-035,,2025-03-02T19:26:21,2025-03-05T01:25:50
A-02501,ORG-004,low,privilege_escalation,ASSET-ORG-004-024,,2025-04-30T02:04:19,2025-05-03T17:46:27
A-02502,ORG-004,low,privilege_escalation,ASSET-ORG-004-033,,2025-05-19T10:10:42,2025-05-23T10:51:42
A-02503,ORG-004,low,malware,ASSET-ORG-004-016,,2025-04-03T11:14:40,2025-04-07T19:56:21
A-02504,ORG-004,high,brute_force,ASSET-ORG-004-006,CASE-00737,2025-03-01T19:58:06,2025-03-02T14:49:56
A-02505,ORG-004,critical,recon,ASSET-ORG-004-004,CASE-00668,2025-06-03T03:55:03,2025-06-03T06:12:42
A-02506,ORG-004,medium,phishing,ASSET-ORG-004-019,,2025-05-21T06:24:06,2025-05-23T01:34:52
A-02507,ORG-004,high,phishing,ASSET-ORG-004-013,,2025-06-17T22:48:56,2025-06-18T19:08:12
A-02508,ORG-004,medium,malware,ASSET-ORG-004-005,,2025-01-12T15:17:38,2025-01-14T09:10:18
A-02509,ORG-004,medium,brute_force,ASSET-ORG-004-027,,2025-01-16T02:33:30,2025-01-17T08:17:11
A-02510,ORG-004,high,malware,ASSET-ORG-004-006,,2025-04-17T08:05:15,2025-04-17T17:56:26
A-02511,ORG-004,high,brute_force,ASSET-ORG-004-031,,2025-03-29T02:59:15,2025-03-29T18:43:31
A-02512,ORG-004,high,data_exfil,ASSET-ORG-004-001,,2025-02-24T11:59:22,2025-02-25T09:06:23
A-02513,ORG-004,critical,data_exfil,ASSET-ORG-004-022,,2025-04-27T14:03:41,2025-04-27T21:23:48
A-02514,ORG-004,medium,phishing,ASSET-ORG-004-032,CASE-00661,2025-03-24T02:27:06,2025-03-25T23:15:39
A-02515,ORG-004,low,lateral_movement,ASSET-ORG-004-016,,2025-05-02T00:03:03,2025-05-07T05:58:12
A-02516,ORG-004,medium,data_exfil,ASSET-ORG-004-003,CASE-00637,2025-03-01T20:54:28,2025-03-04T08:11:30
A-02517,ORG-004,medium,recon,ASSET-ORG-004-022,,2025-02-02T13:21:01,2025-02-04T08:21:59
A-02518,ORG-004,critical,lateral_movement,ASSET-ORG-004-011,,2025-06-27T22:22:44,2025-06-28T02:26:07
A-02519,ORG-004,medium,privilege_escalation,ASSET-ORG-004-027,,2025-03-22T07:36:28,2025-03-24T06:11:17
A-02520,ORG-004,high,malware,ASSET-ORG-004-014,,2025-01-18T12:14:04,2025-01-18T23:56:24
A-02521,ORG-004,high,brute_force,ASSET-ORG-004-027,CASE-00746,2025-05-30T23:51:33,2025-05-31T13:39:11
A-02522,ORG-004,high,recon,ASSET-ORG-004-021,CASE-00645,2025-03-08T17:53:05,2025-03-09T17:50:48
A-02523,ORG-004,critical,phishing,ASSET-ORG-004-036,,2025-03-14T20:07:49,2025-03-15T01:08:12
A-02524,ORG-004,low,malware,ASSET-ORG-004-038,CASE-00667,2025-02-12T18:51:19,2025-02-16T16:09:18
A-02525,ORG-004,low,recon,ASSET-ORG-004-005,CASE-00629,2025-06-09T01:23:44,2025-06-12T14:59:55
A-02526,ORG-004,medium,privilege_escalation,ASSET-ORG-004-012,CASE-00647,2025-03-02T12:53:30,2025-03-04T00:19:22
A-02527,ORG-004,low,lateral_movement,ASSET-ORG-004-007,CASE-00628,2025-02-03T16:03:02,2025-02-06T01:16:16
A-02528,ORG-004,critical,phishing,ASSET-ORG-004-006,CASE-00717,2025-03-06T12:49:02,2025-03-06T20:39:10
A-02529,ORG-004,high,data_exfil,ASSET-ORG-004-029,,2025-04-14T11:08:22,2025-04-14T20:44:25
A-02530,ORG-004,high,data_exfil,ASSET-ORG-004-027,,2025-05-24T23:16:42,2025-05-25T22:33:33
A-02531,ORG-004,medium,phishing,ASSET-ORG-004-039,,2025-04-25T18:18:59,2025-04-27T01:28:22
A-02532,ORG-004,medium,recon,ASSET-ORG-004-007,,2025-01-05T10:45:29,2025-01-07T17:17:39
A-02533,ORG-004,medium,lateral_movement,ASSET-ORG-004-025,,2025-05-14T23:44:03,2025-05-17T20:34:46
A-02534,ORG-004,critical,lateral_movement,ASSET-ORG-004-008,,2025-03-20T13:05:47,2025-03-20T19:58:15
A-02535,ORG-004,low,data_exfil,ASSET-ORG-004-011,,2025-05-07T07:00:24,2025-05-11T14:29:52
A-02536,ORG-004,high,phishing,ASSET-ORG-004-002,,2025-04-13T17:40:58,2025-04-14T05:12:22
A-02537,ORG-004,high,privilege_escalation,ASSET-ORG-004-009,CASE-00705,2025-04-18T01:05:45,2025-04-18T20:30:55
A-02538,ORG-004,low,brute_force,ASSET-ORG-004-036,,2025-03-07T22:39:07,2025-03-13T16:19:03
A-02539,ORG-004,high,brute_force,ASSET-ORG-004-022,CASE-00771,2025-02-06T04:03:50,2025-02-07T01:07:13
A-02540,ORG-004,critical,recon,ASSET-ORG-004-002,CASE-00712,2025-02-03T16:34:49,2025-02-03T20:14:10
A-02541,ORG-004,high,recon,ASSET-ORG-004-022,,2025-01-09T02:08:26,2025-01-09T23:12:41
A-02542,ORG-004,high,malware,ASSET-ORG-004-025,,2025-03-05T22:19:04,2025-03-06T17:43:55
A-02543,ORG-004,medium,recon,ASSET-ORG-004-033,CASE-00746,2025-06-29T22:56:58,
A-02544,ORG-004,medium,phishing,ASSET-ORG-004-005,,2025-02-10T00:02:46,2025-02-12T04:23:52
A-02545,ORG-004,low,privilege_escalation,ASSET-ORG-004-013,CASE-00637,2025-04-18T23:12:23,2025-04-23T06:52:00
A-02546,ORG-004,low,privilege_escalation,ASSET-ORG-004-037,,2025-04-30T11:57:56,2025-05-02T14:12:42
A-02547,ORG-004,low,recon,ASSET-ORG-004-038,,2025-06-04T21:16:00,2025-06-08T20:15:22
A-02548,ORG-004,low,recon,ASSET-ORG-004-019,,2025-03-01T19:34:08,2025-03-04T06:15:40
A-02549,ORG-004,low,phishing,ASSET-ORG-004-020,,2025-03-27T12:52:39,2025-03-30T07:32:24
A-02550,ORG-004,medium,privilege_escalation,ASSET-ORG-004-037,,2025-03-06T08:20:53,2025-03-08T00:26:43
A-02551,ORG-004,medium,recon,ASSET-ORG-004-026,,2025-06-08T04:44:31,2025-06-11T02:23:00
A-02552,ORG-004,high,lateral_movement,ASSET-ORG-004-035,CASE-00657,2025-05-09T20:21:56,2025-05-10T07:44:37
A-02553,ORG-004,critical,privilege_escalation,ASSET-ORG-004-008,,2025-04-13T07:43:45,2025-04-13T11:42:59
A-02554,ORG-004,medium,lateral_movement,ASSET-ORG-004-028,,2025-04-05T04:04:12,2025-04-07T09:53:21
A-02555,ORG-004,high,brute_force,ASSET-ORG-004-018,,2025-04-22T13:30:49,2025-04-23T03:26:17
A-02556,ORG-004,high,brute_force,ASSET-ORG-004-022,CASE-00737,2025-04-27T10:48:21,2025-04-28T06:14:50
A-02557,ORG-004,critical,lateral_movement,ASSET-ORG-004-005,,2025-05-18T01:03:08,2025-05-18T08:50:32
A-02558,ORG-004,medium,privilege_escalation,ASSET-ORG-004-040,,2025-05-01T03:54:13,2025-05-03T15:48:15
A-02559,ORG-004,critical,brute_force,ASSET-ORG-004-042,,2025-03-26T15:06:58,2025-03-26T19:56:38
A-02560,ORG-004,low,malware,ASSET-ORG-004-037,,2025-02-10T02:34:08,2025-02-14T05:40:53
A-02561,ORG-004,critical,malware,ASSET-ORG-004-026,,2025-06-02T07:01:31,2025-06-02T10:46:11
A-02562,ORG-004,critical,recon,ASSET-ORG-004-018,CASE-00686,2025-05-28T10:42:31,2025-05-28T17:38:13
A-02563,ORG-004,medium,brute_force,ASSET-ORG-004-028,CASE-00775,2025-05-08T04:05:13,2025-05-09T07:40:40
A-02564,ORG-004,low,malware,ASSET-ORG-004-018,,2025-01-02T13:46:47,2025-01-05T19:29:11
A-02565,ORG-004,high,lateral_movement,ASSET-ORG-004-016,,2025-03-14T18:21:31,2025-03-15T16:49:23
A-02566,ORG-004,high,brute_force,ASSET-ORG-004-021,,2025-02-20T17:20:55,2025-02-21T06:18:37
A-02567,ORG-004,low,privilege_escalation,ASSET-ORG-004-026,,2025-05-03T21:57:24,2025-05-06T18:01:23
A-02568,ORG-004,low,brute_force,ASSET-ORG-004-040,,2025-04-22T08:10:13,2025-04-24T17:20:25
A-02569,ORG-004,medium,lateral_movement,ASSET-ORG-004-010,,2025-06-05T22:20:32,2025-06-08T10:50:47
A-02570,ORG-004,low,lateral_movement,ASSET-ORG-004-014,,2025-04-19T04:11:38,2025-04-22T16:00:20
A-02571,ORG-004,high,privilege_escalation,ASSET-ORG-004-021,,2025-04-17T14:37:49,2025-04-18T01:09:22
A-02572,ORG-004,high,recon,ASSET-ORG-004-018,,2025-02-26T00:50:24,2025-02-26T22:27:50
A-02573,ORG-004,medium,malware,ASSET-ORG-004-039,CASE-00759,2025-04-09T00:52:33,2025-04-10T05:35:06
A-02574,ORG-004,high,privilege_escalation,ASSET-ORG-004-020,,2025-04-28T06:54:55,2025-04-29T05:07:42
A-02575,ORG-004,medium,lateral_movement,ASSET-ORG-004-022,CASE-00677,2025-05-09T17:38:03,2025-05-12T11:10:00
A-02576,ORG-004,low,data_exfil,ASSET-ORG-004-002,,2025-03-12T05:23:12,2025-03-16T04:53:05
A-02577,ORG-004,medium,lateral_movement,ASSET-ORG-004-032,CASE-00725,2025-01-20T18:38:55,2025-01-22T19:08:10
A-02578,ORG-004,critical,phishing,ASSET-ORG-004-001,,2025-06-11T04:23:57,2025-06-11T11:41:56
A-02579,ORG-004,critical,phishing,ASSET-ORG-004-024,,2025-04-26T07:02:23,2025-04-26T13:15:41
A-02580,ORG-004,high,phishing,ASSET-ORG-004-019,,2025-04-30T08:03:51,2025-04-30T20:50:55
A-02581,ORG-004,high,brute_force,ASSET-ORG-004-007,,2025-02-13T08:25:26,2025-02-13T22:39:39
A-02582,ORG-004,high,phishing,ASSET-ORG-004-040,,2025-05-10T04:00:58,2025-05-10T17:44:01
A-02583,ORG-004,high,data_exfil,ASSET-ORG-004-024,,2025-06-30T04:38:06,2025-06-30T21:45:57
A-02584,ORG-004,high,lateral_movement,ASSET-ORG-004-008,,2025-05-31T19:39:33,2025-06-01T07:10:48
A-02585,ORG-004,medium,data_exfil,ASSET-ORG-004-041,,2025-05-20T02:16:49,2025-05-21T09:16:19
A-02586,ORG-004,medium,brute_force,ASSET-ORG-004-008,,2025-04-18T23:00:45,2025-04-21T00:26:51
A-02587,ORG-004,high,lateral_movement,ASSET-ORG-004-026,,2025-01-08T04:48:12,2025-01-08T15:02:10
A-02588,ORG-004,critical,privilege_escalation,ASSET-ORG-004-003,,2025-05-28T04:26:08,2025-05-28T07:23:24
A-02589,ORG-004,high,recon,ASSET-ORG-004-012,CASE-00754,2025-04-13T17:19:42,2025-04-14T07:01:08
A-02590,ORG-004,high,recon,ASSET-ORG-004-038,,2025-03-24T09:00:39,2025-03-25T01:06:53
A-02591,ORG-004,medium,lateral_movement,ASSET-ORG-004-034,,2025-04-26T09:51:17,2025-04-28T15:31:45
A-02592,ORG-004,low,phishing,ASSET-ORG-004-023,CASE-00636,2025-06-09T06:44:54,2025-06-11T22:15:15
A-02593,ORG-004,critical,phishing,ASSET-ORG-004-004,,2025-04-28T04:59:04,2025-04-28T11:14:42
A-02594,ORG-004,high,recon,ASSET-ORG-004-015,,2025-03-25T22:15:35,2025-03-26T13:38:09
A-02595,ORG-004,medium,lateral_movement,ASSET-ORG-004-037,,2025-03-22T09:35:45,2025-03-24T17:45:15
A-02596,ORG-004,medium,data_exfil,ASSET-ORG-004-015,CASE-00617,2025-06-06T05:40:25,2025-06-08T08:11:39
A-02597,ORG-004,low,brute_force,ASSET-ORG-004-012,CASE-00659,2025-05-10T23:34:34,2025-05-15T12:01:35
A-02598,ORG-004,critical,recon,ASSET-ORG-004-034,,2025-03-17T19:07:02,2025-03-18T01:01:24
A-02599,ORG-004,medium,phishing,ASSET-ORG-004-005,CASE-00665,2025-02-21T05:38:57,2025-02-24T03:16:42
A-02600,ORG-004,medium,recon,ASSET-ORG-004-037,,2025-06-06T12:21:58,2025-06-07T23:03:06
A-02601,ORG-004,low,data_exfil,ASSET-ORG-004-021,,2025-03-29T16:09:55,2025-04-02T06:37:42
A-02602,ORG-004,medium,brute_force,ASSET-ORG-004-019,,2025-06-29T12:38:32,2025-06-30T18:12:22
A-02603,ORG-004,high,phishing,ASSET-ORG-004-025,,2025-06-28T21:52:42,2025-06-29T14:04:22
A-02604,ORG-004,medium,lateral_movement,ASSET-ORG-004-038,,2025-02-12T00:26:24,2025-02-14T08:48:42
A-02605,ORG-004,medium,privilege_escalation,ASSET-ORG-004-007,,2025-04-15T06:52:15,2025-04-17T03:13:13
A-02606,ORG-004,high,lateral_movement,ASSET-ORG-004-009,,2025-02-02T04:44:32,2025-02-02T13:15:00
A-02607,ORG-004,critical,brute_force,ASSET-ORG-004-018,,2025-01-12T14:03:32,2025-01-12T16:56:45
A-02608,ORG-004,medium,brute_force,ASSET-ORG-004-030,,2025-06-26T07:17:45,2025-06-28T18:27:35
A-02609,ORG-004,low,phishing,ASSET-ORG-004-030,,2025-03-15T05:57:21,2025-03-18T02:58:58
A-02610,ORG-004,high,lateral_movement,ASSET-ORG-004-031,,2025-05-14T19:10:21,2025-05-15T18:26:02
A-02611,ORG-004,medium,recon,ASSET-ORG-004-004,,2025-05-08T12:46:23,2025-05-10T10:36:14
A-02612,ORG-004,medium,data_exfil,ASSET-ORG-004-020,,2025-05-08T01:27:05,2025-05-10T01:22:21
A-02613,ORG-004,critical,malware,ASSET-ORG-004-021,,2025-05-20T09:46:06,2025-05-20T13:52:05
A-02614,ORG-004,high,malware,ASSET-ORG-004-015,,2025-02-27T22:29:41,2025-02-28T08:52:25
A-02615,ORG-004,medium,malware,ASSET-ORG-004-013,,2025-03-19T02:38:53,2025-03-21T18:19:16
A-02616,ORG-004,low,malware,ASSET-ORG-004-039,CASE-00700,2025-02-18T08:16:33,2025-02-24T05:08:07
A-02617,ORG-004,medium,brute_force,ASSET-ORG-004-011,,2025-03-19T23:15:40,2025-03-20T23:30:43
A-02618,ORG-004,high,privilege_escalation,ASSET-ORG-004-018,CASE-00745,2025-04-10T21:16:24,2025-04-11T05:27:49
A-02619,ORG-004,critical,privilege_escalation,ASSET-ORG-004-040,,2025-05-05T00:55:22,2025-05-05T03:40:31
A-02620,ORG-004,high,recon,ASSET-ORG-004-014,,2025-05-30T19:23:46,2025-05-31T15:57:43
A-02621,ORG-004,critical,recon,ASSET-ORG-004-016,,2025-02-06T18:39:36,2025-02-06T21:26:59
A-02622,ORG-004,low,data_exfil,ASSET-ORG-004-007,,2025-04-06T16:31:48,2025-04-11T16:19:12
A-02623,ORG-004,high,malware,ASSET-ORG-004-037,,2025-02-28T22:14:54,2025-03-01T07:35:24
A-02624,ORG-004,high,lateral_movement,ASSET-ORG-004-041,,2025-04-18T19:47:42,2025-04-19T14:32:47
A-02625,ORG-004,high,data_exfil,ASSET-ORG-004-028,,2025-06-16T13:12:43,2025-06-16T22:18:57
A-02626,ORG-004,medium,lateral_movement,ASSET-ORG-004-030,,2025-05-12T07:53:25,2025-05-15T06:07:52
A-02627,ORG-004,high,privilege_escalation,ASSET-ORG-004-027,CASE-00660,2025-05-26T07:52:31,2025-05-27T06:57:41
A-02628,ORG-004,high,brute_force,ASSET-ORG-004-035,,2025-06-16T18:13:45,2025-06-17T03:00:55
A-02629,ORG-004,low,privilege_escalation,ASSET-ORG-004-019,,2025-02-01T11:53:49,2025-02-06T10:20:00
A-02630,ORG-004,medium,brute_force,ASSET-ORG-004-031,,2025-03-22T07:18:47,2025-03-23T15:51:34
A-02631,ORG-004,high,lateral_movement,ASSET-ORG-004-023,,2025-03-23T05:32:52,2025-03-23T19:45:47
A-02632,ORG-004,high,lateral_movement,ASSET-ORG-004-002,CASE-00744,2025-05-28T05:31:22,2025-05-28T17:13:20
A-02633,ORG-004,low,data_exfil,ASSET-ORG-004-038,,2025-05-22T12:59:05,2025-05-28T03:59:45
A-02634,ORG-004,medium,data_exfil,ASSET-ORG-004-003,CASE-00719,2025-05-02T07:45:32,2025-05-04T16:00:24
A-02635,ORG-004,high,brute_force,ASSET-ORG-004-030,,2025-01-08T22:30:56,2025-01-09T20:17:38
A-02636,ORG-004,low,privilege_escalation,ASSET-ORG-004-029,,2025-01-14T13:06:03,2025-01-17T01:32:16
A-02637,ORG-004,high,phishing,ASSET-ORG-004-003,,2025-03-21T00:08:09,2025-03-21T17:57:34
A-02638,ORG-004,critical,phishing,ASSET-ORG-004-016,CASE-00666,2025-01-11T01:48:18,2025-01-11T05:06:27
A-02639,ORG-004,low,privilege_escalation,ASSET-ORG-004-025,,2025-04-20T21:44:43,2025-04-24T11:24:18
A-02640,ORG-004,critical,recon,ASSET-ORG-004-023,,2025-05-08T01:33:56,2025-05-08T04:45:12
A-02641,ORG-004,high,data_exfil,ASSET-ORG-004-004,CASE-00744,2025-01-07T09:49:13,2025-01-08T08:07:09
A-02642,ORG-004,high,malware,ASSET-ORG-004-038,,2025-05-03T16:10:25,2025-05-04T13:53:22
A-02643,ORG-004,critical,privilege_escalation,ASSET-ORG-004-001,,2025-03-04T21:52:20,2025-03-05T02:07:32
A-02644,ORG-004,low,brute_force,ASSET-ORG-004-022,,2025-06-05T11:35:58,2025-06-07T15:56:55
A-02645,ORG-004,critical,phishing,ASSET-ORG-004-003,,2025-02-14T09:44:55,2025-02-14T17:07:11
A-02646,ORG-004,critical,malware,ASSET-ORG-004-040,,2025-05-20T05:50:36,2025-05-20T10:48:39
A-02647,ORG-004,medium,data_exfil,ASSET-ORG-004-011,,2025-06-28T14:02:43,
A-02648,ORG-004,medium,privilege_escalation,ASSET-ORG-004-027,,2025-02-03T17:24:46,2025-02-06T11:22:33
A-02649,ORG-004,medium,data_exfil,ASSET-ORG-004-020,,2025-02-28T08:02:41,2025-03-01T16:24:29
A-02650,ORG-004,critical,malware,ASSET-ORG-004-003,CASE-00616,2025-02-04T17:15:23,2025-02-05T00:03:14
A-02651,ORG-004,medium,malware,ASSET-ORG-004-032,,2025-03-12T01:41:37,2025-03-13T23:21:39
A-02652,ORG-004,medium,lateral_movement,ASSET-ORG-004-005,,2025-01-11T18:53:55,2025-01-13T14:29:27
A-02653,ORG-004,high,data_exfil,ASSET-ORG-004-037,,2025-03-28T20:38:45,2025-03-29T09:14:56
A-02654,ORG-004,high,recon,ASSET-ORG-004-013,,2025-02-09T03:49:06,2025-02-09T12:03:43
A-02655,ORG-004,medium,malware,ASSET-ORG-004-028,CASE-00751,2025-01-10T12:14:13,2025-01-11T18:38:21
A-02656,ORG-004,low,phishing,ASSET-ORG-004-015,,2025-01-27T03:11:54,2025-01-31T13:38:49
A-02657,ORG-004,critical,brute_force,ASSET-ORG-004-003,CASE-00732,2025-05-21T06:28:25,2025-05-21T09:26:46
A-02658,ORG-004,low,phishing,ASSET-ORG-004-036,CASE-00645,2025-05-21T13:15:27,2025-05-25T16:38:32
A-02659,ORG-004,low,recon,ASSET-ORG-004-042,,2025-06-15T05:55:54,2025-06-18T10:43:27
A-02660,ORG-004,medium,recon,ASSET-ORG-004-007,,2025-03-08T17:37:22,2025-03-11T08:37:06
A-02661,ORG-004,high,brute_force,ASSET-ORG-004-008,,2025-01-16T00:21:43,2025-01-16T16:10:41
A-02662,ORG-004,critical,recon,ASSET-ORG-004-011,,2025-01-04T18:23:52,2025-01-05T00:38:43
A-02663,ORG-004,low,recon,ASSET-ORG-004-027,,2025-01-31T18:26:12,2025-02-05T02:34:33
A-02664,ORG-004,critical,lateral_movement,ASSET-ORG-004-037,,2025-06-03T17:42:39,2025-06-03T23:59:14
A-02665,ORG-004,critical,brute_force,ASSET-ORG-004-013,,2025-05-03T06:26:58,2025-05-03T11:34:04
A-02666,ORG-004,high,brute_force,ASSET-ORG-004-026,,2025-05-27T03:45:30,2025-05-28T00:42:06
A-02667,ORG-004,medium,malware,ASSET-ORG-004-011,,2025-04-30T02:34:24,2025-05-02T20:10:41
A-02668,ORG-004,critical,data_exfil,ASSET-ORG-004-038,,2025-06-17T19:12:10,2025-06-18T01:00:51
A-02669,ORG-004,medium,malware,ASSET-ORG-004-039,,2025-01-13T18:43:21,2025-01-16T01:13:46
A-02670,ORG-004,high,lateral_movement,ASSET-ORG-004-009,,2025-01-25T10:41:36,2025-01-26T01:21:20
A-02671,ORG-004,critical,brute_force,ASSET-ORG-004-041,,2025-01-12T09:19:00,2025-01-12T12:13:45
A-02672,ORG-004,high,malware,ASSET-ORG-004-017,,2025-04-06T09:49:15,2025-04-07T09:35:27
A-02673,ORG-004,medium,phishing,ASSET-ORG-004-022,CASE-00771,2025-04-29T14:37:29,2025-05-02T05:02:06
A-02674,ORG-004,medium,phishing,ASSET-ORG-004-011,,2025-04-22T16:39:58,2025-04-25T07:53:36
A-02675,ORG-004,medium,privilege_escalation,ASSET-ORG-004-031,,2025-06-04T19:27:21,2025-06-06T01:27:26
A-02676,ORG-004,critical,phishing,ASSET-ORG-004-011,CASE-00767,2025-03-25T17:53:34,2025-03-25T21:22:52
A-02677,ORG-004,critical,malware,ASSET-ORG-004-041,,2025-01-11T19:07:28,2025-01-12T01:03:34
A-02678,ORG-004,low,lateral_movement,ASSET-ORG-004-021,,2025-03-03T18:26:53,2025-03-07T08:17:07
A-02679,ORG-004,high,phishing,ASSET-ORG-004-004,CASE-00773,2025-05-23T15:59:04,2025-05-24T07:51:52
A-02680,ORG-004,high,malware,ASSET-ORG-004-018,CASE-00762,2025-03-04T00:48:48,2025-03-05T00:21:14
A-02681,ORG-004,medium,phishing,ASSET-ORG-004-022,CASE-00735,2025-03-30T16:15:11,2025-04-01T06:40:49
A-02682,ORG-004,high,brute_force,ASSET-ORG-004-016,,2025-05-03T03:41:04,2025-05-04T02:56:40
A-02683,ORG-004,low,malware,ASSET-ORG-004-041,CASE-00736,2025-04-21T16:39:27,2025-04-26T23:06:58
A-02684,ORG-004,high,malware,ASSET-ORG-004-026,CASE-00626,2025-01-10T08:37:04,2025-01-10T18:54:09
A-02685,ORG-004,high,privilege_escalation,ASSET-ORG-004-038,,2025-02-21T19:15:10,2025-02-22T14:47:43
A-02686,ORG-004,medium,lateral_movement,ASSET-ORG-004-020,,2025-03-08T04:39:27,2025-03-10T09:17:40
A-02687,ORG-004,critical,brute_force,ASSET-ORG-004-015,,2025-04-10T03:59:45,2025-04-10T06:19:11
A-02688,ORG-004,low,privilege_escalation,ASSET-ORG-004-023,CASE-00638,2025-06-25T10:14:10,2025-06-27T13:20:28
A-02689,ORG-004,low,recon,ASSET-ORG-004-031,,2025-01-22T08:59:15,2025-01-26T09:30:38
A-02690,ORG-004,high,data_exfil,ASSET-ORG-004-008,,2025-06-23T14:58:40,2025-06-24T06:07:11
A-02691,ORG-004,critical,data_exfil,ASSET-ORG-004-009,CASE-00725,2025-06-14T03:44:13,2025-06-14T06:24:52
A-02692,ORG-004,critical,malware,ASSET-ORG-004-019,,2025-01-30T20:57:32,2025-01-30T23:27:25
A-02693,ORG-004,high,malware,ASSET-ORG-004-020,,2025-02-06T20:45:11,2025-02-07T17:14:18
A-02694,ORG-004,low,privilege_escalation,ASSET-ORG-004-027,CASE-00635,2025-05-23T06:47:19,2025-05-25T20:46:35
A-02695,ORG-004,medium,data_exfil,ASSET-ORG-004-033,,2025-04-12T20:05:27,2025-04-15T08:33:38
A-02696,ORG-004,high,malware,ASSET-ORG-004-025,,2025-02-17T04:48:08,2025-02-17T22:54:11
A-02697,ORG-004,critical,brute_force,ASSET-ORG-004-041,,2025-01-07T19:58:19,2025-01-08T03:21:11
A-02698,ORG-004,critical,phishing,ASSET-ORG-004-032,CASE-00623,2025-01-31T09:46:34,2025-01-31T11:47:32
A-02699,ORG-004,high,data_exfil,ASSET-ORG-004-034,CASE-00722,2025-02-13T08:32:31,2025-02-14T05:46:45
A-02700,ORG-004,low,privilege_escalation,ASSET-ORG-004-039,,2025-04-24T09:34:57,2025-04-30T05:09:34
A-02701,ORG-004,medium,brute_force,ASSET-ORG-004-019,,2025-04-28T23:27:27,2025-05-01T15:24:25
A-02702,ORG-004,low,data_exfil,ASSET-ORG-004-034,,2025-04-11T00:33:00,2025-04-15T13:24:17
A-02703,ORG-004,high,data_exfil,ASSET-ORG-004-003,CASE-00723,2025-03-10T04:13:04,2025-03-11T00:23:36
A-02704,ORG-004,medium,lateral_movement,ASSET-ORG-004-042,,2025-03-27T05:24:05,2025-03-28T20:39:26
A-02705,ORG-004,high,brute_force,ASSET-ORG-004-014,,2025-02-16T15:32:10,2025-02-17T13:33:47
A-02706,ORG-004,critical,privilege_escalation,ASSET-ORG-004-011,,2025-06-13T01:02:57,2025-06-13T06:49:58
A-02707,ORG-004,low,brute_force,ASSET-ORG-004-022,CASE-00710,2025-03-04T09:07:58,2025-03-06T12:35:42
A-02708,ORG-004,critical,recon,ASSET-ORG-004-038,,2025-06-28T08:03:59,2025-06-28T15:04:39
A-02709,ORG-004,critical,phishing,ASSET-ORG-004-001,CASE-00711,2025-02-09T06:18:37,2025-02-09T10:52:40
A-02710,ORG-004,medium,phishing,ASSET-ORG-004-002,CASE-00693,2025-04-06T11:34:29,2025-04-08T07:48:59
A-02711,ORG-004,high,recon,ASSET-ORG-004-040,,2025-04-07T10:00:03,2025-04-08T06:37:11
A-02712,ORG-004,high,data_exfil,ASSET-ORG-004-004,,2025-01-01T19:28:08,2025-01-02T06:29:22
A-02713,ORG-004,low,malware,ASSET-ORG-004-012,,2025-03-11T19:02:43,2025-03-14T06:31:23
A-02714,ORG-004,low,phishing,ASSET-ORG-004-033,,2025-06-21T09:02:08,2025-06-23T10:46:44
A-02715,ORG-004,low,phishing,ASSET-ORG-004-038,,2025-01-25T16:16:51,2025-01-30T15:19:16
A-02716,ORG-004,high,phishing,ASSET-ORG-004-027,CASE-00757,2025-01-17T02:19:51,2025-01-17T16:16:20
A-02717,ORG-004,high,recon,ASSET-ORG-004-010,,2025-02-18T18:02:03,2025-02-19T11:48:15
A-02718,ORG-004,critical,malware,ASSET-ORG-004-008,CASE-00708,2025-06-27T08:45:05,2025-06-27T15:36:10
A-02719,ORG-004,high,recon,ASSET-ORG-004-027,,2025-01-02T05:49:52,2025-01-02T20:48:27
A-02720,ORG-004,medium,privilege_escalation,ASSET-ORG-004-040,,2025-01-25T07:26:56,2025-01-27T06:24:37
A-02721,ORG-004,medium,recon,ASSET-ORG-004-010,,2025-06-22T12:12:05,2025-06-24T10:19:17
A-02722,ORG-004,low,phishing,ASSET-ORG-004-017,,2025-01-16T05:47:56,2025-01-19T22:42:30
A-02723,ORG-004,low,lateral_movement,ASSET-ORG-004-007,,2025-03-02T14:15:38,2025-03-04T15:40:27
A-02724,ORG-004,critical,lateral_movement,ASSET-ORG-004-015,,2025-01-31T09:40:48,2025-01-31T14:32:45
A-02725,ORG-004,medium,privilege_escalation,ASSET-ORG-004-025,CASE-00685,2025-03-30T00:13:47,2025-03-31T07:31:04
A-02726,ORG-004,high,privilege_escalation,ASSET-ORG-004-023,CASE-00641,2025-05-29T03:29:58,2025-05-29T18:35:39
A-02727,ORG-004,medium,data_exfil,ASSET-ORG-004-018,,2025-01-06T07:19:36,2025-01-07T23:31:38
A-02728,ORG-004,low,data_exfil,ASSET-ORG-004-001,,2025-04-28T08:05:44,2025-05-01T17:32:37
A-02729,ORG-004,high,phishing,ASSET-ORG-004-041,,2025-03-20T13:12:07,2025-03-21T02:40:17
A-02730,ORG-004,high,malware,ASSET-ORG-004-042,,2025-04-19T01:34:36,2025-04-19T10:24:16
A-02731,ORG-004,medium,brute_force,ASSET-ORG-004-027,,2025-06-02T18:46:44,2025-06-04T01:40:08
A-02732,ORG-004,high,recon,ASSET-ORG-004-026,CASE-00686,2025-04-01T01:50:00,2025-04-01T20:44:45
A-02733,ORG-004,high,lateral_movement,ASSET-ORG-004-016,,2025-03-20T16:46:36,2025-03-21T15:29:17
A-02734,ORG-004,medium,phishing,ASSET-ORG-004-042,,2025-04-04T07:09:34,2025-04-06T05:57:57
A-02735,ORG-004,high,malware,ASSET-ORG-004-008,,2025-06-30T21:27:54,
A-02736,ORG-004,high,brute_force,ASSET-ORG-004-006,CASE-00638,2025-06-07T07:35:23,2025-06-07T22:04:57
A-02737,ORG-004,high,recon,ASSET-ORG-004-027,,2025-05-17T04:25:59,2025-05-17T18:40:01
A-02738,ORG-004,medium,brute_force,ASSET-ORG-004-016,,2025-06-26T02:19:39,2025-06-27T02:25:09
A-02739,ORG-004,high,lateral_movement,ASSET-ORG-004-038,,2025-04-24T07:48:21,2025-04-24T19:05:04
A-02740,ORG-004,medium,data_exfil,ASSET-ORG-004-016,,2025-01-21T03:34:58,2025-01-23T12:40:24
A-02741,ORG-004,high,lateral_movement,ASSET-ORG-004-010,,2025-06-30T09:53:38,2025-06-30T21:27:48
A-02742,ORG-004,low,phishing,ASSET-ORG-004-031,,2025-05-08T22:28:40,2025-05-13T06:59:14
A-02743,ORG-004,high,recon,ASSET-ORG-004-013,,2025-06-03T14:28:16,2025-06-04T00:44:06
A-02744,ORG-004,high,malware,ASSET-ORG-004-028,,2025-01-02T03:19:34,2025-01-02T17:58:33
A-02745,ORG-004,high,brute_force,ASSET-ORG-004-002,CASE-00646,2025-03-18T08:27:06,2025-03-19T05:08:56
A-02746,ORG-004,medium,recon,ASSET-ORG-004-039,,2025-03-28T23:10:51,2025-03-30T00:18:54
A-02747,ORG-004,high,lateral_movement,ASSET-ORG-004-016,,2025-02-18T15:35:20,2025-02-19T11:37:46
A-02748,ORG-004,high,phishing,ASSET-ORG-004-039,,2025-06-11T21:33:40,2025-06-12T21:04:32
A-02749,ORG-004,medium,lateral_movement,ASSET-ORG-004-004,CASE-00643,2025-01-17T03:34:23,2025-01-19T03:21:46
A-02750,ORG-004,high,privilege_escalation,ASSET-ORG-004-040,,2025-05-02T17:05:49,2025-05-03T10:27:32
A-02751,ORG-004,medium,brute_force,ASSET-ORG-004-025,CASE-00664,2025-06-11T14:22:14,2025-06-14T08:05:32
A-02752,ORG-004,critical,brute_force,ASSET-ORG-004-017,CASE-00670,2025-04-13T18:22:07,2025-04-13T21:30:18
A-02753,ORG-004,medium,malware,ASSET-ORG-004-039,,2025-01-27T21:28:12,2025-01-29T06:40:38
A-02754,ORG-004,medium,phishing,ASSET-ORG-004-009,,2025-01-05T01:49:34,2025-01-07T07:43:46
A-02755,ORG-004,medium,lateral_movement,ASSET-ORG-004-015,,2025-06-10T20:56:59,2025-06-11T23:03:55
A-02756,ORG-004,high,phishing,ASSET-ORG-004-021,,2025-06-27T07:10:19,2025-06-28T02:33:43
A-02757,ORG-004,medium,lateral_movement,ASSET-ORG-004-037,CASE-00762,2025-05-23T13:29:33,2025-05-25T06:06:12
A-02758,ORG-004,high,data_exfil,ASSET-ORG-004-007,,2025-02-03T22:38:59,2025-02-04T13:34:37
A-02759,ORG-004,medium,recon,ASSET-ORG-004-037,,2025-03-04T07:24:02,2025-03-05T19:26:44
A-02760,ORG-004,low,data_exfil,ASSET-ORG-004-017,,2025-02-20T03:00:40,2025-02-23T22:53:19
A-02761,ORG-004,low,privilege_escalation,ASSET-ORG-004-041,,2025-03-25T08:14:18,2025-03-30T15:11:29
A-02762,ORG-004,high,malware,ASSET-ORG-004-039,CASE-00626,2025-05-18T09:20:24,2025-05-19T02:48:05
A-02763,ORG-004,medium,privilege_escalation,ASSET-ORG-004-004,,2025-05-30T16:45:48,2025-06-02T15:23:20
A-02764,ORG-004,critical,data_exfil,ASSET-ORG-004-034,,2025-04-03T23:52:43,2025-04-04T07:25:43
A-02765,ORG-004,low,data_exfil,ASSET-ORG-004-011,,2025-01-23T13:40:13,2025-01-28T01:44:18
A-02766,ORG-004,medium,malware,ASSET-ORG-004-035,CASE-00697,2025-06-04T15:02:44,2025-06-05T15:32:03
A-02767,ORG-004,medium,lateral_movement,ASSET-ORG-004-030,,2025-06-28T01:17:58,2025-06-30T18:53:47
A-02768,ORG-004,medium,lateral_movement,ASSET-ORG-004-010,,2025-02-19T11:42:52,2025-02-21T20:35:14
A-02769,ORG-004,low,data_exfil,ASSET-ORG-004-001,,2025-02-12T09:54:05,2025-02-17T14:45:14
A-02770,ORG-004,low,brute_force,ASSET-ORG-004-011,CASE-00708,2025-02-09T20:42:12,2025-02-13T02:59:40
A-02771,ORG-004,medium,recon,ASSET-ORG-004-011,CASE-00745,2025-05-02T23:59:26,2025-05-04T18:23:41
A-02772,ORG-004,medium,phishing,ASSET-ORG-004-011,,2025-06-05T05:20:20,2025-06-06T13:23:41
A-02773,ORG-004,high,data_exfil,ASSET-ORG-004-023,CASE-00727,2025-05-29T01:29:31,2025-05-29T14:46:56
A-02774,ORG-004,critical,data_exfil,ASSET-ORG-004-017,,2025-06-11T02:14:12,2025-06-11T04:52:04
A-02775,ORG-004,critical,recon,ASSET-ORG-004-021,,2025-03-10T15:20:51,2025-03-10T20:22:10
A-02776,ORG-004,medium,brute_force,ASSET-ORG-004-009,,2025-01-26T00:21:03,2025-01-28T07:36:34
A-02777,ORG-004,critical,data_exfil,ASSET-ORG-004-001,CASE-00627,2025-03-29T17:31:32,2025-03-29T20:45:03
A-02778,ORG-004,medium,privilege_escalation,ASSET-ORG-004-041,CASE-00684,2025-02-23T07:59:57,2025-02-24T22:22:48
A-02779,ORG-004,high,malware,ASSET-ORG-004-028,,2025-05-30T00:54:09,2025-05-30T19:20:09
A-02780,ORG-004,low,privilege_escalation,ASSET-ORG-004-028,CASE-00723,2025-04-29T21:08:05,2025-05-04T05:16:41
A-02781,ORG-004,medium,malware,ASSET-ORG-004-016,,2025-02-10T01:37:12,2025-02-11T01:43:28
A-02782,ORG-004,high,data_exfil,ASSET-ORG-004-001,,2025-01-06T22:44:06,2025-01-07T19:13:08
A-02783,ORG-004,high,recon,ASSET-ORG-004-027,CASE-00719,2025-06-11T04:42:43,2025-06-12T01:19:58
A-02784,ORG-004,critical,recon,ASSET-ORG-004-027,,2025-04-30T11:23:02,2025-04-30T18:36:02
A-02785,ORG-004,medium,malware,ASSET-ORG-004-022,,2025-06-12T10:10:24,2025-06-13T22:00:03
A-02786,ORG-004,low,malware,ASSET-ORG-004-021,,2025-04-08T17:08:55,2025-04-14T00:59:34
A-02787,ORG-004,high,malware,ASSET-ORG-004-020,,2025-04-07T11:55:36,2025-04-08T03:17:31
A-02788,ORG-004,medium,brute_force,ASSET-ORG-004-033,,2025-05-14T04:10:03,2025-05-16T11:52:21
A-02789,ORG-004,medium,recon,ASSET-ORG-004-035,,2025-02-04T09:39:50,2025-02-06T14:55:36
A-02790,ORG-004,critical,brute_force,ASSET-ORG-004-035,,2025-06-22T23:52:01,2025-06-23T06:29:10
A-02791,ORG-004,low,brute_force,ASSET-ORG-004-009,,2025-02-04T13:57:49,2025-02-10T06:40:40
A-02792,ORG-004,low,privilege_escalation,ASSET-ORG-004-019,CASE-00699,2025-05-09T07:19:20,2025-05-13T12:24:04
A-02793,ORG-004,high,data_exfil,ASSET-ORG-004-032,,2025-04-27T10:15:56,2025-04-28T05:19:13
A-02794,ORG-004,medium,phishing,ASSET-ORG-004-002,,2025-05-18T14:30:26,2025-05-20T12:44:57
A-02795,ORG-004,low,malware,ASSET-ORG-004-006,,2025-03-17T13:07:33,2025-03-19T13:12:27
A-02796,ORG-004,low,lateral_movement,ASSET-ORG-004-011,CASE-00642,2025-02-05T06:00:36,2025-02-07T22:56:43
A-02797,ORG-004,medium,data_exfil,ASSET-ORG-004-004,CASE-00748,2025-01-02T12:10:31,2025-01-05T01:36:17
A-02798,ORG-004,low,recon,ASSET-ORG-004-040,,2025-05-21T02:31:01,2025-05-24T11:37:01
A-02799,ORG-004,medium,recon,ASSET-ORG-004-039,CASE-00678,2025-05-27T15:01:38,2025-05-30T13:33:41
A-02800,ORG-004,medium,malware,ASSET-ORG-004-015,,2025-02-11T00:28:00,2025-02-13T14:23:43
A-02801,ORG-004,medium,lateral_movement,ASSET-ORG-004-042,,2025-04-19T21:37:03,2025-04-22T18:23:01
A-02802,ORG-004,high,recon,ASSET-ORG-004-030,,2025-03-18T21:08:51,2025-03-19T17:49:48
A-02803,ORG-004,medium,recon,ASSET-ORG-004-042,,2025-06-09T23:28:40,2025-06-11T21:07:06
A-02804,ORG-004,critical,data_exfil,ASSET-ORG-004-038,,2025-06-25T20:31:34,2025-06-26T00:04:36
A-02805,ORG-004,high,recon,ASSET-ORG-004-007,,2025-05-14T20:41:37,2025-05-15T11:48:41
A-02806,ORG-004,low,recon,ASSET-ORG-004-022,,2025-05-02T16:30:56,2025-05-08T13:15:38
A-02807,ORG-004,critical,privilege_escalation,ASSET-ORG-004-039,,2025-05-17T17:04:37,2025-05-18T00:17:10
A-02808,ORG-004,high,privilege_escalation,ASSET-ORG-004-015,,2025-06-29T00:31:06,2025-06-29T20:45:01
A-02809,ORG-004,high,brute_force,ASSET-ORG-004-003,,2025-04-05T21:59:58,2025-04-06T21:18:34
A-02810,ORG-004,medium,malware,ASSET-ORG-004-030,,2025-04-01T10:16:50,2025-04-03T14:31:43
A-02811,ORG-004,critical,recon,ASSET-ORG-004-035,,2025-02-12T07:32:36,2025-02-12T13:04:26
A-02812,ORG-004,medium,phishing,ASSET-ORG-004-036,,2025-03-06T16:02:07,2025-03-07T19:10:56
A-02813,ORG-004,critical,phishing,ASSET-ORG-004-021,,2025-05-15T19:55:56,2025-05-16T00:56:42
A-02814,ORG-004,high,data_exfil,ASSET-ORG-004-032,CASE-00647,2025-01-15T12:45:49,2025-01-16T02:04:46
A-02815,ORG-004,high,malware,ASSET-ORG-004-010,,2025-01-08T03:15:26,2025-01-08T12:00:09
A-02816,ORG-004,medium,recon,ASSET-ORG-004-018,,2025-06-05T05:06:15,2025-06-07T15:20:10
A-02817,ORG-004,critical,lateral_movement,ASSET-ORG-004-010,CASE-00767,2025-04-03T17:49:10,2025-04-03T19:56:57
A-02818,ORG-004,medium,lateral_movement,ASSET-ORG-004-002,,2025-03-12T19:31:17,2025-03-14T23:38:37
A-02819,ORG-004,high,brute_force,ASSET-ORG-004-022,,2025-04-23T17:56:33,2025-04-24T08:00:14
A-02820,ORG-004,medium,lateral_movement,ASSET-ORG-004-020,,2025-06-29T05:10:28,2025-06-30T20:55:52
A-02821,ORG-004,high,privilege_escalation,ASSET-ORG-004-027,,2025-01-07T20:48:57,2025-01-08T05:20:52
A-02822,ORG-004,low,data_exfil,ASSET-ORG-004-037,,2025-01-04T08:57:33,2025-01-07T11:43:06
A-02823,ORG-004,medium,brute_force,ASSET-ORG-004-022,CASE-00630,2025-05-12T08:52:46,2025-05-13T10:34:50
A-02824,ORG-004,high,lateral_movement,ASSET-ORG-004-005,,2025-03-08T04:03:29,2025-03-09T00:24:16
A-02825,ORG-004,medium,phishing,ASSET-ORG-004-008,,2025-03-16T06:04:42,2025-03-17T19:21:16
A-02826,ORG-004,high,lateral_movement,ASSET-ORG-004-041,,2025-06-16T01:22:23,2025-06-17T00:38:52
A-02827,ORG-004,high,data_exfil,ASSET-ORG-004-006,CASE-00701,2025-01-31T23:51:42,2025-02-01T11:01:01
A-02828,ORG-004,medium,lateral_movement,ASSET-ORG-004-030,CASE-00652,2025-03-28T07:23:13,2025-03-30T03:45:22
A-02829,ORG-004,medium,recon,ASSET-ORG-004-029,,2025-06-03T06:20:21,2025-06-04T18:27:51
A-02830,ORG-004,critical,phishing,ASSET-ORG-004-010,,2025-01-31T19:57:56,2025-02-01T02:41:07
A-02831,ORG-004,medium,brute_force,ASSET-ORG-004-033,,2025-04-23T13:05:04,2025-04-25T12:40:50
A-02832,ORG-004,medium,malware,ASSET-ORG-004-042,,2025-03-24T20:02:21,2025-03-26T15:21:19
A-02833,ORG-004,high,data_exfil,ASSET-ORG-004-017,,2025-04-02T02:58:23,2025-04-02T19:58:51
A-02834,ORG-004,high,data_exfil,ASSET-ORG-004-030,,2025-03-30T23:07:31,2025-03-31T21:14:29
A-02835,ORG-004,medium,recon,ASSET-ORG-004-030,CASE-00772,2025-06-28T21:28:28,2025-06-30T08:37:36
A-02836,ORG-004,low,lateral_movement,ASSET-ORG-004-005,CASE-00652,2025-05-18T08:55:36,2025-05-24T06:42:05
A-02837,ORG-004,high,malware,ASSET-ORG-004-022,,2025-02-08T00:50:39,2025-02-09T00:36:12
A-02838,ORG-004,medium,privilege_escalation,ASSET-ORG-004-013,,2025-01-15T10:07:35,2025-01-18T08:49:18
A-02839,ORG-004,medium,malware,ASSET-ORG-004-012,CASE-00764,2025-05-28T18:22:29,2025-05-30T13:29:24
A-02840,ORG-004,low,privilege_escalation,ASSET-ORG-004-002,,2025-01-17T10:55:15,2025-01-22T22:55:24
A-02841,ORG-004,low,malware,ASSET-ORG-004-031,,2025-01-01T05:28:27,2025-01-06T08:23:39
A-02842,ORG-004,high,malware,ASSET-ORG-004-024,,2025-02-03T02:49:14,2025-02-03T11:32:16
A-02843,ORG-004,medium,brute_force,ASSET-ORG-004-029,,2025-04-26T22:41:59,2025-04-29T02:19:12
A-02844,ORG-004,critical,privilege_escalation,ASSET-ORG-004-037,CASE-00632,2025-06-29T15:31:46,2025-06-29T17:32:02
A-02845,ORG-004,critical,malware,ASSET-ORG-004-010,,2025-03-09T13:52:12,2025-03-09T18:30:03
A-02846,ORG-004,high,recon,ASSET-ORG-004-039,,2025-04-02T22:04:07,2025-04-03T10:57:58
A-02847,ORG-004,medium,data_exfil,ASSET-ORG-004-020,,2025-02-19T09:36:46,2025-02-20T21:46:23
A-02848,ORG-004,critical,brute_force,ASSET-ORG-004-006,,2025-03-20T12:56:12,2025-03-20T17:31:25
A-02849,ORG-004,low,malware,ASSET-ORG-004-013,,2025-02-16T06:49:01,2025-02-21T01:36:12
A-02850,ORG-004,medium,privilege_escalation,ASSET-ORG-004-029,,2025-06-03T06:56:21,2025-06-05T13:47:44
A-02851,ORG-004,high,malware,ASSET-ORG-004-025,,2025-05-29T23:02:59,2025-05-30T07:08:13
A-02852,ORG-004,critical,brute_force,ASSET-ORG-004-034,,2025-02-27T22:03:38,2025-02-28T05:39:42
A-02853,ORG-004,high,privilege_escalation,ASSET-ORG-004-022,,2025-04-08T17:37:17,2025-04-09T08:55:01
A-02854,ORG-004,medium,data_exfil,ASSET-ORG-004-014,,2025-02-05T11:14:41,2025-02-07T06:03:48
A-02855,ORG-004,critical,malware,ASSET-ORG-004-034,CASE-00644,2025-03-14T05:23:18,2025-03-14T08:01:58
A-02856,ORG-004,low,recon,ASSET-ORG-004-036,,2025-05-10T18:33:35,2025-05-14T17:22:57
A-02857,ORG-004,critical,lateral_movement,ASSET-ORG-004-014,,2025-01-11T03:48:25,2025-01-11T11:48:21
A-02858,ORG-004,critical,privilege_escalation,ASSET-ORG-004-027,,2025-02-21T09:34:42,2025-02-21T12:59:16
A-02859,ORG-004,critical,recon,ASSET-ORG-004-034,,2025-06-18T21:16:41,2025-06-19T03:41:09
A-02860,ORG-004,critical,malware,ASSET-ORG-004-019,CASE-00771,2025-04-02T08:35:50,2025-04-02T12:55:18
A-02861,ORG-004,low,malware,ASSET-ORG-004-031,,2025-05-21T00:22:29,2025-05-26T08:07:51
A-02862,ORG-004,low,phishing,ASSET-ORG-004-006,,2025-02-20T22:10:33,2025-02-25T12:46:01
A-02863,ORG-004,medium,recon,ASSET-ORG-004-012,,2025-03-24T07:09:34,2025-03-26T15:38:13
A-02864,ORG-004,medium,recon,ASSET-ORG-004-034,,2025-05-07T00:48:21,2025-05-09T21:51:18
A-02865,ORG-004,medium,data_exfil,ASSET-ORG-004-019,,2025-01-14T10:49:38,2025-01-16T03:58:59
A-02866,ORG-004,low,data_exfil,ASSET-ORG-004-001,,2025-05-15T05:29:08,2025-05-19T05:17:48
A-02867,ORG-004,medium,brute_force,ASSET-ORG-004-005,,2025-05-16T14:17:12,2025-05-19T08:37:29
A-02868,ORG-004,low,recon,ASSET-ORG-004-019,CASE-00686,2025-06-02T22:36:11,2025-06-06T17:30:29
A-02869,ORG-004,low,data_exfil,ASSET-ORG-004-036,,2025-06-05T23:43:50,2025-06-10T10:17:06
A-02870,ORG-004,medium,malware,ASSET-ORG-004-027,,2025-03-07T02:33:17,2025-03-09T23:12:47
A-02871,ORG-004,high,brute_force,ASSET-ORG-004-016,CASE-00648,2025-02-18T04:07:01,2025-02-18T13:04:45
A-02872,ORG-004,high,data_exfil,ASSET-ORG-004-023,,2025-03-23T05:44:40,2025-03-23T17:10:04
A-02873,ORG-004,critical,recon,ASSET-ORG-004-001,CASE-00775,2025-04-06T10:45:18,2025-04-06T17:42:41
A-02874,ORG-004,low,brute_force,ASSET-ORG-004-040,,2025-06-17T08:07:15,2025-06-22T10:29:26
A-02875,ORG-004,high,recon,ASSET-ORG-004-002,,2025-02-02T02:06:30,2025-02-02T21:32:57
A-02876,ORG-004,critical,phishing,ASSET-ORG-004-034,CASE-00650,2025-05-17T21:02:20,2025-05-18T03:57:24
A-02877,ORG-004,medium,phishing,ASSET-ORG-004-035,,2025-04-08T09:09:59,2025-04-09T20:32:57
A-02878,ORG-004,low,data_exfil,ASSET-ORG-004-003,,2025-03-05T18:10:07,2025-03-08T16:36:47
A-02879,ORG-004,medium,privilege_escalation,ASSET-ORG-004-030,,2025-01-18T16:53:12,2025-01-20T05:05:23
A-02880,ORG-004,low,phishing,ASSET-ORG-004-029,,2025-06-30T11:37:55,
A-02881,ORG-004,high,recon,ASSET-ORG-004-030,,2025-05-24T10:58:08,2025-05-25T01:51:47
A-02882,ORG-004,low,data_exfil,ASSET-ORG-004-029,CASE-00744,2025-04-19T22:37:37,2025-04-23T07:36:46
A-02883,ORG-004,critical,lateral_movement,ASSET-ORG-004-001,,2025-03-20T23:21:32,2025-03-21T03:00:55
A-02884,ORG-004,medium,lateral_movement,ASSET-ORG-004-024,,2025-04-04T06:32:25,2025-04-06T00:12:52
A-02885,ORG-004,low,data_exfil,ASSET-ORG-004-042,,2025-05-19T14:43:18,2025-05-21T20:02:41
A-02886,ORG-004,high,phishing,ASSET-ORG-004-030,,2025-02-12T20:11:36,2025-02-13T17:45:50
A-02887,ORG-004,critical,lateral_movement,ASSET-ORG-004-011,,2025-06-03T03:25:08,2025-06-03T07:44:09
A-02888,ORG-004,medium,lateral_movement,ASSET-ORG-004-015,,2025-04-23T09:37:25,2025-04-25T18:22:55
A-02889,ORG-004,medium,brute_force,ASSET-ORG-004-007,,2025-01-21T04:40:12,2025-01-23T10:55:50
A-02890,ORG-004,medium,brute_force,ASSET-ORG-004-026,,2025-06-18T19:54:26,2025-06-21T18:52:08
A-02891,ORG-004,low,recon,ASSET-ORG-004-017,,2025-05-25T21:12:28,2025-05-30T12:00:38
A-02892,ORG-004,low,phishing,ASSET-ORG-004-019,,2025-04-16T16:54:56,2025-04-22T08:37:48
A-02893,ORG-004,low,phishing,ASSET-ORG-004-040,,2025-02-20T19:56:18,2025-02-24T17:29:27
A-02894,ORG-004,high,malware,ASSET-ORG-004-041,,2025-04-18T19:13:35,2025-04-19T14:03:05
A-02895,ORG-004,critical,malware,ASSET-ORG-004-016,,2025-05-21T01:41:28,2025-05-21T08:17:01
A-02896,ORG-004,critical,recon,ASSET-ORG-004-005,,2025-01-08T09:58:57,2025-01-08T16:54:19
A-02897,ORG-004,high,phishing,ASSET-ORG-004-041,CASE-00718,2025-05-08T08:53:17,2025-05-09T01:04:38
A-02898,ORG-004,high,recon,ASSET-ORG-004-024,,2025-03-31T20:14:41,2025-04-01T16:55:48
A-02899,ORG-004,low,brute_force,ASSET-ORG-004-037,,2025-03-08T15:42:22,2025-03-14T08:46:39
A-02900,ORG-004,critical,lateral_movement,ASSET-ORG-004-041,CASE-00714,2025-01-17T02:42:34,2025-01-17T08:44:33
A-02901,ORG-004,medium,phishing,ASSET-ORG-004-024,,2025-01-28T20:20:57,2025-01-30T00:50:32
A-02902,ORG-004,medium,lateral_movement,ASSET-ORG-004-033,,2025-02-01T20:24:52,2025-02-03T01:49:30
A-02903,ORG-004,low,brute_force,ASSET-ORG-004-032,CASE-00691,2025-02-27T08:38:46,2025-03-03T03:43:57
A-02904,ORG-004,high,data_exfil,ASSET-ORG-004-040,,2025-06-21T05:03:24,2025-06-21T17:49:39
A-02905,ORG-004,critical,malware,ASSET-ORG-004-011,,2025-05-24T06:31:17,2025-05-24T11:06:39
A-02906,ORG-004,medium,malware,ASSET-ORG-004-012,CASE-00620,2025-06-04T19:18:00,2025-06-06T01:44:52
A-02907,ORG-004,high,privilege_escalation,ASSET-ORG-004-011,,2025-03-10T15:48:40,2025-03-11T08:30:59
A-02908,ORG-004,high,phishing,ASSET-ORG-004-042,,2025-02-15T22:56:50,2025-02-16T09:44:53
A-02909,ORG-004,medium,lateral_movement,ASSET-ORG-004-015,CASE-00692,2025-02-20T20:56:37,2025-02-23T09:31:22
A-02910,ORG-004,high,phishing,ASSET-ORG-004-030,,2025-03-25T00:22:58,2025-03-25T18:20:17
A-02911,ORG-004,medium,lateral_movement,ASSET-ORG-004-014,CASE-00657,2025-04-08T13:49:24,2025-04-09T19:54:34
A-02912,ORG-004,medium,brute_force,ASSET-ORG-004-036,CASE-00689,2025-01-07T16:10:29,2025-01-09T04:01:35
A-02913,ORG-004,medium,lateral_movement,ASSET-ORG-004-027,,2025-02-28T15:30:30,2025-03-02T17:45:23
A-02914,ORG-004,medium,malware,ASSET-ORG-004-014,,2025-02-07T07:41:08,2025-02-09T07:03:18
A-02915,ORG-004,low,lateral_movement,ASSET-ORG-004-026,CASE-00725,2025-04-05T23:09:59,2025-04-08T07:00:23
A-02916,ORG-004,medium,lateral_movement,ASSET-ORG-004-005,,2025-06-26T22:53:22,2025-06-29T10:09:06
A-02917,ORG-004,medium,data_exfil,ASSET-ORG-004-019,CASE-00744,2025-01-07T22:40:32,2025-01-09T22:03:15
A-02918,ORG-004,medium,privilege_escalation,ASSET-ORG-004-011,CASE-00676,2025-01-05T10:50:38,2025-01-07T04:58:35
A-02919,ORG-004,critical,recon,ASSET-ORG-004-031,,2025-05-30T12:12:42,2025-05-30T17:46:09
A-02920,ORG-004,low,data_exfil,ASSET-ORG-004-010,,2025-02-13T21:40:22,2025-02-16T08:37:50
A-02921,ORG-004,high,data_exfil,ASSET-ORG-004-002,,2025-06-12T04:32:17,2025-06-12T16:06:11
A-02922,ORG-004,medium,brute_force,ASSET-ORG-004-029,,2025-06-14T10:46:17,2025-06-15T13:01:37
A-02923,ORG-004,medium,data_exfil,ASSET-ORG-004-014,,2025-01-12T17:36:36,2025-01-15T00:31:22
A-02924,ORG-004,low,privilege_escalation,ASSET-ORG-004-026,,2025-03-19T03:08:50,2025-03-24T19:11:52
A-02925,ORG-004,critical,lateral_movement,ASSET-ORG-004-021,CASE-00741,2025-04-12T12:57:37,2025-04-12T15:02:28
A-02926,ORG-004,high,phishing,ASSET-ORG-004-002,CASE-00661,2025-06-05T03:59:21,2025-06-06T01:41:25
A-02927,ORG-004,medium,recon,ASSET-ORG-004-042,,2025-02-03T05:22:53,2025-02-04T23:06:20
A-02928,ORG-004,low,privilege_escalation,ASSET-ORG-004-010,CASE-00698,2025-05-14T04:30:37,2025-05-18T10:57:13
A-02929,ORG-004,high,privilege_escalation,ASSET-ORG-004-008,,2025-06-23T15:06:45,2025-06-24T09:36:00
A-02930,ORG-004,low,recon,ASSET-ORG-004-011,,2025-06-01T03:04:23,2025-06-04T13:19:39
A-02931,ORG-004,low,phishing,ASSET-ORG-004-010,CASE-00759,2025-02-16T16:54:26,2025-02-21T22:22:09
A-02932,ORG-004,high,data_exfil,ASSET-ORG-004-018,,2025-04-11T10:36:33,2025-04-12T02:27:01
A-02933,ORG-004,high,data_exfil,ASSET-ORG-004-022,CASE-00717,2025-03-09T00:46:55,2025-03-09T11:51:08
A-02934,ORG-004,critical,privilege_escalation,ASSET-ORG-004-018,CASE-00641,2025-02-19T03:21:04,2025-02-19T06:04:28
A-02935,ORG-004,critical,recon,ASSET-ORG-004-025,,2025-01-23T23:08:39,2025-01-24T02:04:20
A-02936,ORG-004,medium,privilege_escalation,ASSET-ORG-004-022,,2025-03-08T08:24:52,2025-03-10T09:09:24
A-02937,ORG-004,low,data_exfil,ASSET-ORG-004-033,,2025-05-27T05:30:43,2025-05-30T18:43:12
A-02938,ORG-004,low,phishing,ASSET-ORG-004-032,,2025-03-29T18:49:53,2025-04-01T07:51:59
A-02939,ORG-004,critical,privilege_escalation,ASSET-ORG-004-018,,2025-05-03T16:47:23,2025-05-03T21:39:17
A-02940,ORG-004,critical,data_exfil,ASSET-ORG-004-042,,2025-01-27T17:34:25,2025-01-27T20:57:31
A-02941,ORG-004,critical,malware,ASSET-ORG-004-042,,2025-06-16T11:01:49,2025-06-16T17:04:51
A-02942,ORG-004,critical,recon,ASSET-ORG-004-021,,2025-06-12T16:06:52,2025-06-12T23:51:27
A-02943,ORG-004,high,brute_force,ASSET-ORG-004-003,,2025-04-16T13:20:24,2025-04-16T23:24:22
A-02944,ORG-004,medium,phishing,ASSET-ORG-004-031,,2025-06-07T20:37:51,2025-06-10T06:22:28
A-02945,ORG-004,medium,brute_force,ASSET-ORG-004-008,,2025-03-01T04:50:53,2025-03-02T18:02:44
A-02946,ORG-004,high,phishing,ASSET-ORG-004-006,,2025-05-25T01:24:20,2025-05-25T23:05:15
A-02947,ORG-004,low,malware,ASSET-ORG-004-027,,2025-06-30T15:07:55,
A-02948,ORG-004,high,privilege_escalation,ASSET-ORG-004-021,,2025-04-24T14:38:59,2025-04-25T02:00:05
A-02949,ORG-004,low,recon,ASSET-ORG-004-039,,2025-04-05T10:51:01,2025-04-08T00:07:01
A-02950,ORG-004,critical,malware,ASSET-ORG-004-029,,2025-01-03T11:27:44,2025-01-03T17:41:45
A-02951,ORG-004,critical,lateral_movement,ASSET-ORG-004-016,,2025-01-08T22:51:35,2025-01-09T03:19:21
A-02952,ORG-004,critical,lateral_movement,ASSET-ORG-004-041,,2025-06-14T15:04:17,2025-06-14T19:18:12
A-02953,ORG-004,medium,lateral_movement,ASSET-ORG-004-023,CASE-00751,2025-06-16T21:18:18,2025-06-19T02:49:26
A-02954,ORG-004,high,brute_force,ASSET-ORG-004-025,,2025-02-23T04:33:15,2025-02-24T00:09:15
A-02955,ORG-004,medium,malware,ASSET-ORG-004-034,,2025-06-18T00:36:43,2025-06-20T10:44:41
A-02956,ORG-004,medium,recon,ASSET-ORG-004-018,,2025-01-15T04:07:53,2025-01-16T04:16:44
A-02957,ORG-004,high,brute_force,ASSET-ORG-004-025,,2025-05-19T08:47:19,2025-05-20T04:36:53
A-02958,ORG-004,high,lateral_movement,ASSET-ORG-004-020,,2025-06-19T13:14:00,2025-06-20T06:08:38
A-02959,ORG-004,medium,data_exfil,ASSET-ORG-004-019,,2025-04-19T15:46:30,2025-04-22T03:51:42
A-02960,ORG-004,high,phishing,ASSET-ORG-004-022,,2025-06-30T20:44:19,
A-02961,ORG-004,low,malware,ASSET-ORG-004-040,,2025-03-21T10:32:31,2025-03-25T21:39:01
A-02962,ORG-004,high,phishing,ASSET-ORG-004-037,,2025-05-06T13:18:53,2025-05-07T03:53:11
A-02963,ORG-004,critical,privilege_escalation,ASSET-ORG-004-038,CASE-00735,2025-06-13T15:38:34,2025-06-13T17:50:07
A-02964,ORG-004,medium,lateral_movement,ASSET-ORG-004-028,,2025-05-26T22:03:28,2025-05-29T16:17:42
A-02965,ORG-004,high,recon,ASSET-ORG-004-018,,2025-04-26T07:37:28,2025-04-26T18:26:16
A-02966,ORG-004,critical,data_exfil,ASSET-ORG-004-023,,2025-01-12T12:11:44,2025-01-12T18:31:01
A-02967,ORG-004,high,privilege_escalation,ASSET-ORG-004-039,,2025-04-09T23:59:08,2025-04-10T10:54:04
A-02968,ORG-004,medium,phishing,ASSET-ORG-004-020,,2025-03-06T19:49:38,2025-03-08T05:27:59
A-02969,ORG-004,high,phishing,ASSET-ORG-004-009,,2025-06-14T02:42:55,2025-06-15T00:14:40
A-02970,ORG-004,low,data_exfil,ASSET-ORG-004-017,CASE-00623,2025-05-31T14:22:09,2025-06-02T20:04:52
A-02971,ORG-004,high,brute_force,ASSET-ORG-004-010,CASE-00637,2025-05-06T16:37:06,2025-05-07T03:19:17
A-02972,ORG-004,high,lateral_movement,ASSET-ORG-004-037,,2025-04-26T06:09:55,2025-04-26T14:36:55
A-02973,ORG-004,high,phishing,ASSET-ORG-004-032,,2025-03-26T08:48:09,2025-03-26T20:59:58
A-02974,ORG-004,high,phishing,ASSET-ORG-004-015,CASE-00748,2025-04-07T13:33:02,2025-04-08T09:49:24
A-02975,ORG-004,low,lateral_movement,ASSET-ORG-004-004,CASE-00735,2025-01-02T08:10:57,2025-01-07T15:17:39
A-02976,ORG-004,medium,brute_force,ASSET-ORG-004-003,,2025-02-09T16:38:17,2025-02-12T01:05:53
A-02977,ORG-004,medium,privilege_escalation,ASSET-ORG-004-033,CASE-00775,2025-02-10T21:11:50,2025-02-13T12:02:11
A-02978,ORG-004,medium,malware,ASSET-ORG-004-018,,2025-04-01T05:50:43,2025-04-02T21:48:04
A-02979,ORG-004,high,data_exfil,ASSET-ORG-004-037,,2025-05-08T21:52:53,2025-05-09T12:54:06
A-02980,ORG-004,medium,lateral_movement,ASSET-ORG-004-010,,2025-01-19T14:44:08,2025-01-21T17:30:25
A-02981,ORG-004,critical,phishing,ASSET-ORG-004-010,CASE-00689,2025-05-03T04:27:58,2025-05-03T10:33:53
A-02982,ORG-004,critical,recon,ASSET-ORG-004-014,,2025-05-04T10:23:12,2025-05-04T17:35:40
A-02983,ORG-004,high,phishing,ASSET-ORG-004-006,,2025-05-15T15:24:42,2025-05-16T06:11:20
A-02984,ORG-004,low,privilege_escalation,ASSET-ORG-004-024,,2025-06-01T08:09:43,2025-06-03T19:54:51
A-02985,ORG-004,critical,malware,ASSET-ORG-004-026,,2025-03-26T15:29:47,2025-03-26T21:27:01
A-02986,ORG-004,high,brute_force,ASSET-ORG-004-032,,2025-03-23T01:55:45,2025-03-23T18:30:14
A-02987,ORG-004,low,malware,ASSET-ORG-004-015,,2025-04-13T11:26:00,2025-04-17T12:12:49
A-02988,ORG-004,medium,data_exfil,ASSET-ORG-004-016,,2025-06-26T05:27:47,2025-06-28T13:37:53
A-02989,ORG-004,high,recon,ASSET-ORG-004-019,,2025-01-02T09:39:36,2025-01-02T21:19:12
A-02990,ORG-004,critical,data_exfil,ASSET-ORG-004-004,,2025-04-10T17:18:20,2025-04-10T23:46:15
A-02991,ORG-004,low,data_exfil,ASSET-ORG-004-025,,2025-02-13T00:01:09,2025-02-16T00:26:55
A-02992,ORG-004,critical,lateral_movement,ASSET-ORG-004-014,,2025-02-25T08:34:25,2025-02-25T15:10:12
A-02993,ORG-004,medium,malware,ASSET-ORG-004-039,,2025-01-03T00:21:29,2025-01-04T22:22:31
A-02994,ORG-004,medium,data_exfil,ASSET-ORG-004-020,,2025-03-01T01:42:23,2025-03-03T10:16:33
A-02995,ORG-004,high,brute_force,ASSET-ORG-004-006,,2025-04-05T01:12:21,2025-04-05T17:02:50
A-02996,ORG-004,high,privilege_escalation,ASSET-ORG-004-024,,2025-05-04T23:37:42,2025-05-05T17:48:31
A-02997,ORG-004,low,brute_force,ASSET-ORG-004-032,,2025-06-03T22:35:58,2025-06-07T05:40:45
A-02998,ORG-004,medium,privilege_escalation,ASSET-ORG-004-036,,2025-06-21T07:16:16,2025-06-22T11:25:07
A-02999,ORG-004,medium,data_exfil,ASSET-ORG-004-028,,2025-03-08T22:44:49,2025-03-10T05:08:45
A-03000,ORG-004,low,recon,ASSET-ORG-004-033,CASE-00750,2025-02-15T21:39:17,2025-02-20T14:28:16
A-03001,ORG-004,high,phishing,ASSET-ORG-004-033,,2025-01-08T21:06:05,2025-01-09T12:17:36
A-03002,ORG-004,low,data_exfil,ASSET-ORG-004-018,,2025-03-18T08:49:24,2025-03-24T01:24:27
A-03003,ORG-004,high,privilege_escalation,ASSET-ORG-004-015,CASE-00671,2025-03-11T13:55:30,2025-03-12T02:29:48
A-03004,ORG-004,medium,malware,ASSET-ORG-004-001,CASE-00675,2025-04-12T04:33:45,2025-04-14T20:18:49
A-03005,ORG-004,low,recon,ASSET-ORG-004-004,,2025-02-11T03:42:02,2025-02-16T01:09:35
A-03006,ORG-004,medium,malware,ASSET-ORG-004-028,,2025-01-16T17:47:04,2025-01-18T07:20:51
A-03007,ORG-004,medium,lateral_movement,ASSET-ORG-004-021,,2025-03-10T04:28:03,2025-03-12T20:36:29
A-03008,ORG-004,critical,privilege_escalation,ASSET-ORG-004-020,,2025-01-24T19:27:56,2025-01-25T00:19:20
A-03009,ORG-004,medium,malware,ASSET-ORG-004-007,,2025-06-08T05:48:50,2025-06-09T22:04:59
A-03010,ORG-004,medium,data_exfil,ASSET-ORG-004-013,CASE-00701,2025-06-03T08:49:14,2025-06-05T22:35:17
A-03011,ORG-005,high,lateral_movement,ASSET-ORG-005-052,,2025-06-29T02:53:03,2025-06-29T12:36:39
A-03012,ORG-005,high,brute_force,ASSET-ORG-005-077,CASE-00901,2025-05-06T04:05:24,2025-05-06T22:47:55
A-03013,ORG-005,medium,malware,ASSET-ORG-005-043,,2025-06-27T23:58:30,2025-06-30T12:44:59
A-03014,ORG-005,medium,privilege_escalation,ASSET-ORG-005-083,,2025-03-12T13:24:16,2025-03-13T22:04:38
A-03015,ORG-005,high,data_exfil,ASSET-ORG-005-005,,2025-03-30T08:46:25,2025-03-31T02:22:49
A-03016,ORG-005,medium,phishing,ASSET-ORG-005-033,,2025-04-11T11:55:57,2025-04-13T13:30:40
A-03017,ORG-005,low,recon,ASSET-ORG-005-017,,2025-04-04T01:16:30,2025-04-07T04:10:27
A-03018,ORG-005,medium,phishing,ASSET-ORG-005-102,,2025-05-09T18:49:49,2025-05-11T23:13:34
A-03019,ORG-005,medium,malware,ASSET-ORG-005-055,,2025-04-06T14:58:24,2025-04-09T04:47:04
A-03020,ORG-005,medium,lateral_movement,ASSET-ORG-005-074,,2025-06-24T22:57:52,2025-06-26T21:56:05
A-03021,ORG-005,critical,phishing,ASSET-ORG-005-081,,2025-01-07T12:56:01,2025-01-07T19:07:52
A-03022,ORG-005,critical,brute_force,ASSET-ORG-005-021,,2025-02-10T03:23:50,2025-02-10T11:18:15
A-03023,ORG-005,critical,phishing,ASSET-ORG-005-046,,2025-06-14T23:49:28,2025-06-15T05:27:40
A-03024,ORG-005,high,privilege_escalation,ASSET-ORG-005-108,,2025-01-12T16:11:09,2025-01-13T14:49:40
A-03025,ORG-005,high,malware,ASSET-ORG-005-072,,2025-06-28T21:58:02,2025-06-29T11:54:30
A-03026,ORG-005,medium,lateral_movement,ASSET-ORG-005-110,,2025-03-16T15:56:38,2025-03-19T05:36:13
A-03027,ORG-005,low,malware,ASSET-ORG-005-117,CASE-00836,2025-03-09T07:13:37,2025-03-13T02:31:39
A-03028,ORG-005,low,recon,ASSET-ORG-005-058,,2025-06-21T20:17:19,2025-06-25T02:04:54
A-03029,ORG-005,medium,phishing,ASSET-ORG-005-068,,2025-06-11T03:27:41,2025-06-12T11:06:20
A-03030,ORG-005,medium,privilege_escalation,ASSET-ORG-005-018,,2025-03-26T18:39:37,2025-03-28T14:38:52
A-03031,ORG-005,low,malware,ASSET-ORG-005-065,,2025-03-08T15:52:17,2025-03-11T18:45:55
A-03032,ORG-005,high,data_exfil,ASSET-ORG-005-100,,2025-04-13T12:02:10,2025-04-14T10:17:53
A-03033,ORG-005,critical,data_exfil,ASSET-ORG-005-094,,2025-05-22T02:45:34,2025-05-22T10:24:29
A-03034,ORG-005,low,privilege_escalation,ASSET-ORG-005-038,,2025-04-10T12:25:02,2025-04-15T21:09:30
A-03035,ORG-005,medium,brute_force,ASSET-ORG-005-053,,2025-05-19T05:26:23,2025-05-21T02:35:30
A-03036,ORG-005,medium,recon,ASSET-ORG-005-090,,2025-06-05T07:54:46,2025-06-06T23:13:42
A-03037,ORG-005,medium,lateral_movement,ASSET-ORG-005-020,,2025-03-28T17:28:40,2025-03-31T01:25:06
A-03038,ORG-005,high,privilege_escalation,ASSET-ORG-005-024,,2025-03-13T20:01:58,2025-03-14T09:12:01
A-03039,ORG-005,low,lateral_movement,ASSET-ORG-005-076,,2025-06-07T17:17:03,2025-06-11T05:26:53
A-03040,ORG-005,low,brute_force,ASSET-ORG-005-077,,2025-02-25T04:30:27,2025-03-02T12:13:52
A-03041,ORG-005,medium,data_exfil,ASSET-ORG-005-115,,2025-02-21T11:41:45,2025-02-22T19:22:47
A-03042,ORG-005,high,phishing,ASSET-ORG-005-043,,2025-03-12T16:25:36,2025-03-13T11:05:48
A-03043,ORG-005,high,malware,ASSET-ORG-005-101,,2025-01-31T01:43:17,2025-01-31T23:50:40
A-03044,ORG-005,high,phishing,ASSET-ORG-005-104,,2025-01-13T04:27:12,2025-01-13T17:36:20
A-03045,ORG-005,critical,brute_force,ASSET-ORG-005-037,,2025-03-12T18:51:56,2025-03-12T23:55:38
A-03046,ORG-005,low,privilege_escalation,ASSET-ORG-005-024,,2025-01-24T21:20:34,2025-01-29T11:05:12
A-03047,ORG-005,medium,phishing,ASSET-ORG-005-048,,2025-06-04T05:51:19,2025-06-07T05:46:16
A-03048,ORG-005,medium,privilege_escalation,ASSET-ORG-005-001,,2025-02-28T13:11:43,2025-03-03T07:28:05
A-03049,ORG-005,high,brute_force,ASSET-ORG-005-088,,2025-04-02T13:34:42,2025-04-03T07:45:26
A-03050,ORG-005,low,privilege_escalation,ASSET-ORG-005-079,,2025-05-13T08:43:01,2025-05-16T20:02:37
A-03051,ORG-005,high,recon,ASSET-ORG-005-074,,2025-06-21T12:43:25,2025-06-22T06:08:49
A-03052,ORG-005,critical,malware,ASSET-ORG-005-005,,2025-03-13T13:35:07,2025-03-13T18:58:10
A-03053,ORG-005,critical,brute_force,ASSET-ORG-005-007,CASE-00787,2025-01-07T09:41:24,2025-01-07T17:15:08
A-03054,ORG-005,critical,malware,ASSET-ORG-005-086,,2025-05-10T22:17:03,2025-05-11T02:26:02
A-03055,ORG-005,medium,recon,ASSET-ORG-005-039,CASE-00912,2025-02-25T00:23:51,2025-02-27T09:09:01
A-03056,ORG-005,medium,brute_force,ASSET-ORG-005-113,,2025-06-13T18:10:21,2025-06-15T04:00:40
A-03057,ORG-005,medium,data_exfil,ASSET-ORG-005-056,CASE-00823,2025-02-26T17:17:38,2025-03-01T04:17:59
A-03058,ORG-005,medium,phishing,ASSET-ORG-005-099,CASE-00894,2025-05-13T20:42:53,2025-05-15T08:50:07
A-03059,ORG-005,medium,recon,ASSET-ORG-005-012,,2025-05-13T15:28:25,2025-05-16T07:29:56
A-03060,ORG-005,medium,lateral_movement,ASSET-ORG-005-012,,2025-03-01T09:51:19,2025-03-03T04:35:13
A-03061,ORG-005,high,privilege_escalation,ASSET-ORG-005-056,CASE-00983,2025-03-20T07:51:55,2025-03-20T21:31:33
A-03062,ORG-005,medium,malware,ASSET-ORG-005-109,,2025-04-18T20:54:27,2025-04-21T14:04:29
A-03063,ORG-005,low,data_exfil,ASSET-ORG-005-050,,2025-03-23T05:25:00,2025-03-28T09:03:14
A-03064,ORG-005,medium,phishing,ASSET-ORG-005-086,,2025-05-30T22:17:52,2025-06-02T21:37:26
A-03065,ORG-005,critical,data_exfil,ASSET-ORG-005-027,CASE-01007,2025-02-14T17:45:34,2025-02-15T00:10:58
A-03066,ORG-005,high,recon,ASSET-ORG-005-042,,2025-04-07T06:28:00,2025-04-07T23:35:42
A-03067,ORG-005,high,privilege_escalation,ASSET-ORG-005-058,,2025-05-09T15:54:15,2025-05-10T07:10:29
A-03068,ORG-005,high,malware,ASSET-ORG-005-109,CASE-01002,2025-05-23T16:13:58,2025-05-24T02:37:53
A-03069,ORG-005,high,lateral_movement,ASSET-ORG-005-033,,2025-04-27T19:54:45,2025-04-28T08:43:04
A-03070,ORG-005,high,phishing,ASSET-ORG-005-113,,2025-02-18T19:11:28,2025-02-19T17:44:52
A-03071,ORG-005,high,lateral_movement,ASSET-ORG-005-013,,2025-06-18T01:19:50,2025-06-18T16:02:30
A-03072,ORG-005,medium,privilege_escalation,ASSET-ORG-005-044,,2025-03-21T09:22:09,2025-03-23T12:36:28
A-03073,ORG-005,medium,phishing,ASSET-ORG-005-117,,2025-02-06T01:05:49,2025-02-07T14:37:36
A-03074,ORG-005,high,recon,ASSET-ORG-005-089,CASE-00994,2025-05-20T03:53:54,2025-05-20T12:45:54
A-03075,ORG-005,medium,recon,ASSET-ORG-005-079,,2025-01-16T00:48:16,2025-01-18T12:33:45
A-03076,ORG-005,high,privilege_escalation,ASSET-ORG-005-084,,2025-06-01T04:06:20,2025-06-02T03:16:41
A-03077,ORG-005,high,recon,ASSET-ORG-005-003,,2025-03-06T19:23:55,2025-03-07T18:49:20
A-03078,ORG-005,medium,phishing,ASSET-ORG-005-041,,2025-06-25T10:55:20,2025-06-27T23:36:28
A-03079,ORG-005,low,lateral_movement,ASSET-ORG-005-062,CASE-01017,2025-04-04T00:55:49,2025-04-08T06:16:25
A-03080,ORG-005,low,malware,ASSET-ORG-005-052,CASE-01003,2025-04-17T18:03:56,2025-04-23T07:39:06
A-03081,ORG-005,high,privilege_escalation,ASSET-ORG-005-020,,2025-01-09T11:46:59,2025-01-10T00:56:33
A-03082,ORG-005,high,malware,ASSET-ORG-005-023,,2025-02-13T01:01:40,2025-02-13T12:41:28
A-03083,ORG-005,high,brute_force,ASSET-ORG-005-020,,2025-03-23T17:56:19,2025-03-24T10:15:22
A-03084,ORG-005,high,data_exfil,ASSET-ORG-005-096,,2025-01-12T03:42:14,2025-01-12T14:19:29
A-03085,ORG-005,low,lateral_movement,ASSET-ORG-005-119,,2025-03-26T18:48:44,2025-04-01T02:53:28
A-03086,ORG-005,low,malware,ASSET-ORG-005-090,CASE-00794,2025-04-12T11:15:34,2025-04-15T00:33:26
A-03087,ORG-005,medium,phishing,ASSET-ORG-005-104,,2025-02-04T23:55:28,2025-02-06T17:28:05
A-03088,ORG-005,critical,privilege_escalation,ASSET-ORG-005-048,,2025-02-22T22:36:36,2025-02-23T05:25:54
A-03089,ORG-005,critical,data_exfil,ASSET-ORG-005-075,,2025-02-27T15:11:17,2025-02-27T18:54:08
A-03090,ORG-005,high,lateral_movement,ASSET-ORG-005-068,,2025-06-02T06:16:12,2025-06-02T20:21:22
A-03091,ORG-005,high,brute_force,ASSET-ORG-005-070,,2025-04-08T22:47:14,2025-04-09T07:23:02
A-03092,ORG-005,high,data_exfil,ASSET-ORG-005-026,,2025-05-29T08:16:43,2025-05-29T20:36:48
A-03093,ORG-005,medium,brute_force,ASSET-ORG-005-016,CASE-00923,2025-03-20T18:19:41,2025-03-22T13:31:08
A-03094,ORG-005,medium,data_exfil,ASSET-ORG-005-008,CASE-01023,2025-01-22T14:47:05,2025-01-24T04:10:42
A-03095,ORG-005,high,phishing,ASSET-ORG-005-118,,2025-06-26T22:19:15,2025-06-27T17:44:44
A-03096,ORG-005,medium,data_exfil,ASSET-ORG-005-049,,2025-04-28T12:06:38,2025-04-30T20:28:27
A-03097,ORG-005,medium,phishing,ASSET-ORG-005-004,CASE-00952,2025-05-29T06:02:42,2025-05-30T11:04:59
A-03098,ORG-005,medium,privilege_escalation,ASSET-ORG-005-076,,2025-01-17T07:17:32,2025-01-19T10:50:53
A-03099,ORG-005,high,data_exfil,ASSET-ORG-005-037,,2025-05-05T23:18:53,2025-05-06T16:24:32
A-03100,ORG-005,medium,privilege_escalation,ASSET-ORG-005-046,,2025-06-10T18:55:16,2025-06-12T05:47:18
A-03101,ORG-005,high,privilege_escalation,ASSET-ORG-005-048,,2025-04-01T16:46:18,2025-04-02T01:09:44
A-03102,ORG-005,low,brute_force,ASSET-ORG-005-055,,2025-01-29T14:01:28,2025-02-04T13:03:33
A-03103,ORG-005,medium,privilege_escalation,ASSET-ORG-005-021,CASE-00804,2025-03-21T17:51:37,2025-03-22T19:45:30
A-03104,ORG-005,high,privilege_escalation,ASSET-ORG-005-111,CASE-00919,2025-01-04T21:03:16,2025-01-05T18:31:00
A-03105,ORG-005,low,malware,ASSET-ORG-005-105,CASE-00847,2025-04-18T21:58:10,2025-04-21T07:45:44
A-03106,ORG-005,critical,malware,ASSET-ORG-005-045,,2025-06-30T09:45:52,2025-06-30T16:31:58
A-03107,ORG-005,medium,recon,ASSET-ORG-005-017,,2025-06-21T01:29:02,2025-06-22T08:48:22
A-03108,ORG-005,high,lateral_movement,ASSET-ORG-005-041,CASE-00901,2025-04-26T11:09:30,2025-04-27T01:44:55
A-03109,ORG-005,low,phishing,ASSET-ORG-005-048,,2025-03-19T22:02:43,2025-03-23T09:01:15
A-03110,ORG-005,medium,lateral_movement,ASSET-ORG-005-085,,2025-03-31T05:43:18,2025-04-02T02:16:43
A-03111,ORG-005,critical,data_exfil,ASSET-ORG-005-096,CASE-00867,2025-02-21T14:10:34,2025-02-21T20:57:15
A-03112,ORG-005,high,data_exfil,ASSET-ORG-005-037,,2025-04-07T22:05:46,2025-04-08T14:18:31
A-03113,ORG-005,high,recon,ASSET-ORG-005-075,,2025-04-25T14:47:10,2025-04-26T07:20:10
A-03114,ORG-005,low,data_exfil,ASSET-ORG-005-082,CASE-00873,2025-04-23T05:20:54,2025-04-25T23:16:27
A-03115,ORG-005,medium,phishing,ASSET-ORG-005-027,,2025-03-13T18:16:43,2025-03-15T11:40:48
A-03116,ORG-005,high,brute_force,ASSET-ORG-005-083,,2025-03-18T08:58:48,2025-03-19T02:38:06
A-03117,ORG-005,high,phishing,ASSET-ORG-005-007,,2025-01-27T08:38:51,2025-01-28T03:32:16
A-03118,ORG-005,low,recon,ASSET-ORG-005-026,CASE-00927,2025-02-26T09:16:55,2025-03-02T14:55:57
A-03119,ORG-005,critical,lateral_movement,ASSET-ORG-005-059,,2025-04-10T03:57:22,2025-04-10T09:53:01
A-03120,ORG-005,high,privilege_escalation,ASSET-ORG-005-098,,2025-05-06T02:03:03,2025-05-06T21:51:14
A-03121,ORG-005,high,phishing,ASSET-ORG-005-086,,2025-02-28T12:00:40,2025-02-28T23:51:52
A-03122,ORG-005,high,malware,ASSET-ORG-005-110,CASE-00860,2025-04-25T02:27:48,2025-04-25T13:01:30
A-03123,ORG-005,medium,lateral_movement,ASSET-ORG-005-101,CASE-00845,2025-02-06T12:35:13,2025-02-08T16:17:47
A-03124,ORG-005,critical,recon,ASSET-ORG-005-013,,2025-03-21T00:27:44,2025-03-21T07:20:22
A-03125,ORG-005,high,privilege_escalation,ASSET-ORG-005-035,,2025-02-14T05:45:40,2025-02-15T03:51:05
A-03126,ORG-005,medium,malware,ASSET-ORG-005-101,,2025-05-20T04:46:53,2025-05-21T09:41:36
A-03127,ORG-005,low,phishing,ASSET-ORG-005-015,CASE-00847,2025-06-28T19:20:38,2025-06-30T19:32:50
A-03128,ORG-005,high,recon,ASSET-ORG-005-083,,2025-01-23T01:31:39,2025-01-23T13:25:32
A-03129,ORG-005,medium,brute_force,ASSET-ORG-005-058,,2025-03-04T07:46:47,2025-03-05T23:04:53
A-03130,ORG-005,critical,phishing,ASSET-ORG-005-039,,2025-03-30T22:41:37,2025-03-31T04:03:22
A-03131,ORG-005,high,brute_force,ASSET-ORG-005-117,CASE-00823,2025-03-04T18:50:50,2025-03-05T08:00:51
A-03132,ORG-005,high,lateral_movement,ASSET-ORG-005-090,,2025-02-02T22:28:23,2025-02-03T09:05:45
A-03133,ORG-005,high,data_exfil,ASSET-ORG-005-050,,2025-06-27T07:12:46,2025-06-27T16:20:33
A-03134,ORG-005,low,brute_force,ASSET-ORG-005-061,,2025-05-14T01:10:20,2025-05-16T08:23:38
A-03135,ORG-005,medium,phishing,ASSET-ORG-005-119,CASE-00788,2025-04-21T19:33:49,2025-04-24T09:49:42
A-03136,ORG-005,medium,privilege_escalation,ASSET-ORG-005-046,CASE-00889,2025-01-22T00:58:28,2025-01-24T05:27:34
A-03137,ORG-005,critical,phishing,ASSET-ORG-005-022,CASE-00821,2025-02-26T12:27:43,2025-02-26T20:13:28
A-03138,ORG-005,high,privilege_escalation,ASSET-ORG-005-011,,2025-04-13T16:18:02,2025-04-14T13:37:29
A-03139,ORG-005,medium,data_exfil,ASSET-ORG-005-051,CASE-00831,2025-03-11T20:07:14,2025-03-12T21:01:07
A-03140,ORG-005,low,recon,ASSET-ORG-005-015,,2025-03-27T07:01:44,2025-04-02T05:13:31
A-03141,ORG-005,critical,privilege_escalation,ASSET-ORG-005-039,CASE-00860,2025-04-26T01:56:35,2025-04-26T05:33:56
A-03142,ORG-005,high,privilege_escalation,ASSET-ORG-005-011,CASE-00804,2025-02-12T00:29:34,2025-02-12T23:20:23
A-03143,ORG-005,critical,malware,ASSET-ORG-005-107,CASE-00858,2025-02-01T12:19:33,2025-02-01T14:36:13
A-03144,ORG-005,high,recon,ASSET-ORG-005-065,,2025-04-10T17:02:08,2025-04-11T10:30:44
A-03145,ORG-005,low,recon,ASSET-ORG-005-016,,2025-02-18T00:28:07,2025-02-22T08:37:24
A-03146,ORG-005,low,lateral_movement,ASSET-ORG-005-082,,2025-04-22T23:40:57,2025-04-25T17:42:19
A-03147,ORG-005,critical,phishing,ASSET-ORG-005-093,,2025-01-23T01:46:58,2025-01-23T08:52:39
A-03148,ORG-005,high,recon,ASSET-ORG-005-099,CASE-00867,2025-02-03T04:06:14,2025-02-03T16:23:48
A-03149,ORG-005,high,phishing,ASSET-ORG-005-051,,2025-04-03T13:10:49,2025-04-04T12:21:21
A-03150,ORG-005,low,brute_force,ASSET-ORG-005-021,,2025-02-16T22:35:50,2025-02-22T04:47:18
A-03151,ORG-005,critical,lateral_movement,ASSET-ORG-005-026,,2025-05-07T13:40:04,2025-05-07T21:26:34
A-03152,ORG-005,high,lateral_movement,ASSET-ORG-005-117,,2025-06-24T17:14:13,2025-06-25T09:00:11
A-03153,ORG-005,low,malware,ASSET-ORG-005-006,,2025-03-29T03:39:32,2025-04-04T02:21:50
A-03154,ORG-005,low,brute_force,ASSET-ORG-005-110,CASE-00785,2025-01-15T04:24:11,2025-01-17T07:07:19
A-03155,ORG-005,medium,lateral_movement,ASSET-ORG-005-111,,2025-04-06T17:45:47,2025-04-08T04:17:43
A-03156,ORG-005,high,malware,ASSET-ORG-005-056,,2025-05-25T15:40:42,2025-05-26T14:26:20
A-03157,ORG-005,low,lateral_movement,ASSET-ORG-005-092,,2025-02-15T10:12:33,2025-02-20T22:48:47
A-03158,ORG-005,critical,recon,ASSET-ORG-005-074,,2025-02-07T00:50:23,2025-02-07T06:18:38
A-03159,ORG-005,low,malware,ASSET-ORG-005-036,CASE-01002,2025-02-05T01:52:10,2025-02-11T00:38:11
A-03160,ORG-005,low,privilege_escalation,ASSET-ORG-005-084,,2025-02-14T20:28:04,2025-02-17T07:59:01
A-03161,ORG-005,medium,recon,ASSET-ORG-005-024,CASE-00885,2025-05-11T23:13:16,2025-05-13T05:06:36
A-03162,ORG-005,medium,privilege_escalation,ASSET-ORG-005-084,CASE-00777,2025-01-01T15:21:46,2025-01-04T03:27:09
A-03163,ORG-005,medium,lateral_movement,ASSET-ORG-005-074,,2025-04-29T08:06:38,2025-05-02T04:40:18
A-03164,ORG-005,low,phishing,ASSET-ORG-005-099,,2025-01-14T17:27:07,2025-01-18T04:03:59
A-03165,ORG-005,low,recon,ASSET-ORG-005-036,CASE-00975,2025-05-24T15:56:30,2025-05-28T20:13:27
A-03166,ORG-005,low,phishing,ASSET-ORG-005-091,CASE-00985,2025-01-07T17:06:11,2025-01-11T16:47:06
A-03167,ORG-005,high,lateral_movement,ASSET-ORG-005-091,,2025-06-29T09:24:23,2025-06-29T19:13:03
A-03168,ORG-005,low,phishing,ASSET-ORG-005-052,,2025-05-27T20:39:33,2025-06-01T00:25:47
A-03169,ORG-005,high,malware,ASSET-ORG-005-033,CASE-00994,2025-01-13T14:23:18,2025-01-14T07:19:51
A-03170,ORG-005,medium,privilege_escalation,ASSET-ORG-005-060,,2025-06-18T14:55:17,2025-06-19T17:48:01
A-03171,ORG-005,low,phishing,ASSET-ORG-005-028,CASE-01020,2025-05-03T23:23:46,2025-05-09T06:45:59
A-03172,ORG-005,medium,lateral_movement,ASSET-ORG-005-093,,2025-04-21T17:20:14,2025-04-23T10:05:22
A-03173,ORG-005,low,privilege_escalation,ASSET-ORG-005-016,,2025-01-14T17:02:53,2025-01-17T16:31:44
A-03174,ORG-005,medium,malware,ASSET-ORG-005-012,,2025-03-01T09:11:34,2025-03-04T05:20:38
A-03175,ORG-005,low,recon,ASSET-ORG-005-065,CASE-00802,2025-03-20T04:57:03,2025-03-23T04:32:23
A-03176,ORG-005,medium,brute_force,ASSET-ORG-005-101,CASE-00886,2025-04-23T21:49:29,2025-04-25T16:42:53
A-03177,ORG-005,high,data_exfil,ASSET-ORG-005-039,,2025-04-17T05:51:53,2025-04-17T20:38:27
A-03178,ORG-005,medium,data_exfil,ASSET-ORG-005-006,,2025-01-27T03:49:18,2025-01-29T17:31:35
A-03179,ORG-005,medium,lateral_movement,ASSET-ORG-005-025,,2025-02-05T16:10:55,2025-02-06T20:51:32
A-03180,ORG-005,high,lateral_movement,ASSET-ORG-005-040,CASE-00781,2025-05-09T23:49:23,2025-05-10T16:50:41
A-03181,ORG-005,medium,brute_force,ASSET-ORG-005-108,,2025-03-18T17:17:29,2025-03-19T17:25:58
A-03182,ORG-005,high,lateral_movement,ASSET-ORG-005-059,,2025-04-21T22:06:00,2025-04-22T11:37:27
A-03183,ORG-005,medium,lateral_movement,ASSET-ORG-005-060,,2025-01-26T08:03:58,2025-01-29T07:54:09
A-03184,ORG-005,low,recon,ASSET-ORG-005-075,,2025-04-18T15:17:53,2025-04-23T15:39:08
A-03185,ORG-005,low,data_exfil,ASSET-ORG-005-055,,2025-04-03T10:53:04,2025-04-08T02:39:58
A-03186,ORG-005,high,data_exfil,ASSET-ORG-005-060,,2025-05-08T10:29:41,2025-05-08T19:53:11
A-03187,ORG-005,medium,privilege_escalation,ASSET-ORG-005-021,,2025-01-09T02:25:41,2025-01-10T22:39:07
A-03188,ORG-005,high,recon,ASSET-ORG-005-053,,2025-06-30T11:17:02,
A-03189,ORG-005,critical,recon,ASSET-ORG-005-085,,2025-03-20T04:54:11,2025-03-20T09:44:24
A-03190,ORG-005,medium,recon,ASSET-ORG-005-014,,2025-05-29T23:33:26,2025-06-01T14:49:48
A-03191,ORG-005,high,brute_force,ASSET-ORG-005-077,,2025-02-07T03:07:09,2025-02-08T01:05:08
A-03192,ORG-005,low,data_exfil,ASSET-ORG-005-002,CASE-00856,2025-01-28T05:43:02,2025-01-30T13:39:38
A-03193,ORG-005,critical,brute_force,ASSET-ORG-005-026,,2025-03-31T01:24:02,2025-03-31T08:29:16
A-03194,ORG-005,high,brute_force,ASSET-ORG-005-035,,2025-02-24T20:09:06,2025-02-25T17:58:28
A-03195,ORG-005,medium,privilege_escalation,ASSET-ORG-005-076,,2025-06-30T00:43:57,
A-03196,ORG-005,high,phishing,ASSET-ORG-005-087,,2025-05-10T08:10:38,2025-05-10T16:20:37
A-03197,ORG-005,critical,malware,ASSET-ORG-005-101,,2025-02-03T17:54:35,2025-02-03T22:35:43
A-03198,ORG-005,critical,lateral_movement,ASSET-ORG-005-040,,2025-04-18T04:16:54,2025-04-18T10:10:23
A-03199,ORG-005,high,data_exfil,ASSET-ORG-005-008,,2025-05-16T02:12:58,2025-05-16T14:55:36
A-03200,ORG-005,high,malware,ASSET-ORG-005-030,,2025-02-17T00:40:32,2025-02-17T11:32:03
A-03201,ORG-005,critical,privilege_escalation,ASSET-ORG-005-049,,2025-05-09T01:03:34,2025-05-09T06:54:39
A-03202,ORG-005,medium,malware,ASSET-ORG-005-034,CASE-00830,2025-06-04T23:23:29,2025-06-06T15:57:47
A-03203,ORG-005,medium,recon,ASSET-ORG-005-074,,2025-01-28T17:10:48,2025-01-30T12:11:39
A-03204,ORG-005,critical,lateral_movement,ASSET-ORG-005-025,,2025-01-12T11:50:07,2025-01-12T14:41:02
A-03205,ORG-005,medium,privilege_escalation,ASSET-ORG-005-048,,2025-01-19T19:34:27,2025-01-22T08:43:07
A-03206,ORG-005,critical,phishing,ASSET-ORG-005-035,,2025-02-16T23:57:18,2025-02-17T06:08:40
A-03207,ORG-005,medium,privilege_escalation,ASSET-ORG-005-089,CASE-00984,2025-03-06T04:43:29,2025-03-07T20:00:55
A-03208,ORG-005,high,lateral_movement,ASSET-ORG-005-009,,2025-01-23T01:08:49,2025-01-23T19:55:17
A-03209,ORG-005,medium,phishing,ASSET-ORG-005-007,CASE-00878,2025-06-02T05:58:53,2025-06-03T08:23:16
A-03210,ORG-005,high,data_exfil,ASSET-ORG-005-084,CASE-00997,2025-02-17T10:43:32,2025-02-18T08:20:50
A-03211,ORG-005,critical,data_exfil,ASSET-ORG-005-014,,2025-05-14T02:17:09,2025-05-14T07:07:54
A-03212,ORG-005,low,brute_force,ASSET-ORG-005-027,,2025-03-27T03:58:11,2025-03-31T02:05:48
A-03213,ORG-005,critical,malware,ASSET-ORG-005-035,,2025-06-15T08:20:40,2025-06-15T15:54:55
A-03214,ORG-005,high,brute_force,ASSET-ORG-005-066,,2025-01-11T20:48:31,2025-01-12T17:26:10
A-03215,ORG-005,low,lateral_movement,ASSET-ORG-005-086,,2025-04-09T17:41:23,2025-04-12T06:30:36
A-03216,ORG-005,medium,brute_force,ASSET-ORG-005-117,,2025-01-26T12:52:48,2025-01-28T14:57:29
A-03217,ORG-005,medium,brute_force,ASSET-ORG-005-073,,2025-03-17T19:56:50,2025-03-19T15:12:38
A-03218,ORG-005,critical,recon,ASSET-ORG-005-069,CASE-00887,2025-06-19T16:09:18,2025-06-19T22:48:23
A-03219,ORG-005,critical,lateral_movement,ASSET-ORG-005-086,,2025-03-30T19:59:07,2025-03-31T01:17:59
A-03220,ORG-005,medium,lateral_movement,ASSET-ORG-005-111,,2025-02-26T08:40:45,2025-03-01T08:14:43
A-03221,ORG-005,critical,malware,ASSET-ORG-005-114,CASE-00801,2025-06-14T08:42:52,2025-06-14T13:01:40
A-03222,ORG-005,high,recon,ASSET-ORG-005-107,CASE-00969,2025-04-30T07:45:37,2025-05-01T07:18:53
A-03223,ORG-005,medium,data_exfil,ASSET-ORG-005-004,,2025-03-27T12:13:38,2025-03-30T05:16:19
A-03224,ORG-005,high,malware,ASSET-ORG-005-028,CASE-00951,2025-01-26T13:44:56,2025-01-27T04:30:57
A-03225,ORG-005,medium,brute_force,ASSET-ORG-005-020,,2025-03-31T07:25:31,2025-04-02T23:58:15
A-03226,ORG-005,medium,brute_force,ASSET-ORG-005-073,,2025-03-22T10:01:47,2025-03-24T05:08:56
A-03227,ORG-005,medium,privilege_escalation,ASSET-ORG-005-059,,2025-05-23T08:14:30,2025-05-25T21:09:56
A-03228,ORG-005,critical,malware,ASSET-ORG-005-064,CASE-00961,2025-05-18T19:07:05,2025-05-18T23:44:18
A-03229,ORG-005,low,brute_force,ASSET-ORG-005-116,CASE-00813,2025-01-05T14:18:10,2025-01-08T13:48:30
A-03230,ORG-005,low,brute_force,ASSET-ORG-005-091,,2025-01-06T21:40:14,2025-01-10T13:58:42
A-03231,ORG-005,low,brute_force,ASSET-ORG-005-085,,2025-03-13T04:24:04,2025-03-15T18:51:45
A-03232,ORG-005,high,phishing,ASSET-ORG-005-091,CASE-00780,2025-06-18T19:55:29,2025-06-19T18:34:23
A-03233,ORG-005,high,brute_force,ASSET-ORG-005-022,,2025-06-04T00:18:27,2025-06-04T17:52:51
A-03234,ORG-005,low,data_exfil,ASSET-ORG-005-063,,2025-04-04T12:02:31,2025-04-08T03:47:13
A-03235,ORG-005,high,lateral_movement,ASSET-ORG-005-113,,2025-03-30T16:52:22,2025-03-31T04:23:44
A-03236,ORG-005,medium,malware,ASSET-ORG-005-106,,2025-03-08T22:28:37,2025-03-10T07:11:33
A-03237,ORG-005,critical,lateral_movement,ASSET-ORG-005-081,CASE-00841,2025-02-18T19:31:13,2025-02-19T02:16:15
A-03238,ORG-005,high,phishing,ASSET-ORG-005-015,,2025-01-06T02:46:45,2025-01-06T17:15:42
A-03239,ORG-005,medium,brute_force,ASSET-ORG-005-007,CASE-00983,2025-04-03T11:45:48,2025-04-06T09:06:24
A-03240,ORG-005,low,brute_force,ASSET-ORG-005-011,CASE-00897,2025-05-25T02:19:43,2025-05-28T23:40:15
A-03241,ORG-005,low,recon,ASSET-ORG-005-082,,2025-06-11T01:32:50,2025-06-13T05:27:01
A-03242,ORG-005,critical,recon,ASSET-ORG-005-084,,2025-05-02T23:53:00,2025-05-03T06:13:49
A-03243,ORG-005,critical,recon,ASSET-ORG-005-083,,2025-05-16T20:43:40,2025-05-17T01:40:15
A-03244,ORG-005,low,recon,ASSET-ORG-005-067,,2025-05-21T02:48:43,2025-05-25T22:28:05
A-03245,ORG-005,high,recon,ASSET-ORG-005-004,CASE-00868,2025-02-08T09:21:08,2025-02-08T20:23:55
A-03246,ORG-005,high,malware,ASSET-ORG-005-060,CASE-00930,2025-03-07T06:53:59,2025-03-07T15:06:51
A-03247,ORG-005,medium,data_exfil,ASSET-ORG-005-064,CASE-00907,2025-05-07T03:28:34,2025-05-09T04:55:46
A-03248,ORG-005,low,recon,ASSET-ORG-005-044,,2025-04-22T15:52:56,2025-04-25T06:00:14
A-03249,ORG-005,high,recon,ASSET-ORG-005-038,CASE-00839,2025-05-12T11:46:09,2025-05-13T02:55:47
A-03250,ORG-005,medium,malware,ASSET-ORG-005-040,,2025-06-04T00:43:09,2025-06-05T17:10:24
A-03251,ORG-005,low,phishing,ASSET-ORG-005-014,,2025-04-05T13:33:22,2025-04-09T21:46:51
A-03252,ORG-005,high,data_exfil,ASSET-ORG-005-101,,2025-06-20T15:35:52,2025-06-21T12:36:41
A-03253,ORG-005,low,data_exfil,ASSET-ORG-005-073,,2025-04-10T04:14:06,2025-04-14T08:38:58
A-03254,ORG-005,medium,data_exfil,ASSET-ORG-005-059,CASE-00877,2025-05-05T11:46:20,2025-05-06T22:47:05
A-03255,ORG-005,critical,data_exfil,ASSET-ORG-005-080,,2025-02-15T20:32:20,2025-02-16T04:29:01
A-03256,ORG-005,low,malware,ASSET-ORG-005-056,,2025-05-24T19:08:38,2025-05-28T09:52:42
A-03257,ORG-005,high,data_exfil,ASSET-ORG-005-070,,2025-01-03T19:59:38,2025-01-04T08:54:59
A-03258,ORG-005,medium,phishing,ASSET-ORG-005-056,,2025-06-24T18:00:04,2025-06-27T12:55:34
A-03259,ORG-005,high,phishing,ASSET-ORG-005-044,,2025-05-31T17:53:15,2025-06-01T10:55:21
A-03260,ORG-005,high,lateral_movement,ASSET-ORG-005-065,CASE-00975,2025-06-17T11:38:49,2025-06-18T06:08:04
A-03261,ORG-005,high,malware,ASSET-ORG-005-001,,2025-04-23T16:33:05,2025-04-24T10:22:31
A-03262,ORG-005,high,phishing,ASSET-ORG-005-116,CASE-01020,2025-06-26T17:05:54,2025-06-27T05:59:21
A-03263,ORG-005,low,brute_force,ASSET-ORG-005-079,,2025-06-22T19:49:04,2025-06-28T11:29:58
A-03264,ORG-005,medium,data_exfil,ASSET-ORG-005-105,,2025-01-06T08:41:11,2025-01-08T20:58:26
A-03265,ORG-005,critical,brute_force,ASSET-ORG-005-049,,2025-01-20T06:49:58,2025-01-20T11:21:47
A-03266,ORG-005,medium,brute_force,ASSET-ORG-005-115,CASE-00998,2025-02-25T02:11:33,2025-02-26T16:32:08
A-03267,ORG-005,high,privilege_escalation,ASSET-ORG-005-011,,2025-06-26T00:48:27,2025-06-26T15:19:14
A-03268,ORG-005,low,lateral_movement,ASSET-ORG-005-042,,2025-02-19T12:13:51,2025-02-23T18:47:38
A-03269,ORG-005,critical,phishing,ASSET-ORG-005-038,,2025-05-28T15:18:54,2025-05-28T22:13:22
A-03270,ORG-005,high,lateral_movement,ASSET-ORG-005-094,CASE-00792,2025-04-28T08:31:52,2025-04-29T01:41:24
A-03271,ORG-005,medium,recon,ASSET-ORG-005-107,CASE-00832,2025-06-05T12:57:08,2025-06-08T03:07:11
A-03272,ORG-005,critical,brute_force,ASSET-ORG-005-073,,2025-06-02T12:36:15,2025-06-02T14:49:15
A-03273,ORG-005,low,brute_force,ASSET-ORG-005-119,,2025-06-01T13:42:07,2025-06-05T16:50:07
A-03274,ORG-005,critical,data_exfil,ASSET-ORG-005-084,,2025-05-16T02:20:12,2025-05-16T07:47:39
A-03275,ORG-005,high,privilege_escalation,ASSET-ORG-005-095,CASE-00801,2025-03-02T05:14:54,2025-03-02T19:59:40
A-03276,ORG-005,high,privilege_escalation,ASSET-ORG-005-033,,2025-04-04T08:01:41,2025-04-04T23:12:05
A-03277,ORG-005,critical,data_exfil,ASSET-ORG-005-040,,2025-03-05T23:43:54,2025-03-06T04:39:01
A-03278,ORG-005,medium,recon,ASSET-ORG-005-064,,2025-04-13T18:20:33,2025-04-15T04:07:34
A-03279,ORG-005,critical,malware,ASSET-ORG-005-056,,2025-01-15T22:52:09,2025-01-16T05:54:42
A-03280,ORG-005,high,recon,ASSET-ORG-005-056,,2025-06-02T10:56:02,2025-06-03T07:24:51
A-03281,ORG-005,medium,phishing,ASSET-ORG-005-021,,2025-06-05T08:44:17,2025-06-06T15:07:32
A-03282,ORG-005,low,phishing,ASSET-ORG-005-031,,2025-06-09T09:11:34,2025-06-11T12:04:44
A-03283,ORG-005,medium,recon,ASSET-ORG-005-034,CASE-00804,2025-05-10T19:49:36,2025-05-11T21:23:19
A-03284,ORG-005,high,lateral_movement,ASSET-ORG-005-038,,2025-03-11T00:39:10,2025-03-11T11:26:48
A-03285,ORG-005,high,lateral_movement,ASSET-ORG-005-067,,2025-02-10T23:53:41,2025-02-11T13:40:20
A-03286,ORG-005,medium,brute_force,ASSET-ORG-005-045,,2025-03-19T04:05:45,2025-03-21T10:59:10
A-03287,ORG-005,low,lateral_movement,ASSET-ORG-005-027,,2025-06-06T21:01:08,2025-06-12T04:02:31
A-03288,ORG-005,medium,lateral_movement,ASSET-ORG-005-069,,2025-03-26T22:15:35,2025-03-28T16:29:19
A-03289,ORG-005,critical,malware,ASSET-ORG-005-077,,2025-04-30T08:50:22,2025-04-30T16:08:50
A-03290,ORG-005,high,brute_force,ASSET-ORG-005-111,,2025-03-24T10:37:52,2025-03-25T05:36:14
A-03291,ORG-005,high,data_exfil,ASSET-ORG-005-068,,2025-06-16T23:55:04,2025-06-17T14:30:20
A-03292,ORG-005,low,malware,ASSET-ORG-005-012,,2025-06-07T19:14:13,2025-06-09T19:48:30
A-03293,ORG-005,low,brute_force,ASSET-ORG-005-110,,2025-05-20T20:49:54,2025-05-23T15:21:27
A-03294,ORG-005,medium,phishing,ASSET-ORG-005-013,CASE-01020,2025-06-27T16:42:27,2025-06-29T02:04:20
A-03295,ORG-005,high,privilege_escalation,ASSET-ORG-005-049,,2025-02-03T07:20:59,2025-02-04T06:23:28
A-03296,ORG-005,medium,phishing,ASSET-ORG-005-078,,2025-02-11T04:37:58,2025-02-13T06:19:24
A-03297,ORG-005,medium,malware,ASSET-ORG-005-036,CASE-00837,2025-01-03T19:32:40,2025-01-05T12:39:28
A-03298,ORG-005,critical,brute_force,ASSET-ORG-005-115,,2025-01-31T23:54:22,2025-02-01T02:27:50
A-03299,ORG-005,high,privilege_escalation,ASSET-ORG-005-096,,2025-04-27T13:21:45,2025-04-28T01:13:42
A-03300,ORG-005,medium,data_exfil,ASSET-ORG-005-004,,2025-01-28T03:06:49,2025-01-29T22:24:36
A-03301,ORG-005,high,malware,ASSET-ORG-005-086,,2025-04-19T05:01:48,2025-04-19T16:11:44
A-03302,ORG-005,high,data_exfil,ASSET-ORG-005-046,,2025-03-08T15:11:00,2025-03-09T03:51:59
A-03303,ORG-005,high,malware,ASSET-ORG-005-037,,2025-04-01T21:44:59,2025-04-02T07:31:17
A-03304,ORG-005,medium,recon,ASSET-ORG-005-096,,2025-06-18T22:18:56,2025-06-20T07:36:09
A-03305,ORG-005,low,malware,ASSET-ORG-005-027,,2025-06-21T19:00:40,2025-06-25T08:06:07
A-03306,ORG-005,medium,data_exfil,ASSET-ORG-005-021,CASE-00839,2025-04-02T18:14:29,2025-04-05T15:17:45
A-03307,ORG-005,medium,brute_force,ASSET-ORG-005-065,,2025-02-05T03:13:15,2025-02-07T00:11:38
A-03308,ORG-005,high,privilege_escalation,ASSET-ORG-005-073,,2025-01-14T13:37:16,2025-01-15T12:45:19
A-03309,ORG-005,high,phishing,ASSET-ORG-005-073,CASE-00889,2025-05-16T07:24:18,2025-05-17T05:44:28
A-03310,ORG-005,critical,phishing,ASSET-ORG-005-005,,2025-06-11T19:08:54,2025-06-12T00:42:45
A-03311,ORG-005,low,data_exfil,ASSET-ORG-005-035,CASE-00840,2025-02-26T07:58:13,2025-03-01T20:31:18
A-03312,ORG-005,high,phishing,ASSET-ORG-005-089,,2025-05-28T14:32:37,2025-05-29T11:25:26
A-03313,ORG-005,medium,brute_force,ASSET-ORG-005-021,,2025-03-31T16:12:59,2025-04-03T05:15:08
A-03314,ORG-005,critical,phishing,ASSET-ORG-005-025,,2025-04-15T22:28:45,2025-04-16T03:51:59
A-03315,ORG-005,critical,recon,ASSET-ORG-005-094,CASE-01025,2025-06-17T02:03:57,2025-06-17T07:55:34
A-03316,ORG-005,medium,brute_force,ASSET-ORG-005-060,CASE-00818,2025-05-08T00:53:52,2025-05-09T02:55:22
A-03317,ORG-005,low,brute_force,ASSET-ORG-005-084,CASE-00849,2025-06-03T04:47:06,2025-06-07T16:56:54
A-03318,ORG-005,low,privilege_escalation,ASSET-ORG-005-009,,2025-03-06T21:24:50,2025-03-10T16:37:19
A-03319,ORG-005,high,data_exfil,ASSET-ORG-005-041,,2025-04-07T03:14:29,2025-04-07T14:57:19
A-03320,ORG-005,high,lateral_movement,ASSET-ORG-005-050,,2025-03-11T16:56:47,2025-03-12T13:45:20
A-03321,ORG-005,high,phishing,ASSET-ORG-005-073,CASE-00966,2025-06-13T16:41:59,2025-06-14T07:53:36
A-03322,ORG-005,high,data_exfil,ASSET-ORG-005-118,CASE-00843,2025-04-25T03:41:20,2025-04-25T23:13:43
A-03323,ORG-005,high,data_exfil,ASSET-ORG-005-040,CASE-00793,2025-02-11T13:19:47,2025-02-11T22:22:29
A-03324,ORG-005,critical,malware,ASSET-ORG-005-080,CASE-00919,2025-06-01T07:09:49,2025-06-01T10:59:12
A-03325,ORG-005,medium,brute_force,ASSET-ORG-005-073,CASE-00948,2025-03-18T12:44:47,2025-03-19T22:26:14
A-03326,ORG-005,high,recon,ASSET-ORG-005-007,,2025-06-28T20:51:35,2025-06-29T14:47:42
A-03327,ORG-005,low,recon,ASSET-ORG-005-020,CASE-01019,2025-03-02T07:59:05,2025-03-06T04:10:39
A-03328,ORG-005,medium,malware,ASSET-ORG-005-088,CASE-01013,2025-04-20T17:24:19,2025-04-23T15:33:21
A-03329,ORG-005,low,malware,ASSET-ORG-005-068,,2025-03-05T11:50:01,2025-03-09T12:40:42
A-03330,ORG-005,high,recon,ASSET-ORG-005-097,,2025-06-15T02:34:40,2025-06-15T13:14:30
A-03331,ORG-005,medium,data_exfil,ASSET-ORG-005-118,,2025-04-15T21:58:03,2025-04-18T18:04:33
A-03332,ORG-005,medium,brute_force,ASSET-ORG-005-082,,2025-02-18T19:38:05,2025-02-21T02:58:37
A-03333,ORG-005,medium,data_exfil,ASSET-ORG-005-012,,2025-04-17T04:29:18,2025-04-18T07:59:52
A-03334,ORG-005,high,recon,ASSET-ORG-005-105,,2025-04-17T14:02:51,2025-04-18T05:04:35
A-03335,ORG-005,high,brute_force,ASSET-ORG-005-114,CASE-01024,2025-01-04T16:34:33,2025-01-05T14:18:01
A-03336,ORG-005,high,privilege_escalation,ASSET-ORG-005-012,,2025-02-14T13:46:15,2025-02-15T09:55:01
A-03337,ORG-005,medium,malware,ASSET-ORG-005-051,CASE-00839,2025-04-23T11:44:37,2025-04-25T01:37:25
A-03338,ORG-005,high,data_exfil,ASSET-ORG-005-078,,2025-06-02T10:35:40,2025-06-02T23:06:13
A-03339,ORG-005,critical,data_exfil,ASSET-ORG-005-028,CASE-00980,2025-01-19T14:27:40,2025-01-19T21:01:22
A-03340,ORG-005,high,phishing,ASSET-ORG-005-032,,2025-06-08T00:03:50,2025-06-08T23:06:00
A-03341,ORG-005,critical,malware,ASSET-ORG-005-071,CASE-00787,2025-04-26T11:59:20,2025-04-26T17:52:13
A-03342,ORG-005,high,lateral_movement,ASSET-ORG-005-041,,2025-03-19T10:47:22,2025-03-20T05:15:44
A-03343,ORG-005,critical,data_exfil,ASSET-ORG-005-049,,2025-06-18T16:59:31,2025-06-18T22:06:42
A-03344,ORG-005,high,privilege_escalation,ASSET-ORG-005-066,,2025-06-26T15:22:20,2025-06-27T13:32:14
A-03345,ORG-005,critical,lateral_movement,ASSET-ORG-005-008,,2025-06-24T08:33:37,2025-06-24T15:35:19
A-03346,ORG-005,critical,recon,ASSET-ORG-005-031,,2025-05-08T12:51:27,2025-05-08T19:35:15
A-03347,ORG-005,high,malware,ASSET-ORG-005-049,CASE-00990,2025-05-10T08:05:26,2025-05-11T04:29:33
A-03348,ORG-005,medium,phishing,ASSET-ORG-005-092,,2025-03-29T13:11:53,2025-03-31T17:11:16
A-03349,ORG-005,high,brute_force,ASSET-ORG-005-093,CASE-00887,2025-02-26T08:07:10,2025-02-26T19:08:04
A-03350,ORG-005,critical,privilege_escalation,ASSET-ORG-005-056,,2025-06-29T05:31:31,2025-06-29T11:47:15
A-03351,ORG-005,medium,privilege_escalation,ASSET-ORG-005-033,,2025-05-27T09:57:09,2025-05-28T22:16:46
A-03352,ORG-005,high,data_exfil,ASSET-ORG-005-088,,2025-06-06T16:31:07,2025-06-07T06:40:18
A-03353,ORG-005,critical,brute_force,ASSET-ORG-005-004,,2025-03-28T20:50:33,2025-03-29T01:46:35
A-03354,ORG-005,high,malware,ASSET-ORG-005-030,,2025-06-01T18:50:31,2025-06-02T11:52:54
A-03355,ORG-005,high,lateral_movement,ASSET-ORG-005-038,,2025-06-11T07:42:19,2025-06-11T16:26:22
A-03356,ORG-005,high,recon,ASSET-ORG-005-057,,2025-02-17T01:32:51,2025-02-17T22:44:50
A-03357,ORG-005,high,malware,ASSET-ORG-005-097,CASE-00778,2025-01-31T14:42:10,2025-01-31T23:51:12
A-03358,ORG-005,medium,brute_force,ASSET-ORG-005-004,CASE-00934,2025-02-04T17:07:45,2025-02-06T15:10:55
A-03359,ORG-005,high,data_exfil,ASSET-ORG-005-103,,2025-01-16T01:49:41,2025-01-16T22:55:02
A-03360,ORG-005,medium,recon,ASSET-ORG-005-072,,2025-03-20T17:56:54,2025-03-22T08:09:55
A-03361,ORG-005,critical,lateral_movement,ASSET-ORG-005-039,,2025-04-16T10:40:43,2025-04-16T13:24:32
A-03362,ORG-005,critical,malware,ASSET-ORG-005-117,,2025-01-25T03:15:58,2025-01-25T06:10:28
A-03363,ORG-005,low,lateral_movement,ASSET-ORG-005-053,,2025-04-08T01:27:30,2025-04-12T12:01:15
A-03364,ORG-005,high,malware,ASSET-ORG-005-013,,2025-04-04T23:19:13,2025-04-05T08:01:49
A-03365,ORG-005,critical,phishing,ASSET-ORG-005-086,,2025-02-09T22:19:54,2025-02-10T05:23:04
A-03366,ORG-005,medium,brute_force,ASSET-ORG-005-111,,2025-02-06T19:35:02,2025-02-08T06:25:00
A-03367,ORG-005,medium,recon,ASSET-ORG-005-061,,2025-06-02T04:57:37,2025-06-03T22:07:29
A-03368,ORG-005,low,phishing,ASSET-ORG-005-028,,2025-05-03T01:35:03,2025-05-07T03:01:12
A-03369,ORG-005,medium,phishing,ASSET-ORG-005-090,,2025-06-24T23:37:27,2025-06-26T18:11:16
A-03370,ORG-005,critical,recon,ASSET-ORG-005-103,,2025-04-13T15:01:42,2025-04-13T19:50:05
A-03371,ORG-005,high,lateral_movement,ASSET-ORG-005-098,,2025-03-18T07:02:25,2025-03-19T05:31:55
A-03372,ORG-005,high,privilege_escalation,ASSET-ORG-005-020,,2025-04-02T21:50:11,2025-04-03T10:22:04
A-03373,ORG-005,high,phishing,ASSET-ORG-005-032,CASE-00802,2025-02-22T11:04:55,2025-02-23T09:16:23
A-03374,ORG-005,medium,brute_force,ASSET-ORG-005-023,,2025-06-19T15:34:53,2025-06-21T21:50:40
A-03375,ORG-005,critical,data_exfil,ASSET-ORG-005-005,,2025-02-25T00:19:52,2025-02-25T04:50:33
A-03376,ORG-005,critical,malware,ASSET-ORG-005-060,,2025-03-07T22:20:34,2025-03-08T02:45:22
A-03377,ORG-005,critical,recon,ASSET-ORG-005-069,,2025-05-20T12:53:07,2025-05-20T17:36:33
A-03378,ORG-005,critical,data_exfil,ASSET-ORG-005-035,CASE-00804,2025-05-27T02:34:59,2025-05-27T09:03:11
A-03379,ORG-005,high,brute_force,ASSET-ORG-005-057,,2025-05-22T10:46:34,2025-05-22T22:29:42
A-03380,ORG-005,medium,brute_force,ASSET-ORG-005-031,,2025-06-15T20:14:28,2025-06-16T20:23:38
A-03381,ORG-005,critical,recon,ASSET-ORG-005-029,,2025-06-16T08:11:42,2025-06-16T12:43:30
A-03382,ORG-005,critical,brute_force,ASSET-ORG-005-095,,2025-02-08T04:04:55,2025-02-08T06:46:32
A-03383,ORG-005,medium,recon,ASSET-ORG-005-082,,2025-05-13T03:36:49,2025-05-15T07:34:13
A-03384,ORG-005,medium,privilege_escalation,ASSET-ORG-005-082,,2025-01-14T18:56:14,2025-01-16T14:29:59
A-03385,ORG-005,medium,data_exfil,ASSET-ORG-005-104,,2025-06-17T22:48:50,2025-06-20T18:08:08
A-03386,ORG-005,critical,privilege_escalation,ASSET-ORG-005-102,,2025-01-13T09:36:58,2025-01-13T16:20:20
A-03387,ORG-005,critical,brute_force,ASSET-ORG-005-002,,2025-03-24T11:26:05,2025-03-24T14:08:25
A-03388,ORG-005,low,malware,ASSET-ORG-005-054,CASE-00962,2025-01-09T13:31:14,2025-01-11T13:45:37
A-03389,ORG-005,critical,data_exfil,ASSET-ORG-005-022,,2025-04-19T08:06:15,2025-04-19T15:45:23
A-03390,ORG-005,medium,recon,ASSET-ORG-005-038,,2025-01-28T09:09:13,2025-01-30T12:14:11
A-03391,ORG-005,medium,data_exfil,ASSET-ORG-005-065,,2025-06-19T22:14:40,2025-06-21T17:16:09
A-03392,ORG-005,critical,data_exfil,ASSET-ORG-005-002,,2025-05-05T14:15:09,2025-05-05T20:34:56
A-03393,ORG-005,medium,privilege_escalation,ASSET-ORG-005-042,,2025-05-24T16:01:58,2025-05-27T11:38:55
A-03394,ORG-005,high,privilege_escalation,ASSET-ORG-005-115,,2025-04-06T02:31:45,2025-04-06T23:18:52
A-03395,ORG-005,high,privilege_escalation,ASSET-ORG-005-077,,2025-05-05T12:43:56,2025-05-06T06:27:54
A-03396,ORG-005,critical,recon,ASSET-ORG-005-028,,2025-04-28T12:38:32,2025-04-28T17:07:24
A-03397,ORG-005,low,brute_force,ASSET-ORG-005-104,CASE-00790,2025-03-26T04:57:30,2025-03-28T08:39:35
A-03398,ORG-005,medium,lateral_movement,ASSET-ORG-005-053,,2025-05-01T04:37:10,2025-05-04T02:41:35
A-03399,ORG-005,critical,recon,ASSET-ORG-005-054,,2025-02-11T01:33:49,2025-02-11T06:48:54
A-03400,ORG-005,high,data_exfil,ASSET-ORG-005-022,CASE-00904,2025-05-09T19:08:06,2025-05-10T05:37:29
A-03401,ORG-005,high,brute_force,ASSET-ORG-005-008,CASE-00847,2025-04-08T10:08:05,2025-04-09T00:29:19
A-03402,ORG-005,high,brute_force,ASSET-ORG-005-021,CASE-00879,2025-06-05T13:24:41,2025-06-06T02:26:36
A-03403,ORG-005,low,brute_force,ASSET-ORG-005-100,,2025-05-31T07:25:09,2025-06-04T06:25:19
A-03404,ORG-005,high,lateral_movement,ASSET-ORG-005-020,,2025-03-06T03:06:50,2025-03-06T12:29:53
A-03405,ORG-005,critical,lateral_movement,ASSET-ORG-005-063,,2025-06-06T09:35:52,2025-06-06T14:33:09
A-03406,ORG-005,medium,data_exfil,ASSET-ORG-005-042,,2025-06-20T08:50:30,2025-06-21T20:38:45
A-03407,ORG-005,low,recon,ASSET-ORG-005-007,,2025-01-28T14:44:33,2025-01-30T23:30:45
A-03408,ORG-005,high,malware,ASSET-ORG-005-057,,2025-01-01T04:17:39,2025-01-01T13:21:55
A-03409,ORG-005,medium,data_exfil,ASSET-ORG-005-114,,2025-03-04T04:04:12,2025-03-05T20:11:24
A-03410,ORG-005,critical,phishing,ASSET-ORG-005-087,,2025-04-29T02:45:07,2025-04-29T09:08:23
A-03411,ORG-005,critical,brute_force,ASSET-ORG-005-008,,2025-04-10T06:00:04,2025-04-10T11:13:29
A-03412,ORG-005,high,data_exfil,ASSET-ORG-005-025,CASE-00929,2025-03-29T03:40:09,2025-03-29T14:17:21
A-03413,ORG-005,medium,recon,ASSET-ORG-005-009,CASE-00802,2025-04-04T09:27:02,2025-04-05T15:38:31
A-03414,ORG-005,critical,phishing,ASSET-ORG-005-026,,2025-06-10T20:01:38,2025-06-11T00:08:00
A-03415,ORG-005,medium,data_exfil,ASSET-ORG-005-007,CASE-00943,2025-05-10T02:59:10,2025-05-11T16:08:48
A-03416,ORG-005,medium,lateral_movement,ASSET-ORG-005-021,,2025-05-13T20:23:10,2025-05-15T01:15:04
A-03417,ORG-005,high,data_exfil,ASSET-ORG-005-101,,2025-04-01T01:21:31,2025-04-01T17:38:24
A-03418,ORG-005,low,phishing,ASSET-ORG-005-033,,2025-06-24T16:02:26,2025-06-29T17:28:45
A-03419,ORG-005,critical,malware,ASSET-ORG-005-018,,2025-03-16T03:24:14,2025-03-16T11:05:09
A-03420,ORG-005,critical,lateral_movement,ASSET-ORG-005-032,,2025-02-06T14:54:13,2025-02-06T22:50:43
A-03421,ORG-005,critical,lateral_movement,ASSET-ORG-005-067,,2025-03-03T03:32:41,2025-03-03T08:36:22
A-03422,ORG-005,high,malware,ASSET-ORG-005-041,CASE-00888,2025-05-03T18:27:40,2025-05-04T04:42:20
A-03423,ORG-005,high,brute_force,ASSET-ORG-005-085,,2025-01-27T08:55:09,2025-01-28T01:10:07
A-03424,ORG-005,high,data_exfil,ASSET-ORG-005-118,CASE-00921,2025-02-02T19:00:49,2025-02-03T09:17:30
A-03425,ORG-005,critical,brute_force,ASSET-ORG-005-068,CASE-00915,2025-05-29T20:11:52,2025-05-30T03:17:20
A-03426,ORG-005,medium,recon,ASSET-ORG-005-075,CASE-00949,2025-01-14T01:15:58,2025-01-16T19:47:24
A-03427,ORG-005,high,privilege_escalation,ASSET-ORG-005-042,,2025-01-29T00:51:28,2025-01-29T13:11:42
A-03428,ORG-005,high,brute_force,ASSET-ORG-005-043,,2025-02-19T15:23:46,2025-02-20T08:23:01
A-03429,ORG-005,high,data_exfil,ASSET-ORG-005-077,,2025-05-14T11:57:06,2025-05-15T02:15:44
A-03430,ORG-005,medium,brute_force,ASSET-ORG-005-116,,2025-01-09T15:12:12,2025-01-11T00:32:12
A-03431,ORG-005,critical,lateral_movement,ASSET-ORG-005-040,,2025-05-10T07:55:51,2025-05-10T10:37:44
A-03432,ORG-005,critical,malware,ASSET-ORG-005-029,CASE-00839,2025-05-09T20:42:20,2025-05-10T01:25:07
A-03433,ORG-005,high,data_exfil,ASSET-ORG-005-042,,2025-06-13T16:48:44,2025-06-14T04:02:35
A-03434,ORG-005,medium,privilege_escalation,ASSET-ORG-005-052,CASE-00808,2025-04-06T03:02:01,2025-04-08T15:35:49
A-03435,ORG-005,low,malware,ASSET-ORG-005-045,,2025-03-11T15:04:31,2025-03-16T11:14:48
A-03436,ORG-005,high,recon,ASSET-ORG-005-115,,2025-02-28T13:10:01,2025-02-28T21:57:08
A-03437,ORG-005,low,brute_force,ASSET-ORG-005-016,,2025-05-16T01:44:32,2025-05-20T13:56:11
A-03438,ORG-005,critical,brute_force,ASSET-ORG-005-117,,2025-03-14T03:04:59,2025-03-14T05:45:44
A-03439,ORG-005,low,data_exfil,ASSET-ORG-005-109,,2025-05-24T12:20:32,2025-05-28T09:45:52
A-03440,ORG-005,high,privilege_escalation,ASSET-ORG-005-106,,2025-04-09T12:58:16,2025-04-10T08:23:38
A-03441,ORG-005,high,malware,ASSET-ORG-005-034,CASE-00817,2025-05-18T14:24:54,2025-05-19T02:08:40
A-03442,ORG-005,critical,malware,ASSET-ORG-005-016,,2025-01-27T01:09:07,2025-01-27T07:32:43
A-03443,ORG-005,medium,data_exfil,ASSET-ORG-005-032,CASE-00987,2025-04-01T14:56:14,2025-04-04T14:23:03
A-03444,ORG-005,critical,phishing,ASSET-ORG-005-002,CASE-00977,2025-03-22T05:46:55,2025-03-22T09:29:53
A-03445,ORG-005,critical,recon,ASSET-ORG-005-067,,2025-03-02T01:51:09,2025-03-02T04:26:35
A-03446,ORG-005,high,recon,ASSET-ORG-005-023,CASE-00808,2025-05-18T18:16:07,2025-05-19T10:21:37
A-03447,ORG-005,low,malware,ASSET-ORG-005-015,,2025-04-19T02:49:35,2025-04-24T05:48:25
A-03448,ORG-005,high,recon,ASSET-ORG-005-001,CASE-01023,2025-05-14T08:24:16,2025-05-15T07:45:07
A-03449,ORG-005,medium,recon,ASSET-ORG-005-043,,2025-02-08T19:27:54,2025-02-11T18:45:20
A-03450,ORG-005,medium,malware,ASSET-ORG-005-084,,2025-06-30T14:39:45,
A-03451,ORG-005,medium,data_exfil,ASSET-ORG-005-050,,2025-03-18T08:38:58,2025-03-20T01:17:27
A-03452,ORG-005,critical,privilege_escalation,ASSET-ORG-005-042,CASE-00839,2025-04-23T22:02:40,2025-04-24T04:44:09
A-03453,ORG-005,medium,malware,ASSET-ORG-005-107,,2025-02-13T16:10:45,2025-02-16T03:54:04
A-03454,ORG-005,critical,brute_force,ASSET-ORG-005-095,,2025-03-08T14:15:44,2025-03-08T17:24:37
A-03455,ORG-005,low,lateral_movement,ASSET-ORG-005-032,,2025-01-11T14:03:23,2025-01-15T19:49:05
A-03456,ORG-005,medium,brute_force,ASSET-ORG-005-020,CASE-00995,2025-02-25T03:42:59,2025-02-28T01:03:06
A-03457,ORG-005,medium,recon,ASSET-ORG-005-031,,2025-04-09T13:57:11,2025-04-12T02:33:53
A-03458,ORG-005,low,malware,ASSET-ORG-005-042,,2025-01-24T10:59:13,2025-01-28T03:15:38
A-03459,ORG-005,critical,privilege_escalation,ASSET-ORG-005-046,CASE-00961,2025-03-27T12:42:30,2025-03-27T18:28:33
A-03460,ORG-005,low,lateral_movement,ASSET-ORG-005-042,,2025-05-08T11:44:22,2025-05-12T02:53:59
A-03461,ORG-005,medium,privilege_escalation,ASSET-ORG-005-017,,2025-04-20T06:28:48,2025-04-22T04:41:01
A-03462,ORG-005,high,privilege_escalation,ASSET-ORG-005-041,,2025-03-30T22:31:13,2025-03-31T15:15:47
A-03463,ORG-005,medium,malware,ASSET-ORG-005-100,,2025-05-24T01:44:28,2025-05-25T04:12:51
A-03464,ORG-005,high,phishing,ASSET-ORG-005-019,,2025-02-10T10:41:16,2025-02-11T04:57:39
A-03465,ORG-005,critical,lateral_movement,ASSET-ORG-005-059,,2025-01-06T23:01:48,2025-01-07T04:48:28
A-03466,ORG-005,critical,data_exfil,ASSET-ORG-005-018,,2025-01-01T03:20:30,2025-01-01T06:36:52
A-03467,ORG-005,medium,data_exfil,ASSET-ORG-005-051,CASE-01009,2025-06-15T12:35:54,2025-06-17T23:18:47
A-03468,ORG-005,high,brute_force,ASSET-ORG-005-065,,2025-02-13T10:55:52,2025-02-14T01:45:49
A-03469,ORG-005,medium,brute_force,ASSET-ORG-005-063,,2025-06-06T10:02:11,2025-06-08T06:56:06
A-03470,ORG-005,medium,data_exfil,ASSET-ORG-005-062,,2025-01-07T14:17:56,2025-01-09T13:25:45
A-03471,ORG-005,medium,malware,ASSET-ORG-005-076,,2025-05-25T05:12:40,2025-05-27T06:05:39
A-03472,ORG-005,critical,brute_force,ASSET-ORG-005-067,CASE-00945,2025-04-08T14:20:58,2025-04-08T20:15:07
A-03473,ORG-005,high,brute_force,ASSET-ORG-005-035,,2025-04-07T04:26:29,2025-04-08T02:35:33
A-03474,ORG-005,medium,data_exfil,ASSET-ORG-005-016,,2025-06-11T13:19:15,2025-06-13T12:17:37
A-03475,ORG-005,medium,malware,ASSET-ORG-005-058,,2025-02-10T16:58:09,2025-02-13T06:45:55
A-03476,ORG-005,medium,lateral_movement,ASSET-ORG-005-064,,2025-02-24T23:08:32,2025-02-26T16:54:38
A-03477,ORG-005,high,recon,ASSET-ORG-005-082,,2025-01-07T07:08:52,2025-01-08T01:14:29
A-03478,ORG-005,medium,phishing,ASSET-ORG-005-014,,2025-02-09T01:19:25,2025-02-10T02:17:24
A-03479,ORG-005,critical,lateral_movement,ASSET-ORG-005-009,,2025-01-21T02:38:45,2025-01-21T05:26:02
A-03480,ORG-005,high,brute_force,ASSET-ORG-005-111,CASE-00969,2025-05-26T05:52:54,2025-05-26T14:08:37
A-03481,ORG-005,low,malware,ASSET-ORG-005-094,,2025-05-13T16:08:08,2025-05-17T01:22:46
A-03482,ORG-005,medium,data_exfil,ASSET-ORG-005-087,CASE-00918,2025-03-23T07:27:32,2025-03-25T17:33:23
A-03483,ORG-005,low,privilege_escalation,ASSET-ORG-005-010,,2025-06-23T15:28:40,2025-06-26T20:53:52
A-03484,ORG-005,critical,phishing,ASSET-ORG-005-073,,2025-04-29T19:37:58,2025-04-30T01:54:51
A-03485,ORG-005,medium,data_exfil,ASSET-ORG-005-031,CASE-00801,2025-02-01T06:41:13,2025-02-04T00:04:55
A-03486,ORG-005,high,recon,ASSET-ORG-005-022,,2025-06-20T09:14:54,2025-06-20T17:19:43
A-03487,ORG-005,medium,malware,ASSET-ORG-005-044,CASE-00896,2025-03-26T23:53:36,2025-03-29T08:35:38
A-03488,ORG-005,low,lateral_movement,ASSET-ORG-005-072,,2025-04-18T07:38:13,2025-04-24T00:00:17
A-03489,ORG-005,low,brute_force,ASSET-ORG-005-103,,2025-03-27T00:32:40,2025-03-30T15:50:21
A-03490,ORG-005,critical,data_exfil,ASSET-ORG-005-063,CASE-00882,2025-04-13T21:20:50,2025-04-14T03:44:09
A-03491,ORG-005,high,data_exfil,ASSET-ORG-005-009,,2025-02-06T18:24:06,2025-02-07T09:46:19
A-03492,ORG-005,medium,brute_force,ASSET-ORG-005-057,CASE-00867,2025-05-20T15:36:11,2025-05-22T13:28:51
A-03493,ORG-005,medium,privilege_escalation,ASSET-ORG-005-067,,2025-04-14T06:34:15,2025-04-15T17:13:04
A-03494,ORG-005,medium,lateral_movement,ASSET-ORG-005-108,,2025-04-28T04:43:03,2025-04-30T22:28:28
A-03495,ORG-005,medium,brute_force,ASSET-ORG-005-014,,2025-05-28T22:41:59,2025-05-30T06:12:06
A-03496,ORG-005,high,phishing,ASSET-ORG-005-101,,2025-02-15T02:14:23,2025-02-15T20:07:58
A-03497,ORG-005,high,malware,ASSET-ORG-005-084,,2025-03-13T12:15:34,2025-03-13T21:21:24
A-03498,ORG-005,low,phishing,ASSET-ORG-005-034,,2025-03-26T06:12:14,2025-03-30T05:19:59
A-03499,ORG-005,high,data_exfil,ASSET-ORG-005-007,CASE-00900,2025-02-18T06:40:20,2025-02-19T02:03:39
A-03500,ORG-005,medium,phishing,ASSET-ORG-005-039,,2025-05-02T02:30:12,2025-05-04T04:41:09
A-03501,ORG-005,low,brute_force,ASSET-ORG-005-093,,2025-04-02T08:43:48,2025-04-07T13:59:04
A-03502,ORG-005,high,recon,ASSET-ORG-005-070,,2025-01-02T11:12:52,2025-01-03T10:12:46
A-03503,ORG-005,medium,data_exfil,ASSET-ORG-005-099,,2025-02-01T04:56:18,2025-02-03T18:09:58
A-03504,ORG-005,low,lateral_movement,ASSET-ORG-005-033,,2025-04-04T11:29:37,2025-04-09T00:21:51
A-03505,ORG-005,low,lateral_movement,ASSET-ORG-005-061,CASE-01004,2025-01-05T18:34:35,2025-01-09T01:01:52
A-03506,ORG-005,low,data_exfil,ASSET-ORG-005-072,,2025-05-28T01:51:13,2025-06-01T18:30:04
A-03507,ORG-005,high,malware,ASSET-ORG-005-074,,2025-06-18T12:18:27,2025-06-18T23:45:07
A-03508,ORG-005,medium,brute_force,ASSET-ORG-005-012,CASE-00961,2025-05-30T21:16:59,2025-06-01T10:04:37
A-03509,ORG-005,critical,privilege_escalation,ASSET-ORG-005-090,,2025-01-01T04:33:00,2025-01-01T10:06:57
A-03510,ORG-005,high,malware,ASSET-ORG-005-108,,2025-04-15T16:39:01,2025-04-16T11:48:29
A-03511,ORG-005,critical,phishing,ASSET-ORG-005-065,,2025-01-30T06:08:18,2025-01-30T12:03:44
A-03512,ORG-005,medium,data_exfil,ASSET-ORG-005-047,,2025-03-28T00:39:50,2025-03-29T07:57:53
A-03513,ORG-005,critical,lateral_movement,ASSET-ORG-005-102,CASE-00825,2025-03-13T04:52:50,2025-03-13T07:25:25
A-03514,ORG-005,high,data_exfil,ASSET-ORG-005-007,,2025-05-14T01:22:06,2025-05-14T21:44:55
A-03515,ORG-005,critical,recon,ASSET-ORG-005-102,,2025-05-07T10:11:29,2025-05-07T18:00:56
A-03516,ORG-005,medium,data_exfil,ASSET-ORG-005-006,CASE-00994,2025-01-21T00:36:37,2025-01-23T10:46:05
A-03517,ORG-005,medium,data_exfil,ASSET-ORG-005-040,,2025-04-29T04:35:05,2025-04-30T08:09:36
A-03518,ORG-005,high,phishing,ASSET-ORG-005-033,,2025-06-15T16:21:22,2025-06-16T12:13:31
A-03519,ORG-005,high,data_exfil,ASSET-ORG-005-056,CASE-00881,2025-02-04T17:50:41,2025-02-05T15:31:46
A-03520,ORG-005,high,malware,ASSET-ORG-005-038,,2025-05-26T15:51:40,2025-05-26T23:54:34
A-03521,ORG-005,medium,malware,ASSET-ORG-005-082,,2025-01-01T08:32:29,2025-01-03T21:47:02
A-03522,ORG-005,medium,lateral_movement,ASSET-ORG-005-085,,2025-06-03T11:26:45,2025-06-04T15:49:28
A-03523,ORG-005,high,recon,ASSET-ORG-005-085,,2025-03-07T03:32:43,2025-03-07T15:10:21
A-03524,ORG-005,high,lateral_movement,ASSET-ORG-005-063,CASE-00782,2025-04-16T23:05:40,2025-04-17T17:00:14
A-03525,ORG-005,low,privilege_escalation,ASSET-ORG-005-068,,2025-04-22T02:48:38,2025-04-25T07:12:56
A-03526,ORG-005,critical,data_exfil,ASSET-ORG-005-097,CASE-01012,2025-02-03T07:25:03,2025-02-03T15:01:45
A-03527,ORG-005,low,data_exfil,ASSET-ORG-005-057,,2025-01-19T07:24:15,2025-01-22T20:11:20
A-03528,ORG-005,high,recon,ASSET-ORG-005-098,,2025-03-03T12:20:44,2025-03-04T02:50:29
A-03529,ORG-005,critical,malware,ASSET-ORG-005-106,,2025-06-02T01:03:26,2025-06-02T04:41:41
A-03530,ORG-005,medium,phishing,ASSET-ORG-005-015,,2025-06-14T00:47:16,2025-06-16T08:51:47
A-03531,ORG-005,critical,privilege_escalation,ASSET-ORG-005-021,,2025-03-22T23:37:09,2025-03-23T07:08:48
A-03532,ORG-005,high,recon,ASSET-ORG-005-009,,2025-02-14T23:43:29,2025-02-15T18:39:42
A-03533,ORG-005,medium,privilege_escalation,ASSET-ORG-005-020,,2025-06-03T01:52:14,2025-06-04T19:19:32
A-03534,ORG-005,low,lateral_movement,ASSET-ORG-005-108,,2025-02-15T01:03:06,2025-02-19T23:13:24
A-03535,ORG-005,low,recon,ASSET-ORG-005-097,,2025-03-11T04:46:09,2025-03-16T09:09:41
A-03536,ORG-005,high,data_exfil,ASSET-ORG-005-084,,2025-02-17T17:28:25,2025-02-18T16:34:26
A-03537,ORG-005,high,lateral_movement,ASSET-ORG-005-066,CASE-00988,2025-06-16T00:18:48,2025-06-16T17:20:06
A-03538,ORG-005,critical,recon,ASSET-ORG-005-007,,2025-04-04T20:21:10,2025-04-05T00:39:24
A-03539,ORG-005,low,malware,ASSET-ORG-005-004,,2025-02-08T21:58:30,2025-02-12T11:17:12
A-03540,ORG-005,high,lateral_movement,ASSET-ORG-005-120,,2025-04-05T12:28:53,2025-04-06T10:12:47
A-03541,ORG-005,high,data_exfil,ASSET-ORG-005-094,,2025-01-12T06:32:13,2025-01-13T04:30:31
A-03542,ORG-005,critical,recon,ASSET-ORG-005-077,,2025-02-10T21:57:38,2025-02-11T04:31:17
A-03543,ORG-005,critical,malware,ASSET-ORG-005-018,CASE-00869,2025-03-18T21:08:18,2025-03-19T04:40:11
A-03544,ORG-005,high,recon,ASSET-ORG-005-120,,2025-01-10T23:10:02,2025-01-11T11:07:05
A-03545,ORG-005,medium,malware,ASSET-ORG-005-032,,2025-03-07T16:36:23,2025-03-09T10:22:53
A-03546,ORG-005,critical,recon,ASSET-ORG-005-098,,2025-03-11T11:55:01,2025-03-11T16:06:16
A-03547,ORG-005,critical,privilege_escalation,ASSET-ORG-005-072,,2025-06-12T11:13:22,2025-06-12T17:28:57
A-03548,ORG-005,low,brute_force,ASSET-ORG-005-059,,2025-03-05T21:27:07,2025-03-09T13:06:48
A-03549,ORG-005,medium,privilege_escalation,ASSET-ORG-005-060,CASE-00998,2025-01-08T04:09:26,2025-01-10T00:12:56
A-03550,ORG-005,high,privilege_escalation,ASSET-ORG-005-050,CASE-00855,2025-06-17T00:45:53,2025-06-17T14:53:18
A-03551,ORG-005,medium,brute_force,ASSET-ORG-005-003,,2025-03-08T15:04:09,2025-03-11T01:18:13
A-03552,ORG-005,medium,brute_force,ASSET-ORG-005-104,,2025-01-22T06:19:55,2025-01-24T18:30:57
A-03553,ORG-005,medium,brute_force,ASSET-ORG-005-114,,2025-02-11T16:00:04,2025-02-12T18:18:33
A-03554,ORG-005,high,data_exfil,ASSET-ORG-005-103,,2025-01-14T06:33:17,2025-01-15T02:53:13
A-03555,ORG-005,high,malware,ASSET-ORG-005-016,CASE-00839,2025-01-07T05:21:42,2025-01-07T18:09:43
A-03556,ORG-005,high,privilege_escalation,ASSET-ORG-005-062,,2025-05-15T19:23:17,2025-05-16T06:17:50
A-03557,ORG-005,medium,recon,ASSET-ORG-005-066,,2025-03-13T06:29:26,2025-03-16T05:42:52
A-03558,ORG-005,medium,brute_force,ASSET-ORG-005-013,,2025-05-20T14:58:54,2025-05-22T16:17:54
A-03559,ORG-005,critical,privilege_escalation,ASSET-ORG-005-036,,2025-02-11T15:39:48,2025-02-11T21:48:41
A-03560,ORG-005,high,malware,ASSET-ORG-005-056,,2025-05-26T21:39:58,2025-05-27T16:59:38
A-03561,ORG-005,critical,data_exfil,ASSET-ORG-005-048,,2025-03-21T16:07:29,2025-03-21T18:32:08
A-03562,ORG-005,low,data_exfil,ASSET-ORG-005-021,,2025-04-24T11:05:33,2025-04-28T22:58:00
A-03563,ORG-005,medium,phishing,ASSET-ORG-005-059,,2025-06-29T09:49:50,
A-03564,ORG-005,low,brute_force,ASSET-ORG-005-015,,2025-06-04T18:06:47,2025-06-10T15:37:20
A-03565,ORG-005,critical,data_exfil,ASSET-ORG-005-053,,2025-05-03T12:59:51,2025-05-03T17:55:32
A-03566,ORG-005,medium,privilege_escalation,ASSET-ORG-005-060,,2025-06-12T09:30:42,2025-06-15T02:18:39
A-03567,ORG-005,low,brute_force,ASSET-ORG-005-025,CASE-00791,2025-04-24T23:28:29,2025-04-27T20:16:56
A-03568,ORG-005,high,recon,ASSET-ORG-005-042,,2025-02-07T20:57:00,2025-02-08T17:57:39
A-03569,ORG-005,low,phishing,ASSET-ORG-005-045,CASE-00791,2025-03-15T05:02:36,2025-03-17T13:37:02
A-03570,ORG-005,high,phishing,ASSET-ORG-005-062,,2025-05-31T18:20:15,2025-06-01T02:20:54
A-03571,ORG-005,high,data_exfil,ASSET-ORG-005-112,,2025-06-04T17:09:27,2025-06-05T15:00:44
A-03572,ORG-005,medium,data_exfil,ASSET-ORG-005-051,CASE-01008,2025-01-27T07:26:42,2025-01-28T19:40:29
A-03573,ORG-005,critical,brute_force,ASSET-ORG-005-040,,2025-02-17T21:07:16,2025-02-17T23:46:30
A-03574,ORG-005,high,brute_force,ASSET-ORG-005-054,,2025-01-11T12:29:31,2025-01-12T11:31:54
A-03575,ORG-005,high,malware,ASSET-ORG-005-041,,2025-05-18T20:58:33,2025-05-19T19:27:29
A-03576,ORG-005,low,data_exfil,ASSET-ORG-005-029,CASE-00935,2025-01-19T04:11:31,2025-01-21T23:51:44
A-03577,ORG-005,high,data_exfil,ASSET-ORG-005-042,,2025-02-25T15:07:34,2025-02-26T11:04:04
A-03578,ORG-005,high,recon,ASSET-ORG-005-036,CASE-00996,2025-02-12T23:07:17,2025-02-13T13:13:07
A-03579,ORG-005,low,phishing,ASSET-ORG-005-067,,2025-01-07T05:14:03,2025-01-11T05:43:14
A-03580,ORG-005,medium,lateral_movement,ASSET-ORG-005-072,,2025-03-16T17:31:43,2025-03-18T15:07:38
A-03581,ORG-005,critical,lateral_movement,ASSET-ORG-005-045,CASE-00888,2025-05-10T05:53:36,2025-05-10T11:13:09
A-03582,ORG-005,critical,data_exfil,ASSET-ORG-005-069,,2025-04-06T16:12:15,2025-04-06T20:38:01
A-03583,ORG-005,low,recon,ASSET-ORG-005-076,,2025-03-26T06:40:28,2025-04-01T06:10:56
A-03584,ORG-005,high,malware,ASSET-ORG-005-005,,2025-03-16T08:19:47,2025-03-17T04:07:44
A-03585,ORG-005,low,data_exfil,ASSET-ORG-005-089,,2025-03-12T12:46:55,2025-03-14T23:47:08
A-03586,ORG-005,medium,recon,ASSET-ORG-005-043,CASE-01000,2025-02-12T07:23:33,2025-02-13T12:15:54
A-03587,ORG-005,critical,privilege_escalation,ASSET-ORG-005-112,CASE-00981,2025-02-18T18:34:29,2025-02-18T23:37:01
A-03588,ORG-005,low,data_exfil,ASSET-ORG-005-098,CASE-00826,2025-01-18T07:36:26,2025-01-22T17:22:56
A-03589,ORG-005,high,brute_force,ASSET-ORG-005-032,,2025-01-30T08:29:44,2025-01-31T07:17:05
A-03590,ORG-005,critical,recon,ASSET-ORG-005-089,CASE-00776,2025-01-21T23:58:16,2025-01-22T03:29:55
A-03591,ORG-005,medium,brute_force,ASSET-ORG-005-071,,2025-05-10T07:54:26,2025-05-13T07:05:04
A-03592,ORG-005,low,phishing,ASSET-ORG-005-002,,2025-05-22T07:55:30,2025-05-24T09:59:37
A-03593,ORG-005,critical,privilege_escalation,ASSET-ORG-005-084,,2025-06-26T12:36:45,2025-06-26T19:14:06
A-03594,ORG-005,medium,lateral_movement,ASSET-ORG-005-015,CASE-00784,2025-05-15T22:22:00,2025-05-17T01:52:41
A-03595,ORG-005,high,privilege_escalation,ASSET-ORG-005-076,,2025-04-25T14:59:33,2025-04-25T23:41:05
A-03596,ORG-005,high,phishing,ASSET-ORG-005-082,,2025-01-15T13:55:39,2025-01-16T00:51:14
A-03597,ORG-005,low,privilege_escalation,ASSET-ORG-005-055,,2025-05-31T15:23:43,2025-06-04T05:00:35
A-03598,ORG-005,critical,data_exfil,ASSET-ORG-005-105,CASE-00974,2025-06-07T00:56:06,2025-06-07T05:22:10
A-03599,ORG-005,low,data_exfil,ASSET-ORG-005-001,,2025-06-17T09:06:56,2025-06-22T21:23:54
A-03600,ORG-005,high,lateral_movement,ASSET-ORG-005-046,,2025-04-07T04:54:01,2025-04-08T01:55:27
A-03601,ORG-005,low,recon,ASSET-ORG-005-081,,2025-01-19T17:57:38,2025-01-23T00:42:05
A-03602,ORG-005,medium,privilege_escalation,ASSET-ORG-005-051,CASE-00904,2025-02-26T10:46:05,2025-03-01T10:02:40
A-03603,ORG-005,medium,recon,ASSET-ORG-005-113,,2025-03-04T17:06:42,2025-03-06T06:56:57
A-03604,ORG-005,low,lateral_movement,ASSET-ORG-005-071,,2025-06-28T03:40:10,
A-03605,ORG-005,medium,privilege_escalation,ASSET-ORG-005-108,,2025-06-01T07:42:24,2025-06-03T10:08:32
A-03606,ORG-005,low,phishing,ASSET-ORG-005-074,CASE-00858,2025-02-17T15:38:51,2025-02-21T13:07:41
A-03607,ORG-005,high,lateral_movement,ASSET-ORG-005-105,CASE-00832,2025-06-29T17:11:03,2025-06-30T06:16:04
A-03608,ORG-005,critical,phishing,ASSET-ORG-005-002,,2025-03-26T03:39:12,2025-03-26T11:13:23
A-03609,ORG-005,critical,data_exfil,ASSET-ORG-005-056,,2025-05-14T15:53:38,2025-05-14T19:22:46
A-03610,ORG-005,critical,phishing,ASSET-ORG-005-079,CASE-00841,2025-05-24T14:27:33,2025-05-24T21:59:14
A-03611,ORG-005,low,privilege_escalation,ASSET-ORG-005-109,CASE-01007,2025-06-13T23:12:09,2025-06-16T18:44:49
A-03612,ORG-005,high,malware,ASSET-ORG-005-087,CASE-00996,2025-01-06T04:35:51,2025-01-06T20:15:08
A-03613,ORG-005,high,phishing,ASSET-ORG-005-100,,2025-03-12T19:52:41,2025-03-13T16:01:09
A-03614,ORG-005,medium,malware,ASSET-ORG-005-106,,2025-04-13T15:23:56,2025-04-15T22:47:48
A-03615,ORG-005,low,privilege_escalation,ASSET-ORG-005-074,,2025-05-04T17:19:37,2025-05-07T00:35:58
A-03616,ORG-005,high,lateral_movement,ASSET-ORG-005-033,,2025-04-02T09:35:39,2025-04-03T02:22:11
A-03617,ORG-005,medium,recon,ASSET-ORG-005-033,,2025-02-17T22:38:08,2025-02-20T08:44:03
A-03618,ORG-005,medium,lateral_movement,ASSET-ORG-005-070,CASE-00780,2025-03-28T19:00:35,2025-03-31T05:08:41
A-03619,ORG-005,medium,brute_force,ASSET-ORG-005-019,,2025-01-26T20:59:32,2025-01-28T20:37:18
A-03620,ORG-005,medium,data_exfil,ASSET-ORG-005-058,,2025-05-30T12:17:09,2025-06-01T01:29:57
A-03621,ORG-005,medium,recon,ASSET-ORG-005-068,CASE-00803,2025-06-20T08:20:48,2025-06-22T09:24:57
A-03622,ORG-005,high,recon,ASSET-ORG-005-030,CASE-00958,2025-04-24T02:20:51,2025-04-25T01:24:16
A-03623,ORG-005,critical,lateral_movement,ASSET-ORG-005-102,CASE-00976,2025-05-10T13:09:26,2025-05-10T17:45:16
A-03624,ORG-005,high,privilege_escalation,ASSET-ORG-005-061,,2025-01-11T20:52:29,2025-01-12T11:51:10
A-03625,ORG-005,critical,brute_force,ASSET-ORG-005-040,,2025-03-21T02:09:59,2025-03-21T04:54:20
A-03626,ORG-005,medium,recon,ASSET-ORG-005-086,,2025-06-04T00:08:34,2025-06-05T05:06:44
A-03627,ORG-005,low,privilege_escalation,ASSET-ORG-005-029,,2025-06-18T21:13:38,2025-06-24T08:50:59
A-03628,ORG-005,critical,lateral_movement,ASSET-ORG-005-072,CASE-01024,2025-03-07T02:41:08,2025-03-07T08:40:27
A-03629,ORG-005,medium,phishing,ASSET-ORG-005-052,,2025-05-12T00:15:14,2025-05-13T14:34:38
A-03630,ORG-005,low,data_exfil,ASSET-ORG-005-087,,2025-04-01T05:58:06,2025-04-06T17:00:30
A-03631,ORG-005,medium,lateral_movement,ASSET-ORG-005-016,CASE-00787,2025-01-05T12:18:44,2025-01-06T14:30:29
A-03632,ORG-005,high,brute_force,ASSET-ORG-005-011,,2025-03-04T11:45:01,2025-03-05T04:38:31
A-03633,ORG-005,medium,privilege_escalation,ASSET-ORG-005-002,CASE-00954,2025-05-09T21:31:57,2025-05-12T10:45:38
A-03634,ORG-005,high,lateral_movement,ASSET-ORG-005-023,,2025-04-04T22:32:07,2025-04-05T22:09:04
A-03635,ORG-005,medium,phishing,ASSET-ORG-005-110,CASE-00852,2025-01-09T17:07:36,2025-01-11T18:16:22
A-03636,ORG-005,high,brute_force,ASSET-ORG-005-027,CASE-00943,2025-05-28T08:35:02,2025-05-28T20:51:43
A-03637,ORG-005,medium,privilege_escalation,ASSET-ORG-005-017,CASE-01007,2025-03-17T08:13:24,2025-03-19T08:36:11
A-03638,ORG-005,medium,data_exfil,ASSET-ORG-005-077,CASE-00957,2025-01-18T21:27:05,2025-01-20T16:08:53
A-03639,ORG-005,critical,lateral_movement,ASSET-ORG-005-074,,2025-04-26T19:05:56,2025-04-26T21:25:10
A-03640,ORG-005,high,privilege_escalation,ASSET-ORG-005-109,,2025-06-24T08:37:35,2025-06-25T06:16:45
A-03641,ORG-005,medium,phishing,ASSET-ORG-005-101,,2025-05-23T18:57:42,2025-05-24T22:37:58
A-03642,ORG-005,medium,lateral_movement,ASSET-ORG-005-019,,2025-06-21T13:46:05,2025-06-23T16:09:27
A-03643,ORG-005,high,recon,ASSET-ORG-005-098,,2025-01-19T04:17:06,2025-01-20T01:52:03
A-03644,ORG-005,high,lateral_movement,ASSET-ORG-005-054,,2025-05-26T11:21:32,2025-05-27T07:42:33
A-03645,ORG-005,medium,privilege_escalation,ASSET-ORG-005-078,,2025-02-09T17:32:58,2025-02-12T17:20:12
A-03646,ORG-005,high,data_exfil,ASSET-ORG-005-090,,2025-02-27T21:18:29,2025-02-28T09:57:44
A-03647,ORG-005,low,data_exfil,ASSET-ORG-005-028,,2025-01-04T04:56:29,2025-01-06T13:55:18
A-03648,ORG-005,critical,lateral_movement,ASSET-ORG-005-010,,2025-03-17T12:07:46,2025-03-17T16:29:12
A-03649,ORG-005,medium,privilege_escalation,ASSET-ORG-005-111,CASE-00965,2025-06-23T04:59:55,2025-06-24T19:13:40
A-03650,ORG-005,high,lateral_movement,ASSET-ORG-005-086,,2025-05-03T12:39:54,2025-05-04T01:08:58
A-03651,ORG-005,medium,data_exfil,ASSET-ORG-005-059,,2025-04-02T00:49:40,2025-04-03T05:17:00
A-03652,ORG-005,low,lateral_movement,ASSET-ORG-005-076,CASE-00798,2025-06-28T15:12:04,
A-03653,ORG-005,low,data_exfil,ASSET-ORG-005-002,,2025-01-10T15:16:25,2025-01-16T14:56:07
A-03654,ORG-005,medium,data_exfil,ASSET-ORG-005-105,,2025-02-20T20:10:10,2025-02-23T02:48:12
A-03655,ORG-005,critical,data_exfil,ASSET-ORG-005-062,,2025-01-17T05:34:00,2025-01-17T08:47:57
A-03656,ORG-005,high,data_exfil,ASSET-ORG-005-097,CASE-00927,2025-01-17T12:00:17,2025-01-18T04:36:50
A-03657,ORG-005,critical,recon,ASSET-ORG-005-042,,2025-04-19T00:52:54,2025-04-19T07:20:38
A-03658,ORG-005,critical,phishing,ASSET-ORG-005-103,,2025-02-15T17:41:03,2025-02-15T22:55:55
A-03659,ORG-005,medium,malware,ASSET-ORG-005-048,,2025-05-22T00:20:08,2025-05-23T14:27:14
A-03660,ORG-005,medium,privilege_escalation,ASSET-ORG-005-095,CASE-00910,2025-04-07T20:44:53,2025-04-09T16:07:24
A-03661,ORG-005,high,privilege_escalation,ASSET-ORG-005-002,CASE-00909,2025-06-29T06:53:45,2025-06-29T17:07:59
A-03662,ORG-005,critical,recon,ASSET-ORG-005-007,,2025-04-15T19:50:43,2025-04-16T02:12:57
A-03663,ORG-005,high,malware,ASSET-ORG-005-014,CASE-00779,2025-01-01T07:01:46,2025-01-02T01:15:38
A-03664,ORG-005,high,recon,ASSET-ORG-005-063,,2025-06-06T01:35:10,2025-06-06T14:19:09
A-03665,ORG-005,low,data_exfil,ASSET-ORG-005-025,,2025-06-11T04:26:06,2025-06-15T12:22:23
A-03666,ORG-005,medium,phishing,ASSET-ORG-005-120,,2025-02-12T13:48:58,2025-02-14T06:51:11
A-03667,ORG-005,critical,data_exfil,ASSET-ORG-005-074,,2025-06-23T15:06:33,2025-06-23T18:27:19
A-03668,ORG-005,critical,data_exfil,ASSET-ORG-005-038,,2025-02-10T03:27:34,2025-02-10T10:27:37
A-03669,ORG-005,critical,lateral_movement,ASSET-ORG-005-001,CASE-00850,2025-02-19T00:43:41,2025-02-19T07:02:08
A-03670,ORG-005,medium,brute_force,ASSET-ORG-005-046,,2025-04-25T01:56:24,2025-04-27T13:23:18
A-03671,ORG-005,high,malware,ASSET-ORG-005-078,,2025-04-19T02:10:35,2025-04-19T11:52:18
A-03672,ORG-005,high,data_exfil,ASSET-ORG-005-104,,2025-02-28T03:29:10,2025-02-28T20:41:48
A-03673,ORG-005,medium,brute_force,ASSET-ORG-005-034,,2025-02-21T06:04:39,2025-02-24T01:50:08
A-03674,ORG-005,high,recon,ASSET-ORG-005-041,CASE-00887,2025-02-05T03:56:32,2025-02-05T18:06:45
A-03675,ORG-005,medium,recon,ASSET-ORG-005-059,CASE-00832,2025-03-28T06:56:24,2025-03-30T09:49:25
A-03676,ORG-005,low,data_exfil,ASSET-ORG-005-043,,2025-03-14T11:45:49,2025-03-19T11:31:45
A-03677,ORG-005,critical,privilege_escalation,ASSET-ORG-005-004,,2025-06-28T06:51:52,2025-06-28T09:24:29
A-03678,ORG-005,medium,brute_force,ASSET-ORG-005-005,,2025-03-04T15:03:02,2025-03-07T08:21:29
A-03679,ORG-005,medium,data_exfil,ASSET-ORG-005-014,CASE-00944,2025-01-27T03:53:32,2025-01-28T17:36:51
A-03680,ORG-005,medium,lateral_movement,ASSET-ORG-005-048,,2025-04-29T22:36:25,2025-05-02T08:59:56
A-03681,ORG-005,critical,phishing,ASSET-ORG-005-094,,2025-05-17T16:31:57,2025-05-17T19:37:30
A-03682,ORG-005,medium,privilege_escalation,ASSET-ORG-005-071,,2025-01-29T09:48:29,2025-01-31T20:28:33
A-03683,ORG-005,low,phishing,ASSET-ORG-005-007,,2025-04-25T04:13:49,2025-04-30T00:30:48
A-03684,ORG-005,high,malware,ASSET-ORG-005-073,,2025-04-07T23:55:27,2025-04-08T19:53:26
A-03685,ORG-005,medium,brute_force,ASSET-ORG-005-036,,2025-03-12T15:25:48,2025-03-13T18:48:23
A-03686,ORG-005,medium,privilege_escalation,ASSET-ORG-005-095,,2025-01-06T06:46:21,2025-01-07T12:43:15
A-03687,ORG-005,high,phishing,ASSET-ORG-005-058,,2025-04-11T08:25:59,2025-04-11T19:18:55
A-03688,ORG-005,high,malware,ASSET-ORG-005-009,,2025-03-31T02:13:21,2025-03-31T18:16:12
A-03689,ORG-005,medium,recon,ASSET-ORG-005-101,,2025-06-14T08:10:18,2025-06-17T00:26:41
A-03690,ORG-005,high,phishing,ASSET-ORG-005-089,,2025-04-17T22:04:36,2025-04-18T20:45:25
A-03691,ORG-005,high,recon,ASSET-ORG-005-048,,2025-01-07T10:53:41,2025-01-08T08:54:05
A-03692,ORG-005,high,phishing,ASSET-ORG-005-009,,2025-06-01T08:38:58,2025-06-01T18:59:18
A-03693,ORG-005,critical,privilege_escalation,ASSET-ORG-005-067,,2025-03-06T18:41:04,2025-03-06T22:43:36
A-03694,ORG-005,high,phishing,ASSET-ORG-005-061,,2025-01-21T01:59:42,2025-01-21T18:43:22
A-03695,ORG-005,critical,recon,ASSET-ORG-005-034,,2025-05-13T17:11:34,2025-05-13T23:45:38
A-03696,ORG-005,medium,malware,ASSET-ORG-005-120,,2025-03-19T11:53:48,2025-03-21T22:28:14
A-03697,ORG-005,medium,brute_force,ASSET-ORG-005-038,,2025-01-20T12:17:13,2025-01-21T12:30:20
A-03698,ORG-005,high,phishing,ASSET-ORG-005-043,CASE-00779,2025-05-14T16:23:23,2025-05-15T15:24:35
A-03699,ORG-005,medium,phishing,ASSET-ORG-005-028,,2025-03-08T12:41:19,2025-03-10T23:57:49
A-03700,ORG-005,critical,malware,ASSET-ORG-005-003,,2025-06-03T23:30:44,2025-06-04T04:07:04
A-03701,ORG-005,critical,privilege_escalation,ASSET-ORG-005-088,,2025-06-09T15:26:23,2025-06-09T18:28:57
A-03702,ORG-005,high,lateral_movement,ASSET-ORG-005-046,CASE-00846,2025-01-09T17:53:45,2025-01-10T02:39:43
A-03703,ORG-005,critical,lateral_movement,ASSET-ORG-005-062,,2025-01-05T11:40:16,2025-01-05T17:22:04
A-03704,ORG-005,high,lateral_movement,ASSET-ORG-005-045,,2025-05-24T12:27:53,2025-05-25T09:08:06
A-03705,ORG-005,high,data_exfil,ASSET-ORG-005-018,,2025-06-19T02:21:04,2025-06-19T13:21:00
A-03706,ORG-005,critical,privilege_escalation,ASSET-ORG-005-099,CASE-00865,2025-02-27T15:07:38,2025-02-27T22:58:42
A-03707,ORG-005,medium,malware,ASSET-ORG-005-099,,2025-01-08T21:20:01,2025-01-09T23:52:20
A-03708,ORG-005,low,recon,ASSET-ORG-005-112,,2025-05-28T16:40:23,2025-06-02T23:51:35
A-03709,ORG-005,medium,privilege_escalation,ASSET-ORG-005-041,,2025-01-21T06:57:27,2025-01-23T04:55:07
A-03710,ORG-005,medium,data_exfil,ASSET-ORG-005-027,,2025-01-15T06:36:36,2025-01-17T18:51:35
A-03711,ORG-005,medium,malware,ASSET-ORG-005-114,,2025-03-19T06:48:51,2025-03-21T12:23:56
A-03712,ORG-005,critical,malware,ASSET-ORG-005-030,,2025-06-16T14:14:48,2025-06-16T21:57:03
A-03713,ORG-005,high,data_exfil,ASSET-ORG-005-050,CASE-00840,2025-01-30T19:11:50,2025-01-31T09:55:38
A-03714,ORG-005,high,privilege_escalation,ASSET-ORG-005-111,,2025-02-01T10:02:39,2025-02-02T08:21:51
A-03715,ORG-005,medium,lateral_movement,ASSET-ORG-005-065,,2025-04-30T18:56:25,2025-05-03T03:48:24
A-03716,ORG-005,critical,data_exfil,ASSET-ORG-005-005,,2025-06-23T13:26:20,2025-06-23T17:58:01
A-03717,ORG-005,low,brute_force,ASSET-ORG-005-099,,2025-01-21T08:21:04,2025-01-25T14:13:59
A-03718,ORG-005,critical,privilege_escalation,ASSET-ORG-005-054,,2025-05-24T09:50:52,2025-05-24T17:16:23
A-03719,ORG-005,medium,brute_force,ASSET-ORG-005-077,,2025-04-09T06:02:40,2025-04-11T17:22:07
A-03720,ORG-005,critical,recon,ASSET-ORG-005-104,CASE-00930,2025-02-07T08:20:08,2025-02-07T14:22:44
A-03721,ORG-005,critical,privilege_escalation,ASSET-ORG-005-063,,2025-02-24T15:02:11,2025-02-24T18:08:18
A-03722,ORG-005,critical,phishing,ASSET-ORG-005-042,CASE-00866,2025-03-10T14:07:57,2025-03-10T19:14:26
A-03723,ORG-005,low,privilege_escalation,ASSET-ORG-005-089,CASE-00841,2025-03-11T22:07:08,2025-03-16T00:18:58
A-03724,ORG-005,medium,privilege_escalation,ASSET-ORG-005-019,,2025-06-18T05:07:02,2025-06-20T16:09:36
A-03725,ORG-005,high,recon,ASSET-ORG-005-119,,2025-02-03T09:13:09,2025-02-04T05:54:35
A-03726,ORG-005,medium,phishing,ASSET-ORG-005-063,,2025-04-13T19:38:20,2025-04-15T03:18:29
A-03727,ORG-005,low,phishing,ASSET-ORG-005-058,CASE-00815,2025-03-28T19:54:06,2025-04-02T10:27:31
A-03728,ORG-005,critical,lateral_movement,ASSET-ORG-005-109,,2025-02-26T20:59:52,2025-02-27T02:30:01
A-03729,ORG-005,critical,malware,ASSET-ORG-005-026,,2025-03-22T23:44:28,2025-03-23T06:11:31
A-03730,ORG-005,low,lateral_movement,ASSET-ORG-005-043,,2025-02-14T15:27:26,2025-02-19T02:20:35
A-03731,ORG-005,high,lateral_movement,ASSET-ORG-005-092,CASE-00795,2025-05-31T21:15:05,2025-06-01T09:00:31
A-03732,ORG-005,high,brute_force,ASSET-ORG-005-006,,2025-06-27T16:51:24,2025-06-28T04:37:54
A-03733,ORG-005,low,lateral_movement,ASSET-ORG-005-013,,2025-04-10T10:30:59,2025-04-12T12:48:22
A-03734,ORG-005,medium,privilege_escalation,ASSET-ORG-005-016,CASE-00810,2025-06-19T04:34:16,2025-06-22T00:02:33
A-03735,ORG-005,critical,brute_force,ASSET-ORG-005-036,,2025-05-31T11:15:55,2025-05-31T15:27:31
A-03736,ORG-005,medium,malware,ASSET-ORG-005-003,,2025-05-11T19:54:09,2025-05-13T23:23:49
A-03737,ORG-005,critical,data_exfil,ASSET-ORG-005-005,,2025-01-28T09:47:59,2025-01-28T15:32:06
A-03738,ORG-005,high,data_exfil,ASSET-ORG-005-071,,2025-05-05T02:24:36,2025-05-05T21:25:33
A-03739,ORG-005,critical,privilege_escalation,ASSET-ORG-005-100,,2025-02-17T12:27:02,2025-02-17T17:31:16
A-03740,ORG-005,low,data_exfil,ASSET-ORG-005-119,,2025-05-07T12:43:32,2025-05-09T15:17:51
A-03741,ORG-005,high,brute_force,ASSET-ORG-005-024,,2025-06-18T09:43:06,2025-06-19T01:24:44
A-03742,ORG-005,medium,privilege_escalation,ASSET-ORG-005-087,,2025-02-01T20:06:15,2025-02-03T04:23:03
A-03743,ORG-005,high,brute_force,ASSET-ORG-005-097,,2025-02-08T09:16:13,2025-02-09T03:48:09
A-03744,ORG-005,critical,malware,ASSET-ORG-005-081,,2025-02-04T10:08:39,2025-02-04T18:04:42
A-03745,ORG-005,high,lateral_movement,ASSET-ORG-005-058,,2025-05-02T02:39:31,2025-05-02T20:11:14
A-03746,ORG-005,low,phishing,ASSET-ORG-005-020,,2025-04-26T17:48:49,2025-04-29T23:59:28
A-03747,ORG-005,critical,recon,ASSET-ORG-005-086,,2025-06-15T17:33:24,2025-06-15T21:49:17
A-03748,ORG-005,high,brute_force,ASSET-ORG-005-059,,2025-04-17T00:54:31,2025-04-17T09:51:26
A-03749,ORG-005,high,recon,ASSET-ORG-005-107,,2025-04-12T14:28:44,2025-04-13T02:53:15
A-03750,ORG-005,medium,brute_force,ASSET-ORG-005-005,,2025-01-03T15:25:54,2025-01-06T03:49:33
A-03751,ORG-005,critical,lateral_movement,ASSET-ORG-005-113,CASE-00978,2025-01-16T02:35:18,2025-01-16T06:39:17
A-03752,ORG-005,medium,brute_force,ASSET-ORG-005-003,,2025-01-23T10:25:02,2025-01-24T13:58:04
A-03753,ORG-005,low,brute_force,ASSET-ORG-005-024,,2025-01-02T09:14:58,2025-01-07T00:34:07
A-03754,ORG-005,medium,phishing,ASSET-ORG-005-098,CASE-00875,2025-03-17T00:25:29,2025-03-19T05:27:01
A-03755,ORG-005,high,brute_force,ASSET-ORG-005-007,CASE-00805,2025-06-25T13:35:35,2025-06-26T07:36:02
A-03756,ORG-005,medium,malware,ASSET-ORG-005-078,,2025-06-04T04:04:34,2025-06-06T22:27:43
A-03757,ORG-005,medium,brute_force,ASSET-ORG-005-004,CASE-00946,2025-04-18T14:11:53,2025-04-19T19:33:27
A-03758,ORG-005,high,privilege_escalation,ASSET-ORG-005-030,,2025-05-04T19:50:23,2025-05-05T10:21:32
A-03759,ORG-005,high,phishing,ASSET-ORG-005-084,CASE-00822,2025-01-06T11:05:55,2025-01-06T21:49:50
A-03760,ORG-005,critical,brute_force,ASSET-ORG-005-075,,2025-02-02T13:07:02,2025-02-02T16:52:35
A-03761,ORG-005,critical,brute_force,ASSET-ORG-005-025,CASE-00896,2025-01-30T08:27:04,2025-01-30T11:37:14
A-03762,ORG-005,high,malware,ASSET-ORG-005-041,,2025-04-13T07:38:28,2025-04-14T00:05:55
A-03763,ORG-005,low,recon,ASSET-ORG-005-077,,2025-06-06T17:53:16,2025-06-09T10:41:10
A-03764,ORG-005,low,malware,ASSET-ORG-005-009,CASE-00997,2025-02-20T02:38:19,2025-02-23T02:18:06
A-03765,ORG-005,medium,recon,ASSET-ORG-005-040,CASE-00850,2025-03-12T17:34:43,2025-03-14T15:48:49
A-03766,ORG-005,critical,lateral_movement,ASSET-ORG-005-120,,2025-02-09T14:12:07,2025-02-09T20:14:25
A-03767,ORG-005,high,brute_force,ASSET-ORG-005-040,,2025-06-25T16:11:26,2025-06-26T05:58:12
A-03768,ORG-005,critical,data_exfil,ASSET-ORG-005-052,,2025-06-21T10:45:55,2025-06-21T13:34:42
A-03769,ORG-005,medium,privilege_escalation,ASSET-ORG-005-012,,2025-05-10T01:34:14,2025-05-12T15:36:24
A-03770,ORG-005,high,data_exfil,ASSET-ORG-005-046,CASE-00857,2025-06-12T20:04:30,2025-06-13T11:45:19
A-03771,ORG-005,low,brute_force,ASSET-ORG-005-110,,2025-01-26T05:17:08,2025-01-30T15:21:59
A-03772,ORG-005,low,recon,ASSET-ORG-005-105,,2025-01-29T20:18:16,2025-02-02T14:40:15
A-03773,ORG-005,medium,privilege_escalation,ASSET-ORG-005-009,CASE-01021,2025-06-12T09:02:54,2025-06-13T17:56:22
A-03774,ORG-005,high,privilege_escalation,ASSET-ORG-005-068,,2025-01-29T07:44:06,2025-01-29T18:02:44
A-03775,ORG-005,high,malware,ASSET-ORG-005-029,,2025-04-11T16:28:32,2025-04-12T15:09:39
A-03776,ORG-005,medium,brute_force,ASSET-ORG-005-079,,2025-01-29T21:29:43,2025-01-31T14:49:50
A-03777,ORG-005,high,data_exfil,ASSET-ORG-005-033,,2025-03-05T01:27:10,2025-03-05T12:52:52
A-03778,ORG-005,medium,lateral_movement,ASSET-ORG-005-106,,2025-02-25T22:08:34,2025-02-27T05:40:19
A-03779,ORG-005,high,privilege_escalation,ASSET-ORG-005-031,,2025-05-03T20:45:56,2025-05-04T06:40:49
A-03780,ORG-005,medium,brute_force,ASSET-ORG-005-058,,2025-05-26T04:29:48,2025-05-28T07:51:26
A-03781,ORG-005,medium,brute_force,ASSET-ORG-005-082,,2025-06-16T17:40:25,2025-06-18T13:56:22
A-03782,ORG-005,high,lateral_movement,ASSET-ORG-005-107,,2025-05-07T19:20:26,2025-05-08T18:56:00
A-03783,ORG-005,high,privilege_escalation,ASSET-ORG-005-047,,2025-06-12T11:13:32,2025-06-12T23:37:13
A-03784,ORG-005,high,malware,ASSET-ORG-005-011,,2025-06-27T01:55:58,2025-06-27T23:32:34
A-03785,ORG-005,medium,brute_force,ASSET-ORG-005-022,,2025-04-20T15:30:12,2025-04-21T17:03:01
A-03786,ORG-005,medium,recon,ASSET-ORG-005-009,,2025-04-14T00:57:01,2025-04-15T20:23:07
A-03787,ORG-005,medium,recon,ASSET-ORG-005-078,,2025-05-04T07:48:31,2025-05-05T20:19:36
A-03788,ORG-005,critical,lateral_movement,ASSET-ORG-005-093,,2025-05-21T12:34:09,2025-05-21T20:21:37
A-03789,ORG-005,medium,recon,ASSET-ORG-005-095,,2025-05-25T16:32:48,2025-05-28T16:19:28
A-03790,ORG-005,low,data_exfil,ASSET-ORG-005-120,CASE-00946,2025-04-24T02:57:48,2025-04-28T03:20:55
A-03791,ORG-005,high,data_exfil,ASSET-ORG-005-018,CASE-00860,2025-03-09T05:29:04,2025-03-09T13:31:35
A-03792,ORG-005,medium,lateral_movement,ASSET-ORG-005-015,CASE-00820,2025-02-20T17:18:23,2025-02-22T00:00:01
A-03793,ORG-005,high,data_exfil,ASSET-ORG-005-030,CASE-00827,2025-05-16T20:04:54,2025-05-17T13:00:11
A-03794,ORG-005,medium,malware,ASSET-ORG-005-078,,2025-02-19T01:20:39,2025-02-20T14:49:31
A-03795,ORG-005,high,recon,ASSET-ORG-005-091,,2025-04-30T16:50:04,2025-05-01T06:04:04
A-03796,ORG-005,low,lateral_movement,ASSET-ORG-005-104,,2025-06-26T02:50:00,2025-06-28T03:09:05
A-03797,ORG-005,high,privilege_escalation,ASSET-ORG-005-095,,2025-05-13T19:05:10,2025-05-14T13:03:04
A-03798,ORG-005,high,brute_force,ASSET-ORG-005-059,CASE-00829,2025-01-29T22:12:49,2025-01-30T10:15:52
A-03799,ORG-005,low,malware,ASSET-ORG-005-031,CASE-00944,2025-05-08T07:19:49,2025-05-11T13:32:46
A-03800,ORG-005,critical,privilege_escalation,ASSET-ORG-005-034,,2025-03-20T15:27:47,2025-03-20T22:42:46
A-03801,ORG-005,low,recon,ASSET-ORG-005-062,CASE-00819,2025-06-02T12:00:22,2025-06-06T00:18:31
A-03802,ORG-005,medium,brute_force,ASSET-ORG-005-027,,2025-04-24T13:12:36,2025-04-25T20:50:35
A-03803,ORG-005,high,recon,ASSET-ORG-005-022,,2025-01-25T01:23:13,2025-01-25T13:29:11
A-03804,ORG-005,critical,malware,ASSET-ORG-005-080,,2025-06-07T05:30:48,2025-06-07T12:56:19
A-03805,ORG-005,high,lateral_movement,ASSET-ORG-005-077,,2025-04-16T17:23:19,2025-04-17T11:34:00
A-03806,ORG-005,high,lateral_movement,ASSET-ORG-005-103,,2025-02-14T21:58:55,2025-02-15T15:52:48
A-03807,ORG-005,critical,privilege_escalation,ASSET-ORG-005-047,,2025-03-02T19:25:47,2025-03-03T00:14:18
A-03808,ORG-005,low,recon,ASSET-ORG-005-017,,2025-06-15T20:11:25,2025-06-19T01:58:03
A-03809,ORG-005,critical,malware,ASSET-ORG-005-100,,2025-04-10T06:14:35,2025-04-10T08:29:33
A-03810,ORG-005,critical,recon,ASSET-ORG-005-036,,2025-04-06T13:36:26,2025-04-06T19:59:15
A-03811,ORG-005,low,data_exfil,ASSET-ORG-005-099,CASE-00793,2025-02-27T05:48:26,2025-03-01T20:24:59
A-03812,ORG-005,high,data_exfil,ASSET-ORG-005-088,,2025-06-23T03:37:52,2025-06-23T20:36:48
A-03813,ORG-005,low,lateral_movement,ASSET-ORG-005-056,CASE-00977,2025-05-16T08:04:39,2025-05-18T21:39:54
A-03814,ORG-005,medium,brute_force,ASSET-ORG-005-096,,2025-02-12T18:17:34,2025-02-13T20:09:14
A-03815,ORG-005,high,malware,ASSET-ORG-005-060,CASE-00900,2025-01-02T15:14:45,2025-01-03T13:20:07
A-03816,ORG-005,high,data_exfil,ASSET-ORG-005-013,,2025-06-07T10:22:14,2025-06-08T04:10:22
A-03817,ORG-005,low,data_exfil,ASSET-ORG-005-089,,2025-02-27T23:25:53,2025-03-02T17:55:26
A-03818,ORG-005,low,malware,ASSET-ORG-005-099,,2025-03-24T10:46:38,2025-03-28T10:36:53
A-03819,ORG-005,medium,brute_force,ASSET-ORG-005-092,,2025-06-23T00:51:37,2025-06-24T16:47:45
A-03820,ORG-005,critical,lateral_movement,ASSET-ORG-005-094,,2025-01-07T15:24:41,2025-01-07T23:04:02
A-03821,ORG-005,high,recon,ASSET-ORG-005-013,,2025-04-21T08:47:49,2025-04-22T03:48:04
A-03822,ORG-005,high,lateral_movement,ASSET-ORG-005-090,,2025-05-20T16:04:15,2025-05-21T09:52:34
A-03823,ORG-005,medium,malware,ASSET-ORG-005-115,CASE-01021,2025-06-28T21:11:05,
A-03824,ORG-005,high,privilege_escalation,ASSET-ORG-005-036,,2025-01-02T20:49:52,2025-01-03T15:05:52
A-03825,ORG-005,high,malware,ASSET-ORG-005-010,,2025-02-13T12:16:24,2025-02-14T00:57:39
A-03826,ORG-005,medium,data_exfil,ASSET-ORG-005-081,,2025-04-03T23:09:37,2025-04-05T00:33:05
A-03827,ORG-005,critical,malware,ASSET-ORG-005-002,,2025-01-08T19:20:48,2025-01-09T00:01:15
A-03828,ORG-005,medium,phishing,ASSET-ORG-005-038,,2025-05-23T02:25:13,2025-05-25T17:24:48
A-03829,ORG-005,high,malware,ASSET-ORG-005-037,,2025-06-23T19:50:28,2025-06-24T13:52:57
A-03830,ORG-005,critical,malware,ASSET-ORG-005-090,CASE-01023,2025-04-02T08:44:52,2025-04-02T16:13:52
A-03831,ORG-005,high,phishing,ASSET-ORG-005-088,,2025-05-08T17:55:14,2025-05-09T08:42:30
A-03832,ORG-005,critical,privilege_escalation,ASSET-ORG-005-108,CASE-01016,2025-06-30T12:37:13,2025-06-30T15:15:47
A-03833,ORG-005,low,lateral_movement,ASSET-ORG-005-050,,2025-06-20T12:12:57,2025-06-23T15:41:45
A-03834,ORG-005,critical,malware,ASSET-ORG-005-089,,2025-06-23T08:20:47,2025-06-23T12:25:41
A-03835,ORG-005,high,data_exfil,ASSET-ORG-005-013,CASE-00868,2025-03-22T06:05:36,2025-03-22T23:22:32
A-03836,ORG-005,medium,privilege_escalation,ASSET-ORG-005-024,,2025-02-18T19:07:14,2025-02-20T17:34:15
A-03837,ORG-005,low,privilege_escalation,ASSET-ORG-005-103,,2025-06-04T09:43:16,2025-06-07T20:58:35
A-03838,ORG-005,high,lateral_movement,ASSET-ORG-005-088,,2025-05-13T04:16:27,2025-05-13T17:21:14
A-03839,ORG-005,medium,brute_force,ASSET-ORG-005-118,,2025-06-12T00:41:30,2025-06-13T22:29:19
A-03840,ORG-005,medium,brute_force,ASSET-ORG-005-003,,2025-06-22T15:22:06,2025-06-23T15:43:47
A-03841,ORG-005,high,privilege_escalation,ASSET-ORG-005-075,,2025-01-31T00:48:02,2025-01-31T20:31:50
A-03842,ORG-005,high,data_exfil,ASSET-ORG-005-086,,2025-05-05T00:05:24,2025-05-05T20:21:07
A-03843,ORG-005,high,phishing,ASSET-ORG-005-045,CASE-00839,2025-01-22T15:41:48,2025-01-23T09:56:38
A-03844,ORG-005,high,privilege_escalation,ASSET-ORG-005-059,,2025-03-25T23:44:18,2025-03-26T15:28:37
A-03845,ORG-005,critical,privilege_escalation,ASSET-ORG-005-033,,2025-01-25T12:02:22,2025-01-25T17:09:25
A-03846,ORG-005,low,malware,ASSET-ORG-005-068,,2025-06-04T02:12:36,2025-06-08T05:54:57
A-03847,ORG-005,medium,lateral_movement,ASSET-ORG-005-101,,2025-02-11T06:35:16,2025-02-14T01:38:19
A-03848,ORG-005,medium,data_exfil,ASSET-ORG-005-062,,2025-06-28T00:08:28,2025-06-29T08:13:21
A-03849,ORG-005,high,lateral_movement,ASSET-ORG-005-003,CASE-01024,2025-05-16T09:14:38,2025-05-16T18:48:04
A-03850,ORG-005,medium,recon,ASSET-ORG-005-042,,2025-03-30T23:47:26,2025-04-01T23:22:00
A-03851,ORG-005,low,recon,ASSET-ORG-005-035,,2025-03-11T07:26:42,2025-03-15T08:28:14
A-03852,ORG-005,medium,data_exfil,ASSET-ORG-005-107,,2025-05-27T04:28:11,2025-05-29T10:19:30
A-03853,ORG-005,high,recon,ASSET-ORG-005-116,,2025-03-08T07:19:29,2025-03-08T19:15:12
A-03854,ORG-005,medium,privilege_escalation,ASSET-ORG-005-019,,2025-04-03T04:44:27,2025-04-05T09:04:20
A-03855,ORG-005,medium,brute_force,ASSET-ORG-005-108,,2025-06-17T15:30:33,2025-06-19T02:59:04
A-03856,ORG-005,medium,recon,ASSET-ORG-005-004,,2025-06-03T00:09:20,2025-06-05T22:29:01
A-03857,ORG-005,medium,privilege_escalation,ASSET-ORG-005-103,,2025-02-25T10:23:26,2025-02-27T00:42:09
A-03858,ORG-005,high,phishing,ASSET-ORG-005-062,,2025-04-07T06:16:16,2025-04-08T06:07:16
A-03859,ORG-005,medium,data_exfil,ASSET-ORG-005-025,,2025-05-13T02:40:43,2025-05-15T09:52:06
A-03860,ORG-005,critical,recon,ASSET-ORG-005-010,CASE-00785,2025-03-09T16:58:52,2025-03-09T22:52:06
A-03861,ORG-005,critical,phishing,ASSET-ORG-005-097,CASE-00910,2025-06-15T01:08:08,2025-06-15T05:56:16
A-03862,ORG-005,low,recon,ASSET-ORG-005-111,CASE-00988,2025-05-20T01:18:37,2025-05-23T02:52:56
A-03863,ORG-005,high,recon,ASSET-ORG-005-001,,2025-01-18T12:46:03,2025-01-19T09:27:02
A-03864,ORG-005,high,brute_force,ASSET-ORG-005-006,,2025-02-18T00:23:44,2025-02-18T09:38:11
A-03865,ORG-005,low,malware,ASSET-ORG-005-034,,2025-03-26T09:35:46,2025-03-30T13:37:16
A-03866,ORG-005,medium,lateral_movement,ASSET-ORG-005-008,,2025-03-13T08:23:30,2025-03-16T04:16:54
A-03867,ORG-005,medium,lateral_movement,ASSET-ORG-005-075,,2025-02-19T06:49:51,2025-02-20T18:03:29
A-03868,ORG-005,low,lateral_movement,ASSET-ORG-005-096,,2025-06-21T21:02:53,2025-06-25T14:50:39
A-03869,ORG-005,high,phishing,ASSET-ORG-005-061,,2025-05-20T17:08:31,2025-05-21T09:52:05
A-03870,ORG-005,critical,privilege_escalation,ASSET-ORG-005-011,,2025-03-30T03:33:15,2025-03-30T10:47:31
A-03871,ORG-005,critical,data_exfil,ASSET-ORG-005-080,,2025-04-28T17:40:35,2025-04-28T21:00:08
A-03872,ORG-005,medium,data_exfil,ASSET-ORG-005-098,,2025-05-18T08:43:29,2025-05-20T20:13:02
A-03873,ORG-005,low,malware,ASSET-ORG-005-103,,2025-02-03T07:05:33,2025-02-08T11:46:46
A-03874,ORG-005,medium,data_exfil,ASSET-ORG-005-033,,2025-04-07T16:12:42,2025-04-10T07:24:53
A-03875,ORG-005,low,privilege_escalation,ASSET-ORG-005-022,,2025-04-26T21:19:41,2025-05-01T04:15:18
A-03876,ORG-005,high,phishing,ASSET-ORG-005-107,,2025-05-26T12:12:48,2025-05-27T01:20:29
A-03877,ORG-005,medium,malware,ASSET-ORG-005-059,CASE-00795,2025-06-06T10:42:37,2025-06-07T18:09:30
A-03878,ORG-005,low,phishing,ASSET-ORG-005-055,CASE-00790,2025-03-12T18:17:15,2025-03-17T10:02:49
A-03879,ORG-005,critical,recon,ASSET-ORG-005-027,,2025-03-13T20:28:19,2025-03-14T00:22:28
A-03880,ORG-005,high,phishing,ASSET-ORG-005-113,,2025-01-18T19:01:12,2025-01-19T17:48:47
A-03881,ORG-005,critical,data_exfil,ASSET-ORG-005-047,,2025-03-22T13:21:16,2025-03-22T15:36:25
A-03882,ORG-005,low,phishing,ASSET-ORG-005-059,,2025-02-11T08:59:57,2025-02-14T19:22:34
A-03883,ORG-005,medium,malware,ASSET-ORG-005-011,,2025-06-13T09:29:08,2025-06-14T09:54:00
A-03884,ORG-005,low,recon,ASSET-ORG-005-110,,2025-01-31T16:37:41,2025-02-03T15:49:35
A-03885,ORG-005,high,malware,ASSET-ORG-005-054,,2025-01-16T00:27:22,2025-01-16T12:15:20
A-03886,ORG-005,high,brute_force,ASSET-ORG-005-070,,2025-05-21T04:08:41,2025-05-21T12:53:55
A-03887,ORG-005,critical,brute_force,ASSET-ORG-005-044,CASE-00977,2025-01-11T05:05:41,2025-01-11T07:50:57
A-03888,ORG-005,low,privilege_escalation,ASSET-ORG-005-081,,2025-03-20T22:10:07,2025-03-23T06:37:57
A-03889,ORG-005,medium,phishing,ASSET-ORG-005-103,CASE-00879,2025-06-22T13:34:02,2025-06-24T09:31:17
A-03890,ORG-005,high,recon,ASSET-ORG-005-108,CASE-00859,2025-06-23T00:08:02,2025-06-23T14:10:58
A-03891,ORG-005,medium,data_exfil,ASSET-ORG-005-076,,2025-06-20T05:50:44,2025-06-22T01:01:46
A-03892,ORG-005,high,privilege_escalation,ASSET-ORG-005-034,,2025-06-20T20:12:41,2025-06-21T06:08:20
A-03893,ORG-005,medium,data_exfil,ASSET-ORG-005-008,,2025-03-13T16:06:09,2025-03-16T08:36:49
A-03894,ORG-005,low,malware,ASSET-ORG-005-072,,2025-02-03T02:08:23,2025-02-07T12:36:41
A-03895,ORG-005,high,brute_force,ASSET-ORG-005-116,,2025-02-24T04:12:07,2025-02-25T01:47:36
A-03896,ORG-005,critical,brute_force,ASSET-ORG-005-109,,2025-01-09T11:19:01,2025-01-09T13:54:24
A-03897,ORG-005,high,brute_force,ASSET-ORG-005-113,,2025-04-30T21:24:13,2025-05-01T13:29:27
A-03898,ORG-005,low,malware,ASSET-ORG-005-057,CASE-00814,2025-03-16T04:57:22,2025-03-21T11:26:59
A-03899,ORG-005,high,brute_force,ASSET-ORG-005-074,,2025-04-02T17:34:47,2025-04-03T04:23:10
A-03900,ORG-005,low,privilege_escalation,ASSET-ORG-005-011,,2025-03-04T14:42:26,2025-03-06T20:12:22
A-03901,ORG-005,high,malware,ASSET-ORG-005-091,,2025-05-25T04:42:45,2025-05-25T22:29:10
A-03902,ORG-005,critical,brute_force,ASSET-ORG-005-048,,2025-03-12T09:47:23,2025-03-12T15:56:43
A-03903,ORG-005,medium,phishing,ASSET-ORG-005-103,CASE-00799,2025-06-10T16:49:43,2025-06-12T05:42:30
A-03904,ORG-005,medium,phishing,ASSET-ORG-005-015,CASE-00938,2025-03-12T08:48:53,2025-03-13T20:21:07
A-03905,ORG-005,low,data_exfil,ASSET-ORG-005-117,CASE-00884,2025-02-24T10:42:12,2025-02-26T18:37:25
A-03906,ORG-005,critical,lateral_movement,ASSET-ORG-005-099,,2025-01-09T17:25:48,2025-01-09T22:34:22
A-03907,ORG-005,low,privilege_escalation,ASSET-ORG-005-070,,2025-01-06T16:20:44,2025-01-09T05:32:26
A-03908,ORG-005,high,malware,ASSET-ORG-005-096,CASE-00912,2025-01-03T19:50:33,2025-01-04T19:29:34
A-03909,ORG-005,critical,malware,ASSET-ORG-005-095,,2025-05-07T22:47:31,2025-05-08T04:24:59
A-03910,ORG-005,medium,brute_force,ASSET-ORG-005-016,,2025-03-18T00:10:22,2025-03-20T08:04:30
A-03911,ORG-005,high,data_exfil,ASSET-ORG-005-020,,2025-04-22T04:13:57,2025-04-22T19:37:16
A-03912,ORG-005,high,privilege_escalation,ASSET-ORG-005-096,,2025-02-07T10:48:12,2025-02-08T01:49:33
A-03913,ORG-005,low,privilege_escalation,ASSET-ORG-005-008,,2025-05-01T03:57:14,2025-05-04T01:31:58
A-03914,ORG-005,critical,recon,ASSET-ORG-005-035,,2025-01-04T13:28:36,2025-01-04T21:03:07
A-03915,ORG-005,high,malware,ASSET-ORG-005-097,,2025-01-11T20:38:19,2025-01-12T05:33:54
A-03916,ORG-005,low,privilege_escalation,ASSET-ORG-005-092,,2025-05-27T15:42:14,2025-06-02T01:46:44
A-03917,ORG-005,high,lateral_movement,ASSET-ORG-005-092,CASE-00983,2025-03-22T09:47:36,2025-03-22T17:49:01
A-03918,ORG-005,high,brute_force,ASSET-ORG-005-080,,2025-06-04T17:22:02,2025-06-05T01:27:50
A-03919,ORG-005,critical,data_exfil,ASSET-ORG-005-084,CASE-00896,2025-04-13T20:53:47,2025-04-14T04:08:52
A-03920,ORG-005,medium,privilege_escalation,ASSET-ORG-005-016,,2025-06-23T19:06:37,2025-06-26T16:29:20
A-03921,ORG-005,medium,malware,ASSET-ORG-005-070,,2025-02-24T21:42:30,2025-02-26T10:48:42
A-03922,ORG-005,critical,phishing,ASSET-ORG-005-045,,2025-03-03T02:45:56,2025-03-03T06:48:06
A-03923,ORG-005,critical,phishing,ASSET-ORG-005-043,,2025-01-31T11:40:41,2025-01-31T15:58:47
A-03924,ORG-005,high,lateral_movement,ASSET-ORG-005-047,,2025-01-24T16:57:23,2025-01-25T04:44:51
A-03925,ORG-005,low,lateral_movement,ASSET-ORG-005-035,,2025-01-18T01:08:46,2025-01-23T03:50:23
A-03926,ORG-005,low,malware,ASSET-ORG-005-064,,2025-02-20T03:43:28,2025-02-25T23:45:31
A-03927,ORG-005,medium,brute_force,ASSET-ORG-005-009,,2025-03-06T07:35:58,2025-03-08T14:45:08
A-03928,ORG-005,medium,privilege_escalation,ASSET-ORG-005-100,,2025-03-16T07:23:26,2025-03-19T00:17:46
A-03929,ORG-005,high,recon,ASSET-ORG-005-120,,2025-01-30T07:01:44,2025-01-31T03:18:20
A-03930,ORG-005,critical,malware,ASSET-ORG-005-020,CASE-00983,2025-02-28T13:52:54,2025-02-28T17:00:07
A-03931,ORG-005,medium,recon,ASSET-ORG-005-029,,2025-06-23T12:24:54,2025-06-25T19:44:42
A-03932,ORG-005,medium,phishing,ASSET-ORG-005-011,,2025-05-08T17:30:39,2025-05-10T15:48:36
A-03933,ORG-005,medium,recon,ASSET-ORG-005-102,,2025-02-24T08:39:16,2025-02-26T11:48:11
A-03934,ORG-005,critical,malware,ASSET-ORG-005-097,,2025-04-16T10:47:38,2025-04-16T18:06:23
A-03935,ORG-005,medium,recon,ASSET-ORG-005-062,CASE-00890,2025-06-20T09:00:56,2025-06-22T14:55:58
A-03936,ORG-005,medium,phishing,ASSET-ORG-005-031,,2025-06-07T20:33:33,2025-06-09T12:43:33
A-03937,ORG-005,medium,brute_force,ASSET-ORG-005-004,,2025-04-29T13:31:11,2025-05-02T13:30:14
A-03938,ORG-005,medium,data_exfil,ASSET-ORG-005-119,CASE-00989,2025-03-15T16:45:29,2025-03-17T23:58:40
A-03939,ORG-005,high,data_exfil,ASSET-ORG-005-094,CASE-00817,2025-04-09T07:14:49,2025-04-10T02:16:42
A-03940,ORG-005,low,privilege_escalation,ASSET-ORG-005-068,,2025-01-29T14:09:35,2025-02-01T19:28:06
A-03941,ORG-005,medium,phishing,ASSET-ORG-005-038,,2025-04-01T03:03:22,2025-04-03T15:27:50
A-03942,ORG-005,critical,malware,ASSET-ORG-005-073,,2025-04-09T10:49:53,2025-04-09T18:31:23
A-03943,ORG-005,medium,lateral_movement,ASSET-ORG-005-009,,2025-06-20T18:06:43,2025-06-23T00:57:31
A-03944,ORG-005,high,privilege_escalation,ASSET-ORG-005-065,,2025-05-13T05:22:34,2025-05-13T22:54:27
A-03945,ORG-005,medium,brute_force,ASSET-ORG-005-049,,2025-03-04T15:04:37,2025-03-07T03:44:47
A-03946,ORG-005,medium,lateral_movement,ASSET-ORG-005-058,,2025-04-26T21:12:33,2025-04-28T06:58:43
A-03947,ORG-005,high,phishing,ASSET-ORG-005-016,,2025-01-09T00:24:51,2025-01-09T18:33:54
A-03948,ORG-005,medium,brute_force,ASSET-ORG-005-117,,2025-04-14T01:16:34,2025-04-16T10:29:05
A-03949,ORG-005,low,brute_force,ASSET-ORG-005-070,,2025-03-15T05:37:51,2025-03-20T00:18:46
A-03950,ORG-005,high,phishing,ASSET-ORG-005-013,,2025-02-12T01:12:09,2025-02-12T10:28:52
A-03951,ORG-005,critical,lateral_movement,ASSET-ORG-005-078,,2025-06-21T16:24:07,2025-06-21T23:39:45
A-03952,ORG-005,high,recon,ASSET-ORG-005-023,CASE-00955,2025-06-29T02:26:41,2025-06-29T22:08:22
A-03953,ORG-005,medium,malware,ASSET-ORG-005-037,,2025-06-23T20:33:33,2025-06-25T02:24:22
A-03954,ORG-005,high,lateral_movement,ASSET-ORG-005-010,,2025-02-25T02:09:45,2025-02-26T01:03:49
A-03955,ORG-005,high,lateral_movement,ASSET-ORG-005-033,,2025-02-17T19:37:00,2025-02-18T07:11:30
A-03956,ORG-005,low,data_exfil,ASSET-ORG-005-053,,2025-03-26T09:51:02,2025-03-29T05:29:28
A-03957,ORG-005,high,malware,ASSET-ORG-005-098,,2025-01-23T07:36:44,2025-01-23T21:39:25
A-03958,ORG-005,medium,privilege_escalation,ASSET-ORG-005-055,,2025-03-08T14:14:16,2025-03-11T12:11:42
A-03959,ORG-005,high,data_exfil,ASSET-ORG-005-023,,2025-04-29T11:25:23,2025-04-29T22:40:31
A-03960,ORG-005,critical,lateral_movement,ASSET-ORG-005-004,,2025-01-20T04:52:31,2025-01-20T09:44:14
A-03961,ORG-005,high,phishing,ASSET-ORG-005-072,CASE-00817,2025-03-21T01:28:40,2025-03-21T21:41:29
A-03962,ORG-005,medium,data_exfil,ASSET-ORG-005-018,,2025-01-31T02:58:58,2025-02-02T05:03:45
A-03963,ORG-005,low,malware,ASSET-ORG-005-008,,2025-02-14T00:17:26,2025-02-18T04:46:40
A-03964,ORG-005,high,malware,ASSET-ORG-005-091,,2025-03-01T07:17:50,2025-03-02T06:27:04
A-03965,ORG-005,critical,lateral_movement,ASSET-ORG-005-010,,2025-01-29T20:44:25,2025-01-30T02:38:08
A-03966,ORG-005,critical,malware,ASSET-ORG-005-077,,2025-01-21T15:45:54,2025-01-21T21:40:34
A-03967,ORG-005,high,malware,ASSET-ORG-005-013,,2025-04-03T03:39:29,2025-04-03T21:06:17
A-03968,ORG-005,low,lateral_movement,ASSET-ORG-005-039,CASE-00964,2025-06-17T10:07:21,2025-06-23T08:54:16
A-03969,ORG-005,critical,lateral_movement,ASSET-ORG-005-041,,2025-02-05T03:02:43,2025-02-05T06:14:00
A-03970,ORG-005,critical,data_exfil,ASSET-ORG-005-100,,2025-02-08T12:07:19,2025-02-08T15:33:31
A-03971,ORG-005,medium,data_exfil,ASSET-ORG-005-097,,2025-06-26T06:04:44,2025-06-27T10:51:53
A-03972,ORG-005,critical,lateral_movement,ASSET-ORG-005-117,,2025-02-19T02:15:41,2025-02-19T04:16:11
A-03973,ORG-005,high,brute_force,ASSET-ORG-005-107,,2025-04-22T17:07:54,2025-04-23T12:53:53
A-03974,ORG-005,critical,brute_force,ASSET-ORG-005-025,,2025-02-25T05:37:24,2025-02-25T12:09:58
A-03975,ORG-005,low,phishing,ASSET-ORG-005-092,,2025-06-12T19:37:45,2025-06-18T03:38:46
A-03976,ORG-005,low,recon,ASSET-ORG-005-120,,2025-05-24T10:56:36,2025-05-27T14:13:12
A-03977,ORG-005,low,lateral_movement,ASSET-ORG-005-101,,2025-06-13T05:07:57,2025-06-16T05:07:01
A-03978,ORG-005,critical,brute_force,ASSET-ORG-005-094,CASE-00996,2025-02-14T20:30:01,2025-02-14T22:41:11
A-03979,ORG-005,critical,data_exfil,ASSET-ORG-005-059,,2025-05-17T21:06:26,2025-05-18T01:38:56
A-03980,ORG-005,high,lateral_movement,ASSET-ORG-005-059,,2025-04-13T00:04:33,2025-04-13T15:52:40
A-03981,ORG-005,medium,lateral_movement,ASSET-ORG-005-007,,2025-02-27T06:29:48,2025-03-01T16:53:57
A-03982,ORG-005,medium,data_exfil,ASSET-ORG-005-093,CASE-00938,2025-02-23T04:41:19,2025-02-26T01:51:41
A-03983,ORG-005,medium,malware,ASSET-ORG-005-053,,2025-03-29T12:19:53,2025-04-01T10:02:51
A-03984,ORG-005,critical,malware,ASSET-ORG-005-077,,2025-04-22T03:08:17,2025-04-22T09:09:50
A-03985,ORG-005,high,malware,ASSET-ORG-005-017,CASE-00938,2025-04-08T15:02:43,2025-04-09T01:21:02
A-03986,ORG-005,critical,brute_force,ASSET-ORG-005-083,,2025-03-12T15:05:35,2025-03-12T21:22:01
A-03987,ORG-005,high,data_exfil,ASSET-ORG-005-045,,2025-01-23T17:08:58,2025-01-24T12:59:39
A-03988,ORG-005,high,malware,ASSET-ORG-005-066,,2025-05-30T22:35:03,2025-05-31T06:57:00
A-03989,ORG-005,high,data_exfil,ASSET-ORG-005-070,,2025-05-26T13:00:26,2025-05-27T11:16:08
A-03990,ORG-005,critical,malware,ASSET-ORG-005-102,,2025-01-14T20:37:02,2025-01-15T00:16:41
A-03991,ORG-005,low,recon,ASSET-ORG-005-075,,2025-02-12T05:12:04,2025-02-17T00:50:03
A-03992,ORG-005,medium,lateral_movement,ASSET-ORG-005-093,CASE-00782,2025-01-04T21:01:18,2025-01-07T19:30:46
A-03993,ORG-005,medium,privilege_escalation,ASSET-ORG-005-098,CASE-00841,2025-06-20T09:01:10,2025-06-21T23:44:24
A-03994,ORG-005,medium,brute_force,ASSET-ORG-005-095,,2025-04-06T08:38:20,2025-04-07T11:33:30
A-03995,ORG-005,high,brute_force,ASSET-ORG-005-021,,2025-05-16T23:57:19,2025-05-17T19:49:13
A-03996,ORG-005,high,brute_force,ASSET-ORG-005-035,,2025-01-21T21:35:20,2025-01-22T21:21:38
A-03997,ORG-005,medium,recon,ASSET-ORG-005-022,,2025-03-19T15:03:55,2025-03-21T01:45:19
A-03998,ORG-005,medium,phishing,ASSET-ORG-005-062,,2025-06-30T07:12:34,
A-03999,ORG-005,high,phishing,ASSET-ORG-005-010,,2025-05-06T18:01:52,2025-05-07T10:08:59
A-04000,ORG-005,high,malware,ASSET-ORG-005-079,,2025-06-11T12:41:03,2025-06-12T04:23:06
A-04001,ORG-005,medium,phishing,ASSET-ORG-005-064,,2025-04-13T14:15:39,2025-04-15T21:08:47
A-04002,ORG-005,medium,privilege_escalation,ASSET-ORG-005-112,,2025-06-20T11:15:11,2025-06-22T21:02:42
A-04003,ORG-005,medium,lateral_movement,ASSET-ORG-005-007,,2025-06-19T19:52:17,2025-06-22T19:10:42
A-04004,ORG-005,low,privilege_escalation,ASSET-ORG-005-115,,2025-03-16T09:15:54,2025-03-22T00:22:01
A-04005,ORG-005,critical,privilege_escalation,ASSET-ORG-005-119,,2025-04-07T16:33:57,2025-04-07T21:10:40
A-04006,ORG-005,high,malware,ASSET-ORG-005-010,,2025-05-26T00:37:19,2025-05-26T14:57:19
A-04007,ORG-005,high,phishing,ASSET-ORG-005-094,CASE-00859,2025-01-19T20:10:21,2025-01-20T09:49:28
A-04008,ORG-005,high,privilege_escalation,ASSET-ORG-005-103,,2025-01-23T08:08:01,2025-01-24T02:56:30
A-04009,ORG-005,medium,data_exfil,ASSET-ORG-005-023,,2025-05-03T21:58:12,2025-05-05T17:05:57
A-04010,ORG-005,critical,data_exfil,ASSET-ORG-005-058,,2025-05-10T02:20:51,2025-05-10T05:01:30
A-04011,ORG-006,low,data_exfil,ASSET-ORG-006-034,,2025-04-01T00:14:08,2025-04-06T09:03:49
A-04012,ORG-006,high,malware,ASSET-ORG-006-072,,2025-02-20T18:36:03,2025-02-21T09:01:36
A-04013,ORG-006,medium,brute_force,ASSET-ORG-006-060,,2025-06-21T10:05:06,2025-06-22T11:13:19
A-04014,ORG-006,critical,data_exfil,ASSET-ORG-006-016,,2025-01-02T14:36:35,2025-01-02T17:55:21
A-04015,ORG-006,high,malware,ASSET-ORG-006-032,CASE-01200,2025-02-06T01:13:41,2025-02-06T21:28:19
A-04016,ORG-006,low,malware,ASSET-ORG-006-069,,2025-05-29T01:45:21,2025-05-31T19:33:01
A-04017,ORG-006,low,malware,ASSET-ORG-006-100,,2025-03-09T17:56:30,2025-03-12T20:58:57
A-04018,ORG-006,high,malware,ASSET-ORG-006-056,CASE-01246,2025-04-05T22:50:27,2025-04-06T10:49:59
A-04019,ORG-006,medium,phishing,ASSET-ORG-006-072,,2025-06-25T00:09:45,2025-06-27T14:33:31
A-04020,ORG-006,medium,lateral_movement,ASSET-ORG-006-089,,2025-06-19T03:06:12,2025-06-20T07:50:55
A-04021,ORG-006,critical,data_exfil,ASSET-ORG-006-005,,2025-04-27T20:56:56,2025-04-28T02:10:15
A-04022,ORG-006,high,lateral_movement,ASSET-ORG-006-036,,2025-01-05T18:10:23,2025-01-06T17:38:26
A-04023,ORG-006,high,malware,ASSET-ORG-006-099,CASE-01190,2025-05-15T08:09:02,2025-05-16T03:41:14
A-04024,ORG-006,medium,recon,ASSET-ORG-006-049,,2025-02-04T23:07:25,2025-02-07T04:54:05
A-04025,ORG-006,high,malware,ASSET-ORG-006-025,,2025-05-12T08:12:12,2025-05-13T07:53:25
A-04026,ORG-006,low,brute_force,ASSET-ORG-006-009,,2025-05-14T01:23:37,2025-05-17T11:24:36
A-04027,ORG-006,medium,recon,ASSET-ORG-006-057,CASE-01269,2025-03-16T16:36:00,2025-03-19T08:27:13
A-04028,ORG-006,medium,recon,ASSET-ORG-006-014,,2025-04-02T10:02:46,2025-04-03T10:35:14
A-04029,ORG-006,medium,phishing,ASSET-ORG-006-060,,2025-02-18T10:12:44,2025-02-21T01:06:18
A-04030,ORG-006,low,data_exfil,ASSET-ORG-006-092,CASE-01114,2025-01-24T04:04:13,2025-01-28T19:46:37
A-04031,ORG-006,critical,lateral_movement,ASSET-ORG-006-037,CASE-01057,2025-03-31T13:39:25,2025-03-31T19:07:54
A-04032,ORG-006,medium,privilege_escalation,ASSET-ORG-006-097,,2025-02-14T11:00:43,2025-02-16T12:02:50
A-04033,ORG-006,low,phishing,ASSET-ORG-006-009,,2025-05-07T14:06:27,2025-05-10T04:20:16
A-04034,ORG-006,high,phishing,ASSET-ORG-006-052,,2025-03-20T03:25:46,2025-03-20T15:38:30
A-04035,ORG-006,high,phishing,ASSET-ORG-006-006,,2025-01-25T04:33:48,2025-01-25T17:59:31
A-04036,ORG-006,low,lateral_movement,ASSET-ORG-006-102,CASE-01161,2025-02-21T09:08:11,2025-02-23T19:07:00
A-04037,ORG-006,medium,recon,ASSET-ORG-006-068,,2025-06-01T19:12:44,2025-06-03T07:37:32
A-04038,ORG-006,medium,data_exfil,ASSET-ORG-006-028,,2025-05-29T08:58:06,2025-05-31T16:33:58
A-04039,ORG-006,critical,malware,ASSET-ORG-006-067,CASE-01170,2025-01-17T13:55:11,2025-01-17T17:38:56
A-04040,ORG-006,high,malware,ASSET-ORG-006-084,,2025-02-14T12:11:26,2025-02-14T20:15:01
A-04041,ORG-006,high,brute_force,ASSET-ORG-006-075,,2025-02-05T21:47:48,2025-02-06T19:00:04
A-04042,ORG-006,critical,lateral_movement,ASSET-ORG-006-021,,2025-05-04T10:20:14,2025-05-04T16:46:24
A-04043,ORG-006,critical,lateral_movement,ASSET-ORG-006-065,CASE-01174,2025-04-14T20:56:57,2025-04-15T01:12:58
A-04044,ORG-006,high,brute_force,ASSET-ORG-006-010,,2025-06-27T10:56:27,2025-06-28T08:09:24
A-04045,ORG-006,critical,phishing,ASSET-ORG-006-053,,2025-06-27T08:32:10,2025-06-27T12:49:10
A-04046,ORG-006,medium,phishing,ASSET-ORG-006-057,CASE-01161,2025-04-29T08:51:43,2025-05-02T07:00:24
A-04047,ORG-006,low,privilege_escalation,ASSET-ORG-006-072,,2025-06-23T08:33:53,2025-06-26T07:10:35
A-04048,ORG-006,medium,lateral_movement,ASSET-ORG-006-067,,2025-01-19T17:17:01,2025-01-21T13:13:40
A-04049,ORG-006,medium,lateral_movement,ASSET-ORG-006-020,,2025-02-17T04:19:53,2025-02-18T17:01:33
A-04050,ORG-006,critical,data_exfil,ASSET-ORG-006-103,,2025-06-22T16:51:07,2025-06-22T20:18:06
A-04051,ORG-006,low,brute_force,ASSET-ORG-006-091,,2025-01-16T00:59:24,2025-01-18T22:53:45
A-04052,ORG-006,low,malware,ASSET-ORG-006-072,,2025-02-09T03:16:22,2025-02-13T16:24:53
A-04053,ORG-006,high,lateral_movement,ASSET-ORG-006-072,CASE-01234,2025-03-24T16:02:19,2025-03-25T12:49:46
A-04054,ORG-006,low,phishing,ASSET-ORG-006-079,,2025-06-20T02:28:45,2025-06-26T01:09:56
A-04055,ORG-006,medium,data_exfil,ASSET-ORG-006-072,,2025-04-21T11:47:01,2025-04-24T06:10:22
A-04056,ORG-006,medium,lateral_movement,ASSET-ORG-006-029,,2025-06-22T09:02:13,2025-06-24T15:16:17
A-04057,ORG-006,high,malware,ASSET-ORG-006-065,,2025-02-22T21:17:01,2025-02-23T11:43:10
A-04058,ORG-006,high,brute_force,ASSET-ORG-006-065,CASE-01182,2025-02-15T09:10:57,2025-02-16T00:43:08
A-04059,ORG-006,low,phishing,ASSET-ORG-006-098,,2025-05-01T06:55:51,2025-05-05T13:53:00
A-04060,ORG-006,low,data_exfil,ASSET-ORG-006-082,,2025-01-13T02:03:07,2025-01-16T00:41:04
A-04061,ORG-006,medium,recon,ASSET-ORG-006-010,,2025-06-27T07:32:04,2025-06-29T12:30:47
A-04062,ORG-006,medium,malware,ASSET-ORG-006-029,CASE-01067,2025-06-11T22:53:08,2025-06-14T11:52:18
A-04063,ORG-006,critical,phishing,ASSET-ORG-006-063,,2025-02-19T14:32:09,2025-02-19T17:21:19
A-04064,ORG-006,critical,recon,ASSET-ORG-006-053,,2025-05-31T19:40:44,2025-05-31T22:36:15
A-04065,ORG-006,high,malware,ASSET-ORG-006-031,CASE-01228,2025-01-25T20:04:51,2025-01-26T15:24:45
A-04066,ORG-006,high,data_exfil,ASSET-ORG-006-047,,2025-03-12T20:30:01,2025-03-13T10:18:49
A-04067,ORG-006,medium,lateral_movement,ASSET-ORG-006-096,,2025-05-27T12:06:52,2025-05-28T12:20:46
A-04068,ORG-006,medium,privilege_escalation,ASSET-ORG-006-037,,2025-01-23T11:39:24,2025-01-24T15:21:19
A-04069,ORG-006,critical,privilege_escalation,ASSET-ORG-006-087,,2025-06-17T06:50:39,2025-06-17T09:27:09
A-04070,ORG-006,medium,data_exfil,ASSET-ORG-006-077,CASE-01100,2025-03-31T21:50:29,2025-04-03T16:47:40
A-04071,ORG-006,medium,privilege_escalation,ASSET-ORG-006-080,,2025-03-29T16:22:29,2025-03-31T16:16:09
A-04072,ORG-006,critical,privilege_escalation,ASSET-ORG-006-024,,2025-03-23T03:39:11,2025-03-23T05:50:52
A-04073,ORG-006,low,recon,ASSET-ORG-006-052,,2025-03-15T05:43:26,2025-03-17T13:01:54
A-04074,ORG-006,medium,brute_force,ASSET-ORG-006-014,,2025-02-26T03:25:31,2025-03-01T01:59:12
A-04075,ORG-006,critical,lateral_movement,ASSET-ORG-006-050,,2025-01-24T11:37:12,2025-01-24T18:45:05
A-04076,ORG-006,low,recon,ASSET-ORG-006-083,,2025-05-14T13:35:46,2025-05-18T08:00:29
A-04077,ORG-006,low,brute_force,ASSET-ORG-006-043,,2025-06-11T10:36:03,2025-06-16T02:36:41
A-04078,ORG-006,medium,privilege_escalation,ASSET-ORG-006-097,,2025-04-19T03:52:48,2025-04-21T15:12:17
A-04079,ORG-006,high,recon,ASSET-ORG-006-026,,2025-03-27T20:09:03,2025-03-28T16:51:13
A-04080,ORG-006,high,data_exfil,ASSET-ORG-006-063,,2025-04-28T17:07:27,2025-04-29T07:42:03
A-04081,ORG-006,medium,data_exfil,ASSET-ORG-006-041,CASE-01046,2025-03-05T18:37:19,2025-03-08T03:30:10
A-04082,ORG-006,high,malware,ASSET-ORG-006-021,,2025-04-15T11:41:44,2025-04-16T08:31:37
A-04083,ORG-006,medium,data_exfil,ASSET-ORG-006-074,CASE-01241,2025-02-24T03:26:35,2025-02-25T12:15:35
A-04084,ORG-006,low,recon,ASSET-ORG-006-075,,2025-03-17T21:29:02,2025-03-23T13:13:57
A-04085,ORG-006,high,data_exfil,ASSET-ORG-006-030,,2025-04-20T16:22:08,2025-04-21T01:48:06
A-04086,ORG-006,high,recon,ASSET-ORG-006-005,,2025-05-25T20:04:38,2025-05-26T17:16:20
A-04087,ORG-006,medium,brute_force,ASSET-ORG-006-060,CASE-01098,2025-02-24T03:28:35,2025-02-25T17:02:21
A-04088,ORG-006,high,data_exfil,ASSET-ORG-006-009,,2025-01-12T19:52:20,2025-01-13T14:49:24
A-04089,ORG-006,low,privilege_escalation,ASSET-ORG-006-079,,2025-02-17T16:59:22,2025-02-23T09:57:56
A-04090,ORG-006,low,malware,ASSET-ORG-006-030,CASE-01169,2025-03-03T00:01:37,2025-03-07T12:18:22
A-04091,ORG-006,medium,recon,ASSET-ORG-006-064,,2025-04-04T06:24:03,2025-04-06T15:49:40
A-04092,ORG-006,medium,phishing,ASSET-ORG-006-108,,2025-06-05T20:40:59,2025-06-08T16:25:10
A-04093,ORG-006,high,privilege_escalation,ASSET-ORG-006-039,,2025-05-31T03:21:44,2025-05-31T23:40:39
A-04094,ORG-006,medium,lateral_movement,ASSET-ORG-006-098,,2025-06-15T05:14:03,2025-06-17T19:38:49
A-04095,ORG-006,critical,malware,ASSET-ORG-006-026,CASE-01162,2025-01-28T15:41:43,2025-01-28T21:25:40
A-04096,ORG-006,medium,brute_force,ASSET-ORG-006-073,,2025-04-05T11:18:20,2025-04-07T20:15:22
A-04097,ORG-006,high,brute_force,ASSET-ORG-006-073,,2025-05-07T04:28:16,2025-05-07T18:35:47
A-04098,ORG-006,low,lateral_movement,ASSET-ORG-006-023,,2025-06-17T18:42:12,2025-06-23T00:02:28
A-04099,ORG-006,medium,privilege_escalation,ASSET-ORG-006-003,CASE-01198,2025-03-11T00:03:10,2025-03-12T17:58:22
A-04100,ORG-006,high,brute_force,ASSET-ORG-006-052,,2025-04-12T20:58:59,2025-04-13T12:44:38
A-04101,ORG-006,low,phishing,ASSET-ORG-006-104,CASE-01227,2025-02-28T08:16:33,2025-03-02T10:23:57
A-04102,ORG-006,critical,brute_force,ASSET-ORG-006-082,,2025-03-30T13:54:56,2025-03-30T18:53:32
A-04103,ORG-006,medium,phishing,ASSET-ORG-006-062,,2025-03-29T04:47:42,2025-03-31T22:20:46
A-04104,ORG-006,low,recon,ASSET-ORG-006-040,,2025-06-25T15:18:18,2025-06-28T13:49:59
A-04105,ORG-006,high,data_exfil,ASSET-ORG-006-106,,2025-05-20T06:48:14,2025-05-21T02:58:23
A-04106,ORG-006,low,privilege_escalation,ASSET-ORG-006-047,,2025-01-11T07:13:41,2025-01-15T19:34:55
A-04107,ORG-006,low,data_exfil,ASSET-ORG-006-032,,2025-05-10T18:48:40,2025-05-13T21:06:45
A-04108,ORG-006,medium,brute_force,ASSET-ORG-006-037,,2025-03-25T09:33:37,2025-03-26T14:11:15
A-04109,ORG-006,medium,data_exfil,ASSET-ORG-006-059,,2025-05-12T03:40:25,2025-05-13T16:18:33
A-04110,ORG-006,medium,recon,ASSET-ORG-006-023,,2025-05-17T23:13:10,2025-05-20T12:21:58
A-04111,ORG-006,medium,privilege_escalation,ASSET-ORG-006-043,CASE-01102,2025-02-11T04:05:08,2025-02-13T04:49:05
A-04112,ORG-006,low,brute_force,ASSET-ORG-006-081,,2025-05-19T20:31:23,2025-05-24T11:06:49
A-04113,ORG-006,low,malware,ASSET-ORG-006-107,CASE-01203,2025-05-28T07:23:07,2025-05-31T19:30:41
A-04114,ORG-006,high,lateral_movement,ASSET-ORG-006-059,,2025-06-04T09:23:02,2025-06-04T23:26:51
A-04115,ORG-006,medium,malware,ASSET-ORG-006-048,CASE-01248,2025-05-16T16:39:24,2025-05-19T07:39:48
A-04116,ORG-006,critical,brute_force,ASSET-ORG-006-086,CASE-01092,2025-03-03T05:15:18,2025-03-03T09:42:26
A-04117,ORG-006,medium,brute_force,ASSET-ORG-006-099,CASE-01268,2025-04-25T22:18:43,2025-04-28T07:23:43
A-04118,ORG-006,medium,data_exfil,ASSET-ORG-006-040,CASE-01106,2025-02-14T06:05:33,2025-02-17T01:29:13
A-04119,ORG-006,medium,malware,ASSET-ORG-006-075,,2025-02-02T00:31:56,2025-02-03T15:52:30
A-04120,ORG-006,high,phishing,ASSET-ORG-006-075,CASE-01244,2025-01-06T05:41:52,2025-01-07T05:09:20
A-04121,ORG-006,medium,privilege_escalation,ASSET-ORG-006-091,CASE-01110,2025-03-13T09:33:47,2025-03-15T10:46:19
A-04122,ORG-006,high,phishing,ASSET-ORG-006-065,,2025-02-28T13:14:50,2025-03-01T08:17:50
A-04123,ORG-006,medium,phishing,ASSET-ORG-006-010,CASE-01174,2025-01-06T17:24:25,2025-01-09T11:31:16
A-04124,ORG-006,high,phishing,ASSET-ORG-006-101,,2025-06-21T00:18:23,2025-06-21T17:56:34
A-04125,ORG-006,low,phishing,ASSET-ORG-006-078,CASE-01248,2025-03-28T13:06:08,2025-04-02T16:36:15
A-04126,ORG-006,medium,recon,ASSET-ORG-006-110,,2025-05-29T21:53:57,2025-06-01T11:57:21
A-04127,ORG-006,high,lateral_movement,ASSET-ORG-006-041,,2025-05-12T19:58:18,2025-05-13T17:33:36
A-04128,ORG-006,medium,brute_force,ASSET-ORG-006-067,,2025-03-29T18:28:01,2025-03-31T18:21:59
A-04129,ORG-006,low,lateral_movement,ASSET-ORG-006-017,,2025-01-09T20:43:27,2025-01-13T09:26:11
A-04130,ORG-006,low,recon,ASSET-ORG-006-033,CASE-01128,2025-04-04T05:00:39,2025-04-09T05:05:25
A-04131,ORG-006,low,brute_force,ASSET-ORG-006-002,,2025-05-13T10:39:47,2025-05-18T08:13:41
A-04132,ORG-006,medium,malware,ASSET-ORG-006-016,,2025-01-14T02:53:13,2025-01-15T16:03:28
A-04133,ORG-006,low,malware,ASSET-ORG-006-095,,2025-03-18T15:49:54,2025-03-24T09:53:25
A-04134,ORG-006,critical,data_exfil,ASSET-ORG-006-011,,2025-05-05T00:11:32,2025-05-05T05:45:47
A-04135,ORG-006,high,data_exfil,ASSET-ORG-006-044,,2025-03-23T14:44:24,2025-03-24T05:24:54
A-04136,ORG-006,medium,phishing,ASSET-ORG-006-002,,2025-05-07T11:50:07,2025-05-08T12:12:41
A-04137,ORG-006,low,malware,ASSET-ORG-006-008,,2025-06-12T22:35:36,2025-06-17T22:17:18
A-04138,ORG-006,high,malware,ASSET-ORG-006-071,,2025-03-15T08:37:22,2025-03-15T17:03:48
A-04139,ORG-006,medium,brute_force,ASSET-ORG-006-061,,2025-01-23T11:06:49,2025-01-24T13:53:26
A-04140,ORG-006,high,data_exfil,ASSET-ORG-006-068,,2025-04-14T05:35:40,2025-04-15T00:51:17
A-04141,ORG-006,critical,lateral_movement,ASSET-ORG-006-033,,2025-04-02T10:39:52,2025-04-02T18:18:49
A-04142,ORG-006,medium,brute_force,ASSET-ORG-006-060,,2025-05-04T19:58:48,2025-05-07T03:11:12
A-04143,ORG-006,critical,phishing,ASSET-ORG-006-104,,2025-05-23T01:03:10,2025-05-23T05:06:00
A-04144,ORG-006,high,recon,ASSET-ORG-006-011,,2025-06-11T20:11:37,2025-06-12T04:34:15
A-04145,ORG-006,medium,privilege_escalation,ASSET-ORG-006-052,,2025-03-03T01:37:20,2025-03-04T13:26:08
A-04146,ORG-006,low,malware,ASSET-ORG-006-034,CASE-01093,2025-04-29T19:31:08,2025-05-05T02:49:39
A-04147,ORG-006,medium,brute_force,ASSET-ORG-006-044,,2025-02-20T20:30:06,2025-02-23T05:01:38
A-04148,ORG-006,critical,data_exfil,ASSET-ORG-006-027,,2025-04-13T17:20:07,2025-04-13T20:36:18
A-04149,ORG-006,medium,phishing,ASSET-ORG-006-050,CASE-01147,2025-02-13T17:09:31,2025-02-15T11:13:54
A-04150,ORG-006,low,privilege_escalation,ASSET-ORG-006-096,,2025-06-28T06:18:18,
A-04151,ORG-006,high,lateral_movement,ASSET-ORG-006-011,,2025-01-21T20:07:15,2025-01-22T07:08:51
A-04152,ORG-006,high,privilege_escalation,ASSET-ORG-006-100,,2025-04-01T04:22:45,2025-04-01T21:11:05
A-04153,ORG-006,low,privilege_escalation,ASSET-ORG-006-085,CASE-01161,2025-06-19T08:10:22,2025-06-24T02:16:23
A-04154,ORG-006,low,brute_force,ASSET-ORG-006-017,,2025-01-17T13:16:56,2025-01-21T13:53:56
A-04155,ORG-006,high,malware,ASSET-ORG-006-051,CASE-01029,2025-04-14T17:14:00,2025-04-15T08:42:16
A-04156,ORG-006,medium,brute_force,ASSET-ORG-006-055,CASE-01249,2025-04-17T15:43:06,2025-04-20T09:10:17
A-04157,ORG-006,high,data_exfil,ASSET-ORG-006-069,,2025-04-24T04:42:16,2025-04-25T03:53:52
A-04158,ORG-006,low,malware,ASSET-ORG-006-029,CASE-01186,2025-05-21T19:24:57,2025-05-24T18:52:32
A-04159,ORG-006,medium,lateral_movement,ASSET-ORG-006-107,,2025-01-06T20:25:37,2025-01-08T03:41:51
A-04160,ORG-006,medium,privilege_escalation,ASSET-ORG-006-083,,2025-06-07T10:13:10,2025-06-08T15:48:10
A-04161,ORG-006,medium,phishing,ASSET-ORG-006-019,,2025-02-13T10:02:10,2025-02-14T14:15:22
A-04162,ORG-006,medium,brute_force,ASSET-ORG-006-082,,2025-05-05T17:59:45,2025-05-08T14:18:56
A-04163,ORG-006,medium,privilege_escalation,ASSET-ORG-006-030,,2025-02-14T16:21:43,2025-02-17T05:08:38
A-04164,ORG-006,medium,privilege_escalation,ASSET-ORG-006-003,,2025-03-26T08:29:28,2025-03-27T21:58:32
A-04165,ORG-006,high,lateral_movement,ASSET-ORG-006-107,,2025-06-03T16:59:10,2025-06-04T04:29:59
A-04166,ORG-006,high,privilege_escalation,ASSET-ORG-006-073,CASE-01264,2025-02-09T18:35:22,2025-02-10T10:00:22
A-04167,ORG-006,low,phishing,ASSET-ORG-006-037,,2025-04-05T14:42:40,2025-04-08T11:49:27
A-04168,ORG-006,critical,recon,ASSET-ORG-006-063,,2025-05-25T16:50:04,2025-05-25T21:28:34
A-04169,ORG-006,medium,lateral_movement,ASSET-ORG-006-039,CASE-01126,2025-04-12T10:59:18,2025-04-14T22:09:38
A-04170,ORG-006,critical,lateral_movement,ASSET-ORG-006-076,CASE-01198,2025-01-08T20:48:43,2025-01-09T03:52:37
A-04171,ORG-006,low,phishing,ASSET-ORG-006-044,CASE-01052,2025-04-12T05:00:51,2025-04-14T19:01:15
A-04172,ORG-006,high,malware,ASSET-ORG-006-080,CASE-01027,2025-03-27T21:22:44,2025-03-28T21:09:52
A-04173,ORG-006,low,data_exfil,ASSET-ORG-006-067,CASE-01128,2025-06-05T00:14:23,2025-06-09T00:27:20
A-04174,ORG-006,critical,data_exfil,ASSET-ORG-006-048,CASE-01177,2025-01-15T00:14:40,2025-01-15T06:26:38
A-04175,ORG-006,critical,lateral_movement,ASSET-ORG-006-107,,2025-03-05T12:21:05,2025-03-05T14:24:57
A-04176,ORG-006,high,data_exfil,ASSET-ORG-006-040,,2025-04-14T19:47:47,2025-04-15T12:09:49
A-04177,ORG-006,medium,phishing,ASSET-ORG-006-045,CASE-01163,2025-04-28T19:10:58,2025-04-30T16:01:10
A-04178,ORG-006,low,privilege_escalation,ASSET-ORG-006-070,,2025-04-15T05:26:27,2025-04-17T22:43:38
A-04179,ORG-006,high,lateral_movement,ASSET-ORG-006-107,CASE-01053,2025-03-10T12:22:58,2025-03-11T02:03:06
A-04180,ORG-006,critical,lateral_movement,ASSET-ORG-006-100,CASE-01193,2025-03-31T19:17:40,2025-03-31T23:19:07
A-04181,ORG-006,high,privilege_escalation,ASSET-ORG-006-041,,2025-04-11T22:20:18,2025-04-12T10:53:48
A-04182,ORG-006,low,data_exfil,ASSET-ORG-006-083,,2025-04-08T11:01:54,2025-04-12T12:16:15
A-04183,ORG-006,high,data_exfil,ASSET-ORG-006-073,,2025-06-26T17:09:26,2025-06-27T05:45:07
A-04184,ORG-006,medium,phishing,ASSET-ORG-006-022,,2025-04-20T22:34:00,2025-04-23T20:49:17
A-04185,ORG-006,medium,brute_force,ASSET-ORG-006-005,,2025-01-31T00:16:11,2025-02-02T17:24:54
A-04186,ORG-006,medium,phishing,ASSET-ORG-006-068,,2025-01-03T18:26:05,2025-01-05T06:42:42
A-04187,ORG-006,medium,brute_force,ASSET-ORG-006-075,CASE-01029,2025-04-16T14:03:28,2025-04-17T15:55:51
A-04188,ORG-006,critical,brute_force,ASSET-ORG-006-025,,2025-03-30T13:24:54,2025-03-30T20:18:45
A-04189,ORG-006,critical,privilege_escalation,ASSET-ORG-006-025,,2025-01-02T22:58:49,2025-01-03T05:06:55
A-04190,ORG-006,medium,data_exfil,ASSET-ORG-006-083,CASE-01207,2025-03-18T00:55:52,2025-03-19T13:06:57
A-04191,ORG-006,medium,data_exfil,ASSET-ORG-006-001,,2025-06-12T19:11:02,2025-06-14T04:25:25
A-04192,ORG-006,low,lateral_movement,ASSET-ORG-006-072,,2025-03-21T09:36:35,2025-03-24T17:09:47
A-04193,ORG-006,high,recon,ASSET-ORG-006-099,,2025-06-23T22:02:47,2025-06-24T17:38:19
A-04194,ORG-006,high,privilege_escalation,ASSET-ORG-006-068,CASE-01087,2025-04-08T21:31:09,2025-04-09T11:51:44
A-04195,ORG-006,critical,recon,ASSET-ORG-006-004,CASE-01137,2025-03-09T23:47:34,2025-03-10T04:42:58
A-04196,ORG-006,critical,lateral_movement,ASSET-ORG-006-020,,2025-04-24T23:42:26,2025-04-25T05:26:00
A-04197,ORG-006,low,brute_force,ASSET-ORG-006-009,,2025-03-25T05:24:07,2025-03-30T01:33:42
A-04198,ORG-006,medium,recon,ASSET-ORG-006-079,,2025-05-13T11:25:06,2025-05-14T18:24:00
A-04199,ORG-006,critical,lateral_movement,ASSET-ORG-006-021,,2025-04-10T16:15:32,2025-04-10T20:48:12
A-04200,ORG-006,medium,phishing,ASSET-ORG-006-054,,2025-02-05T16:47:54,2025-02-08T09:02:21
A-04201,ORG-006,high,lateral_movement,ASSET-ORG-006-070,,2025-06-13T04:02:25,2025-06-13T12:26:34
A-04202,ORG-006,low,recon,ASSET-ORG-006-082,CASE-01031,2025-05-09T13:09:29,2025-05-11T16:26:07
A-04203,ORG-006,high,privilege_escalation,ASSET-ORG-006-085,,2025-05-10T00:15:34,2025-05-10T14:07:03
A-04204,ORG-006,medium,privilege_escalation,ASSET-ORG-006-082,,2025-03-23T21:06:58,2025-03-26T09:32:27
A-04205,ORG-006,critical,brute_force,ASSET-ORG-006-089,,2025-05-07T20:39:13,2025-05-08T03:46:12
A-04206,ORG-006,critical,brute_force,ASSET-ORG-006-015,,2025-04-22T02:25:27,2025-04-22T04:47:10
A-04207,ORG-006,high,data_exfil,ASSET-ORG-006-089,CASE-01266,2025-04-05T02:21:27,2025-04-05T13:15:29
A-04208,ORG-006,critical,lateral_movement,ASSET-ORG-006-069,,2025-02-11T06:54:17,2025-02-11T11:56:18
A-04209,ORG-006,low,phishing,ASSET-ORG-006-035,,2025-05-05T11:00:57,2025-05-10T06:02:16
A-04210,ORG-006,medium,malware,ASSET-ORG-006-087,,2025-01-30T21:36:27,2025-02-01T09:01:54
A-04211,ORG-006,high,privilege_escalation,ASSET-ORG-006-106,,2025-03-26T00:37:41,2025-03-26T18:44:10
A-04212,ORG-006,high,phishing,ASSET-ORG-006-043,,2025-04-09T19:45:13,2025-04-10T11:17:00
A-04213,ORG-006,low,recon,ASSET-ORG-006-062,,2025-04-12T23:20:42,2025-04-15T23:46:59
A-04214,ORG-006,high,brute_force,ASSET-ORG-006-052,CASE-01070,2025-05-05T11:37:23,2025-05-06T00:26:51
A-04215,ORG-006,medium,recon,ASSET-ORG-006-037,,2025-02-25T21:22:29,2025-02-28T06:30:56
A-04216,ORG-006,high,privilege_escalation,ASSET-ORG-006-026,,2025-04-04T16:03:55,2025-04-05T00:48:00
A-04217,ORG-006,critical,lateral_movement,ASSET-ORG-006-057,,2025-06-16T02:56:35,2025-06-16T08:15:21
A-04218,ORG-006,medium,phishing,ASSET-ORG-006-083,,2025-01-30T11:15:11,2025-02-01T08:17:01
A-04219,ORG-006,low,lateral_movement,ASSET-ORG-006-089,CASE-01027,2025-03-15T06:56:33,2025-03-19T23:14:19
A-04220,ORG-006,low,phishing,ASSET-ORG-006-049,,2025-01-11T00:28:57,2025-01-14T14:55:53
A-04221,ORG-006,low,phishing,ASSET-ORG-006-088,,2025-03-22T16:57:25,2025-03-28T04:28:13
A-04222,ORG-006,low,phishing,ASSET-ORG-006-082,,2025-03-01T08:58:31,2025-03-06T06:52:29
A-04223,ORG-006,high,lateral_movement,ASSET-ORG-006-012,,2025-05-17T01:05:02,2025-05-17T18:40:03
A-04224,ORG-006,medium,phishing,ASSET-ORG-006-011,,2025-06-03T06:56:29,2025-06-06T03:57:55
A-04225,ORG-006,critical,privilege_escalation,ASSET-ORG-006-004,,2025-06-16T21:45:03,2025-06-17T02:40:30
A-04226,ORG-006,critical,lateral_movement,ASSET-ORG-006-103,,2025-04-14T05:05:00,2025-04-14T09:49:55
A-04227,ORG-006,low,data_exfil,ASSET-ORG-006-055,,2025-04-22T07:25:30,2025-04-26T06:10:24
A-04228,ORG-006,medium,data_exfil,ASSET-ORG-006-027,CASE-01152,2025-01-22T04:53:18,2025-01-24T18:46:09
A-04229,ORG-006,medium,brute_force,ASSET-ORG-006-042,,2025-04-24T04:58:54,2025-04-25T17:32:14
A-04230,ORG-006,high,data_exfil,ASSET-ORG-006-010,CASE-01114,2025-06-28T01:49:28,2025-06-28T11:40:28
A-04231,ORG-006,high,phishing,ASSET-ORG-006-066,,2025-06-09T13:00:59,2025-06-10T04:30:37
A-04232,ORG-006,low,phishing,ASSET-ORG-006-068,,2025-05-25T09:28:29,2025-05-27T20:17:26
A-04233,ORG-006,high,brute_force,ASSET-ORG-006-088,,2025-03-22T14:35:36,2025-03-22T22:37:50
A-04234,ORG-006,medium,recon,ASSET-ORG-006-104,CASE-01129,2025-04-17T06:31:20,2025-04-19T18:35:25
A-04235,ORG-006,critical,lateral_movement,ASSET-ORG-006-082,,2025-05-22T06:31:43,2025-05-22T10:36:06
A-04236,ORG-006,medium,lateral_movement,ASSET-ORG-006-049,CASE-01059,2025-06-29T05:26:18,
A-04237,ORG-006,medium,privilege_escalation,ASSET-ORG-006-019,,2025-06-09T14:32:53,2025-06-11T08:26:51
A-04238,ORG-006,low,brute_force,ASSET-ORG-006-103,,2025-06-07T22:06:43,2025-06-11T08:39:01
A-04239,ORG-006,medium,recon,ASSET-ORG-006-018,CASE-01119,2025-04-02T21:36:06,2025-04-05T00:05:31
A-04240,ORG-006,critical,data_exfil,ASSET-ORG-006-005,CASE-01094,2025-05-27T00:37:06,2025-05-27T06:01:22
A-04241,ORG-006,medium,recon,ASSET-ORG-006-072,,2025-01-13T07:01:47,2025-01-15T21:19:06
A-04242,ORG-006,medium,data_exfil,ASSET-ORG-006-075,,2025-04-19T20:20:03,2025-04-20T23:25:02
A-04243,ORG-006,low,recon,ASSET-ORG-006-001,CASE-01247,2025-03-31T11:42:50,2025-04-06T06:33:13
A-04244,ORG-006,high,data_exfil,ASSET-ORG-006-001,,2025-04-23T05:41:55,2025-04-24T01:57:52
A-04245,ORG-006,high,lateral_movement,ASSET-ORG-006-108,,2025-03-18T01:21:12,2025-03-18T15:40:13
A-04246,ORG-006,low,data_exfil,ASSET-ORG-006-102,,2025-05-26T09:19:04,2025-05-29T04:41:50
A-04247,ORG-006,high,malware,ASSET-ORG-006-074,CASE-01128,2025-01-21T09:30:51,2025-01-22T09:18:17
A-04248,ORG-006,high,malware,ASSET-ORG-006-098,,2025-05-11T10:08:28,2025-05-12T08:38:58
A-04249,ORG-006,high,recon,ASSET-ORG-006-053,CASE-01062,2025-05-12T21:53:17,2025-05-13T21:28:32
A-04250,ORG-006,medium,phishing,ASSET-ORG-006-082,,2025-02-25T20:08:56,2025-02-27T20:10:13
A-04251,ORG-006,high,phishing,ASSET-ORG-006-100,CASE-01064,2025-05-17T09:41:44,2025-05-17T18:42:36
A-04252,ORG-006,medium,brute_force,ASSET-ORG-006-085,,2025-02-15T18:53:04,2025-02-17T19:07:34
A-04253,ORG-006,medium,recon,ASSET-ORG-006-042,CASE-01084,2025-03-15T21:52:32,2025-03-17T06:21:51
A-04254,ORG-006,medium,data_exfil,ASSET-ORG-006-095,,2025-04-05T19:08:29,2025-04-07T22:30:36
A-04255,ORG-006,high,malware,ASSET-ORG-006-036,,2025-01-01T16:11:59,2025-01-02T10:14:43
A-04256,ORG-006,critical,phishing,ASSET-ORG-006-016,CASE-01040,2025-05-21T01:35:57,2025-05-21T06:38:33
A-04257,ORG-006,critical,phishing,ASSET-ORG-006-076,,2025-01-29T06:27:09,2025-01-29T11:06:20
A-04258,ORG-006,medium,lateral_movement,ASSET-ORG-006-024,,2025-05-15T05:16:06,2025-05-17T03:09:59
A-04259,ORG-006,critical,phishing,ASSET-ORG-006-068,,2025-06-15T20:36:06,2025-06-16T00:37:56
A-04260,ORG-006,high,recon,ASSET-ORG-006-004,CASE-01067,2025-03-16T17:12:49,2025-03-17T03:50:42
A-04261,ORG-006,medium,brute_force,ASSET-ORG-006-039,CASE-01210,2025-01-15T10:46:36,2025-01-16T23:17:04
A-04262,ORG-006,high,malware,ASSET-ORG-006-067,,2025-05-10T04:43:11,2025-05-11T03:43:22
A-04263,ORG-006,medium,phishing,ASSET-ORG-006-083,CASE-01183,2025-03-31T03:28:15,2025-04-01T23:44:18
A-04264,ORG-006,high,recon,ASSET-ORG-006-058,,2025-04-09T17:36:56,2025-04-10T13:20:16
A-04265,ORG-006,medium,privilege_escalation,ASSET-ORG-006-079,,2025-01-05T04:48:39,2025-01-07T05:35:38
A-04266,ORG-006,high,recon,ASSET-ORG-006-090,,2025-02-05T22:56:01,2025-02-06T13:13:14
A-04267,ORG-006,critical,data_exfil,ASSET-ORG-006-009,CASE-01149,2025-04-19T06:23:11,2025-04-19T12:21:09
A-04268,ORG-006,medium,phishing,ASSET-ORG-006-096,,2025-05-01T08:20:40,2025-05-02T15:28:43
A-04269,ORG-006,medium,privilege_escalation,ASSET-ORG-006-049,,2025-04-21T22:48:21,2025-04-23T08:44:11
A-04270,ORG-006,medium,brute_force,ASSET-ORG-006-103,,2025-06-05T16:29:32,2025-06-08T14:44:30
A-04271,ORG-006,low,brute_force,ASSET-ORG-006-095,CASE-01218,2025-03-21T16:58:26,2025-03-24T18:53:17
A-04272,ORG-006,medium,malware,ASSET-ORG-006-101,,2025-05-06T16:55:49,2025-05-09T10:24:27
A-04273,ORG-006,medium,recon,ASSET-ORG-006-052,,2025-02-28T16:26:02,2025-03-03T03:40:06
A-04274,ORG-006,high,phishing,ASSET-ORG-006-092,,2025-01-31T06:27:58,2025-01-31T14:53:35
A-04275,ORG-006,high,privilege_escalation,ASSET-ORG-006-008,,2025-05-16T01:12:42,2025-05-16T21:19:52
A-04276,ORG-006,high,malware,ASSET-ORG-006-045,,2025-01-30T00:03:16,2025-01-30T23:22:49
A-04277,ORG-006,high,phishing,ASSET-ORG-006-084,,2025-06-26T18:32:28,2025-06-27T03:05:24
A-04278,ORG-006,medium,brute_force,ASSET-ORG-006-076,,2025-03-28T06:11:45,2025-03-30T02:42:37
A-04279,ORG-006,high,phishing,ASSET-ORG-006-065,,2025-03-22T07:24:35,2025-03-23T02:49:42
A-04280,ORG-006,medium,malware,ASSET-ORG-006-059,,2025-04-12T18:57:08,2025-04-14T00:43:44
A-04281,ORG-006,low,recon,ASSET-ORG-006-099,,2025-01-02T19:11:37,2025-01-07T01:21:29
A-04282,ORG-006,high,recon,ASSET-ORG-006-084,,2025-01-04T20:01:45,2025-01-05T04:29:37
A-04283,ORG-006,medium,privilege_escalation,ASSET-ORG-006-038,,2025-06-28T03:55:54,2025-06-30T21:26:20
A-04284,ORG-006,high,malware,ASSET-ORG-006-034,,2025-01-17T14:55:04,2025-01-18T01:17:09
A-04285,ORG-006,critical,malware,ASSET-ORG-006-047,,2025-05-22T08:26:46,2025-05-22T15:11:57
A-04286,ORG-006,medium,lateral_movement,ASSET-ORG-006-015,,2025-02-21T21:35:07,2025-02-23T06:01:59
A-04287,ORG-006,critical,lateral_movement,ASSET-ORG-006-017,,2025-06-30T20:19:17,
A-04288,ORG-006,high,malware,ASSET-ORG-006-011,CASE-01272,2025-06-26T03:55:44,2025-06-27T00:50:32
A-04289,ORG-006,critical,malware,ASSET-ORG-006-083,CASE-01054,2025-06-16T09:56:37,2025-06-16T15:47:00
A-04290,ORG-006,critical,brute_force,ASSET-ORG-006-045,,2025-02-11T20:04:26,2025-02-11T23:10:46
A-04291,ORG-006,critical,lateral_movement,ASSET-ORG-006-040,CASE-01213,2025-03-04T07:24:47,2025-03-04T11:01:20
A-04292,ORG-006,high,phishing,ASSET-ORG-006-105,,2025-02-15T14:11:54,2025-02-16T05:37:00
A-04293,ORG-006,critical,privilege_escalation,ASSET-ORG-006-091,,2025-06-12T14:14:48,2025-06-12T18:41:38
A-04294,ORG-006,medium,lateral_movement,ASSET-ORG-006-090,CASE-01228,2025-06-14T03:24:36,2025-06-17T02:13:25
A-04295,ORG-006,low,brute_force,ASSET-ORG-006-080,,2025-01-30T03:09:28,2025-02-03T06:59:44
A-04296,ORG-006,high,phishing,ASSET-ORG-006-062,,2025-02-17T03:45:28,2025-02-17T21:27:08
A-04297,ORG-006,high,data_exfil,ASSET-ORG-006-036,,2025-04-17T13:08:58,2025-04-17T22:17:17
A-04298,ORG-006,medium,lateral_movement,ASSET-ORG-006-060,,2025-01-29T19:39:26,2025-01-31T15:23:50
A-04299,ORG-006,medium,data_exfil,ASSET-ORG-006-059,,2025-04-09T13:34:54,2025-04-10T18:26:05
A-04300,ORG-006,medium,lateral_movement,ASSET-ORG-006-046,,2025-01-17T03:56:50,2025-01-18T19:53:34
A-04301,ORG-006,medium,privilege_escalation,ASSET-ORG-006-056,CASE-01072,2025-03-16T19:50:09,2025-03-18T01:56:42
A-04302,ORG-006,critical,malware,ASSET-ORG-006-058,,2025-06-10T10:40:40,2025-06-10T14:03:08
A-04303,ORG-006,low,recon,ASSET-ORG-006-054,,2025-04-24T20:57:18,2025-04-29T10:35:53
A-04304,ORG-006,low,malware,ASSET-ORG-006-071,,2025-02-22T14:20:19,2025-02-24T14:34:41
A-04305,ORG-006,low,data_exfil,ASSET-ORG-006-062,,2025-02-12T00:16:47,2025-02-16T12:16:47
A-04306,ORG-006,medium,brute_force,ASSET-ORG-006-006,CASE-01175,2025-03-17T22:47:24,2025-03-20T03:15:53
A-04307,ORG-006,critical,lateral_movement,ASSET-ORG-006-004,,2025-05-06T22:43:13,2025-05-07T01:03:22
A-04308,ORG-006,medium,recon,ASSET-ORG-006-107,CASE-01207,2025-01-07T22:09:02,2025-01-09T23:44:41
A-04309,ORG-006,low,brute_force,ASSET-ORG-006-040,,2025-06-05T08:12:02,2025-06-07T19:32:08
A-04310,ORG-006,high,brute_force,ASSET-ORG-006-002,CASE-01042,2025-05-16T18:21:03,2025-05-17T05:37:43
A-04311,ORG-006,medium,brute_force,ASSET-ORG-006-079,,2025-06-20T08:49:23,2025-06-22T23:53:49
A-04312,ORG-006,critical,data_exfil,ASSET-ORG-006-036,CASE-01268,2025-04-20T10:03:39,2025-04-20T12:54:45
A-04313,ORG-006,high,malware,ASSET-ORG-006-089,,2025-05-10T16:33:16,2025-05-11T14:56:23
A-04314,ORG-006,medium,phishing,ASSET-ORG-006-023,,2025-05-01T13:06:44,2025-05-03T12:34:37
A-04315,ORG-006,critical,data_exfil,ASSET-ORG-006-064,CASE-01175,2025-02-26T12:47:56,2025-02-26T19:51:09
A-04316,ORG-006,critical,brute_force,ASSET-ORG-006-032,,2025-02-20T05:40:53,2025-02-20T12:10:33
A-04317,ORG-006,medium,phishing,ASSET-ORG-006-064,CASE-01237,2025-04-15T19:31:34,2025-04-17T02:00:24
A-04318,ORG-006,medium,privilege_escalation,ASSET-ORG-006-001,CASE-01089,2025-04-08T15:06:55,2025-04-10T02:12:00
A-04319,ORG-006,critical,privilege_escalation,ASSET-ORG-006-052,,2025-01-02T20:52:29,2025-01-03T04:18:40
A-04320,ORG-006,high,data_exfil,ASSET-ORG-006-052,,2025-01-17T09:10:53,2025-01-18T03:25:17
A-04321,ORG-006,medium,data_exfil,ASSET-ORG-006-092,,2025-01-15T13:01:23,2025-01-17T20:38:18
A-04322,ORG-006,critical,data_exfil,ASSET-ORG-006-089,CASE-01202,2025-06-13T02:59:03,2025-06-13T09:01:29
A-04323,ORG-006,critical,data_exfil,ASSET-ORG-006-003,,2025-05-25T19:03:22,2025-05-25T22:41:42
A-04324,ORG-006,medium,recon,ASSET-ORG-006-041,,2025-03-16T09:11:18,2025-03-19T00:34:39
A-04325,ORG-006,medium,data_exfil,ASSET-ORG-006-036,,2025-03-10T09:43:50,2025-03-11T23:34:47
A-04326,ORG-006,medium,phishing,ASSET-ORG-006-030,,2025-04-16T01:41:17,2025-04-17T23:05:56
A-04327,ORG-006,low,lateral_movement,ASSET-ORG-006-087,,2025-05-30T04:18:35,2025-06-03T20:33:33
A-04328,ORG-006,medium,malware,ASSET-ORG-006-080,,2025-06-14T05:14:08,2025-06-15T09:44:44
A-04329,ORG-006,high,privilege_escalation,ASSET-ORG-006-028,,2025-01-21T07:52:49,2025-01-22T01:30:13
A-04330,ORG-006,medium,recon,ASSET-ORG-006-102,,2025-03-08T09:20:00,2025-03-09T20:46:14
A-04331,ORG-006,medium,lateral_movement,ASSET-ORG-006-011,,2025-03-03T14:56:00,2025-03-04T19:59:10
A-04332,ORG-006,low,data_exfil,ASSET-ORG-006-006,CASE-01159,2025-01-18T05:01:13,2025-01-20T07:53:38
A-04333,ORG-006,critical,brute_force,ASSET-ORG-006-017,,2025-05-23T17:34:11,2025-05-23T22:55:59
A-04334,ORG-006,medium,malware,ASSET-ORG-006-081,,2025-05-08T23:18:04,2025-05-10T21:11:09
A-04335,ORG-006,high,recon,ASSET-ORG-006-026,,2025-05-25T22:57:24,2025-05-26T11:34:34
A-04336,ORG-006,high,malware,ASSET-ORG-006-018,,2025-04-28T11:36:03,2025-04-29T08:32:48
A-04337,ORG-006,low,malware,ASSET-ORG-006-062,CASE-01195,2025-01-04T05:36:55,2025-01-09T01:31:28
A-04338,ORG-006,critical,malware,ASSET-ORG-006-102,,2025-02-26T14:25:45,2025-02-26T21:13:29
A-04339,ORG-006,medium,phishing,ASSET-ORG-006-036,,2025-06-07T03:56:33,2025-06-09T03:09:05
A-04340,ORG-006,high,privilege_escalation,ASSET-ORG-006-012,,2025-04-09T15:13:44,2025-04-10T03:01:43
A-04341,ORG-006,high,brute_force,ASSET-ORG-006-004,,2025-03-30T21:45:52,2025-03-31T20:22:42
A-04342,ORG-006,critical,phishing,ASSET-ORG-006-077,,2025-03-11T00:57:52,2025-03-11T03:30:23
A-04343,ORG-006,critical,privilege_escalation,ASSET-ORG-006-042,,2025-02-06T21:58:40,2025-02-07T02:52:42
A-04344,ORG-006,high,data_exfil,ASSET-ORG-006-009,,2025-02-22T06:12:22,2025-02-22T17:29:48
A-04345,ORG-006,medium,malware,ASSET-ORG-006-107,CASE-01117,2025-03-26T09:08:20,2025-03-28T01:26:32
A-04346,ORG-006,low,privilege_escalation,ASSET-ORG-006-102,,2025-05-15T01:59:24,2025-05-18T00:44:51
A-04347,ORG-006,high,brute_force,ASSET-ORG-006-070,,2025-03-08T09:56:26,2025-03-08T19:18:33
A-04348,ORG-006,critical,privilege_escalation,ASSET-ORG-006-051,CASE-01125,2025-01-06T17:23:57,2025-01-06T20:07:39
A-04349,ORG-006,medium,brute_force,ASSET-ORG-006-053,,2025-05-12T09:11:52,2025-05-14T22:23:22
A-04350,ORG-006,high,phishing,ASSET-ORG-006-081,,2025-06-06T17:40:33,2025-06-07T11:48:47
A-04351,ORG-006,high,malware,ASSET-ORG-006-037,,2025-03-08T21:43:15,2025-03-09T07:48:17
A-04352,ORG-006,critical,phishing,ASSET-ORG-006-069,,2025-05-06T17:31:55,2025-05-06T21:01:08
A-04353,ORG-006,high,data_exfil,ASSET-ORG-006-023,,2025-03-30T05:04:34,2025-03-30T19:48:31
A-04354,ORG-006,medium,recon,ASSET-ORG-006-032,,2025-04-28T11:46:02,2025-04-30T20:27:29
A-04355,ORG-006,critical,lateral_movement,ASSET-ORG-006-007,,2025-06-16T05:25:34,2025-06-16T12:41:26
A-04356,ORG-006,medium,phishing,ASSET-ORG-006-079,,2025-05-09T11:07:50,2025-05-10T11:56:38
A-04357,ORG-006,critical,data_exfil,ASSET-ORG-006-008,,2025-02-22T22:13:10,2025-02-23T02:24:14
A-04358,ORG-006,medium,phishing,ASSET-ORG-006-035,,2025-05-07T11:55:19,2025-05-10T11:09:06
A-04359,ORG-006,low,phishing,ASSET-ORG-006-071,,2025-03-03T17:36:52,2025-03-07T14:52:05
A-04360,ORG-006,medium,privilege_escalation,ASSET-ORG-006-069,,2025-05-29T11:32:09,2025-05-30T12:04:31
A-04361,ORG-006,medium,recon,ASSET-ORG-006-082,,2025-05-01T17:51:19,2025-05-02T21:15:37
A-04362,ORG-006,high,privilege_escalation,ASSET-ORG-006-060,CASE-01068,2025-01-21T02:48:32,2025-01-21T12:50:14
A-04363,ORG-006,high,privilege_escalation,ASSET-ORG-006-052,,2025-01-31T11:01:10,2025-01-31T20:12:08
A-04364,ORG-006,critical,malware,ASSET-ORG-006-090,,2025-05-05T05:43:15,2025-05-05T09:40:56
A-04365,ORG-006,high,brute_force,ASSET-ORG-006-096,,2025-05-11T22:36:18,2025-05-12T18:38:17
A-04366,ORG-006,critical,phishing,ASSET-ORG-006-024,CASE-01214,2025-03-02T14:07:13,2025-03-02T20:20:51
A-04367,ORG-006,low,data_exfil,ASSET-ORG-006-057,,2025-01-09T05:40:09,2025-01-14T00:03:23
A-04368,ORG-006,high,recon,ASSET-ORG-006-019,,2025-03-06T20:28:16,2025-03-07T12:46:27
A-04369,ORG-006,medium,phishing,ASSET-ORG-006-038,CASE-01032,2025-05-28T06:42:14,2025-05-29T11:48:51
A-04370,ORG-006,high,privilege_escalation,ASSET-ORG-006-105,,2025-05-27T19:44:55,2025-05-28T05:29:38
A-04371,ORG-006,low,privilege_escalation,ASSET-ORG-006-024,,2025-01-13T20:34:51,2025-01-19T05:45:14
A-04372,ORG-006,critical,privilege_escalation,ASSET-ORG-006-004,,2025-03-26T10:14:38,2025-03-26T16:23:47
A-04373,ORG-006,high,phishing,ASSET-ORG-006-071,,2025-02-08T03:29:22,2025-02-08T15:00:21
A-04374,ORG-006,high,lateral_movement,ASSET-ORG-006-095,,2025-05-26T02:53:50,2025-05-27T00:05:06
A-04375,ORG-006,critical,brute_force,ASSET-ORG-006-090,CASE-01051,2025-03-20T08:26:10,2025-03-20T14:32:33
A-04376,ORG-006,medium,privilege_escalation,ASSET-ORG-006-058,,2025-04-02T12:04:20,2025-04-03T15:09:02
A-04377,ORG-006,medium,brute_force,ASSET-ORG-006-071,,2025-02-08T02:14:58,2025-02-09T15:50:16
A-04378,ORG-006,low,phishing,ASSET-ORG-006-101,,2025-03-18T21:43:51,2025-03-23T18:18:00
A-04379,ORG-006,low,brute_force,ASSET-ORG-006-086,CASE-01187,2025-03-02T13:33:58,2025-03-06T10:37:47
A-04380,ORG-006,critical,lateral_movement,ASSET-ORG-006-052,,2025-06-30T18:07:39,2025-06-30T21:53:35
A-04381,ORG-006,medium,malware,ASSET-ORG-006-036,,2025-01-28T07:15:42,2025-01-31T01:32:13
A-04382,ORG-006,critical,data_exfil,ASSET-ORG-006-034,,2025-02-11T06:13:18,2025-02-11T14:04:04
A-04383,ORG-006,critical,recon,ASSET-ORG-006-095,,2025-02-10T04:54:45,2025-02-10T11:29:15
A-04384,ORG-006,low,recon,ASSET-ORG-006-107,,2025-06-28T00:25:37,2025-06-30T06:23:20
A-04385,ORG-006,low,malware,ASSET-ORG-006-056,,2025-04-19T12:14:54,2025-04-21T21:07:08
A-04386,ORG-006,medium,phishing,ASSET-ORG-006-005,,2025-03-02T06:22:29,2025-03-03T08:37:04
A-04387,ORG-006,medium,malware,ASSET-ORG-006-105,CASE-01205,2025-06-18T18:40:33,2025-06-20T14:38:34
A-04388,ORG-006,medium,malware,ASSET-ORG-006-016,CASE-01052,2025-06-26T17:00:09,2025-06-28T18:03:15
A-04389,ORG-006,high,lateral_movement,ASSET-ORG-006-014,,2025-04-26T19:01:44,2025-04-27T09:55:37
A-04390,ORG-006,high,lateral_movement,ASSET-ORG-006-073,,2025-01-26T00:24:09,2025-01-26T08:43:53
A-04391,ORG-006,high,lateral_movement,ASSET-ORG-006-027,,2025-06-02T15:50:48,2025-06-03T07:05:26
A-04392,ORG-006,low,phishing,ASSET-ORG-006-095,,2025-03-22T20:20:46,2025-03-24T22:58:26
A-04393,ORG-006,critical,brute_force,ASSET-ORG-006-078,,2025-04-06T17:05:11,2025-04-06T20:58:32
A-04394,ORG-006,medium,privilege_escalation,ASSET-ORG-006-004,,2025-03-11T16:11:04,2025-03-13T08:14:10
A-04395,ORG-006,low,recon,ASSET-ORG-006-070,,2025-05-25T02:24:46,2025-05-30T12:12:19
A-04396,ORG-006,medium,malware,ASSET-ORG-006-034,,2025-03-21T23:07:57,2025-03-23T19:15:00
A-04397,ORG-006,medium,phishing,ASSET-ORG-006-021,CASE-01129,2025-05-20T07:45:10,2025-05-22T04:20:48
A-04398,ORG-006,high,malware,ASSET-ORG-006-082,,2025-04-20T20:34:05,2025-04-21T08:17:50
A-04399,ORG-006,medium,data_exfil,ASSET-ORG-006-064,CASE-01127,2025-03-27T13:23:03,2025-03-28T15:19:04
A-04400,ORG-006,high,recon,ASSET-ORG-006-109,,2025-03-15T13:01:02,2025-03-16T06:40:38
A-04401,ORG-006,medium,malware,ASSET-ORG-006-102,,2025-04-10T23:02:06,2025-04-13T13:42:27
A-04402,ORG-006,critical,lateral_movement,ASSET-ORG-006-105,,2025-04-16T16:45:50,2025-04-16T19:10:27
A-04403,ORG-006,medium,data_exfil,ASSET-ORG-006-073,,2025-05-05T18:04:30,2025-05-07T16:20:50
A-04404,ORG-006,medium,privilege_escalation,ASSET-ORG-006-025,,2025-02-19T18:39:14,2025-02-20T20:17:11
A-04405,ORG-006,medium,phishing,ASSET-ORG-006-091,CASE-01044,2025-06-13T23:38:58,2025-06-16T03:46:41
A-04406,ORG-006,medium,malware,ASSET-ORG-006-093,,2025-06-15T02:49:45,2025-06-16T12:40:17
A-04407,ORG-006,high,brute_force,ASSET-ORG-006-022,,2025-03-03T19:30:31,2025-03-04T09:27:30
A-04408,ORG-006,high,brute_force,ASSET-ORG-006-056,,2025-01-16T04:59:07,2025-01-16T17:55:44
A-04409,ORG-006,critical,phishing,ASSET-ORG-006-076,CASE-01059,2025-02-19T15:52:26,2025-02-19T18:51:20
A-04410,ORG-006,critical,privilege_escalation,ASSET-ORG-006-091,,2025-01-08T08:05:10,2025-01-08T15:32:15
A-04411,ORG-006,medium,recon,ASSET-ORG-006-012,,2025-06-28T00:54:59,2025-06-30T23:18:34
A-04412,ORG-006,critical,data_exfil,ASSET-ORG-006-059,,2025-04-23T13:36:54,2025-04-23T19:05:16
A-04413,ORG-006,low,phishing,ASSET-ORG-006-050,,2025-04-09T01:11:46,2025-04-12T21:58:08
A-04414,ORG-006,critical,data_exfil,ASSET-ORG-006-034,CASE-01155,2025-05-09T15:17:19,2025-05-09T22:46:29
A-04415,ORG-006,low,lateral_movement,ASSET-ORG-006-035,,2025-02-01T10:05:33,2025-02-06T14:30:31
A-04416,ORG-006,high,malware,ASSET-ORG-006-004,,2025-05-16T22:54:50,2025-05-17T16:03:04
A-04417,ORG-006,low,lateral_movement,ASSET-ORG-006-059,CASE-01271,2025-06-25T18:24:42,
A-04418,ORG-006,medium,lateral_movement,ASSET-ORG-006-102,CASE-01105,2025-03-13T11:14:25,2025-03-14T23:26:05
A-04419,ORG-006,critical,brute_force,ASSET-ORG-006-019,,2025-02-21T08:36:26,2025-02-21T15:22:52
A-04420,ORG-006,medium,lateral_movement,ASSET-ORG-006-059,CASE-01065,2025-02-03T11:08:44,2025-02-05T15:06:16
A-04421,ORG-006,high,data_exfil,ASSET-ORG-006-067,CASE-01186,2025-05-27T07:36:16,2025-05-27T17:37:44
A-04422,ORG-006,low,privilege_escalation,ASSET-ORG-006-049,,2025-01-27T15:20:00,2025-01-31T21:38:15
A-04423,ORG-006,critical,phishing,ASSET-ORG-006-009,CASE-01029,2025-02-24T16:46:35,2025-02-24T22:38:18
A-04424,ORG-006,low,malware,ASSET-ORG-006-109,,2025-03-14T02:25:33,2025-03-18T03:19:57
A-04425,ORG-006,low,phishing,ASSET-ORG-006-055,,2025-01-11T07:20:33,2025-01-15T03:52:27
A-04426,ORG-006,low,lateral_movement,ASSET-ORG-006-024,,2025-03-10T06:16:50,2025-03-14T16:56:56
A-04427,ORG-006,low,lateral_movement,ASSET-ORG-006-056,,2025-06-02T16:14:32,2025-06-06T10:28:12
A-04428,ORG-006,high,data_exfil,ASSET-ORG-006-065,,2025-01-06T02:30:57,2025-01-06T11:14:42
A-04429,ORG-006,medium,phishing,ASSET-ORG-006-006,,2025-01-19T11:25:57,2025-01-20T16:14:31
A-04430,ORG-006,high,recon,ASSET-ORG-006-093,CASE-01205,2025-02-13T09:07:05,2025-02-13T21:24:16
A-04431,ORG-006,low,malware,ASSET-ORG-006-056,CASE-01255,2025-03-20T20:38:40,2025-03-26T15:09:01
A-04432,ORG-006,medium,data_exfil,ASSET-ORG-006-075,,2025-04-05T11:33:02,2025-04-06T14:26:20
A-04433,ORG-006,medium,malware,ASSET-ORG-006-048,,2025-04-06T22:36:59,2025-04-09T14:18:47
A-04434,ORG-006,critical,phishing,ASSET-ORG-006-064,CASE-01175,2025-01-23T19:16:34,2025-01-24T00:12:24
A-04435,ORG-006,high,privilege_escalation,ASSET-ORG-006-066,,2025-04-15T09:58:52,2025-04-16T07:06:43
A-04436,ORG-006,low,data_exfil,ASSET-ORG-006-009,,2025-06-07T18:15:52,2025-06-11T11:12:37
A-04437,ORG-006,high,lateral_movement,ASSET-ORG-006-059,,2025-05-02T18:22:06,2025-05-03T03:33:37
A-04438,ORG-006,high,brute_force,ASSET-ORG-006-100,CASE-01213,2025-04-09T19:55:05,2025-04-10T14:53:02
A-04439,ORG-006,high,recon,ASSET-ORG-006-097,,2025-03-19T03:16:23,2025-03-20T01:34:42
A-04440,ORG-006,critical,malware,ASSET-ORG-006-068,CASE-01160,2025-02-02T18:38:46,2025-02-03T01:06:15
A-04441,ORG-006,medium,brute_force,ASSET-ORG-006-048,,2025-05-16T23:27:14,2025-05-18T08:35:13
A-04442,ORG-006,low,recon,ASSET-ORG-006-014,CASE-01158,2025-03-03T16:20:42,2025-03-08T04:50:28
A-04443,ORG-006,low,brute_force,ASSET-ORG-006-044,,2025-05-09T12:33:54,2025-05-14T04:22:49
A-04444,ORG-006,critical,data_exfil,ASSET-ORG-006-083,,2025-01-11T17:34:33,2025-01-11T22:23:09
A-04445,ORG-006,high,phishing,ASSET-ORG-006-061,,2025-02-03T09:59:24,2025-02-04T00:23:16
A-04446,ORG-006,high,brute_force,ASSET-ORG-006-101,CASE-01039,2025-05-06T09:20:45,2025-05-07T04:45:01
A-04447,ORG-006,critical,lateral_movement,ASSET-ORG-006-052,,2025-03-01T19:32:34,2025-03-01T22:57:35
A-04448,ORG-006,critical,phishing,ASSET-ORG-006-007,CASE-01065,2025-02-23T10:31:43,2025-02-23T13:11:29
A-04449,ORG-006,low,lateral_movement,ASSET-ORG-006-014,CASE-01041,2025-05-21T14:55:26,2025-05-25T07:29:49
A-04450,ORG-006,high,malware,ASSET-ORG-006-074,CASE-01069,2025-02-16T08:03:53,2025-02-16T18:59:30
A-04451,ORG-006,medium,recon,ASSET-ORG-006-025,,2025-06-03T06:01:46,2025-06-04T19:05:27
A-04452,ORG-006,medium,lateral_movement,ASSET-ORG-006-015,,2025-05-11T16:31:53,2025-05-13T16:59:02
A-04453,ORG-006,high,brute_force,ASSET-ORG-006-017,,2025-02-12T05:15:15,2025-02-12T20:28:47
A-04454,ORG-006,critical,recon,ASSET-ORG-006-049,,2025-04-06T11:22:15,2025-04-06T17:02:50
A-04455,ORG-006,low,brute_force,ASSET-ORG-006-016,,2025-04-27T22:54:17,2025-05-02T05:42:30
A-04456,ORG-006,high,malware,ASSET-ORG-006-035,,2025-05-12T19:10:41,2025-05-13T17:40:45
A-04457,ORG-006,medium,data_exfil,ASSET-ORG-006-059,CASE-01228,2025-02-02T16:40:18,2025-02-04T04:45:25
A-04458,ORG-006,medium,lateral_movement,ASSET-ORG-006-052,,2025-04-05T11:53:54,2025-04-07T09:14:17
A-04459,ORG-006,low,lateral_movement,ASSET-ORG-006-061,,2025-05-10T15:36:44,2025-05-15T20:46:06
A-04460,ORG-006,critical,brute_force,ASSET-ORG-006-023,CASE-01078,2025-05-14T09:50:13,2025-05-14T17:07:15
A-04461,ORG-006,critical,brute_force,ASSET-ORG-006-102,,2025-04-12T19:19:04,2025-04-12T21:35:26
A-04462,ORG-006,high,malware,ASSET-ORG-006-036,,2025-06-13T22:26:04,2025-06-14T08:25:49
A-04463,ORG-006,high,lateral_movement,ASSET-ORG-006-047,,2025-03-05T02:03:42,2025-03-05T21:32:55
A-04464,ORG-006,low,brute_force,ASSET-ORG-006-086,CASE-01056,2025-03-15T23:00:33,2025-03-18T10:16:52
A-04465,ORG-006,medium,malware,ASSET-ORG-006-040,,2025-04-02T23:02:49,2025-04-05T02:43:18
A-04466,ORG-006,high,brute_force,ASSET-ORG-006-011,,2025-04-24T23:37:17,2025-04-25T21:14:33
A-04467,ORG-006,critical,malware,ASSET-ORG-006-027,,2025-03-04T09:46:14,2025-03-04T15:32:05
A-04468,ORG-006,medium,privilege_escalation,ASSET-ORG-006-042,,2025-06-06T23:51:28,2025-06-09T04:46:57
A-04469,ORG-006,low,brute_force,ASSET-ORG-006-097,,2025-03-18T07:08:01,2025-03-21T17:24:16
A-04470,ORG-006,critical,data_exfil,ASSET-ORG-006-066,,2025-03-07T09:31:59,2025-03-07T12:34:16
A-04471,ORG-006,high,phishing,ASSET-ORG-006-098,CASE-01178,2025-01-29T07:38:02,2025-01-29T18:00:50
A-04472,ORG-006,high,brute_force,ASSET-ORG-006-010,,2025-04-18T04:18:55,2025-04-18T20:22:52
A-04473,ORG-006,high,brute_force,ASSET-ORG-006-108,CASE-01197,2025-04-12T03:07:11,2025-04-13T02:00:56
A-04474,ORG-006,high,recon,ASSET-ORG-006-026,CASE-01195,2025-05-23T08:23:45,2025-05-24T07:12:27
A-04475,ORG-006,high,lateral_movement,ASSET-ORG-006-067,,2025-01-05T13:57:50,2025-01-06T07:49:56
A-04476,ORG-006,high,malware,ASSET-ORG-006-004,,2025-01-10T14:30:26,2025-01-11T01:54:02
A-04477,ORG-006,low,recon,ASSET-ORG-006-020,CASE-01146,2025-04-19T19:15:16,2025-04-22T00:26:48
A-04478,ORG-006,high,data_exfil,ASSET-ORG-006-106,CASE-01231,2025-02-04T06:45:24,2025-02-04T23:50:14
A-04479,ORG-006,medium,privilege_escalation,ASSET-ORG-006-074,,2025-03-05T15:19:29,2025-03-07T10:15:34
A-04480,ORG-006,high,data_exfil,ASSET-ORG-006-094,,2025-04-22T11:32:12,2025-04-23T11:24:49
A-04481,ORG-006,critical,recon,ASSET-ORG-006-011,,2025-06-01T20:17:32,2025-06-02T03:54:31
A-04482,ORG-006,critical,privilege_escalation,ASSET-ORG-006-065,CASE-01154,2025-06-09T00:09:38,2025-06-09T02:26:27
A-04483,ORG-006,low,privilege_escalation,ASSET-ORG-006-039,CASE-01063,2025-03-05T22:41:39,2025-03-08T17:11:36
A-04484,ORG-006,medium,lateral_movement,ASSET-ORG-006-091,CASE-01060,2025-04-05T01:21:00,2025-04-06T14:25:01
A-04485,ORG-006,medium,data_exfil,ASSET-ORG-006-080,,2025-06-17T23:36:50,2025-06-20T17:44:12
A-04486,ORG-006,high,privilege_escalation,ASSET-ORG-006-090,CASE-01196,2025-06-01T14:18:13,2025-06-02T12:31:40
A-04487,ORG-006,high,malware,ASSET-ORG-006-029,,2025-02-08T16:46:49,2025-02-09T11:21:29
A-04488,ORG-006,high,lateral_movement,ASSET-ORG-006-040,CASE-01173,2025-06-26T01:48:35,2025-06-26T18:31:40
A-04489,ORG-006,high,phishing,ASSET-ORG-006-095,,2025-04-22T08:00:25,2025-04-22T18:10:02
A-04490,ORG-006,low,data_exfil,ASSET-ORG-006-075,CASE-01131,2025-05-15T23:12:56,2025-05-21T01:17:01
A-04491,ORG-006,medium,brute_force,ASSET-ORG-006-046,,2025-05-01T09:39:07,2025-05-04T06:42:05
A-04492,ORG-006,low,recon,ASSET-ORG-006-049,,2025-06-10T03:34:17,2025-06-14T15:38:24
A-04493,ORG-006,high,lateral_movement,ASSET-ORG-006-074,,2025-06-03T23:30:50,2025-06-04T22:03:13
A-04494,ORG-006,high,phishing,ASSET-ORG-006-038,CASE-01200,2025-04-28T21:16:51,2025-04-29T07:09:59
A-04495,ORG-006,low,phishing,ASSET-ORG-006-024,,2025-01-29T04:20:04,2025-01-31T18:43:05
A-04496,ORG-006,critical,lateral_movement,ASSET-ORG-006-014,,2025-06-07T07:15:47,2025-06-07T14:38:11
A-04497,ORG-006,critical,brute_force,ASSET-ORG-006-013,,2025-01-07T01:39:31,2025-01-07T05:15:59
A-04498,ORG-006,high,malware,ASSET-ORG-006-039,CASE-01069,2025-03-02T23:41:07,2025-03-03T11:27:30
A-04499,ORG-006,medium,phishing,ASSET-ORG-006-009,,2025-05-16T07:11:53,2025-05-18T15:12:04
A-04500,ORG-006,low,malware,ASSET-ORG-006-049,,2025-02-14T16:57:54,2025-02-17T21:27:02
A-04501,ORG-006,medium,lateral_movement,ASSET-ORG-006-046,,2025-06-19T06:06:02,2025-06-21T01:04:02
A-04502,ORG-006,medium,recon,ASSET-ORG-006-022,CASE-01265,2025-03-04T20:18:11,2025-03-06T18:20:40
A-04503,ORG-006,critical,data_exfil,ASSET-ORG-006-070,,2025-01-26T19:35:54,2025-01-27T02:46:59
A-04504,ORG-006,high,recon,ASSET-ORG-006-089,,2025-01-09T01:39:35,2025-01-09T12:49:20
A-04505,ORG-006,critical,recon,ASSET-ORG-006-054,,2025-04-22T05:55:28,2025-04-22T08:50:04
A-04506,ORG-006,critical,brute_force,ASSET-ORG-006-042,,2025-02-18T07:31:23,2025-02-18T13:19:47
A-04507,ORG-006,high,data_exfil,ASSET-ORG-006-011,,2025-03-25T16:57:36,2025-03-26T02:47:20
A-04508,ORG-006,medium,lateral_movement,ASSET-ORG-006-107,,2025-02-16T00:09:16,2025-02-18T04:00:40
A-04509,ORG-006,low,brute_force,ASSET-ORG-006-031,,2025-06-06T05:39:03,2025-06-08T17:01:32
A-04510,ORG-006,critical,lateral_movement,ASSET-ORG-006-050,,2025-05-01T17:45:59,2025-05-01T23:52:19
A-04511,ORG-006,critical,phishing,ASSET-ORG-006-009,,2025-04-30T14:07:10,2025-04-30T17:04:54
A-04512,ORG-006,high,brute_force,ASSET-ORG-006-002,,2025-06-22T13:24:36,2025-06-23T11:35:37
A-04513,ORG-006,high,malware,ASSET-ORG-006-058,CASE-01119,2025-03-07T00:37:41,2025-03-07T14:33:59
A-04514,ORG-006,medium,brute_force,ASSET-ORG-006-007,,2025-02-14T00:28:21,2025-02-16T20:22:55
A-04515,ORG-006,high,brute_force,ASSET-ORG-006-045,CASE-01122,2025-03-27T10:34:55,2025-03-28T02:11:39
A-04516,ORG-006,critical,lateral_movement,ASSET-ORG-006-094,,2025-01-11T22:01:09,2025-01-12T02:00:14
A-04517,ORG-006,low,data_exfil,ASSET-ORG-006-066,CASE-01184,2025-02-11T23:30:04,2025-02-15T20:27:20
A-04518,ORG-006,high,privilege_escalation,ASSET-ORG-006-060,,2025-03-21T11:26:43,2025-03-21T23:56:45
A-04519,ORG-006,high,data_exfil,ASSET-ORG-006-089,,2025-03-21T00:41:23,2025-03-21T12:15:37
A-04520,ORG-006,high,privilege_escalation,ASSET-ORG-006-028,,2025-05-04T16:16:03,2025-05-05T06:30:08
A-04521,ORG-006,medium,recon,ASSET-ORG-006-044,,2025-04-08T14:03:56,2025-04-11T13:55:49
A-04522,ORG-006,medium,lateral_movement,ASSET-ORG-006-020,CASE-01172,2025-04-12T01:44:58,2025-04-14T02:02:09
A-04523,ORG-006,medium,brute_force,ASSET-ORG-006-029,,2025-01-17T12:49:47,2025-01-19T11:33:56
A-04524,ORG-006,high,malware,ASSET-ORG-006-046,,2025-02-19T00:25:27,2025-02-19T14:04:04
A-04525,ORG-006,high,brute_force,ASSET-ORG-006-005,,2025-03-02T01:09:06,2025-03-02T09:33:46
A-04526,ORG-006,medium,lateral_movement,ASSET-ORG-006-089,,2025-04-01T08:11:08,2025-04-02T09:37:21
A-04527,ORG-006,high,data_exfil,ASSET-ORG-006-102,,2025-05-08T22:42:00,2025-05-09T14:44:18
A-04528,ORG-006,high,privilege_escalation,ASSET-ORG-006-013,,2025-05-01T16:12:30,2025-05-02T15:41:50
A-04529,ORG-006,critical,malware,ASSET-ORG-006-092,,2025-05-24T18:39:14,2025-05-24T21:13:23
A-04530,ORG-006,critical,lateral_movement,ASSET-ORG-006-027,,2025-05-01T00:56:55,2025-05-01T03:12:24
A-04531,ORG-006,high,lateral_movement,ASSET-ORG-006-107,,2025-06-14T05:54:47,2025-06-14T22:01:40
A-04532,ORG-006,medium,malware,ASSET-ORG-006-033,,2025-04-30T01:42:21,2025-05-02T13:43:00
A-04533,ORG-006,high,privilege_escalation,ASSET-ORG-006-049,,2025-02-15T00:41:15,2025-02-15T12:14:52
A-04534,ORG-006,high,recon,ASSET-ORG-006-006,,2025-02-10T05:30:45,2025-02-11T02:29:28
A-04535,ORG-006,high,privilege_escalation,ASSET-ORG-006-102,,2025-02-19T10:53:04,2025-02-20T06:55:34
A-04536,ORG-006,low,brute_force,ASSET-ORG-006-016,,2025-04-05T05:46:34,2025-04-10T04:16:05
A-04537,ORG-006,critical,brute_force,ASSET-ORG-006-092,,2025-05-14T10:54:24,2025-05-14T18:50:09
A-04538,ORG-006,medium,recon,ASSET-ORG-006-021,CASE-01051,2025-01-18T20:51:15,2025-01-21T00:44:11
A-04539,ORG-006,low,data_exfil,ASSET-ORG-006-082,CASE-01161,2025-05-10T06:52:21,2025-05-15T10:45:09
A-04540,ORG-006,critical,privilege_escalation,ASSET-ORG-006-031,,2025-06-28T08:04:33,2025-06-28T15:00:22
A-04541,ORG-006,high,privilege_escalation,ASSET-ORG-006-046,,2025-03-24T03:43:08,2025-03-24T17:21:18
A-04542,ORG-006,critical,data_exfil,ASSET-ORG-006-032,,2025-04-25T22:08:38,2025-04-26T05:17:30
A-04543,ORG-006,critical,phishing,ASSET-ORG-006-010,,2025-04-03T05:07:16,2025-04-03T12:53:20
A-04544,ORG-006,medium,brute_force,ASSET-ORG-006-099,CASE-01074,2025-04-04T01:30:06,2025-04-05T11:34:57
A-04545,ORG-006,medium,privilege_escalation,ASSET-ORG-006-012,,2025-01-05T18:27:04,2025-01-07T22:20:10
A-04546,ORG-006,high,recon,ASSET-ORG-006-024,,2025-03-28T08:11:34,2025-03-28T23:10:59
A-04547,ORG-006,high,lateral_movement,ASSET-ORG-006-007,CASE-01220,2025-06-16T19:42:22,2025-06-17T06:56:47
A-04548,ORG-006,high,brute_force,ASSET-ORG-006-093,CASE-01168,2025-03-06T07:30:14,2025-03-07T04:57:30
A-04549,ORG-006,low,data_exfil,ASSET-ORG-006-077,,2025-01-28T10:03:35,2025-01-30T10:37:46
A-04550,ORG-006,low,data_exfil,ASSET-ORG-006-002,,2025-02-06T15:46:40,2025-02-09T11:23:24
A-04551,ORG-006,critical,privilege_escalation,ASSET-ORG-006-033,,2025-05-26T06:55:39,2025-05-26T14:38:08
A-04552,ORG-006,high,lateral_movement,ASSET-ORG-006-007,CASE-01202,2025-02-14T13:47:23,2025-02-15T09:26:19
A-04553,ORG-006,high,recon,ASSET-ORG-006-044,,2025-06-08T18:02:46,2025-06-09T17:12:11
A-04554,ORG-006,high,lateral_movement,ASSET-ORG-006-096,,2025-02-11T01:55:00,2025-02-11T13:42:01
A-04555,ORG-006,medium,recon,ASSET-ORG-006-023,,2025-01-23T22:17:25,2025-01-25T10:14:57
A-04556,ORG-006,low,brute_force,ASSET-ORG-006-072,,2025-02-04T09:16:14,2025-02-10T06:19:46
A-04557,ORG-006,critical,lateral_movement,ASSET-ORG-006-042,,2025-06-14T01:53:25,2025-06-14T09:20:08
A-04558,ORG-006,high,data_exfil,ASSET-ORG-006-055,,2025-06-14T06:30:42,2025-06-14T18:04:45
A-04559,ORG-006,high,data_exfil,ASSET-ORG-006-040,,2025-04-07T15:29:47,2025-04-08T07:27:04
A-04560,ORG-006,high,privilege_escalation,ASSET-ORG-006-007,,2025-03-18T22:56:48,2025-03-19T15:23:34
A-04561,ORG-006,high,phishing,ASSET-ORG-006-108,,2025-03-06T08:19:48,2025-03-06T23:50:43
A-04562,ORG-006,high,privilege_escalation,ASSET-ORG-006-094,,2025-04-16T22:01:21,2025-04-17T06:52:48
A-04563,ORG-006,high,lateral_movement,ASSET-ORG-006-101,,2025-06-09T00:22:07,2025-06-09T23:27:17
A-04564,ORG-006,low,lateral_movement,ASSET-ORG-006-082,,2025-02-01T14:31:13,2025-02-03T18:32:24
A-04565,ORG-006,medium,recon,ASSET-ORG-006-002,,2025-02-03T21:30:00,2025-02-06T15:47:46
A-04566,ORG-006,high,privilege_escalation,ASSET-ORG-006-049,,2025-06-20T15:43:59,2025-06-21T15:03:33
A-04567,ORG-006,medium,data_exfil,ASSET-ORG-006-081,,2025-01-18T18:56:09,2025-01-20T17:52:54
A-04568,ORG-006,medium,phishing,ASSET-ORG-006-094,,2025-04-17T01:24:55,2025-04-19T00:13:04
A-04569,ORG-006,medium,privilege_escalation,ASSET-ORG-006-078,,2025-05-13T12:43:26,2025-05-16T09:26:37
A-04570,ORG-006,high,brute_force,ASSET-ORG-006-098,CASE-01177,2025-05-06T06:31:03,2025-05-07T02:18:33
A-04571,ORG-006,critical,malware,ASSET-ORG-006-074,,2025-05-15T13:37:52,2025-05-15T16:01:59
A-04572,ORG-006,low,data_exfil,ASSET-ORG-006-031,CASE-01099,2025-02-10T18:26:21,2025-02-15T08:08:05
A-04573,ORG-006,medium,malware,ASSET-ORG-006-007,,2025-03-03T01:43:02,2025-03-04T01:55:48
A-04574,ORG-006,medium,data_exfil,ASSET-ORG-006-084,,2025-02-22T06:31:13,2025-02-23T11:00:20
A-04575,ORG-006,high,lateral_movement,ASSET-ORG-006-038,,2025-03-11T10:35:19,2025-03-12T05:31:08
A-04576,ORG-006,medium,recon,ASSET-ORG-006-024,,2025-04-16T21:29:03,2025-04-19T19:09:15
A-04577,ORG-006,high,malware,ASSET-ORG-006-107,,2025-04-01T08:03:16,2025-04-02T02:00:56
A-04578,ORG-006,medium,recon,ASSET-ORG-006-027,,2025-03-30T22:28:12,2025-04-02T01:23:18
A-04579,ORG-006,low,privilege_escalation,ASSET-ORG-006-110,,2025-03-27T23:39:09,2025-04-02T12:00:48
A-04580,ORG-006,critical,privilege_escalation,ASSET-ORG-006-088,,2025-03-20T01:05:47,2025-03-20T03:56:23
A-04581,ORG-006,medium,privilege_escalation,ASSET-ORG-006-072,CASE-01235,2025-02-09T19:16:28,2025-02-11T22:56:10
A-04582,ORG-006,medium,brute_force,ASSET-ORG-006-076,,2025-06-11T03:00:48,2025-06-13T05:33:17
A-04583,ORG-006,medium,phishing,ASSET-ORG-006-018,,2025-03-22T18:02:16,2025-03-25T13:39:33
A-04584,ORG-006,high,lateral_movement,ASSET-ORG-006-086,CASE-01121,2025-06-23T01:04:01,2025-06-23T13:39:04
A-04585,ORG-006,high,malware,ASSET-ORG-006-085,,2025-01-27T16:49:28,2025-01-28T01:19:05
A-04586,ORG-006,low,lateral_movement,ASSET-ORG-006-100,,2025-03-16T12:21:35,2025-03-22T01:20:36
A-04587,ORG-006,critical,brute_force,ASSET-ORG-006-082,,2025-05-09T05:54:14,2025-05-09T11:45:18
A-04588,ORG-006,high,recon,ASSET-ORG-006-095,,2025-04-02T22:54:51,2025-04-03T19:46:47
A-04589,ORG-006,medium,malware,ASSET-ORG-006-016,,2025-05-20T23:26:28,2025-05-22T16:13:26
A-04590,ORG-006,high,phishing,ASSET-ORG-006-036,CASE-01050,2025-01-16T19:59:34,2025-01-17T15:27:08
A-04591,ORG-006,high,recon,ASSET-ORG-006-054,CASE-01154,2025-02-16T14:25:52,2025-02-17T02:54:13
A-04592,ORG-006,critical,lateral_movement,ASSET-ORG-006-007,CASE-01268,2025-06-11T06:34:59,2025-06-11T13:12:08
A-04593,ORG-006,high,privilege_escalation,ASSET-ORG-006-092,,2025-02-16T10:51:30,2025-02-17T10:32:30
A-04594,ORG-006,critical,privilege_escalation,ASSET-ORG-006-005,,2025-06-05T13:55:54,2025-06-05T18:34:46
A-04595,ORG-006,medium,malware,ASSET-ORG-006-002,,2025-05-17T13:37:43,2025-05-20T11:38:57
A-04596,ORG-006,medium,recon,ASSET-ORG-006-103,,2025-06-01T16:33:29,2025-06-04T16:08:34
A-04597,ORG-006,low,privilege_escalation,ASSET-ORG-006-013,,2025-02-16T07:45:45,2025-02-21T07:46:05
A-04598,ORG-006,critical,brute_force,ASSET-ORG-006-095,,2025-05-10T15:05:55,2025-05-10T21:24:14
A-04599,ORG-006,critical,data_exfil,ASSET-ORG-006-065,,2025-02-01T16:59:48,2025-02-01T20:28:24
A-04600,ORG-006,medium,brute_force,ASSET-ORG-006-052,,2025-02-04T02:45:06,2025-02-05T08:40:27
A-04601,ORG-006,low,privilege_escalation,ASSET-ORG-006-017,,2025-02-22T00:10:09,2025-02-24T01:36:17
A-04602,ORG-006,high,privilege_escalation,ASSET-ORG-006-028,,2025-03-17T12:16:56,2025-03-17T23:03:21
A-04603,ORG-006,high,recon,ASSET-ORG-006-049,CASE-01095,2025-04-16T04:49:27,2025-04-17T01:21:40
A-04604,ORG-006,critical,phishing,ASSET-ORG-006-105,,2025-04-20T09:43:37,2025-04-20T12:28:44
A-04605,ORG-006,low,recon,ASSET-ORG-006-036,,2025-05-23T18:40:59,2025-05-29T09:09:40
A-04606,ORG-006,critical,data_exfil,ASSET-ORG-006-033,,2025-06-02T19:08:39,2025-06-02T23:56:06
A-04607,ORG-006,high,phishing,ASSET-ORG-006-073,,2025-02-19T22:18:58,2025-02-20T16:59:54
A-04608,ORG-006,high,privilege_escalation,ASSET-ORG-006-047,,2025-04-05T04:13:13,2025-04-05T17:51:13
A-04609,ORG-006,medium,lateral_movement,ASSET-ORG-006-103,,2025-03-18T11:43:27,2025-03-20T09:25:23
A-04610,ORG-006,low,data_exfil,ASSET-ORG-006-072,,2025-02-27T00:57:19,2025-03-01T23:33:57
A-04611,ORG-006,low,brute_force,ASSET-ORG-006-034,,2025-04-13T07:41:28,2025-04-16T15:33:16
A-04612,ORG-006,low,lateral_movement,ASSET-ORG-006-016,,2025-03-12T07:16:19,2025-03-15T19:52:43
A-04613,ORG-006,critical,brute_force,ASSET-ORG-006-098,CASE-01055,2025-06-04T12:33:12,2025-06-04T14:34:01
A-04614,ORG-006,low,phishing,ASSET-ORG-006-006,CASE-01247,2025-03-28T07:44:27,2025-04-01T03:04:14
A-04615,ORG-006,high,privilege_escalation,ASSET-ORG-006-062,,2025-01-10T13:44:24,2025-01-11T10:01:27
A-04616,ORG-006,medium,data_exfil,ASSET-ORG-006-059,,2025-02-10T17:26:46,2025-02-12T09:54:40
A-04617,ORG-006,medium,recon,ASSET-ORG-006-025,CASE-01026,2025-05-05T07:21:31,2025-05-07T16:51:27
A-04618,ORG-006,medium,brute_force,ASSET-ORG-006-103,CASE-01048,2025-05-30T16:47:54,2025-06-01T19:42:31
A-04619,ORG-006,medium,brute_force,ASSET-ORG-006-098,,2025-04-09T12:39:20,2025-04-12T05:43:08
A-04620,ORG-006,medium,brute_force,ASSET-ORG-006-024,CASE-01270,2025-04-20T00:08:07,2025-04-21T08:52:51
A-04621,ORG-006,high,phishing,ASSET-ORG-006-026,,2025-05-08T18:36:34,2025-05-09T13:19:04
A-04622,ORG-006,medium,privilege_escalation,ASSET-ORG-006-077,,2025-03-28T08:58:20,2025-03-29T18:15:54
A-04623,ORG-006,high,phishing,ASSET-ORG-006-106,CASE-01063,2025-05-02T16:23:04,2025-05-03T14:26:27
A-04624,ORG-006,critical,phishing,ASSET-ORG-006-029,,2025-01-26T23:26:52,2025-01-27T04:07:05
A-04625,ORG-006,low,lateral_movement,ASSET-ORG-006-004,,2025-06-29T04:31:12,
A-04626,ORG-006,low,data_exfil,ASSET-ORG-006-077,,2025-01-16T04:01:19,2025-01-18T11:16:54
A-04627,ORG-006,critical,brute_force,ASSET-ORG-006-038,CASE-01221,2025-05-07T11:58:57,2025-05-07T19:39:27
A-04628,ORG-006,medium,recon,ASSET-ORG-006-027,,2025-01-17T13:20:27,2025-01-18T19:53:46
A-04629,ORG-006,high,recon,ASSET-ORG-006-046,,2025-01-21T17:26:59,2025-01-22T09:12:32
A-04630,ORG-006,medium,data_exfil,ASSET-ORG-006-057,,2025-03-17T16:50:38,2025-03-18T21:08:49
A-04631,ORG-006,high,malware,ASSET-ORG-006-005,,2025-01-04T18:10:04,2025-01-05T06:05:33
A-04632,ORG-006,low,data_exfil,ASSET-ORG-006-083,,2025-02-15T23:27:08,2025-02-21T07:21:39
A-04633,ORG-006,low,recon,ASSET-ORG-006-010,,2025-06-18T02:49:39,2025-06-22T11:23:35
A-04634,ORG-006,critical,phishing,ASSET-ORG-006-110,CASE-01066,2025-04-03T03:41:56,2025-04-03T06:55:10
A-04635,ORG-006,high,privilege_escalation,ASSET-ORG-006-093,,2025-01-17T18:48:12,2025-01-18T03:45:46
A-04636,ORG-006,high,lateral_movement,ASSET-ORG-006-023,,2025-05-12T08:40:01,2025-05-12T23:02:46
A-04637,ORG-006,low,privilege_escalation,ASSET-ORG-006-091,,2025-05-11T13:37:27,2025-05-15T06:11:38
A-04638,ORG-006,high,recon,ASSET-ORG-006-108,,2025-01-11T09:35:48,2025-01-11T21:21:08
A-04639,ORG-006,high,data_exfil,ASSET-ORG-006-096,,2025-06-14T02:02:51,2025-06-14T12:20:07
A-04640,ORG-006,high,brute_force,ASSET-ORG-006-097,,2025-03-07T02:46:19,2025-03-07T13:47:46
A-04641,ORG-006,low,brute_force,ASSET-ORG-006-037,,2025-04-28T08:11:16,2025-05-03T01:42:30
A-04642,ORG-006,low,data_exfil,ASSET-ORG-006-006,,2025-05-15T21:05:22,2025-05-21T19:17:16
A-04643,ORG-006,critical,data_exfil,ASSET-ORG-006-006,,2025-01-24T20:34:32,2025-01-25T01:44:34
A-04644,ORG-006,medium,lateral_movement,ASSET-ORG-006-041,CASE-01215,2025-02-24T08:42:16,2025-02-25T22:04:15
A-04645,ORG-006,high,privilege_escalation,ASSET-ORG-006-008,CASE-01189,2025-05-17T15:42:07,2025-05-18T09:15:12
A-04646,ORG-006,low,recon,ASSET-ORG-006-083,,2025-02-13T13:48:05,2025-02-18T04:00:39
A-04647,ORG-006,medium,privilege_escalation,ASSET-ORG-006-098,,2025-05-19T02:58:28,2025-05-21T14:09:13
A-04648,ORG-006,critical,privilege_escalation,ASSET-ORG-006-109,,2025-02-28T21:11:52,2025-03-01T01:08:11
A-04649,ORG-006,low,recon,ASSET-ORG-006-042,,2025-01-12T23:41:10,2025-01-17T17:40:37
A-04650,ORG-006,critical,recon,ASSET-ORG-006-014,,2025-03-06T18:27:29,2025-03-07T01:16:54
A-04651,ORG-006,critical,brute_force,ASSET-ORG-006-053,,2025-04-04T15:50:58,2025-04-04T18:29:45
A-04652,ORG-006,critical,malware,ASSET-ORG-006-093,CASE-01256,2025-01-29T12:34:54,2025-01-29T20:14:58
A-04653,ORG-006,high,brute_force,ASSET-ORG-006-010,,2025-06-05T15:45:35,2025-06-06T13:42:40
A-04654,ORG-006,high,malware,ASSET-ORG-006-029,CASE-01209,2025-05-13T19:41:29,2025-05-14T15:10:55
A-04655,ORG-006,low,lateral_movement,ASSET-ORG-006-037,,2025-01-14T18:47:44,2025-01-20T18:35:26
A-04656,ORG-006,medium,phishing,ASSET-ORG-006-020,,2025-05-18T16:55:30,2025-05-21T07:06:14
A-04657,ORG-006,critical,malware,ASSET-ORG-006-059,,2025-01-16T01:42:08,2025-01-16T05:25:40
A-04658,ORG-006,medium,recon,ASSET-ORG-006-060,,2025-04-03T10:44:51,2025-04-05T03:47:46
A-04659,ORG-006,medium,data_exfil,ASSET-ORG-006-040,,2025-03-22T08:21:15,2025-03-23T11:47:56
A-04660,ORG-006,critical,recon,ASSET-ORG-006-089,,2025-03-31T16:50:26,2025-03-31T19:20:29
A-04661,ORG-006,low,recon,ASSET-ORG-006-002,,2025-03-15T09:16:11,2025-03-17T22:55:23
A-04662,ORG-006,low,malware,ASSET-ORG-006-001,CASE-01041,2025-06-28T11:51:49,
A-04663,ORG-006,critical,data_exfil,ASSET-ORG-006-072,CASE-01055,2025-06-10T22:19:51,2025-06-11T02:19:00
A-04664,ORG-006,medium,recon,ASSET-ORG-006-026,,2025-06-03T08:17:57,2025-06-05T03:51:31
A-04665,ORG-006,high,malware,ASSET-ORG-006-006,,2025-06-12T21:05:12,2025-06-13T07:05:13
A-04666,ORG-006,medium,brute_force,ASSET-ORG-006-099,CASE-01054,2025-01-27T05:41:53,2025-01-30T00:39:57
A-04667,ORG-006,high,data_exfil,ASSET-ORG-006-058,,2025-01-29T07:43:41,2025-01-29T17:42:14
A-04668,ORG-006,high,brute_force,ASSET-ORG-006-005,,2025-01-31T11:54:03,2025-02-01T08:45:18
A-04669,ORG-006,low,brute_force,ASSET-ORG-006-082,,2025-04-12T22:05:34,2025-04-15T05:25:58
A-04670,ORG-006,critical,phishing,ASSET-ORG-006-033,CASE-01251,2025-05-07T09:10:22,2025-05-07T12:25:54
A-04671,ORG-006,medium,data_exfil,ASSET-ORG-006-016,,2025-06-13T20:41:32,2025-06-15T10:50:25
A-04672,ORG-006,medium,malware,ASSET-ORG-006-031,,2025-01-21T13:22:28,2025-01-24T03:31:54
A-04673,ORG-006,critical,lateral_movement,ASSET-ORG-006-063,,2025-04-18T16:48:25,2025-04-18T18:54:21
A-04674,ORG-006,high,lateral_movement,ASSET-ORG-006-075,,2025-06-27T13:53:20,2025-06-28T04:55:42
A-04675,ORG-006,high,lateral_movement,ASSET-ORG-006-040,,2025-06-13T22:55:16,2025-06-14T18:01:29
A-04676,ORG-006,medium,privilege_escalation,ASSET-ORG-006-033,,2025-06-11T06:11:37,2025-06-13T05:32:53
A-04677,ORG-006,low,phishing,ASSET-ORG-006-089,,2025-06-08T07:12:48,2025-06-14T03:26:29
A-04678,ORG-006,high,privilege_escalation,ASSET-ORG-006-023,,2025-04-12T04:36:59,2025-04-13T04:04:13
A-04679,ORG-006,medium,recon,ASSET-ORG-006-081,,2025-02-26T05:18:48,2025-02-27T14:38:26
A-04680,ORG-006,medium,brute_force,ASSET-ORG-006-081,,2025-02-23T10:13:54,2025-02-26T09:23:28
A-04681,ORG-006,high,data_exfil,ASSET-ORG-006-042,,2025-05-27T22:58:17,2025-05-28T22:27:57
A-04682,ORG-006,low,recon,ASSET-ORG-006-071,,2025-02-03T10:30:54,2025-02-06T17:50:17
A-04683,ORG-006,high,privilege_escalation,ASSET-ORG-006-021,,2025-01-26T17:31:20,2025-01-27T15:36:57
A-04684,ORG-006,low,phishing,ASSET-ORG-006-086,,2025-01-02T00:41:12,2025-01-05T08:53:02
A-04685,ORG-006,critical,phishing,ASSET-ORG-006-030,,2025-06-07T04:25:44,2025-06-07T12:12:49
A-04686,ORG-006,critical,brute_force,ASSET-ORG-006-012,,2025-01-23T08:52:13,2025-01-23T11:35:21
A-04687,ORG-006,critical,malware,ASSET-ORG-006-015,,2025-03-11T13:17:02,2025-03-11T20:14:52
A-04688,ORG-006,medium,malware,ASSET-ORG-006-048,,2025-06-22T05:38:28,2025-06-24T13:37:14
A-04689,ORG-006,medium,phishing,ASSET-ORG-006-016,,2025-06-19T06:39:53,2025-06-21T09:39:14
A-04690,ORG-006,low,brute_force,ASSET-ORG-006-029,,2025-01-03T22:30:47,2025-01-06T03:40:55
A-04691,ORG-006,high,brute_force,ASSET-ORG-006-019,,2025-03-28T16:41:44,2025-03-29T12:24:19
A-04692,ORG-006,low,privilege_escalation,ASSET-ORG-006-057,,2025-03-23T00:12:22,2025-03-26T09:10:02
A-04693,ORG-006,high,lateral_movement,ASSET-ORG-006-008,CASE-01105,2025-03-31T02:07:55,2025-03-31T16:18:57
A-04694,ORG-006,critical,lateral_movement,ASSET-ORG-006-038,,2025-01-27T00:36:59,2025-01-27T08:00:15
A-04695,ORG-006,high,lateral_movement,ASSET-ORG-006-065,CASE-01213,2025-06-19T08:11:23,2025-06-20T05:46:11
A-04696,ORG-006,low,brute_force,ASSET-ORG-006-069,,2025-02-25T05:20:07,2025-03-03T04:57:55
A-04697,ORG-006,medium,recon,ASSET-ORG-006-062,,2025-06-05T13:31:26,2025-06-07T01:18:56
A-04698,ORG-006,medium,phishing,ASSET-ORG-006-024,,2025-06-29T18:23:27,
A-04699,ORG-006,critical,malware,ASSET-ORG-006-015,,2025-02-28T07:03:52,2025-02-28T14:51:18
A-04700,ORG-006,high,lateral_movement,ASSET-ORG-006-108,,2025-05-07T00:08:05,2025-05-07T08:42:19
A-04701,ORG-006,high,phishing,ASSET-ORG-006-109,,2025-06-02T10:10:16,2025-06-02T22:05:03
A-04702,ORG-006,medium,lateral_movement,ASSET-ORG-006-045,,2025-02-07T22:18:34,2025-02-10T17:37:29
A-04703,ORG-006,low,lateral_movement,ASSET-ORG-006-096,,2025-02-12T08:52:03,2025-02-15T00:14:01
A-04704,ORG-006,medium,malware,ASSET-ORG-006-029,,2025-01-19T10:35:49,2025-01-20T19:06:52
A-04705,ORG-006,critical,phishing,ASSET-ORG-006-038,,2025-06-11T14:49:52,2025-06-11T21:57:24
A-04706,ORG-006,low,data_exfil,ASSET-ORG-006-009,CASE-01152,2025-03-30T20:36:56,2025-04-02T06:34:57
A-04707,ORG-006,medium,malware,ASSET-ORG-006-008,,2025-06-27T11:28:01,2025-06-29T12:56:22
A-04708,ORG-006,high,recon,ASSET-ORG-006-055,,2025-06-02T15:15:48,2025-06-03T04:22:18
A-04709,ORG-006,medium,lateral_movement,ASSET-ORG-006-091,,2025-04-03T08:39:58,2025-04-06T01:19:27
A-04710,ORG-006,high,data_exfil,ASSET-ORG-006-102,,2025-01-27T13:24:04,2025-01-27T22:15:33
A-04711,ORG-006,medium,lateral_movement,ASSET-ORG-006-017,,2025-05-23T07:10:48,2025-05-25T22:58:35
A-04712,ORG-006,critical,brute_force,ASSET-ORG-006-106,,2025-04-22T01:03:03,2025-04-22T05:12:15
A-04713,ORG-006,high,malware,ASSET-ORG-006-022,,2025-03-17T02:48:26,2025-03-18T00:26:00
A-04714,ORG-006,medium,data_exfil,ASSET-ORG-006-032,CASE-01088,2025-02-02T23:14:18,2025-02-04T16:03:05
A-04715,ORG-006,critical,privilege_escalation,ASSET-ORG-006-046,CASE-01194,2025-03-19T11:22:01,2025-03-19T14:12:57
A-04716,ORG-006,high,brute_force,ASSET-ORG-006-088,,2025-03-04T09:25:32,2025-03-04T22:21:28
A-04717,ORG-006,medium,data_exfil,ASSET-ORG-006-095,,2025-04-05T21:16:55,2025-04-08T07:25:28
A-04718,ORG-006,high,data_exfil,ASSET-ORG-006-106,CASE-01253,2025-06-13T06:31:20,2025-06-14T04:08:38
A-04719,ORG-006,low,phishing,ASSET-ORG-006-110,,2025-06-02T11:35:20,2025-06-05T22:51:55
A-04720,ORG-006,high,brute_force,ASSET-ORG-006-060,CASE-01111,2025-05-14T11:59:15,2025-05-15T05:11:33
A-04721,ORG-006,high,data_exfil,ASSET-ORG-006-055,,2025-03-24T20:49:52,2025-03-25T05:38:35
A-04722,ORG-006,critical,brute_force,ASSET-ORG-006-092,,2025-01-29T17:39:00,2025-01-29T23:31:56
A-04723,ORG-006,high,data_exfil,ASSET-ORG-006-098,,2025-02-19T10:42:38,2025-02-20T03:44:53
A-04724,ORG-006,low,phishing,ASSET-ORG-006-073,,2025-03-26T15:40:54,2025-03-31T19:28:06
A-04725,ORG-006,low,recon,ASSET-ORG-006-085,CASE-01027,2025-05-14T06:50:54,2025-05-17T05:28:38
A-04726,ORG-006,medium,recon,ASSET-ORG-006-028,,2025-05-19T01:08:52,2025-05-21T19:30:27
A-04727,ORG-006,medium,recon,ASSET-ORG-006-108,,2025-06-16T05:15:15,2025-06-17T12:57:25
A-04728,ORG-006,low,phishing,ASSET-ORG-006-013,,2025-03-22T06:11:21,2025-03-26T06:36:32
A-04729,ORG-006,critical,recon,ASSET-ORG-006-005,,2025-04-11T23:01:10,2025-04-12T04:56:34
A-04730,ORG-006,high,lateral_movement,ASSET-ORG-006-067,,2025-04-30T08:35:02,2025-04-30T20:40:37
A-04731,ORG-006,high,malware,ASSET-ORG-006-027,,2025-01-17T04:53:13,2025-01-18T04:17:00
A-04732,ORG-006,medium,data_exfil,ASSET-ORG-006-087,,2025-03-24T20:41:14,2025-03-26T09:58:00
A-04733,ORG-006,high,malware,ASSET-ORG-006-067,,2025-06-20T12:27:41,2025-06-20T22:46:59
A-04734,ORG-006,high,privilege_escalation,ASSET-ORG-006-043,,2025-02-18T21:37:30,2025-02-19T15:21:38
A-04735,ORG-006,high,brute_force,ASSET-ORG-006-004,CASE-01057,2025-02-06T11:20:55,2025-02-06T23:01:12
A-04736,ORG-006,medium,brute_force,ASSET-ORG-006-058,,2025-02-28T13:11:46,2025-03-03T12:12:58
A-04737,ORG-006,critical,privilege_escalation,ASSET-ORG-006-110,,2025-04-05T20:14:05,2025-04-06T00:12:57
A-04738,ORG-006,medium,data_exfil,ASSET-ORG-006-061,,2025-02-24T06:32:34,2025-02-25T09:27:16
A-04739,ORG-006,high,malware,ASSET-ORG-006-044,,2025-01-13T20:55:25,2025-01-14T08:42:36
A-04740,ORG-006,high,recon,ASSET-ORG-006-055,,2025-05-14T22:23:21,2025-05-15T19:57:11
A-04741,ORG-006,critical,lateral_movement,ASSET-ORG-006-031,CASE-01048,2025-05-05T12:14:47,2025-05-05T18:58:01
A-04742,ORG-006,low,phishing,ASSET-ORG-006-079,,2025-05-22T19:36:09,2025-05-28T14:00:32
A-04743,ORG-006,high,data_exfil,ASSET-ORG-006-098,,2025-01-31T11:40:22,2025-02-01T08:39:13
A-04744,ORG-006,high,lateral_movement,ASSET-ORG-006-063,CASE-01122,2025-03-30T04:28:33,2025-03-30T17:08:05
A-04745,ORG-006,medium,recon,ASSET-ORG-006-024,CASE-01223,2025-05-17T19:44:23,2025-05-18T23:44:32
A-04746,ORG-006,low,malware,ASSET-ORG-006-080,CASE-01260,2025-05-23T20:47:20,2025-05-27T08:32:38
A-04747,ORG-006,high,lateral_movement,ASSET-ORG-006-094,CASE-01251,2025-06-28T19:50:40,2025-06-29T06:18:21
A-04748,ORG-006,medium,malware,ASSET-ORG-006-108,,2025-04-08T09:26:20,2025-04-10T04:51:54
A-04749,ORG-006,medium,recon,ASSET-ORG-006-039,,2025-03-09T21:30:58,2025-03-12T09:57:59
A-04750,ORG-006,medium,malware,ASSET-ORG-006-013,,2025-02-26T18:05:24,2025-03-01T13:41:33
A-04751,ORG-006,low,recon,ASSET-ORG-006-091,,2025-06-26T07:06:00,2025-06-29T08:51:56
A-04752,ORG-006,medium,brute_force,ASSET-ORG-006-013,,2025-01-05T00:42:26,2025-01-07T15:56:57
A-04753,ORG-006,medium,lateral_movement,ASSET-ORG-006-027,,2025-01-26T19:20:35,2025-01-29T07:15:17
A-04754,ORG-006,medium,recon,ASSET-ORG-006-039,,2025-01-29T08:52:40,2025-01-30T10:10:10
A-04755,ORG-006,low,phishing,ASSET-ORG-006-034,,2025-01-19T05:03:27,2025-01-21T19:07:54
A-04756,ORG-006,high,brute_force,ASSET-ORG-006-023,CASE-01232,2025-06-12T22:44:47,2025-06-13T16:59:34
A-04757,ORG-006,high,lateral_movement,ASSET-ORG-006-010,,2025-01-06T21:05:45,2025-01-07T14:55:30
A-04758,ORG-006,high,recon,ASSET-ORG-006-055,CASE-01223,2025-04-16T09:22:44,2025-04-17T01:27:56
A-04759,ORG-006,low,phishing,ASSET-ORG-006-043,CASE-01188,2025-02-28T06:12:02,2025-03-06T02:05:59
A-04760,ORG-006,high,phishing,ASSET-ORG-006-086,,2025-06-27T21:29:09,2025-06-28T14:48:30
A-04761,ORG-006,critical,recon,ASSET-ORG-006-099,CASE-01259,2025-03-06T10:09:56,2025-03-06T17:25:02
A-04762,ORG-006,critical,phishing,ASSET-ORG-006-036,,2025-01-21T04:40:59,2025-01-21T10:47:22
A-04763,ORG-006,high,phishing,ASSET-ORG-006-039,,2025-06-08T16:39:37,2025-06-09T12:11:33
A-04764,ORG-006,low,phishing,ASSET-ORG-006-109,,2025-01-15T12:51:31,2025-01-20T10:48:39
A-04765,ORG-006,low,lateral_movement,ASSET-ORG-006-105,,2025-05-23T11:15:48,2025-05-27T06:07:40
A-04766,ORG-006,medium,phishing,ASSET-ORG-006-013,,2025-01-07T19:24:19,2025-01-09T02:57:01
A-04767,ORG-006,low,data_exfil,ASSET-ORG-006-099,,2025-03-07T10:55:46,2025-03-09T13:48:39
A-04768,ORG-006,medium,phishing,ASSET-ORG-006-011,,2025-02-13T16:10:02,2025-02-15T02:38:10
A-04769,ORG-006,high,lateral_movement,ASSET-ORG-006-082,CASE-01256,2025-03-03T22:35:05,2025-03-04T08:15:38
A-04770,ORG-006,high,lateral_movement,ASSET-ORG-006-069,,2025-06-25T02:24:06,2025-06-25T22:56:55
A-04771,ORG-006,high,lateral_movement,ASSET-ORG-006-060,,2025-01-24T21:07:11,2025-01-25T08:21:32
A-04772,ORG-006,medium,privilege_escalation,ASSET-ORG-006-063,,2025-05-04T16:19:33,2025-05-05T17:08:57
A-04773,ORG-006,medium,brute_force,ASSET-ORG-006-044,,2025-02-05T13:01:17,2025-02-07T21:14:23
A-04774,ORG-006,high,lateral_movement,ASSET-ORG-006-097,CASE-01165,2025-01-08T18:21:20,2025-01-09T10:00:08
A-04775,ORG-006,low,privilege_escalation,ASSET-ORG-006-073,,2025-03-01T17:07:54,2025-03-07T08:02:50
A-04776,ORG-006,high,lateral_movement,ASSET-ORG-006-066,,2025-04-05T11:33:34,2025-04-06T08:14:49
A-04777,ORG-006,low,data_exfil,ASSET-ORG-006-065,CASE-01167,2025-04-02T10:07:34,2025-04-04T13:51:33
A-04778,ORG-006,high,brute_force,ASSET-ORG-006-101,,2025-06-16T17:25:28,2025-06-17T06:38:53
A-04779,ORG-006,low,brute_force,ASSET-ORG-006-027,,2025-01-04T12:11:29,2025-01-09T13:46:35
A-04780,ORG-006,high,phishing,ASSET-ORG-006-021,,2025-03-23T20:37:32,2025-03-24T11:47:03
A-04781,ORG-006,low,lateral_movement,ASSET-ORG-006-083,,2025-03-28T02:59:29,2025-03-31T12:50:21
A-04782,ORG-006,critical,lateral_movement,ASSET-ORG-006-033,,2025-04-06T09:40:50,2025-04-06T15:40:15
A-04783,ORG-006,high,recon,ASSET-ORG-006-099,CASE-01062,2025-06-14T04:06:48,2025-06-15T01:08:54
A-04784,ORG-006,low,recon,ASSET-ORG-006-062,CASE-01180,2025-04-28T02:23:43,2025-05-01T14:01:10
A-04785,ORG-006,high,phishing,ASSET-ORG-006-093,,2025-02-08T01:02:53,2025-02-08T18:38:29
A-04786,ORG-006,medium,phishing,ASSET-ORG-006-045,,2025-04-10T13:28:28,2025-04-11T22:24:48
A-04787,ORG-006,medium,recon,ASSET-ORG-006-014,CASE-01248,2025-06-26T21:48:11,2025-06-29T01:23:35
A-04788,ORG-006,medium,privilege_escalation,ASSET-ORG-006-091,,2025-05-03T16:26:31,2025-05-06T13:16:31
A-04789,ORG-006,medium,malware,ASSET-ORG-006-049,CASE-01174,2025-04-11T06:39:46,2025-04-13T01:16:43
A-04790,ORG-006,critical,phishing,ASSET-ORG-006-027,,2025-06-30T10:13:17,2025-06-30T14:51:17
A-04791,ORG-006,critical,lateral_movement,ASSET-ORG-006-081,CASE-01210,2025-03-26T06:12:53,2025-03-26T09:53:58
A-04792,ORG-006,medium,data_exfil,ASSET-ORG-006-057,,2025-05-11T05:38:08,2025-05-12T22:18:18
A-04793,ORG-006,medium,brute_force,ASSET-ORG-006-056,CASE-01192,2025-04-08T08:35:17,2025-04-11T02:23:49
A-04794,ORG-006,high,lateral_movement,ASSET-ORG-006-063,CASE-01034,2025-02-24T11:49:49,2025-02-24T20:36:40
A-04795,ORG-006,low,lateral_movement,ASSET-ORG-006-061,CASE-01097,2025-04-07T17:18:13,2025-04-10T20:39:17
A-04796,ORG-006,low,privilege_escalation,ASSET-ORG-006-051,CASE-01163,2025-01-16T17:46:34,2025-01-20T00:34:27
A-04797,ORG-006,critical,data_exfil,ASSET-ORG-006-052,,2025-06-14T18:11:37,2025-06-14T22:02:58
A-04798,ORG-006,critical,lateral_movement,ASSET-ORG-006-091,CASE-01145,2025-02-28T01:43:44,2025-02-28T05:47:29
A-04799,ORG-006,medium,recon,ASSET-ORG-006-055,CASE-01185,2025-03-26T05:08:27,2025-03-28T22:32:01
A-04800,ORG-006,low,recon,ASSET-ORG-006-004,,2025-03-02T06:50:44,2025-03-07T08:07:56
A-04801,ORG-006,high,recon,ASSET-ORG-006-063,,2025-03-14T18:15:46,2025-03-15T07:14:11
A-04802,ORG-006,high,lateral_movement,ASSET-ORG-006-008,,2025-04-05T15:05:06,2025-04-06T08:10:39
A-04803,ORG-006,high,lateral_movement,ASSET-ORG-006-011,,2025-05-27T20:09:35,2025-05-28T10:03:12
A-04804,ORG-006,high,phishing,ASSET-ORG-006-059,CASE-01063,2025-05-31T12:31:58,2025-06-01T03:08:48
A-04805,ORG-006,high,recon,ASSET-ORG-006-089,,2025-01-08T12:21:35,2025-01-09T02:10:12
A-04806,ORG-006,medium,privilege_escalation,ASSET-ORG-006-010,CASE-01137,2025-01-31T02:05:31,2025-02-01T04:49:16
A-04807,ORG-006,medium,malware,ASSET-ORG-006-045,,2025-03-13T01:26:29,2025-03-15T16:00:57
A-04808,ORG-006,medium,privilege_escalation,ASSET-ORG-006-075,,2025-06-23T12:56:30,2025-06-25T00:21:27
A-04809,ORG-006,high,brute_force,ASSET-ORG-006-056,,2025-03-07T18:32:32,2025-03-08T05:52:07
A-04810,ORG-006,critical,privilege_escalation,ASSET-ORG-006-100,,2025-04-22T00:49:44,2025-04-22T08:03:32
A-04811,ORG-006,high,recon,ASSET-ORG-006-042,,2025-04-25T00:49:02,2025-04-25T09:34:27
A-04812,ORG-006,critical,privilege_escalation,ASSET-ORG-006-009,,2025-06-06T20:45:23,2025-06-07T00:01:56
A-04813,ORG-006,medium,recon,ASSET-ORG-006-030,,2025-06-11T17:13:19,2025-06-14T07:50:31
A-04814,ORG-006,medium,recon,ASSET-ORG-006-097,,2025-04-23T16:48:28,2025-04-26T09:57:24
A-04815,ORG-006,critical,phishing,ASSET-ORG-006-010,CASE-01099,2025-04-08T13:37:33,2025-04-08T18:53:42
A-04816,ORG-006,critical,lateral_movement,ASSET-ORG-006-094,CASE-01130,2025-04-17T01:57:12,2025-04-17T07:10:28
A-04817,ORG-006,high,malware,ASSET-ORG-006-077,CASE-01095,2025-06-19T16:37:09,2025-06-20T05:01:16
A-04818,ORG-006,medium,malware,ASSET-ORG-006-088,CASE-01153,2025-03-14T09:10:49,2025-03-16T03:38:19
A-04819,ORG-006,high,privilege_escalation,ASSET-ORG-006-101,,2025-06-29T22:16:02,2025-06-30T19:29:50
A-04820,ORG-006,low,phishing,ASSET-ORG-006-108,CASE-01028,2025-06-22T17:40:11,2025-06-26T01:52:47
A-04821,ORG-006,medium,privilege_escalation,ASSET-ORG-006-049,CASE-01127,2025-03-26T00:49:57,2025-03-27T04:51:32
A-04822,ORG-006,critical,brute_force,ASSET-ORG-006-080,,2025-01-05T01:01:42,2025-01-05T07:40:57
A-04823,ORG-006,low,data_exfil,ASSET-ORG-006-074,,2025-05-16T20:07:00,2025-05-20T08:19:44
A-04824,ORG-006,low,malware,ASSET-ORG-006-091,CASE-01171,2025-02-07T00:42:06,2025-02-11T00:07:17
A-04825,ORG-006,medium,recon,ASSET-ORG-006-094,CASE-01228,2025-06-30T04:32:31,
A-04826,ORG-006,critical,data_exfil,ASSET-ORG-006-055,CASE-01057,2025-06-26T00:40:58,2025-06-26T05:09:30
A-04827,ORG-006,critical,lateral_movement,ASSET-ORG-006-075,CASE-01051,2025-01-10T13:12:18,2025-01-10T16:23:43
A-04828,ORG-006,medium,malware,ASSET-ORG-006-079,,2025-06-25T23:23:57,2025-06-28T14:31:11
A-04829,ORG-006,medium,phishing,ASSET-ORG-006-040,,2025-03-16T22:19:00,2025-03-18T14:06:30
A-04830,ORG-006,critical,data_exfil,ASSET-ORG-006-034,,2025-05-03T22:20:19,2025-05-04T01:44:05
A-04831,ORG-006,low,recon,ASSET-ORG-006-006,CASE-01194,2025-01-07T02:12:55,2025-01-09T09:26:30
A-04832,ORG-006,medium,brute_force,ASSET-ORG-006-090,,2025-05-27T08:19:21,2025-05-28T23:59:39
A-04833,ORG-006,high,lateral_movement,ASSET-ORG-006-070,,2025-05-14T15:36:07,2025-05-15T13:11:18
A-04834,ORG-006,low,privilege_escalation,ASSET-ORG-006-036,,2025-05-01T05:47:20,2025-05-03T21:19:03
A-04835,ORG-006,low,privilege_escalation,ASSET-ORG-006-104,,2025-01-23T05:25:03,2025-01-27T08:02:00
A-04836,ORG-006,critical,recon,ASSET-ORG-006-085,,2025-04-26T07:50:43,2025-04-26T12:57:00
A-04837,ORG-006,low,data_exfil,ASSET-ORG-006-051,,2025-03-25T03:32:15,2025-03-30T09:38:45
A-04838,ORG-006,medium,data_exfil,ASSET-ORG-006-029,,2025-04-07T15:06:08,2025-04-10T03:14:25
A-04839,ORG-006,high,brute_force,ASSET-ORG-006-100,CASE-01195,2025-06-04T20:45:20,2025-06-05T07:10:21
A-04840,ORG-006,medium,brute_force,ASSET-ORG-006-079,,2025-05-06T11:37:51,2025-05-07T19:28:28
A-04841,ORG-006,high,phishing,ASSET-ORG-006-092,,2025-03-07T01:55:11,2025-03-07T19:42:16
A-04842,ORG-006,high,lateral_movement,ASSET-ORG-006-047,,2025-01-16T22:26:56,2025-01-17T17:55:00
A-04843,ORG-006,high,phishing,ASSET-ORG-006-039,CASE-01155,2025-03-01T13:24:19,2025-03-02T05:42:39
A-04844,ORG-006,medium,phishing,ASSET-ORG-006-099,CASE-01069,2025-05-01T12:10:32,2025-05-02T20:12:11
A-04845,ORG-006,critical,phishing,ASSET-ORG-006-045,,2025-04-12T09:49:19,2025-04-12T16:47:39
A-04846,ORG-006,medium,lateral_movement,ASSET-ORG-006-064,,2025-03-01T02:39:57,2025-03-02T03:45:57
A-04847,ORG-006,critical,lateral_movement,ASSET-ORG-006-054,CASE-01148,2025-01-21T06:19:29,2025-01-21T12:45:30
A-04848,ORG-006,medium,phishing,ASSET-ORG-006-095,,2025-02-26T03:37:35,2025-02-27T22:44:38
A-04849,ORG-006,high,recon,ASSET-ORG-006-085,,2025-01-25T11:23:08,2025-01-26T00:39:13
A-04850,ORG-006,low,malware,ASSET-ORG-006-086,CASE-01135,2025-03-29T15:45:35,2025-03-31T22:44:37
A-04851,ORG-006,high,recon,ASSET-ORG-006-016,,2025-03-01T02:04:37,2025-03-01T15:38:46
A-04852,ORG-006,critical,data_exfil,ASSET-ORG-006-087,,2025-01-22T04:47:51,2025-01-22T10:15:09
A-04853,ORG-006,medium,malware,ASSET-ORG-006-093,,2025-05-01T05:10:41,2025-05-02T11:37:54
A-04854,ORG-006,high,recon,ASSET-ORG-006-048,,2025-04-04T13:55:16,2025-04-05T09:36:53
A-04855,ORG-006,critical,data_exfil,ASSET-ORG-006-110,,2025-02-11T07:09:21,2025-02-11T12:38:52
A-04856,ORG-006,high,recon,ASSET-ORG-006-067,,2025-06-21T19:57:44,2025-06-22T05:12:38
A-04857,ORG-006,medium,malware,ASSET-ORG-006-106,,2025-04-26T10:38:09,2025-04-29T06:37:41
A-04858,ORG-006,high,phishing,ASSET-ORG-006-003,,2025-05-09T17:47:28,2025-05-10T01:54:57
A-04859,ORG-006,low,data_exfil,ASSET-ORG-006-030,,2025-02-10T23:20:42,2025-02-13T07:01:43
A-04860,ORG-006,critical,phishing,ASSET-ORG-006-101,CASE-01142,2025-04-07T08:40:22,2025-04-07T12:41:35
A-04861,ORG-006,critical,data_exfil,ASSET-ORG-006-030,,2025-03-11T06:03:15,2025-03-11T09:58:23
A-04862,ORG-006,medium,phishing,ASSET-ORG-006-099,,2025-03-01T06:27:57,2025-03-03T09:20:48
A-04863,ORG-006,high,lateral_movement,ASSET-ORG-006-049,,2025-06-09T23:58:20,2025-06-10T09:05:58
A-04864,ORG-006,critical,lateral_movement,ASSET-ORG-006-090,CASE-01106,2025-02-17T01:27:35,2025-02-17T04:30:05
A-04865,ORG-006,medium,privilege_escalation,ASSET-ORG-006-012,CASE-01043,2025-05-17T03:50:43,2025-05-18T18:25:01
A-04866,ORG-006,low,privilege_escalation,ASSET-ORG-006-023,CASE-01118,2025-03-25T02:42:24,2025-03-27T08:38:14
A-04867,ORG-006,high,privilege_escalation,ASSET-ORG-006-060,CASE-01092,2025-04-29T07:09:19,2025-04-30T02:22:10
A-04868,ORG-006,critical,malware,ASSET-ORG-006-083,,2025-04-04T17:01:11,2025-04-04T21:33:24
A-04869,ORG-006,high,phishing,ASSET-ORG-006-066,,2025-06-14T06:39:03,2025-06-15T04:47:41
A-04870,ORG-006,medium,malware,ASSET-ORG-006-027,,2025-01-16T14:09:07,2025-01-17T14:23:19
A-04871,ORG-006,medium,recon,ASSET-ORG-006-064,,2025-03-11T05:07:06,2025-03-12T20:25:33
A-04872,ORG-006,medium,privilege_escalation,ASSET-ORG-006-102,,2025-03-07T04:55:17,2025-03-09T01:55:51
A-04873,ORG-006,medium,recon,ASSET-ORG-006-055,,2025-06-21T23:03:32,2025-06-24T12:56:56
A-04874,ORG-006,critical,phishing,ASSET-ORG-006-048,,2025-06-18T11:16:50,2025-06-18T15:53:13
A-04875,ORG-006,high,data_exfil,ASSET-ORG-006-026,,2025-05-13T02:19:15,2025-05-13T15:32:12
A-04876,ORG-006,medium,phishing,ASSET-ORG-006-096,,2025-02-19T15:54:25,2025-02-22T02:08:49
A-04877,ORG-006,medium,malware,ASSET-ORG-006-005,CASE-01037,2025-06-05T12:05:57,2025-06-07T03:38:02
A-04878,ORG-006,critical,phishing,ASSET-ORG-006-027,CASE-01253,2025-04-24T00:54:48,2025-04-24T05:59:31
A-04879,ORG-006,high,phishing,ASSET-ORG-006-020,,2025-04-18T20:45:24,2025-04-19T11:13:15
A-04880,ORG-006,high,phishing,ASSET-ORG-006-053,,2025-05-25T10:27:12,2025-05-26T08:02:36
A-04881,ORG-006,low,data_exfil,ASSET-ORG-006-063,,2025-04-16T13:10:36,2025-04-21T05:20:32
A-04882,ORG-006,medium,privilege_escalation,ASSET-ORG-006-078,CASE-01057,2025-01-20T11:59:08,2025-01-22T03:08:08
A-04883,ORG-006,high,brute_force,ASSET-ORG-006-046,,2025-06-04T00:05:54,2025-06-04T12:59:24
A-04884,ORG-006,critical,malware,ASSET-ORG-006-110,,2025-03-08T06:13:33,2025-03-08T12:16:16
A-04885,ORG-006,high,recon,ASSET-ORG-006-094,,2025-04-02T03:04:56,2025-04-02T19:02:17
A-04886,ORG-006,high,lateral_movement,ASSET-ORG-006-075,,2025-02-15T04:34:07,2025-02-15T12:50:00
A-04887,ORG-006,high,data_exfil,ASSET-ORG-006-090,,2025-04-19T20:58:15,2025-04-20T12:55:09
A-04888,ORG-006,low,malware,ASSET-ORG-006-081,,2025-04-21T07:47:15,2025-04-25T02:04:44
A-04889,ORG-006,medium,recon,ASSET-ORG-006-090,CASE-01272,2025-05-09T13:47:58,2025-05-10T14:26:19
A-04890,ORG-006,high,privilege_escalation,ASSET-ORG-006-051,,2025-06-25T22:24:55,2025-06-26T10:22:45
A-04891,ORG-006,high,data_exfil,ASSET-ORG-006-005,CASE-01078,2025-01-26T08:28:42,2025-01-27T01:39:57
A-04892,ORG-006,low,brute_force,ASSET-ORG-006-105,,2025-04-15T17:29:39,2025-04-19T08:36:33
A-04893,ORG-006,medium,brute_force,ASSET-ORG-006-109,,2025-05-27T12:20:40,2025-05-28T18:28:40
A-04894,ORG-006,medium,lateral_movement,ASSET-ORG-006-102,,2025-02-26T08:20:11,2025-02-27T22:58:09
A-04895,ORG-006,medium,lateral_movement,ASSET-ORG-006-099,CASE-01078,2025-01-28T22:37:01,2025-01-31T08:10:55
A-04896,ORG-006,high,data_exfil,ASSET-ORG-006-079,,2025-03-29T15:30:50,2025-03-30T10:34:49
A-04897,ORG-006,medium,phishing,ASSET-ORG-006-095,,2025-01-20T16:39:19,2025-01-22T04:56:54
A-04898,ORG-006,critical,recon,ASSET-ORG-006-066,,2025-01-21T20:55:21,2025-01-22T03:56:34
A-04899,ORG-006,high,malware,ASSET-ORG-006-038,,2025-01-01T09:56:11,2025-01-02T00:27:30
A-04900,ORG-006,high,phishing,ASSET-ORG-006-077,,2025-05-14T14:32:22,2025-05-15T05:50:57
A-04901,ORG-006,low,phishing,ASSET-ORG-006-103,,2025-03-21T23:44:23,2025-03-25T19:53:51
A-04902,ORG-006,low,brute_force,ASSET-ORG-006-044,,2025-02-11T03:26:28,2025-02-16T18:46:44
A-04903,ORG-006,low,phishing,ASSET-ORG-006-033,,2025-01-06T01:56:57,2025-01-11T08:08:10
A-04904,ORG-006,medium,brute_force,ASSET-ORG-006-018,,2025-03-13T08:15:48,2025-03-15T01:32:32
A-04905,ORG-006,low,privilege_escalation,ASSET-ORG-006-109,,2025-03-19T16:54:01,2025-03-24T21:47:04
A-04906,ORG-006,high,privilege_escalation,ASSET-ORG-006-023,,2025-01-04T17:17:45,2025-01-05T11:38:35
A-04907,ORG-006,high,brute_force,ASSET-ORG-006-021,,2025-06-01T08:00:18,2025-06-02T05:58:05
A-04908,ORG-006,medium,malware,ASSET-ORG-006-078,,2025-03-26T12:44:47,2025-03-28T06:43:13
A-04909,ORG-006,medium,phishing,ASSET-ORG-006-016,,2025-03-27T09:54:17,2025-03-28T13:54:02
A-04910,ORG-006,critical,lateral_movement,ASSET-ORG-006-031,CASE-01125,2025-04-01T19:41:38,2025-04-02T02:03:00
A-04911,ORG-006,critical,malware,ASSET-ORG-006-064,CASE-01120,2025-01-27T20:47:29,2025-01-27T23:06:51
A-04912,ORG-006,medium,privilege_escalation,ASSET-ORG-006-054,,2025-02-22T17:47:00,2025-02-25T02:11:24
A-04913,ORG-006,medium,recon,ASSET-ORG-006-030,,2025-04-29T11:41:00,2025-05-01T08:50:59
A-04914,ORG-006,medium,phishing,ASSET-ORG-006-019,,2025-03-22T01:14:11,2025-03-25T01:00:19
A-04915,ORG-006,medium,phishing,ASSET-ORG-006-083,,2025-05-07T19:51:18,2025-05-09T18:30:52
A-04916,ORG-006,critical,privilege_escalation,ASSET-ORG-006-091,,2025-03-15T15:01:42,2025-03-15T20:57:41
A-04917,ORG-006,medium,brute_force,ASSET-ORG-006-042,,2025-02-02T18:29:56,2025-02-04T07:52:45
A-04918,ORG-006,low,recon,ASSET-ORG-006-085,,2025-03-04T07:56:36,2025-03-07T11:10:20
A-04919,ORG-006,medium,recon,ASSET-ORG-006-028,,2025-05-19T06:18:55,2025-05-21T00:55:54
A-04920,ORG-006,high,phishing,ASSET-ORG-006-016,CASE-01190,2025-05-10T21:53:09,2025-05-11T16:56:37
A-04921,ORG-006,medium,privilege_escalation,ASSET-ORG-006-095,CASE-01263,2025-05-05T09:41:49,2025-05-06T15:15:09
A-04922,ORG-006,critical,data_exfil,ASSET-ORG-006-043,,2025-01-03T19:44:09,2025-01-03T22:42:36
A-04923,ORG-006,low,lateral_movement,ASSET-ORG-006-045,,2025-01-25T08:15:48,2025-01-29T15:39:57
A-04924,ORG-006,high,data_exfil,ASSET-ORG-006-039,,2025-02-02T10:53:25,2025-02-03T03:20:43
A-04925,ORG-006,high,brute_force,ASSET-ORG-006-088,CASE-01249,2025-03-02T20:02:41,2025-03-03T09:13:52
A-04926,ORG-006,high,lateral_movement,ASSET-ORG-006-110,,2025-06-30T00:07:08,2025-06-30T11:30:12
A-04927,ORG-006,medium,recon,ASSET-ORG-006-095,CASE-01150,2025-06-05T19:33:13,2025-06-08T11:36:51
A-04928,ORG-006,low,malware,ASSET-ORG-006-022,,2025-05-05T11:11:24,2025-05-09T23:55:29
A-04929,ORG-006,medium,recon,ASSET-ORG-006-013,,2025-06-16T10:24:37,2025-06-19T01:44:12
A-04930,ORG-006,medium,privilege_escalation,ASSET-ORG-006-027,CASE-01132,2025-04-16T18:35:37,2025-04-18T15:12:46
A-04931,ORG-006,low,privilege_escalation,ASSET-ORG-006-021,,2025-04-08T10:13:25,2025-04-13T04:59:08
A-04932,ORG-006,medium,data_exfil,ASSET-ORG-006-049,,2025-01-14T13:55:14,2025-01-16T16:45:42
A-04933,ORG-006,medium,malware,ASSET-ORG-006-071,,2025-04-08T23:58:58,2025-04-11T00:22:33
A-04934,ORG-006,low,phishing,ASSET-ORG-006-037,,2025-05-23T21:39:10,2025-05-28T19:56:31
A-04935,ORG-006,low,lateral_movement,ASSET-ORG-006-010,,2025-01-16T05:08:41,2025-01-19T07:56:34
A-04936,ORG-006,low,lateral_movement,ASSET-ORG-006-105,CASE-01085,2025-03-12T10:00:59,2025-03-18T06:59:41
A-04937,ORG-006,critical,malware,ASSET-ORG-006-060,,2025-01-30T14:28:09,2025-01-30T17:48:31
A-04938,ORG-006,medium,malware,ASSET-ORG-006-014,,2025-05-16T16:21:50,2025-05-18T01:05:58
A-04939,ORG-006,low,recon,ASSET-ORG-006-064,,2025-05-29T04:17:46,2025-06-03T00:41:09
A-04940,ORG-006,medium,recon,ASSET-ORG-006-021,CASE-01236,2025-03-27T05:54:31,2025-03-29T22:03:09
A-04941,ORG-006,high,recon,ASSET-ORG-006-106,,2025-01-31T08:44:51,2025-01-31T21:13:23
A-04942,ORG-006,medium,privilege_escalation,ASSET-ORG-006-053,,2025-03-05T21:24:43,2025-03-07T04:59:19
A-04943,ORG-006,critical,data_exfil,ASSET-ORG-006-020,,2025-06-09T05:46:37,2025-06-09T07:59:17
A-04944,ORG-006,medium,phishing,ASSET-ORG-006-007,CASE-01155,2025-02-03T15:03:39,2025-02-06T10:02:08
A-04945,ORG-006,low,phishing,ASSET-ORG-006-075,,2025-01-24T05:33:51,2025-01-27T23:44:12
A-04946,ORG-006,medium,privilege_escalation,ASSET-ORG-006-010,,2025-05-17T01:44:02,2025-05-19T23:49:32
A-04947,ORG-006,low,privilege_escalation,ASSET-ORG-006-036,,2025-04-21T23:11:40,2025-04-26T00:40:35
A-04948,ORG-006,low,recon,ASSET-ORG-006-022,,2025-04-21T18:10:05,2025-04-27T03:29:53
A-04949,ORG-006,critical,recon,ASSET-ORG-006-036,,2025-05-07T04:34:07,2025-05-07T08:58:07
A-04950,ORG-006,low,privilege_escalation,ASSET-ORG-006-023,,2025-02-23T00:18:28,2025-02-25T08:47:10
A-04951,ORG-006,medium,phishing,ASSET-ORG-006-017,,2025-02-16T16:56:05,2025-02-19T05:46:33
A-04952,ORG-006,critical,data_exfil,ASSET-ORG-006-053,,2025-06-30T01:03:55,2025-06-30T04:30:36
A-04953,ORG-006,low,recon,ASSET-ORG-006-027,,2025-04-13T05:08:23,2025-04-17T08:06:03
A-04954,ORG-006,critical,brute_force,ASSET-ORG-006-101,,2025-05-31T18:01:48,2025-05-31T22:33:38
A-04955,ORG-006,medium,privilege_escalation,ASSET-ORG-006-013,,2025-05-31T16:39:20,2025-06-01T20:56:26
A-04956,ORG-006,medium,brute_force,ASSET-ORG-006-067,,2025-05-30T23:29:19,2025-06-02T00:18:54
A-04957,ORG-006,low,malware,ASSET-ORG-006-013,,2025-02-25T09:17:59,2025-03-01T17:13:15
A-04958,ORG-006,medium,data_exfil,ASSET-ORG-006-066,,2025-02-01T15:40:28,2025-02-04T04:49:46
A-04959,ORG-006,medium,brute_force,ASSET-ORG-006-055,,2025-02-14T05:39:08,2025-02-15T11:35:33
A-04960,ORG-006,medium,data_exfil,ASSET-ORG-006-068,CASE-01169,2025-06-24T00:12:19,2025-06-26T22:17:29
A-04961,ORG-006,critical,malware,ASSET-ORG-006-110,,2025-04-30T13:17:52,2025-04-30T17:06:24
A-04962,ORG-006,critical,privilege_escalation,ASSET-ORG-006-098,CASE-01048,2025-05-25T02:09:57,2025-05-25T06:29:29
A-04963,ORG-006,high,lateral_movement,ASSET-ORG-006-011,,2025-05-16T09:23:55,2025-05-16T22:49:29
A-04964,ORG-006,high,lateral_movement,ASSET-ORG-006-076,,2025-02-27T14:35:30,2025-02-28T01:15:43
A-04965,ORG-006,low,recon,ASSET-ORG-006-058,CASE-01031,2025-03-23T12:22:51,2025-03-28T16:58:42
A-04966,ORG-006,high,brute_force,ASSET-ORG-006-001,,2025-01-12T21:07:33,2025-01-13T09:49:42
A-04967,ORG-006,critical,malware,ASSET-ORG-006-050,,2025-05-17T11:28:40,2025-05-17T14:26:42
A-04968,ORG-006,medium,phishing,ASSET-ORG-006-102,,2025-05-05T11:08:34,2025-05-06T13:23:49
A-04969,ORG-006,critical,brute_force,ASSET-ORG-006-099,,2025-04-12T14:34:31,2025-04-12T17:13:12
A-04970,ORG-006,low,malware,ASSET-ORG-006-042,,2025-03-13T19:46:50,2025-03-18T11:51:01
A-04971,ORG-006,high,phishing,ASSET-ORG-006-084,CASE-01172,2025-03-20T09:34:45,2025-03-20T20:21:33
A-04972,ORG-006,low,malware,ASSET-ORG-006-062,,2025-05-23T20:10:39,2025-05-26T19:07:31
A-04973,ORG-006,critical,data_exfil,ASSET-ORG-006-008,CASE-01185,2025-05-16T16:26:13,2025-05-16T21:59:24
A-04974,ORG-006,medium,privilege_escalation,ASSET-ORG-006-045,,2025-04-10T17:32:13,2025-04-12T11:45:19
A-04975,ORG-006,low,lateral_movement,ASSET-ORG-006-059,,2025-01-18T03:45:23,2025-01-21T02:54:10
A-04976,ORG-006,low,data_exfil,ASSET-ORG-006-110,,2025-06-26T02:11:47,2025-06-29T18:43:16
A-04977,ORG-006,medium,malware,ASSET-ORG-006-011,CASE-01143,2025-06-09T15:38:08,2025-06-11T00:17:30
A-04978,ORG-006,medium,privilege_escalation,ASSET-ORG-006-073,CASE-01112,2025-02-07T05:40:56,2025-02-09T08:25:21
A-04979,ORG-006,critical,lateral_movement,ASSET-ORG-006-044,,2025-01-27T15:37:17,2025-01-27T20:45:48
A-04980,ORG-006,medium,lateral_movement,ASSET-ORG-006-034,,2025-04-14T23:40:09,2025-04-16T03:06:14
A-04981,ORG-006,medium,lateral_movement,ASSET-ORG-006-098,,2025-05-10T22:36:41,2025-05-13T20:54:07
A-04982,ORG-006,critical,recon,ASSET-ORG-006-086,,2025-06-13T06:58:04,2025-06-13T13:28:56
A-04983,ORG-006,medium,privilege_escalation,ASSET-ORG-006-028,,2025-01-02T20:44:42,2025-01-05T13:53:39
A-04984,ORG-006,high,brute_force,ASSET-ORG-006-107,,2025-05-23T19:03:18,2025-05-24T15:00:10
A-04985,ORG-006,critical,privilege_escalation,ASSET-ORG-006-046,,2025-03-29T09:38:15,2025-03-29T16:37:40
A-04986,ORG-006,high,recon,ASSET-ORG-006-073,CASE-01260,2025-01-02T08:19:44,2025-01-02T21:15:59
A-04987,ORG-006,medium,recon,ASSET-ORG-006-025,,2025-03-15T20:45:28,2025-03-17T06:26:54
A-04988,ORG-006,medium,data_exfil,ASSET-ORG-006-009,,2025-03-30T10:23:38,2025-04-01T19:43:19
A-04989,ORG-006,critical,data_exfil,ASSET-ORG-006-080,,2025-01-20T06:37:40,2025-01-20T11:52:55
A-04990,ORG-006,high,lateral_movement,ASSET-ORG-006-018,CASE-01188,2025-02-20T01:32:24,2025-02-20T15:30:32
A-04991,ORG-006,high,brute_force,ASSET-ORG-006-006,,2025-03-04T13:07:30,2025-03-05T04:57:07
A-04992,ORG-006,low,recon,ASSET-ORG-006-069,,2025-05-09T00:23:25,2025-05-13T08:31:33
A-04993,ORG-006,critical,recon,ASSET-ORG-006-026,CASE-01172,2025-04-13T01:16:45,2025-04-13T07:28:40
A-04994,ORG-006,medium,privilege_escalation,ASSET-ORG-006-069,,2025-06-16T16:43:42,2025-06-18T15:16:36
A-04995,ORG-006,high,brute_force,ASSET-ORG-006-050,CASE-01255,2025-02-04T08:24:29,2025-02-04T22:05:13
A-04996,ORG-006,medium,data_exfil,ASSET-ORG-006-030,CASE-01131,2025-02-15T04:00:14,2025-02-16T07:27:25
A-04997,ORG-006,high,recon,ASSET-ORG-006-037,,2025-06-06T00:30:23,2025-06-06T13:02:21
A-04998,ORG-006,critical,recon,ASSET-ORG-006-042,,2025-02-27T11:03:56,2025-02-27T18:32:19
A-04999,ORG-006,high,malware,ASSET-ORG-006-074,CASE-01257,2025-05-01T11:14:02,2025-05-01T20:37:01
A-05000,ORG-006,high,data_exfil,ASSET-ORG-006-009,,2025-04-01T08:47:19,2025-04-01T17:08:16
A-05001,ORG-007,high,lateral_movement,ASSET-ORG-007-105,,2025-03-21T21:37:06,2025-03-22T15:09:58
A-05002,ORG-007,high,privilege_escalation,ASSET-ORG-007-037,,2025-05-15T05:16:52,2025-05-15T14:58:48
A-05003,ORG-007,medium,data_exfil,ASSET-ORG-007-105,,2025-03-07T14:24:27,2025-03-09T23:05:16
A-05004,ORG-007,medium,privilege_escalation,ASSET-ORG-007-047,,2025-01-31T04:15:48,2025-02-01T10:11:15
A-05005,ORG-007,low,phishing,ASSET-ORG-007-009,,2025-02-18T06:18:09,2025-02-21T14:01:47
A-05006,ORG-007,medium,malware,ASSET-ORG-007-022,CASE-01433,2025-05-19T16:39:21,2025-05-21T04:02:47
A-05007,ORG-007,high,privilege_escalation,ASSET-ORG-007-028,,2025-01-11T17:03:47,2025-01-12T10:23:05
A-05008,ORG-007,medium,privilege_escalation,ASSET-ORG-007-093,CASE-01450,2025-01-02T23:19:15,2025-01-05T05:43:02
A-05009,ORG-007,high,malware,ASSET-ORG-007-073,CASE-01351,2025-06-10T12:24:09,2025-06-11T05:21:36
A-05010,ORG-007,high,privilege_escalation,ASSET-ORG-007-021,CASE-01453,2025-02-26T22:09:25,2025-02-27T17:15:18
A-05011,ORG-007,low,privilege_escalation,ASSET-ORG-007-007,,2025-04-30T19:22:36,2025-05-04T07:52:28
A-05012,ORG-007,medium,data_exfil,ASSET-ORG-007-021,,2025-04-19T16:07:34,2025-04-22T03:59:15
A-05013,ORG-007,high,malware,ASSET-ORG-007-009,,2025-05-12T10:39:42,2025-05-13T10:25:21
A-05014,ORG-007,medium,privilege_escalation,ASSET-ORG-007-077,,2025-01-31T19:35:03,2025-02-01T22:51:58
A-05015,ORG-007,critical,malware,ASSET-ORG-007-032,,2025-01-21T07:37:59,2025-01-21T14:41:13
A-05016,ORG-007,medium,data_exfil,ASSET-ORG-007-031,CASE-01509,2025-02-27T08:29:45,2025-02-28T15:02:31
A-05017,ORG-007,medium,malware,ASSET-ORG-007-036,,2025-03-21T04:02:39,2025-03-23T05:11:56
A-05018,ORG-007,high,recon,ASSET-ORG-007-010,,2025-03-22T14:10:46,2025-03-23T12:37:49
A-05019,ORG-007,high,data_exfil,ASSET-ORG-007-052,,2025-02-07T13:14:29,2025-02-07T21:40:09
A-05020,ORG-007,critical,data_exfil,ASSET-ORG-007-038,,2025-02-20T20:35:20,2025-02-21T00:29:21
A-05021,ORG-007,high,privilege_escalation,ASSET-ORG-007-051,,2025-05-07T11:12:12,2025-05-08T03:07:30
A-05022,ORG-007,high,brute_force,ASSET-ORG-007-036,CASE-01476,2025-04-17T07:48:07,2025-04-17T23:41:17
A-05023,ORG-007,low,lateral_movement,ASSET-ORG-007-097,,2025-01-15T17:42:09,2025-01-20T21:32:24
A-05024,ORG-007,medium,brute_force,ASSET-ORG-007-013,,2025-06-01T09:28:58,2025-06-03T00:22:14
A-05025,ORG-007,critical,phishing,ASSET-ORG-007-055,,2025-05-29T17:27:38,2025-05-29T22:00:41
A-05026,ORG-007,medium,lateral_movement,ASSET-ORG-007-004,,2025-05-23T07:29:20,2025-05-26T03:54:30
A-05027,ORG-007,critical,data_exfil,ASSET-ORG-007-028,CASE-01428,2025-02-16T10:27:04,2025-02-16T17:36:28
A-05028,ORG-007,medium,brute_force,ASSET-ORG-007-063,CASE-01496,2025-05-26T00:17:04,2025-05-27T09:00:08
A-05029,ORG-007,critical,recon,ASSET-ORG-007-099,,2025-05-25T11:13:41,2025-05-25T15:09:24
A-05030,ORG-007,high,malware,ASSET-ORG-007-054,,2025-04-06T21:36:24,2025-04-07T15:59:33
A-05031,ORG-007,critical,privilege_escalation,ASSET-ORG-007-020,CASE-01393,2025-02-16T01:10:32,2025-02-16T05:15:16
A-05032,ORG-007,high,phishing,ASSET-ORG-007-047,,2025-02-10T01:14:01,2025-02-10T10:43:55
A-05033,ORG-007,medium,recon,ASSET-ORG-007-059,,2025-05-20T17:15:33,2025-05-22T03:15:21
A-05034,ORG-007,low,malware,ASSET-ORG-007-074,,2025-02-19T06:15:42,2025-02-21T21:20:21
A-05035,ORG-007,critical,lateral_movement,ASSET-ORG-007-079,,2025-04-15T12:28:20,2025-04-15T16:02:55
A-05036,ORG-007,medium,malware,ASSET-ORG-007-028,CASE-01306,2025-04-12T14:13:04,2025-04-14T21:37:38
A-05037,ORG-007,low,lateral_movement,ASSET-ORG-007-082,,2025-05-05T14:16:44,2025-05-10T06:14:35
A-05038,ORG-007,critical,phishing,ASSET-ORG-007-018,CASE-01456,2025-02-18T23:20:24,2025-02-19T02:47:04
A-05039,ORG-007,critical,brute_force,ASSET-ORG-007-018,CASE-01337,2025-04-12T06:15:14,2025-04-12T12:40:11
A-05040,ORG-007,medium,brute_force,ASSET-ORG-007-034,,2025-04-01T09:50:14,2025-04-03T06:26:49
A-05041,ORG-007,high,brute_force,ASSET-ORG-007-086,CASE-01361,2025-05-23T03:57:43,2025-05-23T12:34:26
A-05042,ORG-007,low,lateral_movement,ASSET-ORG-007-069,CASE-01349,2025-05-27T13:35:19,2025-05-30T23:22:01
A-05043,ORG-007,critical,recon,ASSET-ORG-007-084,,2025-05-16T09:57:49,2025-05-16T17:27:30
A-05044,ORG-007,medium,malware,ASSET-ORG-007-055,CASE-01355,2025-03-24T05:44:03,2025-03-25T18:41:25
A-05045,ORG-007,high,lateral_movement,ASSET-ORG-007-058,CASE-01279,2025-03-28T03:03:48,2025-03-28T13:20:14
A-05046,ORG-007,high,brute_force,ASSET-ORG-007-023,,2025-06-29T17:50:06,2025-06-30T11:16:49
A-05047,ORG-007,critical,privilege_escalation,ASSET-ORG-007-055,,2025-04-17T17:03:58,2025-04-17T20:16:52
A-05048,ORG-007,critical,recon,ASSET-ORG-007-066,,2025-06-24T07:15:32,2025-06-24T10:55:10
A-05049,ORG-007,medium,data_exfil,ASSET-ORG-007-073,CASE-01361,2025-01-16T22:08:46,2025-01-18T13:33:10
A-05050,ORG-007,critical,brute_force,ASSET-ORG-007-012,,2025-01-05T10:01:22,2025-01-05T12:09:48
A-05051,ORG-007,low,recon,ASSET-ORG-007-102,,2025-04-21T19:18:57,2025-04-26T21:57:19
A-05052,ORG-007,medium,privilege_escalation,ASSET-ORG-007-095,CASE-01474,2025-05-10T14:35:02,2025-05-12T08:50:07
A-05053,ORG-007,critical,phishing,ASSET-ORG-007-022,CASE-01475,2025-02-28T04:28:00,2025-02-28T06:54:51
A-05054,ORG-007,high,privilege_escalation,ASSET-ORG-007-045,,2025-01-10T13:23:45,2025-01-11T04:18:34
A-05055,ORG-007,medium,privilege_escalation,ASSET-ORG-007-074,,2025-02-01T09:20:51,2025-02-02T12:59:14
A-05056,ORG-007,medium,data_exfil,ASSET-ORG-007-006,,2025-01-05T04:21:52,2025-01-07T22:03:19
A-05057,ORG-007,high,brute_force,ASSET-ORG-007-075,CASE-01472,2025-06-24T09:16:12,2025-06-24T18:24:24
A-05058,ORG-007,medium,privilege_escalation,ASSET-ORG-007-003,,2025-05-27T13:48:23,2025-05-28T21:30:04
A-05059,ORG-007,high,phishing,ASSET-ORG-007-090,,2025-01-27T06:35:09,2025-01-28T00:51:35
A-05060,ORG-007,medium,lateral_movement,ASSET-ORG-007-063,,2025-01-15T10:45:59,2025-01-17T11:10:32
A-05061,ORG-007,medium,recon,ASSET-ORG-007-098,,2025-06-24T06:01:12,2025-06-26T05:36:52
A-05062,ORG-007,high,lateral_movement,ASSET-ORG-007-084,CASE-01421,2025-04-07T10:42:25,2025-04-07T19:38:47
A-05063,ORG-007,medium,malware,ASSET-ORG-007-081,,2025-04-02T07:19:27,2025-04-03T20:23:52
A-05064,ORG-007,low,lateral_movement,ASSET-ORG-007-056,,2025-03-23T15:30:30,2025-03-27T03:34:05
A-05065,ORG-007,medium,lateral_movement,ASSET-ORG-007-029,CASE-01441,2025-04-16T05:45:54,2025-04-18T15:43:06
A-05066,ORG-007,critical,privilege_escalation,ASSET-ORG-007-090,,2025-04-12T08:23:03,2025-04-12T14:56:14
A-05067,ORG-007,high,recon,ASSET-ORG-007-043,,2025-01-23T20:01:13,2025-01-24T12:40:59
A-05068,ORG-007,low,malware,ASSET-ORG-007-098,CASE-01388,2025-05-25T13:29:01,2025-05-27T13:34:22
A-05069,ORG-007,critical,malware,ASSET-ORG-007-014,,2025-01-01T22:22:11,2025-01-02T04:06:01
A-05070,ORG-007,low,recon,ASSET-ORG-007-094,,2025-03-03T00:27:18,2025-03-05T12:08:54
A-05071,ORG-007,medium,brute_force,ASSET-ORG-007-042,,2025-01-13T15:11:46,2025-01-15T23:58:25
A-05072,ORG-007,critical,lateral_movement,ASSET-ORG-007-028,,2025-02-22T08:58:43,2025-02-22T14:19:14
A-05073,ORG-007,critical,malware,ASSET-ORG-007-078,,2025-06-20T13:47:56,2025-06-20T16:25:52
A-05074,ORG-007,medium,phishing,ASSET-ORG-007-025,,2025-01-17T15:40:08,2025-01-19T20:37:07
A-05075,ORG-007,low,phishing,ASSET-ORG-007-091,,2025-01-10T08:33:22,2025-01-15T01:38:55
A-05076,ORG-007,high,recon,ASSET-ORG-007-015,,2025-01-12T16:28:28,2025-01-13T07:18:37
A-05077,ORG-007,low,recon,ASSET-ORG-007-021,CASE-01478,2025-06-11T02:27:50,2025-06-13T06:10:27
A-05078,ORG-007,high,recon,ASSET-ORG-007-026,,2025-04-26T08:00:21,2025-04-26T19:25:55
A-05079,ORG-007,low,brute_force,ASSET-ORG-007-060,,2025-04-10T00:58:28,2025-04-12T16:24:40
A-05080,ORG-007,high,recon,ASSET-ORG-007-066,,2025-05-23T03:44:24,2025-05-23T14:00:04
A-05081,ORG-007,critical,malware,ASSET-ORG-007-077,,2025-04-01T04:01:58,2025-04-01T06:23:42
A-05082,ORG-007,critical,brute_force,ASSET-ORG-007-068,CASE-01456,2025-04-16T16:29:22,2025-04-16T19:31:36
A-05083,ORG-007,low,privilege_escalation,ASSET-ORG-007-013,,2025-04-16T22:18:02,2025-04-19T02:35:34
A-05084,ORG-007,medium,privilege_escalation,ASSET-ORG-007-003,,2025-01-12T20:44:21,2025-01-14T15:13:55
A-05085,ORG-007,medium,brute_force,ASSET-ORG-007-078,,2025-03-28T04:05:19,2025-03-30T10:02:17
A-05086,ORG-007,high,data_exfil,ASSET-ORG-007-073,,2025-05-10T01:10:25,2025-05-10T23:42:55
A-05087,ORG-007,critical,privilege_escalation,ASSET-ORG-007-085,CASE-01489,2025-05-17T15:19:49,2025-05-17T19:44:20
A-05088,ORG-007,high,lateral_movement,ASSET-ORG-007-096,,2025-06-29T08:23:15,2025-06-29T23:11:54
A-05089,ORG-007,medium,privilege_escalation,ASSET-ORG-007-095,,2025-02-12T03:43:17,2025-02-14T22:06:22
A-05090,ORG-007,medium,data_exfil,ASSET-ORG-007-052,,2025-03-17T19:16:35,2025-03-20T00:34:20
A-05091,ORG-007,high,privilege_escalation,ASSET-ORG-007-099,CASE-01488,2025-03-04T06:52:30,2025-03-04T23:37:40
A-05092,ORG-007,critical,data_exfil,ASSET-ORG-007-057,,2025-04-17T22:16:28,2025-04-18T02:24:08
A-05093,ORG-007,high,privilege_escalation,ASSET-ORG-007-100,CASE-01310,2025-03-23T06:06:52,2025-03-23T21:40:17
A-05094,ORG-007,low,phishing,ASSET-ORG-007-054,CASE-01434,2025-03-08T15:56:53,2025-03-12T16:50:53
A-05095,ORG-007,medium,brute_force,ASSET-ORG-007-018,CASE-01358,2025-06-10T05:07:55,2025-06-12T14:04:27
A-05096,ORG-007,critical,privilege_escalation,ASSET-ORG-007-071,,2025-01-25T20:34:33,2025-01-26T00:31:19
A-05097,ORG-007,critical,privilege_escalation,ASSET-ORG-007-093,,2025-03-19T11:44:18,2025-03-19T18:01:33
A-05098,ORG-007,high,phishing,ASSET-ORG-007-015,,2025-05-28T14:40:08,2025-05-29T00:04:48
A-05099,ORG-007,low,recon,ASSET-ORG-007-059,,2025-03-07T22:06:46,2025-03-11T02:16:04
A-05100,ORG-007,high,privilege_escalation,ASSET-ORG-007-031,,2025-02-16T04:00:26,2025-02-16T18:54:04
A-05101,ORG-007,high,recon,ASSET-ORG-007-060,,2025-05-26T23:02:58,2025-05-27T08:11:55
A-05102,ORG-007,low,lateral_movement,ASSET-ORG-007-101,CASE-01467,2025-04-10T17:04:06,2025-04-12T23:49:04
A-05103,ORG-007,low,privilege_escalation,ASSET-ORG-007-043,,2025-03-07T06:53:09,2025-03-12T06:09:13
A-05104,ORG-007,high,phishing,ASSET-ORG-007-014,,2025-04-16T18:39:16,2025-04-17T12:35:48
A-05105,ORG-007,high,lateral_movement,ASSET-ORG-007-091,,2025-03-08T09:11:33,2025-03-09T04:39:07
A-05106,ORG-007,medium,malware,ASSET-ORG-007-030,CASE-01304,2025-03-01T05:43:48,2025-03-03T08:26:19
A-05107,ORG-007,high,brute_force,ASSET-ORG-007-104,,2025-05-01T03:13:56,2025-05-02T00:21:35
A-05108,ORG-007,critical,phishing,ASSET-ORG-007-017,,2025-02-14T20:24:20,2025-02-15T02:30:08
A-05109,ORG-007,medium,data_exfil,ASSET-ORG-007-081,,2025-05-25T09:53:33,2025-05-26T21:31:56
A-05110,ORG-007,critical,recon,ASSET-ORG-007-021,CASE-01354,2025-03-27T19:32:48,2025-03-27T21:37:33
A-05111,ORG-007,medium,phishing,ASSET-ORG-007-007,,2025-05-04T04:23:57,2025-05-05T12:53:25
A-05112,ORG-007,critical,lateral_movement,ASSET-ORG-007-099,CASE-01495,2025-02-20T22:55:09,2025-02-21T04:29:25
A-05113,ORG-007,high,privilege_escalation,ASSET-ORG-007-052,,2025-05-18T21:08:56,2025-05-19T11:27:17
A-05114,ORG-007,medium,privilege_escalation,ASSET-ORG-007-068,CASE-01390,2025-02-14T16:19:34,2025-02-17T10:06:05
A-05115,ORG-007,critical,brute_force,ASSET-ORG-007-102,,2025-02-11T15:29:19,2025-02-11T19:08:22
A-05116,ORG-007,medium,data_exfil,ASSET-ORG-007-046,,2025-03-31T20:06:39,2025-04-03T06:33:43
A-05117,ORG-007,critical,recon,ASSET-ORG-007-013,,2025-02-19T18:29:55,2025-02-20T00:21:18
A-05118,ORG-007,medium,privilege_escalation,ASSET-ORG-007-009,,2025-01-15T19:12:31,2025-01-18T00:47:16
A-05119,ORG-007,critical,phishing,ASSET-ORG-007-083,CASE-01313,2025-05-19T13:56:25,2025-05-19T18:21:59
A-05120,ORG-007,medium,recon,ASSET-ORG-007-046,,2025-06-02T11:07:31,2025-06-04T15:53:38
A-05121,ORG-007,critical,lateral_movement,ASSET-ORG-007-048,CASE-01340,2025-03-31T23:55:15,2025-04-01T03:11:57
A-05122,ORG-007,critical,phishing,ASSET-ORG-007-069,CASE-01421,2025-01-26T04:12:10,2025-01-26T10:12:50
A-05123,ORG-007,medium,lateral_movement,ASSET-ORG-007-019,,2025-06-24T01:09:48,2025-06-26T01:33:41
A-05124,ORG-007,low,privilege_escalation,ASSET-ORG-007-060,,2025-03-27T17:04:24,2025-04-02T14:04:06
A-05125,ORG-007,medium,lateral_movement,ASSET-ORG-007-059,CASE-01514,2025-04-20T01:25:06,2025-04-21T03:20:24
A-05126,ORG-007,critical,data_exfil,ASSET-ORG-007-044,,2025-02-11T04:28:21,2025-02-11T11:35:54
A-05127,ORG-007,high,lateral_movement,ASSET-ORG-007-042,,2025-01-03T13:18:30,2025-01-04T05:21:43
A-05128,ORG-007,critical,malware,ASSET-ORG-007-088,,2025-01-17T19:47:48,2025-01-18T00:12:35
A-05129,ORG-007,low,lateral_movement,ASSET-ORG-007-097,CASE-01393,2025-03-18T06:00:16,2025-03-21T05:36:20
A-05130,ORG-007,low,brute_force,ASSET-ORG-007-035,,2025-06-19T06:37:40,2025-06-23T11:26:07
A-05131,ORG-007,medium,brute_force,ASSET-ORG-007-027,,2025-05-07T06:07:37,2025-05-08T08:40:25
A-05132,ORG-007,high,privilege_escalation,ASSET-ORG-007-001,,2025-01-18T07:58:32,2025-01-18T18:15:11
A-05133,ORG-007,high,phishing,ASSET-ORG-007-007,,2025-03-11T11:53:42,2025-03-12T11:50:31
A-05134,ORG-007,medium,lateral_movement,ASSET-ORG-007-024,,2025-01-30T10:13:02,2025-01-31T13:05:58
A-05135,ORG-007,high,privilege_escalation,ASSET-ORG-007-103,,2025-06-27T20:56:01,2025-06-28T19:48:50
A-05136,ORG-007,high,lateral_movement,ASSET-ORG-007-003,,2025-05-10T08:52:16,2025-05-10T17:00:04
A-05137,ORG-007,high,brute_force,ASSET-ORG-007-086,,2025-06-11T00:03:35,2025-06-11T18:56:25
A-05138,ORG-007,critical,phishing,ASSET-ORG-007-044,,2025-02-13T01:25:05,2025-02-13T05:42:58
A-05139,ORG-007,medium,data_exfil,ASSET-ORG-007-039,CASE-01394,2025-02-26T09:41:23,2025-02-27T11:21:18
A-05140,ORG-007,high,privilege_escalation,ASSET-ORG-007-043,CASE-01459,2025-05-27T12:51:54,2025-05-28T09:34:08
A-05141,ORG-007,low,privilege_escalation,ASSET-ORG-007-071,,2025-06-13T01:50:59,2025-06-17T01:05:23
A-05142,ORG-007,critical,data_exfil,ASSET-ORG-007-077,,2025-02-25T08:51:18,2025-02-25T14:11:56
A-05143,ORG-007,medium,recon,ASSET-ORG-007-020,,2025-06-04T01:07:41,2025-06-06T15:52:21
A-05144,ORG-007,critical,data_exfil,ASSET-ORG-007-081,,2025-05-12T17:36:21,2025-05-12T22:42:19
A-05145,ORG-007,medium,brute_force,ASSET-ORG-007-040,,2025-05-23T13:53:54,2025-05-25T04:08:47
A-05146,ORG-007,low,privilege_escalation,ASSET-ORG-007-013,CASE-01338,2025-03-25T22:03:22,2025-03-29T08:04:12
A-05147,ORG-007,low,malware,ASSET-ORG-007-085,,2025-06-22T03:36:14,2025-06-28T00:24:54
A-05148,ORG-007,medium,privilege_escalation,ASSET-ORG-007-101,CASE-01439,2025-01-01T21:42:50,2025-01-04T05:56:21
A-05149,ORG-007,critical,brute_force,ASSET-ORG-007-066,,2025-03-13T17:44:17,2025-03-14T01:04:09
A-05150,ORG-007,high,privilege_escalation,ASSET-ORG-007-058,CASE-01484,2025-04-12T12:01:16,2025-04-13T01:09:55
A-05151,ORG-007,low,privilege_escalation,ASSET-ORG-007-067,,2025-03-31T21:29:49,2025-04-05T20:33:41
A-05152,ORG-007,low,malware,ASSET-ORG-007-042,,2025-05-16T13:31:10,2025-05-20T23:51:30
A-05153,ORG-007,high,privilege_escalation,ASSET-ORG-007-075,,2025-01-07T13:50:55,2025-01-08T09:17:27
A-05154,ORG-007,high,malware,ASSET-ORG-007-100,,2025-05-01T23:47:45,2025-05-02T20:23:08
A-05155,ORG-007,medium,malware,ASSET-ORG-007-040,,2025-01-20T21:34:05,2025-01-22T20:27:54
A-05156,ORG-007,critical,data_exfil,ASSET-ORG-007-063,,2025-06-09T12:04:32,2025-06-09T18:13:57
A-05157,ORG-007,low,recon,ASSET-ORG-007-044,,2025-06-10T15:34:09,2025-06-15T04:36:49
A-05158,ORG-007,medium,malware,ASSET-ORG-007-052,CASE-01524,2025-06-06T08:07:29,2025-06-08T21:50:19
A-05159,ORG-007,high,data_exfil,ASSET-ORG-007-039,,2025-04-06T06:46:53,2025-04-07T00:45:03
A-05160,ORG-007,critical,phishing,ASSET-ORG-007-085,CASE-01491,2025-06-29T09:44:16,2025-06-29T16:48:17
A-05161,ORG-007,critical,privilege_escalation,ASSET-ORG-007-011,CASE-01462,2025-05-06T14:59:51,2025-05-06T21:07:26
A-05162,ORG-007,critical,recon,ASSET-ORG-007-104,,2025-02-23T05:21:34,2025-02-23T08:32:16
A-05163,ORG-007,critical,privilege_escalation,ASSET-ORG-007-100,,2025-04-03T18:53:01,2025-04-03T20:57:47
A-05164,ORG-007,high,brute_force,ASSET-ORG-007-094,,2025-02-07T11:48:02,2025-02-08T03:15:33
A-05165,ORG-007,high,malware,ASSET-ORG-007-081,CASE-01317,2025-03-03T19:52:28,2025-03-04T18:52:22
A-05166,ORG-007,critical,data_exfil,ASSET-ORG-007-020,,2025-01-26T13:01:43,2025-01-26T17:10:19
A-05167,ORG-007,high,brute_force,ASSET-ORG-007-097,,2025-05-23T07:30:22,2025-05-23T20:32:31
A-05168,ORG-007,medium,recon,ASSET-ORG-007-093,,2025-03-04T13:27:22,2025-03-06T17:48:36
A-05169,ORG-007,low,phishing,ASSET-ORG-007-058,,2025-04-11T11:52:47,2025-04-14T17:01:51
A-05170,ORG-007,high,brute_force,ASSET-ORG-007-014,,2025-05-13T22:42:22,2025-05-14T22:38:30
A-05171,ORG-007,low,lateral_movement,ASSET-ORG-007-078,CASE-01333,2025-02-02T09:03:18,2025-02-06T19:25:31
A-05172,ORG-007,high,recon,ASSET-ORG-007-099,CASE-01467,2025-06-05T05:46:45,2025-06-06T05:30:35
A-05173,ORG-007,critical,lateral_movement,ASSET-ORG-007-062,,2025-05-22T21:31:59,2025-05-23T04:33:35
A-05174,ORG-007,critical,recon,ASSET-ORG-007-071,CASE-01316,2025-01-21T02:19:04,2025-01-21T07:56:49
A-05175,ORG-007,medium,phishing,ASSET-ORG-007-030,,2025-02-02T07:34:04,2025-02-04T19:36:15
A-05176,ORG-007,high,malware,ASSET-ORG-007-067,,2025-02-11T14:36:37,2025-02-12T08:44:07
A-05177,ORG-007,medium,lateral_movement,ASSET-ORG-007-022,,2025-05-11T04:33:25,2025-05-12T16:30:17
A-05178,ORG-007,medium,data_exfil,ASSET-ORG-007-016,,2025-04-27T20:12:42,2025-04-30T14:42:56
A-05179,ORG-007,critical,malware,ASSET-ORG-007-031,,2025-05-05T21:23:56,2025-05-06T01:27:47
A-05180,ORG-007,low,brute_force,ASSET-ORG-007-058,,2025-01-26T11:33:37,2025-01-29T10:02:11
A-05181,ORG-007,medium,data_exfil,ASSET-ORG-007-103,,2025-02-21T03:22:40,2025-02-22T21:53:29
A-05182,ORG-007,critical,data_exfil,ASSET-ORG-007-033,,2025-04-11T00:35:15,2025-04-11T05:54:26
A-05183,ORG-007,critical,lateral_movement,ASSET-ORG-007-101,,2025-04-17T22:36:57,2025-04-18T02:51:35
A-05184,ORG-007,low,brute_force,ASSET-ORG-007-075,,2025-04-11T17:49:41,2025-04-16T10:09:53
A-05185,ORG-007,medium,lateral_movement,ASSET-ORG-007-041,,2025-04-01T20:08:23,2025-04-03T13:12:21
A-05186,ORG-007,low,phishing,ASSET-ORG-007-032,,2025-04-14T17:23:40,2025-04-20T07:37:40
A-05187,ORG-007,medium,brute_force,ASSET-ORG-007-056,,2025-04-26T08:54:24,2025-04-28T05:59:00
A-05188,ORG-007,low,malware,ASSET-ORG-007-020,,2025-05-25T07:15:42,2025-05-27T13:39:26
A-05189,ORG-007,medium,brute_force,ASSET-ORG-007-021,,2025-02-01T01:10:13,2025-02-02T20:15:42
A-05190,ORG-007,high,data_exfil,ASSET-ORG-007-020,,2025-01-11T13:22:09,2025-01-11T22:48:17
A-05191,ORG-007,medium,data_exfil,ASSET-ORG-007-059,,2025-06-19T10:08:16,2025-06-21T07:34:01
A-05192,ORG-007,high,lateral_movement,ASSET-ORG-007-078,,2025-06-03T07:22:42,2025-06-04T02:24:03
A-05193,ORG-007,low,lateral_movement,ASSET-ORG-007-092,,2025-04-11T01:12:59,2025-04-13T08:50:06
A-05194,ORG-007,medium,malware,ASSET-ORG-007-002,CASE-01445,2025-04-19T18:03:57,2025-04-21T09:40:41
A-05195,ORG-007,medium,malware,ASSET-ORG-007-104,,2025-02-08T01:18:00,2025-02-10T22:13:50
A-05196,ORG-007,critical,brute_force,ASSET-ORG-007-035,,2025-02-09T23:05:02,2025-02-10T02:02:36
A-05197,ORG-007,medium,privilege_escalation,ASSET-ORG-007-100,,2025-02-22T12:55:25,2025-02-25T05:02:01
A-05198,ORG-007,low,lateral_movement,ASSET-ORG-007-070,,2025-01-22T00:50:34,2025-01-27T18:37:07
A-05199,ORG-007,critical,phishing,ASSET-ORG-007-083,,2025-04-24T06:24:21,2025-04-24T09:37:04
A-05200,ORG-007,medium,recon,ASSET-ORG-007-070,CASE-01478,2025-03-18T21:59:01,2025-03-20T13:19:25
A-05201,ORG-007,high,malware,ASSET-ORG-007-036,CASE-01282,2025-03-25T06:40:20,2025-03-26T05:47:26
A-05202,ORG-007,low,privilege_escalation,ASSET-ORG-007-033,,2025-04-16T21:24:21,2025-04-21T06:37:48
A-05203,ORG-007,high,privilege_escalation,ASSET-ORG-007-105,,2025-02-19T18:54:53,2025-02-20T07:52:35
A-05204,ORG-007,high,phishing,ASSET-ORG-007-042,,2025-03-06T21:40:10,2025-03-07T14:01:55
A-05205,ORG-007,critical,phishing,ASSET-ORG-007-083,CASE-01330,2025-05-23T02:06:30,2025-05-23T08:26:07
A-05206,ORG-007,low,brute_force,ASSET-ORG-007-021,CASE-01449,2025-01-23T06:15:22,2025-01-27T08:19:54
A-05207,ORG-007,low,lateral_movement,ASSET-ORG-007-019,CASE-01472,2025-02-16T20:55:38,2025-02-19T06:58:55
A-05208,ORG-007,high,malware,ASSET-ORG-007-094,,2025-03-16T23:21:05,2025-03-17T14:20:11
A-05209,ORG-007,high,brute_force,ASSET-ORG-007-102,CASE-01391,2025-04-24T03:44:39,2025-04-24T19:44:20
A-05210,ORG-007,medium,brute_force,ASSET-ORG-007-051,,2025-06-28T08:42:27,2025-06-30T08:50:11
A-05211,ORG-007,high,lateral_movement,ASSET-ORG-007-069,,2025-03-26T18:56:46,2025-03-27T17:10:08
A-05212,ORG-007,critical,phishing,ASSET-ORG-007-073,,2025-01-19T03:05:28,2025-01-19T09:37:10
A-05213,ORG-007,low,malware,ASSET-ORG-007-011,CASE-01508,2025-06-01T20:49:59,2025-06-03T22:42:15
A-05214,ORG-007,low,recon,ASSET-ORG-007-021,,2025-05-23T05:27:18,2025-05-27T16:57:53
A-05215,ORG-007,critical,phishing,ASSET-ORG-007-024,,2025-03-03T16:40:00,2025-03-03T19:10:53
A-05216,ORG-007,low,brute_force,ASSET-ORG-007-085,,2025-05-15T16:17:45,2025-05-19T19:16:13
A-05217,ORG-007,high,data_exfil,ASSET-ORG-007-021,,2025-03-28T03:44:14,2025-03-28T21:10:47
A-05218,ORG-007,high,privilege_escalation,ASSET-ORG-007-057,,2025-06-08T12:55:11,2025-06-09T09:14:24
A-05219,ORG-007,high,recon,ASSET-ORG-007-099,,2025-04-23T05:00:35,2025-04-24T02:35:04
A-05220,ORG-007,low,phishing,ASSET-ORG-007-058,,2025-03-14T23:31:14,2025-03-17T11:57:28
A-05221,ORG-007,medium,privilege_escalation,ASSET-ORG-007-027,CASE-01523,2025-06-27T02:06:36,2025-06-28T04:16:27
A-05222,ORG-007,low,phishing,ASSET-ORG-007-011,CASE-01401,2025-02-01T07:58:20,2025-02-05T19:04:39
A-05223,ORG-007,critical,data_exfil,ASSET-ORG-007-022,,2025-02-03T02:26:47,2025-02-03T07:24:04
A-05224,ORG-007,medium,privilege_escalation,ASSET-ORG-007-037,,2025-02-26T10:20:07,2025-02-28T03:04:12
A-05225,ORG-007,critical,malware,ASSET-ORG-007-022,,2025-03-10T21:39:16,2025-03-11T00:51:42
A-05226,ORG-007,critical,brute_force,ASSET-ORG-007-062,,2025-06-27T12:46:53,2025-06-27T20:24:17
A-05227,ORG-007,high,recon,ASSET-ORG-007-079,CASE-01463,2025-02-11T22:51:56,2025-02-12T22:48:16
A-05228,ORG-007,low,lateral_movement,ASSET-ORG-007-069,CASE-01379,2025-06-05T19:34:40,2025-06-09T09:07:57
A-05229,ORG-007,medium,privilege_escalation,ASSET-ORG-007-013,,2025-04-19T02:00:20,2025-04-20T23:09:50
A-05230,ORG-007,critical,lateral_movement,ASSET-ORG-007-035,CASE-01312,2025-05-01T16:42:48,2025-05-01T22:35:45
A-05231,ORG-007,high,brute_force,ASSET-ORG-007-097,,2025-05-13T16:50:24,2025-05-14T07:09:24
A-05232,ORG-007,medium,lateral_movement,ASSET-ORG-007-105,,2025-04-29T03:12:56,2025-05-02T00:09:30
A-05233,ORG-007,critical,phishing,ASSET-ORG-007-044,,2025-04-30T19:24:49,2025-04-30T23:40:31
A-05234,ORG-007,medium,brute_force,ASSET-ORG-007-041,,2025-05-02T09:37:35,2025-05-03T10:29:30
A-05235,ORG-007,medium,data_exfil,ASSET-ORG-007-057,,2025-01-29T20:06:35,2025-01-31T13:25:11
A-05236,ORG-007,high,malware,ASSET-ORG-007-053,CASE-01386,2025-02-09T03:20:37,2025-02-09T21:14:14
A-05237,ORG-007,medium,privilege_escalation,ASSET-ORG-007-005,,2025-03-31T03:01:40,2025-04-01T18:13:09
A-05238,ORG-007,medium,phishing,ASSET-ORG-007-052,,2025-01-14T09:11:00,2025-01-16T05:59:17
A-05239,ORG-007,medium,recon,ASSET-ORG-007-047,,2025-03-16T05:47:11,2025-03-18T06:01:31
A-05240,ORG-007,high,phishing,ASSET-ORG-007-104,CASE-01436,2025-01-25T14:50:39,2025-01-26T08:38:00
A-05241,ORG-007,critical,data_exfil,ASSET-ORG-007-099,,2025-02-28T06:23:59,2025-02-28T13:03:05
A-05242,ORG-007,high,malware,ASSET-ORG-007-061,,2025-01-02T03:49:56,2025-01-02T23:52:02
A-05243,ORG-007,medium,data_exfil,ASSET-ORG-007-048,CASE-01444,2025-04-28T17:14:43,2025-04-30T07:11:13
A-05244,ORG-007,high,phishing,ASSET-ORG-007-083,,2025-01-15T20:03:55,2025-01-16T17:49:07
A-05245,ORG-007,high,privilege_escalation,ASSET-ORG-007-023,,2025-03-23T21:53:41,2025-03-24T12:00:24
A-05246,ORG-007,critical,data_exfil,ASSET-ORG-007-076,,2025-04-27T17:12:32,2025-04-27T23:32:58
A-05247,ORG-007,high,data_exfil,ASSET-ORG-007-066,,2025-05-04T07:02:44,2025-05-04T15:49:51
A-05248,ORG-007,high,brute_force,ASSET-ORG-007-091,,2025-04-03T04:35:53,2025-04-03T16:07:56
A-05249,ORG-007,low,lateral_movement,ASSET-ORG-007-060,,2025-01-05T12:48:35,2025-01-09T22:36:06
A-05250,ORG-007,medium,brute_force,ASSET-ORG-007-070,,2025-06-03T15:56:29,2025-06-05T19:07:14
A-05251,ORG-007,low,phishing,ASSET-ORG-007-022,,2025-06-15T17:47:18,2025-06-20T13:42:49
A-05252,ORG-007,low,malware,ASSET-ORG-007-093,,2025-06-10T01:45:58,2025-06-14T00:37:29
A-05253,ORG-007,high,data_exfil,ASSET-ORG-007-021,,2025-03-17T16:19:49,2025-03-18T07:37:45
A-05254,ORG-007,medium,privilege_escalation,ASSET-ORG-007-048,,2025-01-25T10:11:58,2025-01-27T19:00:38
A-05255,ORG-007,critical,recon,ASSET-ORG-007-042,,2025-02-19T11:39:00,2025-02-19T17:16:23
A-05256,ORG-007,high,privilege_escalation,ASSET-ORG-007-026,,2025-06-17T09:35:09,2025-06-17T20:30:37
A-05257,ORG-007,high,phishing,ASSET-ORG-007-084,,2025-01-31T00:48:04,2025-01-31T15:18:43
A-05258,ORG-007,medium,privilege_escalation,ASSET-ORG-007-051,,2025-03-25T10:15:06,2025-03-27T17:54:38
A-05259,ORG-007,critical,malware,ASSET-ORG-007-003,,2025-01-30T10:46:04,2025-01-30T17:39:18
A-05260,ORG-007,medium,data_exfil,ASSET-ORG-007-053,,2025-06-14T21:00:11,2025-06-16T03:33:33
A-05261,ORG-007,medium,lateral_movement,ASSET-ORG-007-075,,2025-06-23T08:45:48,2025-06-24T13:49:26
A-05262,ORG-007,medium,privilege_escalation,ASSET-ORG-007-038,CASE-01494,2025-05-29T10:36:57,2025-05-30T22:23:53
A-05263,ORG-007,high,phishing,ASSET-ORG-007-048,,2025-02-09T08:56:32,2025-02-10T01:15:09
A-05264,ORG-007,high,malware,ASSET-ORG-007-049,,2025-02-02T11:18:09,2025-02-03T00:33:24
A-05265,ORG-007,critical,data_exfil,ASSET-ORG-007-060,,2025-05-27T12:14:19,2025-05-27T16:54:42
A-05266,ORG-007,critical,lateral_movement,ASSET-ORG-007-042,,2025-01-02T20:24:50,2025-01-03T02:33:44
A-05267,ORG-007,high,recon,ASSET-ORG-007-064,,2025-03-15T06:25:09,2025-03-15T17:34:11
A-05268,ORG-007,critical,malware,ASSET-ORG-007-049,CASE-01362,2025-02-24T09:48:45,2025-02-24T16:55:12
A-05269,ORG-007,critical,lateral_movement,ASSET-ORG-007-059,,2025-05-11T20:55:22,2025-05-12T00:40:35
A-05270,ORG-007,medium,lateral_movement,ASSET-ORG-007-080,CASE-01480,2025-06-13T17:59:56,2025-06-16T00:04:54
A-05271,ORG-007,critical,recon,ASSET-ORG-007-086,CASE-01309,2025-06-05T20:19:44,2025-06-06T03:29:14
A-05272,ORG-007,high,brute_force,ASSET-ORG-007-031,,2025-01-02T11:11:25,2025-01-02T20:43:08
A-05273,ORG-007,high,brute_force,ASSET-ORG-007-047,,2025-05-12T15:35:12,2025-05-13T11:38:51
A-05274,ORG-007,high,recon,ASSET-ORG-007-086,,2025-04-03T11:51:25,2025-04-03T19:53:12
A-05275,ORG-007,low,privilege_escalation,ASSET-ORG-007-001,CASE-01517,2025-01-07T13:56:36,2025-01-11T07:38:20
A-05276,ORG-007,medium,recon,ASSET-ORG-007-056,CASE-01288,2025-03-02T22:01:27,2025-03-04T19:50:20
A-05277,ORG-007,critical,recon,ASSET-ORG-007-008,,2025-05-25T22:18:52,2025-05-26T06:10:13
A-05278,ORG-007,high,recon,ASSET-ORG-007-094,,2025-01-28T21:03:51,2025-01-29T16:21:06
A-05279,ORG-007,medium,phishing,ASSET-ORG-007-092,,2025-02-16T16:03:15,2025-02-18T16:24:20
A-05280,ORG-007,low,brute_force,ASSET-ORG-007-011,,2025-03-31T17:37:38,2025-04-04T22:41:21
A-05281,ORG-007,critical,malware,ASSET-ORG-007-088,,2025-03-28T17:35:32,2025-03-28T23:08:55
A-05282,ORG-007,critical,privilege_escalation,ASSET-ORG-007-051,,2025-05-29T01:57:14,2025-05-29T05:25:19
A-05283,ORG-007,critical,phishing,ASSET-ORG-007-001,,2025-01-14T20:19:32,2025-01-15T00:41:33
A-05284,ORG-007,critical,recon,ASSET-ORG-007-042,CASE-01408,2025-05-24T14:59:30,2025-05-24T19:40:41
A-05285,ORG-007,medium,malware,ASSET-ORG-007-089,CASE-01284,2025-06-30T19:40:09,
A-05286,ORG-007,critical,recon,ASSET-ORG-007-076,CASE-01411,2025-06-23T18:55:12,2025-06-23T23:07:02
A-05287,ORG-007,high,brute_force,ASSET-ORG-007-086,,2025-04-13T06:44:10,2025-04-13T21:52:39
A-05288,ORG-007,high,brute_force,ASSET-ORG-007-047,,2025-05-15T14:11:30,2025-05-16T06:06:20
A-05289,ORG-007,critical,brute_force,ASSET-ORG-007-017,CASE-01326,2025-05-18T11:27:44,2025-05-18T17:10:27
A-05290,ORG-007,high,recon,ASSET-ORG-007-046,CASE-01381,2025-02-03T22:06:50,2025-02-04T09:35:20
A-05291,ORG-007,medium,lateral_movement,ASSET-ORG-007-029,CASE-01278,2025-05-10T01:00:43,2025-05-12T00:10:35
A-05292,ORG-007,high,phishing,ASSET-ORG-007-067,,2025-03-16T10:05:08,2025-03-17T07:01:57
A-05293,ORG-007,low,data_exfil,ASSET-ORG-007-044,,2025-05-05T03:23:08,2025-05-09T06:32:05
A-05294,ORG-007,high,data_exfil,ASSET-ORG-007-028,,2025-01-13T02:47:04,2025-01-14T02:40:55
A-05295,ORG-007,low,brute_force,ASSET-ORG-007-104,,2025-05-03T05:24:59,2025-05-07T13:58:42
A-05296,ORG-007,medium,malware,ASSET-ORG-007-045,,2025-05-12T05:44:18,2025-05-15T04:06:25
A-05297,ORG-007,high,malware,ASSET-ORG-007-082,,2025-02-17T13:03:15,2025-02-18T10:01:26
A-05298,ORG-007,low,brute_force,ASSET-ORG-007-082,,2025-06-17T19:15:55,2025-06-20T13:44:38
A-05299,ORG-007,medium,data_exfil,ASSET-ORG-007-069,,2025-04-01T18:31:47,2025-04-04T00:22:14
A-05300,ORG-007,medium,privilege_escalation,ASSET-ORG-007-046,CASE-01511,2025-03-12T15:29:30,2025-03-13T22:32:45
A-05301,ORG-007,high,privilege_escalation,ASSET-ORG-007-078,,2025-06-19T12:15:32,2025-06-20T03:11:49
A-05302,ORG-007,critical,recon,ASSET-ORG-007-057,CASE-01397,2025-06-11T22:07:10,2025-06-12T01:16:01
A-05303,ORG-007,high,data_exfil,ASSET-ORG-007-022,,2025-05-06T20:33:13,2025-05-07T20:26:58
A-05304,ORG-007,high,privilege_escalation,ASSET-ORG-007-062,,2025-03-23T01:30:38,2025-03-23T20:37:01
A-05305,ORG-007,medium,privilege_escalation,ASSET-ORG-007-009,,2025-04-28T09:48:41,2025-04-30T07:27:54
A-05306,ORG-007,medium,malware,ASSET-ORG-007-105,CASE-01400,2025-05-16T08:46:52,2025-05-18T19:17:07
A-05307,ORG-007,critical,privilege_escalation,ASSET-ORG-007-005,CASE-01513,2025-06-06T16:28:41,2025-06-06T20:19:27
A-05308,ORG-007,high,malware,ASSET-ORG-007-057,,2025-01-27T17:36:51,2025-01-28T15:43:30
A-05309,ORG-007,high,data_exfil,ASSET-ORG-007-027,,2025-05-30T16:28:40,2025-05-31T15:16:41
A-05310,ORG-007,high,privilege_escalation,ASSET-ORG-007-027,,2025-03-09T22:14:26,2025-03-10T06:36:16
A-05311,ORG-007,low,malware,ASSET-ORG-007-074,,2025-04-23T15:47:19,2025-04-28T16:33:08
A-05312,ORG-007,low,brute_force,ASSET-ORG-007-089,,2025-01-02T05:21:56,2025-01-06T22:50:24
A-05313,ORG-007,medium,data_exfil,ASSET-ORG-007-015,,2025-05-07T04:07:14,2025-05-09T20:38:53
A-05314,ORG-007,critical,recon,ASSET-ORG-007-035,,2025-02-07T06:10:55,2025-02-07T11:54:18
A-05315,ORG-007,medium,brute_force,ASSET-ORG-007-071,,2025-05-07T05:30:11,2025-05-08T06:06:35
A-05316,ORG-007,medium,brute_force,ASSET-ORG-007-086,,2025-04-11T14:12:42,2025-04-13T10:23:00
A-05317,ORG-007,low,lateral_movement,ASSET-ORG-007-001,,2025-01-26T04:06:39,2025-01-28T18:03:46
A-05318,ORG-007,high,phishing,ASSET-ORG-007-097,,2025-05-22T02:32:45,2025-05-22T23:50:12
A-05319,ORG-007,high,lateral_movement,ASSET-ORG-007-019,,2025-01-13T16:30:03,2025-01-14T13:50:12
A-05320,ORG-007,low,data_exfil,ASSET-ORG-007-014,,2025-01-04T18:22:08,2025-01-09T21:55:44
A-05321,ORG-007,high,phishing,ASSET-ORG-007-089,CASE-01524,2025-02-20T02:47:59,2025-02-20T21:05:40
A-05322,ORG-007,medium,lateral_movement,ASSET-ORG-007-025,,2025-02-02T05:00:07,2025-02-03T16:44:54
A-05323,ORG-007,low,phishing,ASSET-ORG-007-044,,2025-01-06T02:24:19,2025-01-09T05:14:15
A-05324,ORG-007,high,lateral_movement,ASSET-ORG-007-051,CASE-01512,2025-05-05T05:12:15,2025-05-05T23:44:47
A-05325,ORG-007,low,lateral_movement,ASSET-ORG-007-092,,2025-04-06T08:32:47,2025-04-10T09:19:46
A-05326,ORG-007,critical,lateral_movement,ASSET-ORG-007-006,,2025-01-07T12:21:04,2025-01-07T17:07:50
A-05327,ORG-007,low,data_exfil,ASSET-ORG-007-082,CASE-01446,2025-02-10T22:27:43,2025-02-16T07:00:04
A-05328,ORG-007,high,lateral_movement,ASSET-ORG-007-053,CASE-01297,2025-02-16T13:56:16,2025-02-17T07:49:24
A-05329,ORG-007,medium,brute_force,ASSET-ORG-007-079,,2025-01-14T18:25:50,2025-01-17T14:32:25
A-05330,ORG-007,low,brute_force,ASSET-ORG-007-103,CASE-01437,2025-03-03T04:54:37,2025-03-07T03:37:17
A-05331,ORG-007,high,brute_force,ASSET-ORG-007-020,,2025-04-16T04:09:08,2025-04-16T15:57:24
A-05332,ORG-007,high,brute_force,ASSET-ORG-007-024,,2025-06-03T23:24:37,2025-06-04T16:44:01
A-05333,ORG-007,medium,data_exfil,ASSET-ORG-007-001,,2025-05-27T20:01:40,2025-05-29T21:58:05
A-05334,ORG-007,medium,malware,ASSET-ORG-007-055,,2025-03-14T02:07:47,2025-03-17T00:57:05
A-05335,ORG-007,high,lateral_movement,ASSET-ORG-007-082,,2025-06-05T21:13:19,2025-06-06T17:01:41
A-05336,ORG-007,high,brute_force,ASSET-ORG-007-053,CASE-01336,2025-02-01T21:32:01,2025-02-02T20:29:21
A-05337,ORG-007,medium,phishing,ASSET-ORG-007-091,,2025-06-21T21:10:24,2025-06-23T12:43:53
A-05338,ORG-007,low,data_exfil,ASSET-ORG-007-052,,2025-01-08T01:22:58,2025-01-12T03:12:39
A-05339,ORG-007,medium,recon,ASSET-ORG-007-088,CASE-01342,2025-02-12T10:13:18,2025-02-14T02:58:48
A-05340,ORG-007,low,recon,ASSET-ORG-007-094,,2025-05-24T08:50:16,2025-05-27T14:38:52
A-05341,ORG-007,medium,phishing,ASSET-ORG-007-061,,2025-02-11T09:35:26,2025-02-13T10:15:50
A-05342,ORG-007,medium,lateral_movement,ASSET-ORG-007-051,CASE-01467,2025-05-14T16:11:07,2025-05-17T05:39:47
A-05343,ORG-007,high,recon,ASSET-ORG-007-058,,2025-02-08T17:18:32,2025-02-09T03:41:47
A-05344,ORG-007,medium,phishing,ASSET-ORG-007-051,,2025-05-27T04:49:08,2025-05-30T00:42:54
A-05345,ORG-007,medium,brute_force,ASSET-ORG-007-030,,2025-05-20T19:49:17,2025-05-23T13:26:09
A-05346,ORG-007,medium,privilege_escalation,ASSET-ORG-007-098,CASE-01289,2025-04-24T18:04:52,2025-04-27T12:32:19
A-05347,ORG-007,low,data_exfil,ASSET-ORG-007-037,,2025-02-02T18:04:56,2025-02-07T02:56:58
A-05348,ORG-007,low,privilege_escalation,ASSET-ORG-007-022,,2025-04-12T17:20:04,2025-04-16T17:15:30
A-05349,ORG-007,medium,lateral_movement,ASSET-ORG-007-100,,2025-06-26T12:08:15,2025-06-28T04:03:35
A-05350,ORG-007,medium,phishing,ASSET-ORG-007-012,,2025-04-19T01:46:52,2025-04-21T19:02:01
A-05351,ORG-007,medium,recon,ASSET-ORG-007-023,CASE-01352,2025-02-19T13:24:04,2025-02-21T18:40:30
A-05352,ORG-007,medium,recon,ASSET-ORG-007-093,,2025-06-04T17:49:05,2025-06-07T16:24:02
A-05353,ORG-007,critical,data_exfil,ASSET-ORG-007-056,CASE-01291,2025-03-27T21:32:33,2025-03-28T00:01:22
A-05354,ORG-007,low,brute_force,ASSET-ORG-007-036,,2025-05-11T05:56:00,2025-05-13T12:38:33
A-05355,ORG-007,critical,lateral_movement,ASSET-ORG-007-068,,2025-01-31T19:49:18,2025-01-31T23:50:39
A-05356,ORG-007,medium,recon,ASSET-ORG-007-092,,2025-06-05T08:24:29,2025-06-07T14:53:42
A-05357,ORG-007,high,data_exfil,ASSET-ORG-007-005,CASE-01333,2025-03-09T23:54:27,2025-03-10T18:52:16
A-05358,ORG-007,critical,phishing,ASSET-ORG-007-029,,2025-03-06T20:55:08,2025-03-07T00:11:10
A-05359,ORG-007,medium,recon,ASSET-ORG-007-061,,2025-01-12T05:15:52,2025-01-14T04:35:22
A-05360,ORG-007,low,recon,ASSET-ORG-007-064,,2025-01-09T16:18:50,2025-01-11T23:59:30
A-05361,ORG-007,medium,privilege_escalation,ASSET-ORG-007-102,,2025-04-10T12:34:44,2025-04-13T10:27:48
A-05362,ORG-007,medium,privilege_escalation,ASSET-ORG-007-053,,2025-03-30T06:13:00,2025-04-01T14:13:03
A-05363,ORG-007,medium,recon,ASSET-ORG-007-027,,2025-01-09T00:00:09,2025-01-10T16:31:43
A-05364,ORG-007,critical,privilege_escalation,ASSET-ORG-007-070,,2025-06-29T16:55:52,2025-06-29T22:32:43
A-05365,ORG-007,low,privilege_escalation,ASSET-ORG-007-037,,2025-01-26T17:21:23,2025-01-29T20:55:15
A-05366,ORG-007,high,recon,ASSET-ORG-007-002,,2025-05-11T23:31:02,2025-05-12T11:29:47
A-05367,ORG-007,low,privilege_escalation,ASSET-ORG-007-015,CASE-01345,2025-05-15T00:53:51,2025-05-17T22:14:45
A-05368,ORG-007,high,lateral_movement,ASSET-ORG-007-050,,2025-05-26T11:33:06,2025-05-27T09:15:57
A-05369,ORG-007,medium,phishing,ASSET-ORG-007-027,,2025-06-17T04:42:57,2025-06-18T08:56:52
A-05370,ORG-007,critical,malware,ASSET-ORG-007-030,,2025-04-06T13:17:16,2025-04-06T20:41:55
A-05371,ORG-007,medium,phishing,ASSET-ORG-007-064,,2025-05-21T09:36:03,2025-05-22T12:56:48
A-05372,ORG-007,high,privilege_escalation,ASSET-ORG-007-058,CASE-01332,2025-06-11T20:27:29,2025-06-12T17:13:49
A-05373,ORG-007,medium,recon,ASSET-ORG-007-088,CASE-01318,2025-05-01T14:07:04,2025-05-02T23:34:06
A-05374,ORG-007,high,data_exfil,ASSET-ORG-007-035,,2025-05-19T13:00:18,2025-05-19T21:07:59
A-05375,ORG-007,medium,phishing,ASSET-ORG-007-053,,2025-04-23T14:09:49,2025-04-25T20:55:53
A-05376,ORG-007,critical,recon,ASSET-ORG-007-002,,2025-05-14T12:57:04,2025-05-14T15:07:35
A-05377,ORG-007,medium,privilege_escalation,ASSET-ORG-007-026,,2025-05-17T12:09:19,2025-05-19T17:36:58
A-05378,ORG-007,low,data_exfil,ASSET-ORG-007-012,CASE-01346,2025-06-25T23:13:32,2025-06-29T21:45:55
A-05379,ORG-007,medium,lateral_movement,ASSET-ORG-007-020,,2025-06-05T02:26:11,2025-06-07T20:33:42
A-05380,ORG-007,low,brute_force,ASSET-ORG-007-092,,2025-05-12T08:58:06,2025-05-17T13:04:51
A-05381,ORG-007,critical,malware,ASSET-ORG-007-102,CASE-01439,2025-01-08T12:39:51,2025-01-08T19:45:26
A-05382,ORG-007,critical,privilege_escalation,ASSET-ORG-007-087,,2025-06-27T23:30:41,2025-06-28T06:02:30
A-05383,ORG-007,low,phishing,ASSET-ORG-007-040,CASE-01403,2025-05-28T21:33:27,2025-06-01T12:47:39
A-05384,ORG-007,high,privilege_escalation,ASSET-ORG-007-064,,2025-04-08T07:37:05,2025-04-08T21:39:13
A-05385,ORG-007,medium,malware,ASSET-ORG-007-008,,2025-04-28T02:08:37,2025-04-29T06:55:53
A-05386,ORG-007,high,recon,ASSET-ORG-007-091,CASE-01424,2025-06-07T07:30:19,2025-06-07T18:41:25
A-05387,ORG-007,critical,lateral_movement,ASSET-ORG-007-096,,2025-06-17T23:32:42,2025-06-18T02:56:00
A-05388,ORG-007,high,lateral_movement,ASSET-ORG-007-050,,2025-02-09T11:40:38,2025-02-09T21:36:50
A-05389,ORG-007,low,data_exfil,ASSET-ORG-007-102,,2025-06-02T06:06:40,2025-06-07T02:16:18
A-05390,ORG-007,low,recon,ASSET-ORG-007-054,,2025-01-17T23:21:23,2025-01-22T19:39:49
A-05391,ORG-007,high,phishing,ASSET-ORG-007-073,,2025-03-22T23:33:23,2025-03-23T09:50:17
A-05392,ORG-007,critical,malware,ASSET-ORG-007-089,,2025-06-22T22:41:26,2025-06-23T03:29:58
A-05393,ORG-007,high,malware,ASSET-ORG-007-015,CASE-01285,2025-04-03T23:08:20,2025-04-04T14:40:03
A-05394,ORG-007,medium,malware,ASSET-ORG-007-040,,2025-04-29T05:36:25,2025-05-01T11:56:20
A-05395,ORG-007,high,recon,ASSET-ORG-007-004,,2025-03-14T12:08:03,2025-03-15T11:28:54
A-05396,ORG-007,medium,data_exfil,ASSET-ORG-007-027,CASE-01285,2025-06-13T01:16:19,2025-06-14T02:51:48
A-05397,ORG-007,medium,privilege_escalation,ASSET-ORG-007-057,,2025-03-06T08:43:48,2025-03-07T17:58:08
A-05398,ORG-007,critical,recon,ASSET-ORG-007-084,CASE-01446,2025-01-11T13:58:42,2025-01-11T17:34:16
A-05399,ORG-007,high,phishing,ASSET-ORG-007-026,,2025-03-06T04:53:24,2025-03-07T03:32:19
A-05400,ORG-007,low,privilege_escalation,ASSET-ORG-007-105,,2025-04-14T01:43:54,2025-04-17T07:06:12
A-05401,ORG-007,high,brute_force,ASSET-ORG-007-029,,2025-06-07T00:30:03,2025-06-07T21:29:08
A-05402,ORG-007,high,brute_force,ASSET-ORG-007-084,,2025-03-23T16:41:07,2025-03-24T12:05:05
A-05403,ORG-007,low,brute_force,ASSET-ORG-007-071,,2025-05-31T23:06:40,2025-06-03T10:57:20
A-05404,ORG-007,high,recon,ASSET-ORG-007-020,CASE-01496,2025-03-12T00:51:43,2025-03-13T00:07:18
A-05405,ORG-007,medium,privilege_escalation,ASSET-ORG-007-031,,2025-03-28T01:34:44,2025-03-29T15:50:19
A-05406,ORG-007,low,brute_force,ASSET-ORG-007-044,,2025-03-20T06:00:50,2025-03-25T14:19:09
A-05407,ORG-007,critical,phishing,ASSET-ORG-007-070,,2025-05-18T05:23:45,2025-05-18T10:06:00
A-05408,ORG-007,low,lateral_movement,ASSET-ORG-007-036,CASE-01320,2025-03-18T22:26:36,2025-03-22T21:49:03
A-05409,ORG-007,critical,phishing,ASSET-ORG-007-006,CASE-01384,2025-01-23T04:51:14,2025-01-23T09:16:09
A-05410,ORG-007,medium,lateral_movement,ASSET-ORG-007-008,,2025-01-20T10:00:59,2025-01-21T12:17:11
A-05411,ORG-007,medium,brute_force,ASSET-ORG-007-078,,2025-05-22T00:29:24,2025-05-24T17:37:22
A-05412,ORG-007,low,privilege_escalation,ASSET-ORG-007-060,,2025-06-17T17:09:53,2025-06-21T15:50:05
A-05413,ORG-007,high,privilege_escalation,ASSET-ORG-007-024,,2025-05-09T07:49:43,2025-05-09T18:42:54
A-05414,ORG-007,medium,privilege_escalation,ASSET-ORG-007-070,,2025-01-17T05:45:04,2025-01-19T20:33:57
A-05415,ORG-007,medium,malware,ASSET-ORG-007-086,,2025-04-14T00:23:59,2025-04-16T19:27:24
A-05416,ORG-007,high,lateral_movement,ASSET-ORG-007-072,CASE-01331,2025-05-11T19:16:00,2025-05-12T03:57:32
A-05417,ORG-007,low,lateral_movement,ASSET-ORG-007-066,,2025-02-27T15:53:37,2025-03-02T02:28:25
A-05418,ORG-007,medium,phishing,ASSET-ORG-007-063,,2025-05-05T18:39:55,2025-05-08T15:55:32
A-05419,ORG-007,critical,brute_force,ASSET-ORG-007-011,,2025-06-12T07:01:29,2025-06-12T12:21:49
A-05420,ORG-007,high,brute_force,ASSET-ORG-007-072,,2025-01-22T16:11:04,2025-01-23T06:46:06
A-05421,ORG-007,critical,data_exfil,ASSET-ORG-007-067,,2025-04-02T08:26:34,2025-04-02T13:06:25
A-05422,ORG-007,critical,malware,ASSET-ORG-007-030,,2025-01-04T21:43:56,2025-01-05T00:11:35
A-05423,ORG-007,high,recon,ASSET-ORG-007-060,,2025-04-15T09:19:50,2025-04-16T07:45:36
A-05424,ORG-007,high,malware,ASSET-ORG-007-043,,2025-02-11T09:55:59,2025-02-11T23:24:55
A-05425,ORG-007,high,brute_force,ASSET-ORG-007-046,,2025-01-05T02:07:02,2025-01-06T00:32:57
A-05426,ORG-007,critical,data_exfil,ASSET-ORG-007-084,,2025-01-17T13:16:34,2025-01-17T20:33:59
A-05427,ORG-007,low,malware,ASSET-ORG-007-040,,2025-03-15T22:51:46,2025-03-19T07:22:38
A-05428,ORG-007,high,privilege_escalation,ASSET-ORG-007-081,,2025-05-19T16:34:34,2025-05-20T14:41:50
A-05429,ORG-007,medium,data_exfil,ASSET-ORG-007-008,,2025-03-02T14:53:40,2025-03-05T11:17:01
A-05430,ORG-007,medium,recon,ASSET-ORG-007-024,,2025-02-20T22:26:18,2025-02-23T01:08:27
A-05431,ORG-007,critical,brute_force,ASSET-ORG-007-083,CASE-01402,2025-02-24T06:06:21,2025-02-24T12:59:16
A-05432,ORG-007,high,data_exfil,ASSET-ORG-007-082,,2025-05-31T07:51:15,2025-06-01T07:05:01
A-05433,ORG-007,low,lateral_movement,ASSET-ORG-007-100,CASE-01495,2025-06-25T06:12:12,2025-06-27T15:48:47
A-05434,ORG-007,critical,privilege_escalation,ASSET-ORG-007-005,,2025-03-20T22:08:20,2025-03-21T01:30:08
A-05435,ORG-007,medium,phishing,ASSET-ORG-007-061,,2025-01-12T10:05:54,2025-01-13T22:23:17
A-05436,ORG-007,high,privilege_escalation,ASSET-ORG-007-097,,2025-05-14T22:03:10,2025-05-15T13:09:57
A-05437,ORG-007,low,lateral_movement,ASSET-ORG-007-015,,2025-04-19T09:49:10,2025-04-21T18:03:01
A-05438,ORG-007,medium,phishing,ASSET-ORG-007-097,,2025-05-09T12:09:20,2025-05-12T11:09:47
A-05439,ORG-007,medium,data_exfil,ASSET-ORG-007-054,,2025-03-12T00:41:14,2025-03-13T10:38:08
A-05440,ORG-007,medium,privilege_escalation,ASSET-ORG-007-024,,2025-05-30T00:54:08,2025-06-01T09:30:34
A-05441,ORG-007,medium,privilege_escalation,ASSET-ORG-007-078,,2025-01-30T03:48:03,2025-02-01T06:50:52
A-05442,ORG-007,high,privilege_escalation,ASSET-ORG-007-100,,2025-02-09T01:39:58,2025-02-09T16:28:13
A-05443,ORG-007,medium,malware,ASSET-ORG-007-078,CASE-01288,2025-03-05T19:34:59,2025-03-08T10:12:32
A-05444,ORG-007,low,phishing,ASSET-ORG-007-020,,2025-02-16T13:12:32,2025-02-18T22:51:20
A-05445,ORG-007,high,brute_force,ASSET-ORG-007-078,,2025-02-08T20:28:28,2025-02-09T11:40:47
A-05446,ORG-007,critical,privilege_escalation,ASSET-ORG-007-065,,2025-04-25T23:39:03,2025-04-26T05:48:08
A-05447,ORG-007,low,lateral_movement,ASSET-ORG-007-089,CASE-01505,2025-03-17T22:52:56,2025-03-21T15:36:22
A-05448,ORG-007,low,privilege_escalation,ASSET-ORG-007-050,,2025-02-01T19:29:16,2025-02-04T10:48:28
A-05449,ORG-007,medium,data_exfil,ASSET-ORG-007-018,,2025-06-11T09:13:17,2025-06-13T15:20:39
A-05450,ORG-007,low,lateral_movement,ASSET-ORG-007-062,,2025-01-12T22:40:08,2025-01-15T11:44:58
A-05451,ORG-007,critical,lateral_movement,ASSET-ORG-007-095,CASE-01475,2025-05-05T20:04:42,2025-05-06T02:14:36
A-05452,ORG-007,medium,malware,ASSET-ORG-007-099,,2025-02-24T09:14:01,2025-02-26T10:06:37
A-05453,ORG-007,critical,data_exfil,ASSET-ORG-007-018,,2025-03-31T08:39:14,2025-03-31T14:17:01
A-05454,ORG-007,high,malware,ASSET-ORG-007-060,,2025-04-25T11:18:17,2025-04-26T04:57:53
A-05455,ORG-007,medium,recon,ASSET-ORG-007-010,,2025-04-03T00:28:54,2025-04-05T12:53:56
A-05456,ORG-007,medium,data_exfil,ASSET-ORG-007-071,CASE-01300,2025-06-24T08:02:22,2025-06-25T15:34:32
A-05457,ORG-007,medium,malware,ASSET-ORG-007-046,CASE-01462,2025-06-14T01:16:44,2025-06-16T23:41:46
A-05458,ORG-007,medium,malware,ASSET-ORG-007-005,,2025-05-01T10:25:13,2025-05-03T07:50:25
A-05459,ORG-007,critical,phishing,ASSET-ORG-007-083,,2025-03-19T09:57:43,2025-03-19T17:53:13
A-05460,ORG-007,medium,recon,ASSET-ORG-007-050,,2025-02-15T02:42:40,2025-02-18T01:51:12
A-05461,ORG-007,medium,data_exfil,ASSET-ORG-007-055,,2025-02-14T19:00:03,2025-02-17T16:24:12
A-05462,ORG-007,medium,brute_force,ASSET-ORG-007-048,CASE-01475,2025-01-03T04:05:27,2025-01-04T22:47:34
A-05463,ORG-007,medium,recon,ASSET-ORG-007-007,,2025-01-19T23:25:43,2025-01-21T04:15:31
A-05464,ORG-007,low,data_exfil,ASSET-ORG-007-077,,2025-01-03T08:01:26,2025-01-08T08:26:43
A-05465,ORG-007,critical,recon,ASSET-ORG-007-023,,2025-03-14T13:27:21,2025-03-14T19:13:35
A-05466,ORG-007,low,malware,ASSET-ORG-007-019,CASE-01500,2025-02-03T04:18:38,2025-02-06T06:27:26
A-05467,ORG-007,critical,lateral_movement,ASSET-ORG-007-047,,2025-04-20T00:53:21,2025-04-20T06:49:46
A-05468,ORG-007,medium,phishing,ASSET-ORG-007-097,CASE-01480,2025-04-21T20:31:35,2025-04-23T09:18:38
A-05469,ORG-007,critical,privilege_escalation,ASSET-ORG-007-051,,2025-06-22T20:09:56,2025-06-23T03:36:57
A-05470,ORG-007,high,data_exfil,ASSET-ORG-007-027,,2025-06-12T18:04:07,2025-06-13T07:48:17
A-05471,ORG-007,critical,privilege_escalation,ASSET-ORG-007-080,,2025-01-26T21:44:19,2025-01-27T03:40:58
A-05472,ORG-007,low,data_exfil,ASSET-ORG-007-015,,2025-04-08T06:55:15,2025-04-13T22:54:45
A-05473,ORG-007,high,malware,ASSET-ORG-007-063,CASE-01382,2025-02-15T02:36:37,2025-02-15T23:37:24
A-05474,ORG-007,medium,malware,ASSET-ORG-007-023,,2025-02-01T02:21:52,2025-02-02T03:21:50
A-05475,ORG-007,critical,brute_force,ASSET-ORG-007-041,CASE-01315,2025-02-05T02:00:59,2025-02-05T05:17:59
A-05476,ORG-007,medium,malware,ASSET-ORG-007-019,,2025-05-24T20:25:05,2025-05-25T22:06:23
A-05477,ORG-007,medium,data_exfil,ASSET-ORG-007-043,CASE-01321,2025-02-20T16:16:21,2025-02-22T17:37:24
A-05478,ORG-007,medium,recon,ASSET-ORG-007-029,,2025-03-23T21:47:55,2025-03-25T19:52:33
A-05479,ORG-007,critical,recon,ASSET-ORG-007-084,,2025-06-19T21:58:35,2025-06-20T01:35:06
A-05480,ORG-007,medium,phishing,ASSET-ORG-007-092,CASE-01459,2025-06-24T15:07:07,2025-06-25T22:21:05
A-05481,ORG-007,medium,brute_force,ASSET-ORG-007-068,,2025-04-23T03:21:52,2025-04-26T00:39:01
A-05482,ORG-007,medium,malware,ASSET-ORG-007-071,,2025-04-20T22:25:50,2025-04-22T07:47:40
A-05483,ORG-007,medium,phishing,ASSET-ORG-007-085,CASE-01297,2025-03-23T23:39:33,2025-03-25T18:08:52
A-05484,ORG-007,medium,recon,ASSET-ORG-007-004,,2025-02-06T18:35:25,2025-02-09T14:11:35
A-05485,ORG-007,low,recon,ASSET-ORG-007-096,CASE-01321,2025-04-08T00:10:16,2025-04-12T00:39:01
A-05486,ORG-007,low,privilege_escalation,ASSET-ORG-007-074,,2025-03-29T16:15:49,2025-04-04T13:40:20
A-05487,ORG-007,low,lateral_movement,ASSET-ORG-007-098,CASE-01463,2025-06-02T11:38:30,2025-06-07T11:31:49
A-05488,ORG-007,low,phishing,ASSET-ORG-007-022,,2025-05-07T18:57:23,2025-05-12T07:48:31
A-05489,ORG-007,medium,brute_force,ASSET-ORG-007-082,,2025-02-28T09:50:02,2025-03-01T18:48:10
A-05490,ORG-007,critical,lateral_movement,ASSET-ORG-007-088,,2025-04-18T02:36:03,2025-04-18T08:07:15
A-05491,ORG-007,high,phishing,ASSET-ORG-007-012,CASE-01331,2025-01-13T08:24:51,2025-01-13T21:35:50
A-05492,ORG-007,critical,lateral_movement,ASSET-ORG-007-033,CASE-01354,2025-01-22T03:59:27,2025-01-22T09:01:30
A-05493,ORG-007,high,phishing,ASSET-ORG-007-033,CASE-01421,2025-04-02T23:36:42,2025-04-03T22:21:46
A-05494,ORG-007,medium,malware,ASSET-ORG-007-099,,2025-03-06T12:02:27,2025-03-08T15:58:17
A-05495,ORG-007,high,privilege_escalation,ASSET-ORG-007-063,,2025-06-07T06:55:22,2025-06-07T20:55:30
A-05496,ORG-007,low,malware,ASSET-ORG-007-103,,2025-06-03T06:47:17,2025-06-07T05:22:51
A-05497,ORG-007,medium,lateral_movement,ASSET-ORG-007-097,,2025-04-23T08:51:28,2025-04-24T18:27:25
A-05498,ORG-007,high,data_exfil,ASSET-ORG-007-004,CASE-01330,2025-02-19T03:14:34,2025-02-19T23:23:47
A-05499,ORG-007,critical,phishing,ASSET-ORG-007-065,,2025-03-30T19:57:58,2025-03-30T23:40:29
A-05500,ORG-007,critical,lateral_movement,ASSET-ORG-007-043,,2025-03-06T16:37:06,2025-03-06T23:33:31
A-05501,ORG-007,critical,recon,ASSET-ORG-007-055,,2025-02-08T02:23:50,2025-02-08T07:05:27
A-05502,ORG-007,critical,privilege_escalation,ASSET-ORG-007-008,,2025-03-21T06:29:17,2025-03-21T14:00:19
A-05503,ORG-007,high,malware,ASSET-ORG-007-051,,2025-06-16T08:11:59,2025-06-16T18:12:02
A-05504,ORG-007,high,malware,ASSET-ORG-007-015,,2025-06-11T00:48:48,2025-06-11T11:11:15
A-05505,ORG-007,high,phishing,ASSET-ORG-007-033,,2025-03-29T13:39:09,2025-03-30T08:56:21
A-05506,ORG-007,medium,brute_force,ASSET-ORG-007-077,,2025-04-10T20:39:27,2025-04-13T18:41:23
A-05507,ORG-007,medium,recon,ASSET-ORG-007-068,,2025-04-15T20:01:33,2025-04-18T16:09:29
A-05508,ORG-007,high,phishing,ASSET-ORG-007-101,,2025-03-17T08:58:57,2025-03-18T03:32:13
A-05509,ORG-007,medium,recon,ASSET-ORG-007-080,CASE-01522,2025-01-04T14:06:15,2025-01-06T03:44:41
A-05510,ORG-007,high,data_exfil,ASSET-ORG-007-025,,2025-01-10T22:03:07,2025-01-11T15:45:27
A-05511,ORG-007,critical,recon,ASSET-ORG-007-029,CASE-01331,2025-02-10T03:41:00,2025-02-10T07:31:46
A-05512,ORG-007,critical,phishing,ASSET-ORG-007-073,,2025-04-06T18:24:18,2025-04-07T01:40:06
A-05513,ORG-007,medium,phishing,ASSET-ORG-007-048,,2025-02-12T18:55:07,2025-02-14T13:01:11
A-05514,ORG-007,medium,lateral_movement,ASSET-ORG-007-003,,2025-02-28T23:56:59,2025-03-02T05:42:02
A-05515,ORG-007,critical,lateral_movement,ASSET-ORG-007-098,,2025-06-12T05:02:24,2025-06-12T10:00:28
A-05516,ORG-007,medium,malware,ASSET-ORG-007-087,,2025-05-15T05:33:54,2025-05-16T10:42:07
A-05517,ORG-007,high,recon,ASSET-ORG-007-096,,2025-04-06T02:17:00,2025-04-06T14:29:49
A-05518,ORG-007,critical,phishing,ASSET-ORG-007-064,,2025-02-03T09:17:12,2025-02-03T11:48:20
A-05519,ORG-007,critical,recon,ASSET-ORG-007-044,CASE-01313,2025-03-24T11:27:22,2025-03-24T19:16:53
A-05520,ORG-007,critical,phishing,ASSET-ORG-007-077,,2025-01-04T01:48:44,2025-01-04T06:05:57
A-05521,ORG-007,high,data_exfil,ASSET-ORG-007-079,,2025-06-07T02:40:05,2025-06-08T01:31:26
A-05522,ORG-007,medium,malware,ASSET-ORG-007-053,CASE-01345,2025-04-09T12:40:52,2025-04-11T14:30:26
A-05523,ORG-007,low,malware,ASSET-ORG-007-009,,2025-05-27T20:02:10,2025-05-31T16:21:19
A-05524,ORG-007,low,recon,ASSET-ORG-007-017,CASE-01451,2025-02-21T18:09:14,2025-02-26T02:56:30
A-05525,ORG-007,high,brute_force,ASSET-ORG-007-099,,2025-01-06T14:16:58,2025-01-07T07:32:01
A-05526,ORG-007,low,data_exfil,ASSET-ORG-007-081,,2025-05-21T07:08:57,2025-05-25T03:35:27
A-05527,ORG-007,medium,data_exfil,ASSET-ORG-007-028,,2025-01-29T20:07:29,2025-01-31T14:15:55
A-05528,ORG-007,critical,malware,ASSET-ORG-007-051,CASE-01332,2025-01-14T23:09:55,2025-01-15T05:52:16
A-05529,ORG-007,critical,data_exfil,ASSET-ORG-007-033,,2025-06-29T04:49:08,2025-06-29T10:11:42
A-05530,ORG-007,low,data_exfil,ASSET-ORG-007-095,,2025-04-24T04:58:03,2025-04-26T18:46:08
A-05531,ORG-007,medium,malware,ASSET-ORG-007-024,CASE-01359,2025-03-04T03:30:40,2025-03-06T08:03:01
A-05532,ORG-007,high,brute_force,ASSET-ORG-007-019,,2025-02-21T17:16:16,2025-02-22T03:14:50
A-05533,ORG-007,critical,data_exfil,ASSET-ORG-007-039,,2025-02-17T19:43:46,2025-02-17T21:58:18
A-05534,ORG-007,medium,brute_force,ASSET-ORG-007-100,,2025-05-20T11:39:42,2025-05-22T03:31:43
A-05535,ORG-007,high,data_exfil,ASSET-ORG-007-102,,2025-05-21T03:43:13,2025-05-21T22:42:08
A-05536,ORG-007,critical,recon,ASSET-ORG-007-040,,2025-06-01T23:08:52,2025-06-02T01:48:15
A-05537,ORG-007,medium,phishing,ASSET-ORG-007-055,CASE-01466,2025-01-21T12:10:47,2025-01-22T23:47:29
A-05538,ORG-007,medium,brute_force,ASSET-ORG-007-085,,2025-06-11T09:19:32,2025-06-13T22:05:57
A-05539,ORG-007,high,data_exfil,ASSET-ORG-007-012,CASE-01489,2025-05-21T11:05:09,2025-05-21T19:16:49
A-05540,ORG-007,medium,brute_force,ASSET-ORG-007-067,,2025-01-14T22:15:21,2025-01-16T00:27:17
A-05541,ORG-007,low,recon,ASSET-ORG-007-025,,2025-05-03T03:01:07,2025-05-08T09:00:05
A-05542,ORG-007,critical,phishing,ASSET-ORG-007-004,,2025-03-07T07:12:30,2025-03-07T11:36:02
A-05543,ORG-007,high,privilege_escalation,ASSET-ORG-007-062,,2025-01-02T12:08:07,2025-01-02T22:12:10
A-05544,ORG-007,high,malware,ASSET-ORG-007-052,,2025-03-14T01:47:59,2025-03-14T23:47:08
A-05545,ORG-007,critical,phishing,ASSET-ORG-007-042,,2025-02-27T05:02:54,2025-02-27T09:06:14
A-05546,ORG-007,high,lateral_movement,ASSET-ORG-007-071,,2025-03-10T17:50:59,2025-03-11T17:07:18
A-05547,ORG-007,medium,malware,ASSET-ORG-007-094,,2025-03-19T12:12:14,2025-03-22T10:59:55
A-05548,ORG-007,medium,lateral_movement,ASSET-ORG-007-034,,2025-02-10T23:59:43,2025-02-13T18:10:13
A-05549,ORG-007,high,phishing,ASSET-ORG-007-048,,2025-06-10T11:56:50,2025-06-11T04:51:04
A-05550,ORG-007,critical,privilege_escalation,ASSET-ORG-007-069,,2025-04-29T07:21:06,2025-04-29T11:00:27
A-05551,ORG-007,low,recon,ASSET-ORG-007-085,,2025-06-15T13:32:32,2025-06-18T03:18:15
A-05552,ORG-007,critical,privilege_escalation,ASSET-ORG-007-047,,2025-02-20T03:06:16,2025-02-20T10:07:56
A-05553,ORG-007,high,lateral_movement,ASSET-ORG-007-099,CASE-01369,2025-03-01T08:13:36,2025-03-01T21:24:47
A-05554,ORG-007,low,recon,ASSET-ORG-007-096,CASE-01514,2025-05-31T18:08:58,2025-06-04T09:12:54
A-05555,ORG-007,high,privilege_escalation,ASSET-ORG-007-009,,2025-01-22T03:39:31,2025-01-23T01:37:46
A-05556,ORG-007,high,lateral_movement,ASSET-ORG-007-008,,2025-03-13T20:36:38,2025-03-14T12:35:50
A-05557,ORG-007,medium,privilege_escalation,ASSET-ORG-007-013,,2025-06-18T03:24:22,2025-06-20T00:06:20
A-05558,ORG-007,critical,data_exfil,ASSET-ORG-007-077,,2025-04-07T16:56:13,2025-04-07T20:09:18
A-05559,ORG-007,low,recon,ASSET-ORG-007-055,CASE-01301,2025-05-02T08:28:07,2025-05-07T21:37:08
A-05560,ORG-007,medium,brute_force,ASSET-ORG-007-072,,2025-04-24T00:26:46,2025-04-26T16:12:41
A-05561,ORG-007,low,lateral_movement,ASSET-ORG-007-072,,2025-01-05T09:05:41,2025-01-09T18:08:57
A-05562,ORG-007,low,brute_force,ASSET-ORG-007-060,,2025-06-22T23:35:07,2025-06-28T11:24:05
A-05563,ORG-007,high,data_exfil,ASSET-ORG-007-074,CASE-01435,2025-04-26T15:48:23,2025-04-27T08:20:27
A-05564,ORG-007,medium,privilege_escalation,ASSET-ORG-007-021,CASE-01475,2025-06-02T01:58:07,2025-06-04T12:59:53
A-05565,ORG-007,medium,malware,ASSET-ORG-007-051,,2025-05-19T02:30:18,2025-05-22T00:30:14
A-05566,ORG-007,medium,data_exfil,ASSET-ORG-007-067,,2025-04-01T01:35:18,2025-04-03T05:30:19
A-05567,ORG-007,medium,data_exfil,ASSET-ORG-007-046,,2025-02-14T01:49:02,2025-02-15T21:12:06
A-05568,ORG-007,low,malware,ASSET-ORG-007-012,,2025-06-06T00:05:10,2025-06-10T22:47:00
A-05569,ORG-007,critical,malware,ASSET-ORG-007-076,,2025-01-20T16:06:10,2025-01-20T21:35:15
A-05570,ORG-007,medium,data_exfil,ASSET-ORG-007-101,,2025-04-08T22:21:14,2025-04-10T15:45:00
A-05571,ORG-007,critical,recon,ASSET-ORG-007-053,,2025-06-04T16:44:33,2025-06-04T23:26:41
A-05572,ORG-007,critical,data_exfil,ASSET-ORG-007-072,,2025-05-14T16:04:41,2025-05-14T23:40:38
A-05573,ORG-007,medium,data_exfil,ASSET-ORG-007-104,,2025-01-03T21:17:00,2025-01-05T02:35:31
A-05574,ORG-007,high,brute_force,ASSET-ORG-007-038,,2025-01-16T06:14:27,2025-01-17T06:13:57
A-05575,ORG-007,medium,data_exfil,ASSET-ORG-007-045,CASE-01436,2025-06-27T09:13:28,2025-06-28T21:18:06
A-05576,ORG-007,medium,data_exfil,ASSET-ORG-007-069,,2025-06-17T12:14:30,2025-06-19T12:40:40
A-05577,ORG-007,low,brute_force,ASSET-ORG-007-093,CASE-01371,2025-05-12T20:03:00,2025-05-18T14:55:18
A-05578,ORG-007,high,malware,ASSET-ORG-007-039,,2025-02-22T20:15:36,2025-02-23T06:43:37
A-05579,ORG-007,low,recon,ASSET-ORG-007-060,CASE-01369,2025-06-14T15:51:49,2025-06-17T17:03:18
A-05580,ORG-007,low,lateral_movement,ASSET-ORG-007-102,,2025-01-06T08:16:32,2025-01-11T17:32:42
A-05581,ORG-007,high,phishing,ASSET-ORG-007-031,,2025-01-08T21:46:12,2025-01-09T10:35:53
A-05582,ORG-007,medium,lateral_movement,ASSET-ORG-007-081,,2025-05-21T03:42:27,2025-05-22T10:42:06
A-05583,ORG-007,high,phishing,ASSET-ORG-007-022,CASE-01477,2025-05-28T20:45:02,2025-05-29T07:32:16
A-05584,ORG-007,low,lateral_movement,ASSET-ORG-007-004,CASE-01369,2025-01-28T01:31:52,2025-01-30T16:09:49
A-05585,ORG-007,low,recon,ASSET-ORG-007-074,,2025-02-20T12:47:37,2025-02-25T11:24:26
A-05586,ORG-007,medium,privilege_escalation,ASSET-ORG-007-072,,2025-01-29T05:50:58,2025-01-31T00:47:13
A-05587,ORG-007,high,brute_force,ASSET-ORG-007-037,,2025-06-04T23:50:17,2025-06-05T09:53:36
A-05588,ORG-007,medium,phishing,ASSET-ORG-007-012,,2025-02-13T05:00:26,2025-02-14T17:24:15
A-05589,ORG-007,critical,brute_force,ASSET-ORG-007-002,CASE-01512,2025-01-23T05:45:51,2025-01-23T13:06:34
A-05590,ORG-007,low,data_exfil,ASSET-ORG-007-020,,2025-03-15T11:52:41,2025-03-20T09:11:52
A-05591,ORG-007,medium,lateral_movement,ASSET-ORG-007-008,CASE-01407,2025-04-28T00:46:57,2025-04-29T02:07:54
A-05592,ORG-007,critical,privilege_escalation,ASSET-ORG-007-011,,2025-04-27T15:39:48,2025-04-27T19:52:33
A-05593,ORG-007,critical,phishing,ASSET-ORG-007-015,CASE-01362,2025-01-16T04:28:22,2025-01-16T11:28:39
A-05594,ORG-007,low,lateral_movement,ASSET-ORG-007-004,,2025-05-16T19:46:39,2025-05-20T07:57:00
A-05595,ORG-007,critical,malware,ASSET-ORG-007-087,,2025-04-21T02:17:25,2025-04-21T07:30:42
A-05596,ORG-007,high,privilege_escalation,ASSET-ORG-007-034,,2025-01-06T07:35:15,2025-01-07T04:38:27
A-05597,ORG-007,high,recon,ASSET-ORG-007-050,,2025-01-13T18:57:13,2025-01-14T12:59:51
A-05598,ORG-007,medium,lateral_movement,ASSET-ORG-007-062,,2025-02-03T02:24:20,2025-02-04T22:44:46
A-05599,ORG-007,critical,data_exfil,ASSET-ORG-007-015,CASE-01436,2025-06-06T20:41:26,2025-06-07T02:48:13
A-05600,ORG-007,low,lateral_movement,ASSET-ORG-007-040,CASE-01330,2025-03-27T21:27:24,2025-03-31T02:02:15
A-05601,ORG-007,high,lateral_movement,ASSET-ORG-007-029,,2025-03-25T15:41:55,2025-03-26T06:19:18
A-05602,ORG-007,high,lateral_movement,ASSET-ORG-007-096,CASE-01499,2025-04-22T16:54:47,2025-04-23T03:46:24
A-05603,ORG-007,low,malware,ASSET-ORG-007-094,CASE-01499,2025-03-26T22:58:15,2025-03-29T19:51:15
A-05604,ORG-007,high,malware,ASSET-ORG-007-024,,2025-05-17T08:55:18,2025-05-18T00:46:12
A-05605,ORG-007,critical,phishing,ASSET-ORG-007-094,,2025-02-26T19:00:36,2025-02-26T21:43:53
A-05606,ORG-007,low,recon,ASSET-ORG-007-012,CASE-01473,2025-02-28T23:59:03,2025-03-04T08:57:04
A-05607,ORG-007,low,privilege_escalation,ASSET-ORG-007-043,,2025-06-05T13:43:33,2025-06-09T01:49:50
A-05608,ORG-007,medium,recon,ASSET-ORG-007-077,,2025-02-02T12:38:30,2025-02-04T05:22:25
A-05609,ORG-007,medium,privilege_escalation,ASSET-ORG-007-023,CASE-01411,2025-04-13T17:55:51,2025-04-16T02:43:47
A-05610,ORG-007,low,lateral_movement,ASSET-ORG-007-006,CASE-01507,2025-02-28T18:26:49,2025-03-03T14:56:18
A-05611,ORG-007,medium,recon,ASSET-ORG-007-003,,2025-05-25T00:01:52,2025-05-27T18:48:42
A-05612,ORG-007,low,lateral_movement,ASSET-ORG-007-005,CASE-01390,2025-04-28T17:39:38,2025-05-03T13:01:13
A-05613,ORG-007,medium,malware,ASSET-ORG-007-025,,2025-06-27T17:53:45,2025-06-30T08:00:49
A-05614,ORG-007,medium,brute_force,ASSET-ORG-007-069,,2025-05-11T14:39:28,2025-05-14T13:33:42
A-05615,ORG-007,medium,phishing,ASSET-ORG-007-034,,2025-02-19T14:45:57,2025-02-20T17:47:02
A-05616,ORG-007,critical,recon,ASSET-ORG-007-078,,2025-01-30T13:27:13,2025-01-30T21:13:08
A-05617,ORG-007,critical,recon,ASSET-ORG-007-081,,2025-06-02T15:04:22,2025-06-02T22:29:31
A-05618,ORG-007,high,data_exfil,ASSET-ORG-007-064,CASE-01482,2025-04-07T18:49:38,2025-04-08T08:50:43
A-05619,ORG-007,high,phishing,ASSET-ORG-007-036,,2025-04-02T13:41:20,2025-04-03T07:13:43
A-05620,ORG-007,high,privilege_escalation,ASSET-ORG-007-037,,2025-03-23T19:53:42,2025-03-24T14:27:55
A-05621,ORG-007,high,lateral_movement,ASSET-ORG-007-010,,2025-03-17T09:44:19,2025-03-17T22:58:18
A-05622,ORG-007,critical,lateral_movement,ASSET-ORG-007-049,,2025-02-26T00:57:41,2025-02-26T08:12:12
A-05623,ORG-007,low,malware,ASSET-ORG-007-015,,2025-04-03T23:19:53,2025-04-09T22:27:50
A-05624,ORG-007,high,data_exfil,ASSET-ORG-007-016,,2025-04-27T09:49:24,2025-04-27T21:47:31
A-05625,ORG-007,high,phishing,ASSET-ORG-007-044,CASE-01408,2025-04-14T14:09:27,2025-04-15T10:03:42
A-05626,ORG-007,low,brute_force,ASSET-ORG-007-015,,2025-02-15T18:32:10,2025-02-18T22:19:09
A-05627,ORG-007,critical,data_exfil,ASSET-ORG-007-073,CASE-01335,2025-02-12T14:25:34,2025-02-12T19:37:07
A-05628,ORG-007,critical,malware,ASSET-ORG-007-040,,2025-02-14T15:48:51,2025-02-14T22:56:07
A-05629,ORG-007,medium,brute_force,ASSET-ORG-007-019,,2025-04-01T08:48:54,2025-04-02T16:54:29
A-05630,ORG-007,high,phishing,ASSET-ORG-007-102,,2025-04-27T08:03:02,2025-04-28T07:41:08
A-05631,ORG-007,low,data_exfil,ASSET-ORG-007-056,CASE-01325,2025-04-27T01:51:50,2025-05-01T12:19:40
A-05632,ORG-007,medium,recon,ASSET-ORG-007-076,CASE-01373,2025-05-22T07:06:53,2025-05-24T04:56:51
A-05633,ORG-007,medium,recon,ASSET-ORG-007-004,CASE-01495,2025-01-15T06:15:49,2025-01-16T13:24:10
A-05634,ORG-007,medium,lateral_movement,ASSET-ORG-007-003,CASE-01412,2025-06-28T16:34:22,2025-06-30T04:32:44
A-05635,ORG-007,low,phishing,ASSET-ORG-007-086,,2025-02-09T09:47:18,2025-02-14T15:58:57
A-05636,ORG-007,medium,privilege_escalation,ASSET-ORG-007-032,,2025-06-10T19:18:16,2025-06-13T02:42:09
A-05637,ORG-007,medium,brute_force,ASSET-ORG-007-096,,2025-06-26T23:40:31,2025-06-28T05:09:36
A-05638,ORG-007,high,phishing,ASSET-ORG-007-104,,2025-01-24T11:38:30,2025-01-25T04:58:23
A-05639,ORG-007,high,data_exfil,ASSET-ORG-007-029,CASE-01407,2025-06-09T12:33:07,2025-06-10T00:44:30
A-05640,ORG-007,medium,malware,ASSET-ORG-007-016,,2025-06-15T15:52:23,2025-06-18T08:30:53
A-05641,ORG-007,critical,phishing,ASSET-ORG-007-059,,2025-01-17T16:13:10,2025-01-17T23:46:32
A-05642,ORG-007,medium,lateral_movement,ASSET-ORG-007-043,,2025-03-15T04:52:59,2025-03-16T15:07:13
A-05643,ORG-007,medium,data_exfil,ASSET-ORG-007-052,,2025-04-11T01:14:15,2025-04-13T15:35:17
A-05644,ORG-007,high,recon,ASSET-ORG-007-020,,2025-04-29T13:05:48,2025-04-30T02:59:54
A-05645,ORG-007,critical,data_exfil,ASSET-ORG-007-013,CASE-01459,2025-03-16T00:15:40,2025-03-16T05:56:51
A-05646,ORG-007,low,phishing,ASSET-ORG-007-082,,2025-04-13T04:46:32,2025-04-19T00:23:35
A-05647,ORG-007,critical,malware,ASSET-ORG-007-014,,2025-01-18T10:21:43,2025-01-18T13:36:01
A-05648,ORG-007,critical,data_exfil,ASSET-ORG-007-045,,2025-03-22T19:10:56,2025-03-23T00:59:00
A-05649,ORG-007,high,privilege_escalation,ASSET-ORG-007-059,CASE-01441,2025-05-17T16:15:23,2025-05-18T06:56:39
A-05650,ORG-007,critical,lateral_movement,ASSET-ORG-007-069,,2025-06-21T18:12:35,2025-06-21T22:56:42
A-05651,ORG-007,medium,malware,ASSET-ORG-007-074,,2025-06-27T12:10:54,2025-06-28T18:49:29
A-05652,ORG-007,high,recon,ASSET-ORG-007-101,CASE-01298,2025-06-18T14:41:51,2025-06-19T05:26:54
A-05653,ORG-007,high,malware,ASSET-ORG-007-071,,2025-02-18T13:10:40,2025-02-19T04:12:58
A-05654,ORG-007,low,data_exfil,ASSET-ORG-007-047,,2025-03-13T13:37:25,2025-03-18T04:01:00
A-05655,ORG-007,critical,brute_force,ASSET-ORG-007-003,,2025-01-09T19:34:43,2025-01-09T22:19:26
A-05656,ORG-007,high,data_exfil,ASSET-ORG-007-056,,2025-02-02T00:56:27,2025-02-02T19:44:47
A-05657,ORG-007,high,phishing,ASSET-ORG-007-024,CASE-01349,2025-01-05T17:55:22,2025-01-06T11:20:57
A-05658,ORG-007,critical,recon,ASSET-ORG-007-071,,2025-05-08T00:11:46,2025-05-08T05:28:04
A-05659,ORG-007,critical,malware,ASSET-ORG-007-092,CASE-01387,2025-05-17T11:38:46,2025-05-17T17:48:19
A-05660,ORG-007,medium,recon,ASSET-ORG-007-076,,2025-03-11T20:54:57,2025-03-13T12:07:29
A-05661,ORG-007,medium,brute_force,ASSET-ORG-007-082,,2025-05-24T02:06:02,2025-05-26T23:07:44
A-05662,ORG-007,critical,phishing,ASSET-ORG-007-071,CASE-01510,2025-04-06T17:53:53,2025-04-06T21:03:19
A-05663,ORG-007,high,brute_force,ASSET-ORG-007-084,,2025-01-24T01:49:00,2025-01-24T15:14:56
A-05664,ORG-007,medium,recon,ASSET-ORG-007-088,,2025-01-10T11:13:54,2025-01-11T18:34:47
A-05665,ORG-007,medium,recon,ASSET-ORG-007-037,,2025-03-06T12:43:08,2025-03-08T08:29:33
A-05666,ORG-007,low,brute_force,ASSET-ORG-007-061,CASE-01284,2025-03-21T18:59:07,2025-03-26T20:08:49
A-05667,ORG-007,high,privilege_escalation,ASSET-ORG-007-051,,2025-04-17T11:38:06,2025-04-17T23:55:14
A-05668,ORG-007,low,phishing,ASSET-ORG-007-059,CASE-01351,2025-03-12T08:53:33,2025-03-16T13:43:37
A-05669,ORG-007,medium,malware,ASSET-ORG-007-031,CASE-01508,2025-05-03T06:34:48,2025-05-04T21:13:55
A-05670,ORG-007,critical,brute_force,ASSET-ORG-007-045,CASE-01299,2025-02-27T21:09:38,2025-02-28T04:21:14
A-05671,ORG-007,medium,phishing,ASSET-ORG-007-003,,2025-05-01T10:28:34,2025-05-03T17:16:37
A-05672,ORG-007,critical,lateral_movement,ASSET-ORG-007-042,,2025-04-06T17:25:56,2025-04-06T23:31:29
A-05673,ORG-007,high,brute_force,ASSET-ORG-007-082,,2025-02-27T10:24:33,2025-02-27T21:54:19
A-05674,ORG-007,high,lateral_movement,ASSET-ORG-007-020,,2025-05-14T05:28:17,2025-05-14T14:49:33
A-05675,ORG-007,low,recon,ASSET-ORG-007-004,CASE-01459,2025-06-22T11:16:00,2025-06-24T16:09:42
A-05676,ORG-007,medium,recon,ASSET-ORG-007-077,,2025-06-02T07:06:01,2025-06-04T20:42:43
A-05677,ORG-007,critical,data_exfil,ASSET-ORG-007-050,,2025-03-25T11:19:58,2025-03-25T17:58:08
A-05678,ORG-007,critical,phishing,ASSET-ORG-007-063,CASE-01409,2025-01-28T05:42:04,2025-01-28T10:22:18
A-05679,ORG-007,medium,recon,ASSET-ORG-007-067,,2025-02-21T11:55:59,2025-02-23T22:46:22
A-05680,ORG-007,critical,brute_force,ASSET-ORG-007-093,CASE-01397,2025-04-11T10:31:39,2025-04-11T12:38:34
A-05681,ORG-007,critical,phishing,ASSET-ORG-007-029,CASE-01277,2025-01-07T20:28:54,2025-01-07T23:57:35
A-05682,ORG-007,critical,malware,ASSET-ORG-007-063,,2025-02-14T11:45:12,2025-02-14T18:22:21
A-05683,ORG-007,low,data_exfil,ASSET-ORG-007-087,,2025-06-29T14:56:57,
A-05684,ORG-007,high,data_exfil,ASSET-ORG-007-018,CASE-01313,2025-02-27T10:45:30,2025-02-28T00:19:22
A-05685,ORG-007,critical,lateral_movement,ASSET-ORG-007-023,CASE-01401,2025-05-06T02:21:04,2025-05-06T07:55:42
A-05686,ORG-007,low,recon,ASSET-ORG-007-046,,2025-03-20T13:30:24,2025-03-24T04:13:58
A-05687,ORG-007,medium,malware,ASSET-ORG-007-001,,2025-03-12T10:29:56,2025-03-14T03:18:43
A-05688,ORG-007,low,phishing,ASSET-ORG-007-040,CASE-01323,2025-04-17T03:41:47,2025-04-22T12:16:35
A-05689,ORG-007,low,phishing,ASSET-ORG-007-033,,2025-02-04T08:44:04,2025-02-06T11:57:54
A-05690,ORG-007,high,data_exfil,ASSET-ORG-007-102,CASE-01306,2025-01-06T10:51:02,2025-01-07T01:56:03
A-05691,ORG-007,medium,privilege_escalation,ASSET-ORG-007-061,CASE-01444,2025-04-16T15:24:32,2025-04-19T01:48:14
A-05692,ORG-007,critical,data_exfil,ASSET-ORG-007-095,,2025-02-04T01:29:39,2025-02-04T07:55:14
A-05693,ORG-007,low,data_exfil,ASSET-ORG-007-072,,2025-05-21T12:25:54,2025-05-26T22:28:17
A-05694,ORG-007,high,data_exfil,ASSET-ORG-007-015,,2025-03-26T19:01:09,2025-03-27T04:17:42
A-05695,ORG-007,critical,phishing,ASSET-ORG-007-050,,2025-06-19T12:39:08,2025-06-19T16:47:45
A-05696,ORG-007,medium,privilege_escalation,ASSET-ORG-007-045,,2025-01-01T14:51:22,2025-01-04T09:51:26
A-05697,ORG-007,critical,privilege_escalation,ASSET-ORG-007-066,,2025-02-01T08:42:50,2025-02-01T13:12:26
A-05698,ORG-007,medium,brute_force,ASSET-ORG-007-040,,2025-06-26T14:56:38,2025-06-28T13:12:48
A-05699,ORG-007,high,lateral_movement,ASSET-ORG-007-038,,2025-03-16T08:38:13,2025-03-16T21:23:10
A-05700,ORG-007,medium,privilege_escalation,ASSET-ORG-007-081,CASE-01315,2025-04-14T03:17:19,2025-04-15T10:04:52
A-05701,ORG-007,medium,lateral_movement,ASSET-ORG-007-072,CASE-01381,2025-04-13T06:58:23,2025-04-15T12:57:28
A-05702,ORG-007,critical,phishing,ASSET-ORG-007-085,CASE-01368,2025-04-24T17:23:15,2025-04-24T22:22:45
A-05703,ORG-007,high,data_exfil,ASSET-ORG-007-052,,2025-04-16T23:51:27,2025-04-17T19:51:20
A-05704,ORG-007,critical,recon,ASSET-ORG-007-013,CASE-01396,2025-02-26T19:18:48,2025-02-26T22:01:48
A-05705,ORG-007,low,privilege_escalation,ASSET-ORG-007-048,,2025-06-17T15:12:19,2025-06-23T13:53:20
A-05706,ORG-007,high,brute_force,ASSET-ORG-007-065,CASE-01377,2025-03-30T11:03:10,2025-03-31T02:11:26
A-05707,ORG-007,medium,brute_force,ASSET-ORG-007-082,,2025-05-11T15:35:22,2025-05-12T22:21:30
A-05708,ORG-007,high,malware,ASSET-ORG-007-062,CASE-01328,2025-06-18T14:21:23,2025-06-19T00:03:00
A-05709,ORG-007,high,phishing,ASSET-ORG-007-013,,2025-04-20T13:31:40,2025-04-21T04:54:31
A-05710,ORG-007,critical,brute_force,ASSET-ORG-007-035,CASE-01442,2025-06-16T03:55:07,2025-06-16T06:00:50
A-05711,ORG-007,medium,privilege_escalation,ASSET-ORG-007-021,,2025-01-04T16:35:07,2025-01-07T02:31:57
A-05712,ORG-007,medium,recon,ASSET-ORG-007-070,CASE-01434,2025-06-04T02:25:20,2025-06-06T21:29:53
A-05713,ORG-007,high,privilege_escalation,ASSET-ORG-007-085,,2025-06-29T06:30:57,2025-06-30T00:02:38
A-05714,ORG-007,critical,privilege_escalation,ASSET-ORG-007-063,,2025-01-14T01:49:48,2025-01-14T07:41:08
A-05715,ORG-007,low,recon,ASSET-ORG-007-043,,2025-01-23T23:04:23,2025-01-28T13:02:06
A-05716,ORG-007,high,recon,ASSET-ORG-007-039,CASE-01405,2025-06-06T23:01:53,2025-06-07T08:07:48
A-05717,ORG-007,medium,malware,ASSET-ORG-007-014,,2025-04-16T11:34:24,2025-04-19T03:50:58
A-05718,ORG-007,low,recon,ASSET-ORG-007-100,,2025-03-04T05:05:25,2025-03-06T22:05:26
A-05719,ORG-007,high,data_exfil,ASSET-ORG-007-058,,2025-03-14T17:19:52,2025-03-15T09:40:09
A-05720,ORG-007,high,phishing,ASSET-ORG-007-088,,2025-03-16T18:07:23,2025-03-17T12:19:15
A-05721,ORG-007,medium,recon,ASSET-ORG-007-105,,2025-03-10T14:02:24,2025-03-12T23:49:33
A-05722,ORG-007,critical,brute_force,ASSET-ORG-007-081,,2025-01-13T01:01:34,2025-01-13T04:36:40
A-05723,ORG-007,medium,data_exfil,ASSET-ORG-007-007,CASE-01348,2025-02-23T09:21:51,2025-02-24T09:33:16
A-05724,ORG-007,critical,privilege_escalation,ASSET-ORG-007-073,,2025-06-02T05:04:55,2025-06-02T10:19:51
A-05725,ORG-007,critical,data_exfil,ASSET-ORG-007-017,,2025-03-27T07:45:31,2025-03-27T10:59:41
A-05726,ORG-007,critical,recon,ASSET-ORG-007-064,,2025-02-11T12:48:20,2025-02-11T14:57:22
A-05727,ORG-007,medium,malware,ASSET-ORG-007-065,,2025-05-30T03:02:49,2025-06-01T16:39:28
A-05728,ORG-007,low,malware,ASSET-ORG-007-036,,2025-04-23T10:01:40,2025-04-27T23:09:27
A-05729,ORG-007,low,malware,ASSET-ORG-007-055,,2025-06-26T06:08:52,2025-06-29T13:03:16
A-05730,ORG-007,critical,phishing,ASSET-ORG-007-089,,2025-05-22T14:30:55,2025-05-22T21:20:43
A-05731,ORG-007,medium,recon,ASSET-ORG-007-102,CASE-01327,2025-04-05T19:13:12,2025-04-06T19:25:01
A-05732,ORG-007,high,phishing,ASSET-ORG-007-035,CASE-01463,2025-02-25T01:52:32,2025-02-25T14:24:11
A-05733,ORG-007,low,privilege_escalation,ASSET-ORG-007-005,,2025-01-07T21:36:47,2025-01-13T11:20:44
A-05734,ORG-007,medium,malware,ASSET-ORG-007-089,,2025-06-17T12:07:00,2025-06-20T01:33:02
A-05735,ORG-007,critical,privilege_escalation,ASSET-ORG-007-036,,2025-02-06T12:29:15,2025-02-06T14:45:16
A-05736,ORG-007,low,brute_force,ASSET-ORG-007-096,,2025-03-01T15:34:59,2025-03-05T17:51:58
A-05737,ORG-007,low,recon,ASSET-ORG-007-104,,2025-05-18T19:57:58,2025-05-23T05:43:25
A-05738,ORG-007,medium,privilege_escalation,ASSET-ORG-007-039,,2025-03-22T20:04:53,2025-03-25T19:48:44
A-05739,ORG-007,low,brute_force,ASSET-ORG-007-022,,2025-06-08T13:55:58,2025-06-12T14:40:34
A-05740,ORG-007,medium,privilege_escalation,ASSET-ORG-007-063,,2025-02-26T20:06:00,2025-02-28T06:11:57
A-05741,ORG-007,critical,data_exfil,ASSET-ORG-007-056,,2025-06-04T02:39:25,2025-06-04T05:25:45
A-05742,ORG-007,high,malware,ASSET-ORG-007-104,CASE-01290,2025-01-20T12:27:40,2025-01-20T23:19:07
A-05743,ORG-007,critical,malware,ASSET-ORG-007-003,CASE-01374,2025-04-24T11:49:46,2025-04-24T17:28:06
A-05744,ORG-007,medium,phishing,ASSET-ORG-007-007,,2025-03-15T17:26:09,2025-03-17T07:37:45
A-05745,ORG-007,critical,brute_force,ASSET-ORG-007-096,,2025-06-25T08:56:58,2025-06-25T13:39:13
A-05746,ORG-007,medium,lateral_movement,ASSET-ORG-007-016,,2025-05-18T11:26:31,2025-05-20T23:14:10
A-05747,ORG-007,high,recon,ASSET-ORG-007-072,,2025-04-21T13:36:29,2025-04-22T06:32:34
A-05748,ORG-007,high,recon,ASSET-ORG-007-080,,2025-01-15T18:59:22,2025-01-16T15:07:54
A-05749,ORG-007,high,recon,ASSET-ORG-007-099,CASE-01279,2025-01-16T01:42:59,2025-01-17T01:26:06
A-05750,ORG-007,critical,privilege_escalation,ASSET-ORG-007-029,CASE-01287,2025-06-14T19:30:30,2025-06-15T02:38:21
A-05751,ORG-007,low,lateral_movement,ASSET-ORG-007-086,,2025-04-21T11:13:30,2025-04-24T06:41:47
A-05752,ORG-007,low,malware,ASSET-ORG-007-102,CASE-01458,2025-01-06T11:48:01,2025-01-10T04:36:11
A-05753,ORG-007,medium,brute_force,ASSET-ORG-007-021,,2025-02-21T04:29:24,2025-02-22T13:01:27
A-05754,ORG-007,high,data_exfil,ASSET-ORG-007-011,,2025-06-08T00:45:14,2025-06-08T17:52:01
A-05755,ORG-007,high,recon,ASSET-ORG-007-079,,2025-05-19T08:10:38,2025-05-20T00:51:54
A-05756,ORG-007,high,data_exfil,ASSET-ORG-007-051,,2025-03-27T15:59:53,2025-03-28T14:38:30
A-05757,ORG-007,medium,privilege_escalation,ASSET-ORG-007-093,,2025-02-24T01:07:27,2025-02-25T02:00:18
A-05758,ORG-007,high,brute_force,ASSET-ORG-007-026,,2025-05-17T06:21:10,2025-05-17T16:49:29
A-05759,ORG-007,medium,phishing,ASSET-ORG-007-016,,2025-03-01T10:49:43,2025-03-03T15:53:26
A-05760,ORG-007,critical,malware,ASSET-ORG-007-043,,2025-06-13T15:40:32,2025-06-13T22:14:48
A-05761,ORG-007,critical,recon,ASSET-ORG-007-086,,2025-01-17T14:57:03,2025-01-17T21:50:17
A-05762,ORG-007,high,recon,ASSET-ORG-007-028,CASE-01355,2025-05-29T15:59:18,2025-05-30T04:38:24
A-05763,ORG-007,medium,phishing,ASSET-ORG-007-042,,2025-02-22T21:24:39,2025-02-25T00:31:43
A-05764,ORG-007,high,lateral_movement,ASSET-ORG-007-020,,2025-05-14T16:17:59,2025-05-15T15:11:28
A-05765,ORG-007,medium,malware,ASSET-ORG-007-047,,2025-03-07T10:04:23,2025-03-10T03:49:24
A-05766,ORG-007,critical,lateral_movement,ASSET-ORG-007-057,,2025-01-22T14:16:37,2025-01-22T20:13:17
A-05767,ORG-007,medium,phishing,ASSET-ORG-007-017,,2025-04-17T09:33:51,2025-04-18T12:47:05
A-05768,ORG-007,low,brute_force,ASSET-ORG-007-090,,2025-05-18T14:59:27,2025-05-24T09:37:25
A-05769,ORG-007,low,recon,ASSET-ORG-007-016,CASE-01486,2025-06-19T20:24:58,2025-06-22T05:37:12
A-05770,ORG-007,critical,phishing,ASSET-ORG-007-062,,2025-01-03T19:29:50,2025-01-03T23:04:19
A-05771,ORG-007,high,data_exfil,ASSET-ORG-007-029,,2025-01-18T02:08:28,2025-01-18T13:45:38
A-05772,ORG-007,high,lateral_movement,ASSET-ORG-007-049,CASE-01323,2025-03-15T16:56:34,2025-03-16T13:38:01
A-05773,ORG-007,critical,phishing,ASSET-ORG-007-076,,2025-02-23T14:10:35,2025-02-23T18:31:24
A-05774,ORG-007,low,brute_force,ASSET-ORG-007-077,,2025-04-19T07:56:46,2025-04-23T00:55:31
A-05775,ORG-007,critical,brute_force,ASSET-ORG-007-067,,2025-01-22T04:04:52,2025-01-22T07:55:13
A-05776,ORG-007,medium,malware,ASSET-ORG-007-057,,2025-03-09T23:47:03,2025-03-11T07:52:15
A-05777,ORG-007,critical,brute_force,ASSET-ORG-007-034,,2025-04-10T03:50:54,2025-04-10T08:01:17
A-05778,ORG-007,medium,data_exfil,ASSET-ORG-007-079,,2025-01-01T09:55:20,2025-01-03T10:32:23
A-05779,ORG-007,critical,brute_force,ASSET-ORG-007-088,CASE-01494,2025-05-11T15:36:59,2025-05-11T22:25:48
A-05780,ORG-007,medium,lateral_movement,ASSET-ORG-007-067,,2025-03-18T23:56:53,2025-03-20T17:56:13
A-05781,ORG-007,critical,brute_force,ASSET-ORG-007-026,CASE-01293,2025-06-14T14:34:28,2025-06-14T19:50:18
A-05782,ORG-007,low,recon,ASSET-ORG-007-096,,2025-05-30T22:51:44,2025-06-02T20:34:32
A-05783,ORG-007,medium,privilege_escalation,ASSET-ORG-007-045,,2025-06-21T17:09:51,2025-06-23T23:30:19
A-05784,ORG-007,high,brute_force,ASSET-ORG-007-059,CASE-01441,2025-04-01T06:03:45,2025-04-01T14:24:06
A-05785,ORG-007,medium,recon,ASSET-ORG-007-102,,2025-01-31T03:33:48,2025-02-01T23:05:18
A-05786,ORG-007,critical,brute_force,ASSET-ORG-007-100,,2025-01-09T14:58:50,2025-01-09T20:40:31
A-05787,ORG-007,low,recon,ASSET-ORG-007-050,,2025-01-06T03:32:40,2025-01-10T12:38:13
A-05788,ORG-007,critical,lateral_movement,ASSET-ORG-007-019,,2025-02-14T16:24:22,2025-02-15T00:03:04
A-05789,ORG-007,high,brute_force,ASSET-ORG-007-102,,2025-02-19T19:02:36,2025-02-20T17:41:31
A-05790,ORG-007,medium,recon,ASSET-ORG-007-050,,2025-03-12T00:29:25,2025-03-14T18:54:23
A-05791,ORG-007,medium,data_exfil,ASSET-ORG-007-038,,2025-03-04T13:19:52,2025-03-06T10:03:22
A-05792,ORG-007,medium,lateral_movement,ASSET-ORG-007-016,,2025-05-02T02:46:29,2025-05-04T21:32:40
A-05793,ORG-007,high,recon,ASSET-ORG-007-013,,2025-01-24T04:16:24,2025-01-24T22:08:49
A-05794,ORG-007,medium,phishing,ASSET-ORG-007-012,,2025-05-13T18:56:43,2025-05-16T14:01:07
A-05795,ORG-007,medium,recon,ASSET-ORG-007-034,,2025-05-14T12:27:18,2025-05-16T07:33:37
A-05796,ORG-007,low,lateral_movement,ASSET-ORG-007-104,CASE-01386,2025-04-09T10:55:22,2025-04-11T15:09:57
A-05797,ORG-007,low,recon,ASSET-ORG-007-048,,2025-01-23T12:04:43,2025-01-26T11:33:07
A-05798,ORG-007,low,privilege_escalation,ASSET-ORG-007-057,,2025-06-30T12:51:02,
A-05799,ORG-007,medium,data_exfil,ASSET-ORG-007-044,,2025-01-25T02:31:12,2025-01-27T15:11:55
A-05800,ORG-007,critical,data_exfil,ASSET-ORG-007-098,,2025-01-24T21:48:30,2025-01-25T05:46:42
A-05801,ORG-007,low,privilege_escalation,ASSET-ORG-007-048,CASE-01510,2025-04-10T21:11:41,2025-04-13T14:38:42
A-05802,ORG-007,low,lateral_movement,ASSET-ORG-007-085,,2025-03-28T07:38:00,2025-04-03T01:48:11
A-05803,ORG-007,critical,malware,ASSET-ORG-007-047,,2025-03-12T07:52:26,2025-03-12T14:29:00
A-05804,ORG-007,medium,privilege_escalation,ASSET-ORG-007-067,,2025-03-03T01:03:09,2025-03-05T03:07:37
A-05805,ORG-007,critical,lateral_movement,ASSET-ORG-007-075,,2025-06-04T00:41:55,2025-06-04T07:43:02
A-05806,ORG-007,low,lateral_movement,ASSET-ORG-007-058,,2025-02-04T12:33:32,2025-02-10T00:42:39
A-05807,ORG-007,medium,lateral_movement,ASSET-ORG-007-031,CASE-01366,2025-03-30T12:52:37,2025-03-31T14:57:34
A-05808,ORG-007,high,phishing,ASSET-ORG-007-007,,2025-01-01T16:26:01,2025-01-02T11:50:13
A-05809,ORG-007,critical,brute_force,ASSET-ORG-007-084,,2025-06-11T05:55:44,2025-06-11T09:00:56
A-05810,ORG-007,high,recon,ASSET-ORG-007-095,,2025-03-15T02:19:36,2025-03-15T14:03:40
A-05811,ORG-007,medium,lateral_movement,ASSET-ORG-007-091,,2025-01-11T11:12:28,2025-01-12T20:29:24
A-05812,ORG-007,high,malware,ASSET-ORG-007-043,,2025-02-13T23:00:25,2025-02-14T20:55:54
A-05813,ORG-007,high,malware,ASSET-ORG-007-058,,2025-01-31T11:09:09,2025-02-01T03:33:55
A-05814,ORG-007,medium,privilege_escalation,ASSET-ORG-007-068,,2025-03-29T13:39:57,2025-03-30T15:42:30
A-05815,ORG-007,high,recon,ASSET-ORG-007-076,,2025-02-22T06:44:44,2025-02-23T02:58:13
A-05816,ORG-007,critical,brute_force,ASSET-ORG-007-085,CASE-01395,2025-02-20T01:53:00,2025-02-20T04:20:30
A-05817,ORG-007,high,malware,ASSET-ORG-007-042,,2025-06-14T05:29:49,2025-06-15T04:54:18
A-05818,ORG-007,medium,phishing,ASSET-ORG-007-007,,2025-01-23T01:10:10,2025-01-25T03:31:21
A-05819,ORG-007,medium,phishing,ASSET-ORG-007-015,,2025-01-15T11:29:46,2025-01-17T19:04:14
A-05820,ORG-007,low,phishing,ASSET-ORG-007-034,CASE-01466,2025-03-05T13:52:22,2025-03-07T21:50:59
A-05821,ORG-007,high,lateral_movement,ASSET-ORG-007-103,,2025-04-04T06:04:20,2025-04-05T04:21:27
A-05822,ORG-007,medium,malware,ASSET-ORG-007-050,,2025-05-29T02:05:50,2025-05-30T02:49:22
A-05823,ORG-007,critical,phishing,ASSET-ORG-007-023,CASE-01297,2025-04-18T02:58:01,2025-04-18T07:28:28
A-05824,ORG-007,low,privilege_escalation,ASSET-ORG-007-105,CASE-01405,2025-02-07T06:02:10,2025-02-11T04:49:31
A-05825,ORG-007,medium,phishing,ASSET-ORG-007-020,CASE-01503,2025-02-26T08:55:20,2025-03-01T08:19:52
A-05826,ORG-007,low,phishing,ASSET-ORG-007-054,,2025-05-23T03:25:12,2025-05-28T11:23:52
A-05827,ORG-007,medium,data_exfil,ASSET-ORG-007-031,,2025-04-15T05:37:59,2025-04-16T20:32:07
A-05828,ORG-007,low,data_exfil,ASSET-ORG-007-101,,2025-04-08T04:58:24,2025-04-13T12:30:56
A-05829,ORG-007,high,data_exfil,ASSET-ORG-007-066,,2025-05-03T04:55:38,2025-05-04T04:21:43
A-05830,ORG-007,high,recon,ASSET-ORG-007-014,,2025-02-05T00:51:08,2025-02-05T20:21:35
A-05831,ORG-007,low,brute_force,ASSET-ORG-007-033,,2025-04-26T17:58:15,2025-05-02T16:46:56
A-05832,ORG-007,critical,privilege_escalation,ASSET-ORG-007-030,,2025-01-12T07:56:14,2025-01-12T14:18:32
A-05833,ORG-007,low,recon,ASSET-ORG-007-055,CASE-01445,2025-01-03T13:01:11,2025-01-05T23:57:05
A-05834,ORG-007,high,privilege_escalation,ASSET-ORG-007-079,,2025-01-14T01:47:39,2025-01-14T10:22:08
A-05835,ORG-007,critical,malware,ASSET-ORG-007-006,CASE-01408,2025-02-25T07:39:48,2025-02-25T13:50:29
A-05836,ORG-007,low,privilege_escalation,ASSET-ORG-007-087,,2025-01-27T01:09:30,2025-01-31T04:00:06
A-05837,ORG-007,low,malware,ASSET-ORG-007-001,,2025-04-21T08:18:28,2025-04-24T23:59:53
A-05838,ORG-007,medium,phishing,ASSET-ORG-007-010,,2025-03-20T22:53:23,2025-03-22T23:45:07
A-05839,ORG-007,low,malware,ASSET-ORG-007-069,,2025-04-10T11:53:01,2025-04-15T18:50:29
A-05840,ORG-007,low,lateral_movement,ASSET-ORG-007-054,,2025-02-27T22:31:52,2025-03-02T14:05:11
A-05841,ORG-007,low,data_exfil,ASSET-ORG-007-101,,2025-04-23T12:28:05,2025-04-26T16:07:30
A-05842,ORG-007,critical,malware,ASSET-ORG-007-093,,2025-06-30T20:17:15,
A-05843,ORG-007,low,data_exfil,ASSET-ORG-007-032,CASE-01387,2025-01-18T03:59:37,2025-01-20T18:10:47
A-05844,ORG-007,low,brute_force,ASSET-ORG-007-075,,2025-02-12T13:56:32,2025-02-15T20:17:45
A-05845,ORG-007,medium,recon,ASSET-ORG-007-036,,2025-01-08T15:16:16,2025-01-09T16:43:39
A-05846,ORG-007,medium,privilege_escalation,ASSET-ORG-007-067,,2025-04-15T03:52:06,2025-04-16T09:48:01
A-05847,ORG-007,high,privilege_escalation,ASSET-ORG-007-099,,2025-05-29T05:19:25,2025-05-30T01:43:58
A-05848,ORG-007,medium,privilege_escalation,ASSET-ORG-007-006,,2025-02-18T21:14:57,2025-02-20T07:44:31
A-05849,ORG-007,high,phishing,ASSET-ORG-007-017,,2025-06-13T02:57:57,2025-06-13T17:45:37
A-05850,ORG-007,low,data_exfil,ASSET-ORG-007-101,,2025-01-02T11:19:25,2025-01-05T12:57:27
A-05851,ORG-007,high,malware,ASSET-ORG-007-020,,2025-01-23T11:59:10,2025-01-24T03:19:24
A-05852,ORG-007,medium,lateral_movement,ASSET-ORG-007-024,,2025-04-03T17:41:54,2025-04-05T10:21:46
A-05853,ORG-007,high,lateral_movement,ASSET-ORG-007-038,CASE-01411,2025-02-26T10:16:30,2025-02-27T01:26:59
A-05854,ORG-007,medium,privilege_escalation,ASSET-ORG-007-031,,2025-01-29T06:19:54,2025-01-30T11:27:06
A-05855,ORG-007,high,malware,ASSET-ORG-007-062,,2025-04-28T11:29:20,2025-04-29T01:24:41
A-05856,ORG-007,medium,data_exfil,ASSET-ORG-007-033,,2025-06-18T22:33:38,2025-06-21T00:03:02
A-05857,ORG-007,high,privilege_escalation,ASSET-ORG-007-097,,2025-05-07T00:31:06,2025-05-07T13:49:09
A-05858,ORG-007,medium,lateral_movement,ASSET-ORG-007-097,,2025-03-17T01:37:47,2025-03-18T22:35:21
A-05859,ORG-007,critical,phishing,ASSET-ORG-007-029,,2025-03-27T13:29:45,2025-03-27T20:49:53
A-05860,ORG-007,low,data_exfil,ASSET-ORG-007-003,CASE-01478,2025-03-14T19:11:14,2025-03-19T20:05:40
A-05861,ORG-007,medium,lateral_movement,ASSET-ORG-007-075,CASE-01306,2025-01-19T19:06:08,2025-01-22T16:46:57
A-05862,ORG-007,low,data_exfil,ASSET-ORG-007-043,CASE-01311,2025-02-15T15:05:34,2025-02-17T17:41:19
A-05863,ORG-007,medium,privilege_escalation,ASSET-ORG-007-060,,2025-01-29T07:52:24,2025-01-30T18:54:24
A-05864,ORG-007,low,recon,ASSET-ORG-007-090,,2025-06-02T18:05:49,2025-06-07T09:38:23
A-05865,ORG-007,medium,malware,ASSET-ORG-007-068,CASE-01356,2025-03-14T03:45:10,2025-03-16T20:11:56
A-05866,ORG-007,critical,data_exfil,ASSET-ORG-007-101,,2025-06-13T20:16:12,2025-06-14T03:35:26
A-05867,ORG-007,high,data_exfil,ASSET-ORG-007-016,,2025-04-10T15:47:17,2025-04-11T07:24:53
A-05868,ORG-007,high,malware,ASSET-ORG-007-009,,2025-05-30T20:44:31,2025-05-31T12:41:52
A-05869,ORG-007,medium,phishing,ASSET-ORG-007-033,CASE-01422,2025-04-18T15:36:15,2025-04-19T22:09:43
A-05870,ORG-007,medium,data_exfil,ASSET-ORG-007-073,,2025-01-23T08:17:04,2025-01-25T08:32:25
A-05871,ORG-007,medium,malware,ASSET-ORG-007-069,,2025-04-08T00:27:46,2025-04-10T04:07:31
A-05872,ORG-007,critical,lateral_movement,ASSET-ORG-007-090,CASE-01289,2025-01-13T15:18:17,2025-01-13T22:31:02
A-05873,ORG-007,high,phishing,ASSET-ORG-007-055,,2025-03-16T17:48:36,2025-03-17T15:53:32
A-05874,ORG-007,critical,phishing,ASSET-ORG-007-105,,2025-04-01T01:52:39,2025-04-01T06:36:56
A-05875,ORG-007,medium,lateral_movement,ASSET-ORG-007-050,,2025-06-19T21:50:15,2025-06-21T04:56:15
A-05876,ORG-007,low,lateral_movement,ASSET-ORG-007-011,,2025-01-26T07:51:30,2025-01-30T05:13:48
A-05877,ORG-007,medium,recon,ASSET-ORG-007-031,,2025-06-03T11:34:08,2025-06-05T03:01:49
A-05878,ORG-007,medium,privilege_escalation,ASSET-ORG-007-103,,2025-04-09T04:23:17,2025-04-11T23:18:20
A-05879,ORG-007,high,data_exfil,ASSET-ORG-007-095,,2025-05-25T10:25:30,2025-05-26T06:59:36
A-05880,ORG-007,critical,recon,ASSET-ORG-007-040,,2025-03-13T20:02:44,2025-03-13T23:18:02
A-05881,ORG-007,high,brute_force,ASSET-ORG-007-089,CASE-01371,2025-01-16T11:01:29,2025-01-16T22:32:38
A-05882,ORG-007,medium,brute_force,ASSET-ORG-007-094,,2025-03-04T00:14:06,2025-03-06T02:31:24
A-05883,ORG-007,medium,privilege_escalation,ASSET-ORG-007-017,,2025-02-02T19:55:12,2025-02-05T09:01:19
A-05884,ORG-007,critical,brute_force,ASSET-ORG-007-068,,2025-05-31T08:00:59,2025-05-31T13:56:27
A-05885,ORG-007,medium,phishing,ASSET-ORG-007-014,,2025-01-16T03:02:55,2025-01-17T12:04:00
A-05886,ORG-007,low,data_exfil,ASSET-ORG-007-061,,2025-05-20T05:22:01,2025-05-25T23:43:41
A-05887,ORG-007,medium,phishing,ASSET-ORG-007-095,,2025-06-29T11:29:43,2025-06-30T22:33:05
A-05888,ORG-007,medium,lateral_movement,ASSET-ORG-007-094,,2025-01-10T11:33:57,2025-01-13T00:30:41
A-05889,ORG-007,critical,recon,ASSET-ORG-007-104,,2025-05-07T01:20:16,2025-05-07T08:50:31
A-05890,ORG-007,high,lateral_movement,ASSET-ORG-007-094,CASE-01417,2025-04-09T08:17:42,2025-04-10T03:52:12
A-05891,ORG-007,low,recon,ASSET-ORG-007-054,,2025-02-04T19:18:13,2025-02-10T02:17:16
A-05892,ORG-007,low,data_exfil,ASSET-ORG-007-063,,2025-05-08T23:07:21,2025-05-14T13:28:49
A-05893,ORG-007,high,brute_force,ASSET-ORG-007-035,CASE-01344,2025-01-31T18:41:45,2025-02-01T06:19:48
A-05894,ORG-007,critical,phishing,ASSET-ORG-007-074,,2025-01-08T20:20:08,2025-01-09T02:44:46
A-05895,ORG-007,high,recon,ASSET-ORG-007-071,CASE-01391,2025-05-31T13:57:06,2025-06-01T13:25:28
A-05896,ORG-007,medium,data_exfil,ASSET-ORG-007-087,,2025-04-12T21:48:06,2025-04-14T05:34:11
A-05897,ORG-007,low,brute_force,ASSET-ORG-007-031,,2025-03-23T19:46:51,2025-03-28T13:59:52
A-05898,ORG-007,medium,malware,ASSET-ORG-007-065,CASE-01361,2025-05-11T00:18:28,2025-05-12T05:25:53
A-05899,ORG-007,high,lateral_movement,ASSET-ORG-007-055,CASE-01453,2025-03-17T12:48:42,2025-03-18T03:36:17
A-05900,ORG-007,high,malware,ASSET-ORG-007-062,,2025-01-09T09:34:42,2025-01-10T00:34:17
A-05901,ORG-007,low,recon,ASSET-ORG-007-054,,2025-01-03T05:36:37,2025-01-07T12:31:00
A-05902,ORG-007,low,phishing,ASSET-ORG-007-023,,2025-06-22T11:37:41,2025-06-28T01:09:16
A-05903,ORG-007,critical,lateral_movement,ASSET-ORG-007-039,,2025-02-26T01:27:14,2025-02-26T05:24:21
A-05904,ORG-007,medium,lateral_movement,ASSET-ORG-007-051,,2025-05-20T18:59:38,2025-05-21T23:49:23
A-05905,ORG-007,medium,phishing,ASSET-ORG-007-056,,2025-05-07T11:39:44,2025-05-09T03:12:59
A-05906,ORG-007,medium,phishing,ASSET-ORG-007-083,,2025-06-02T16:40:02,2025-06-03T20:06:35
A-05907,ORG-007,medium,brute_force,ASSET-ORG-007-028,,2025-02-07T21:34:25,2025-02-09T19:13:58
A-05908,ORG-007,medium,malware,ASSET-ORG-007-042,,2025-03-07T15:01:40,2025-03-09T15:35:05
A-05909,ORG-007,medium,privilege_escalation,ASSET-ORG-007-030,,2025-05-25T22:11:04,2025-05-27T04:40:55
A-05910,ORG-007,critical,lateral_movement,ASSET-ORG-007-063,,2025-05-16T20:32:54,2025-05-17T01:10:34
A-05911,ORG-007,critical,phishing,ASSET-ORG-007-051,CASE-01338,2025-06-23T15:58:44,2025-06-23T19:06:34
A-05912,ORG-007,low,phishing,ASSET-ORG-007-011,CASE-01326,2025-01-09T22:18:18,2025-01-14T15:06:13
A-05913,ORG-007,low,lateral_movement,ASSET-ORG-007-044,,2025-04-02T04:54:02,2025-04-07T01:53:41
A-05914,ORG-007,high,malware,ASSET-ORG-007-096,,2025-05-16T08:14:33,2025-05-16T17:50:20
A-05915,ORG-007,critical,privilege_escalation,ASSET-ORG-007-066,,2025-04-16T23:14:30,2025-04-17T02:04:40
A-05916,ORG-007,medium,phishing,ASSET-ORG-007-060,,2025-01-16T10:50:55,2025-01-19T09:56:31
A-05917,ORG-007,medium,lateral_movement,ASSET-ORG-007-069,CASE-01342,2025-04-19T19:26:39,2025-04-21T05:39:12
A-05918,ORG-007,high,data_exfil,ASSET-ORG-007-094,,2025-01-21T06:39:13,2025-01-22T00:20:17
A-05919,ORG-007,low,privilege_escalation,ASSET-ORG-007-060,,2025-02-25T10:47:13,2025-03-01T11:15:59
A-05920,ORG-007,medium,recon,ASSET-ORG-007-026,,2025-01-25T01:32:31,2025-01-28T00:54:45
A-05921,ORG-007,high,phishing,ASSET-ORG-007-032,,2025-02-06T22:11:53,2025-02-07T13:54:57
A-05922,ORG-007,critical,phishing,ASSET-ORG-007-057,,2025-02-17T14:37:14,2025-02-17T21:58:57
A-05923,ORG-007,low,recon,ASSET-ORG-007-069,,2025-06-25T11:00:06,2025-06-29T23:14:46
A-05924,ORG-007,low,malware,ASSET-ORG-007-052,,2025-02-17T01:15:58,2025-02-19T19:50:55
A-05925,ORG-007,high,brute_force,ASSET-ORG-007-034,,2025-05-20T17:56:14,2025-05-21T11:03:27
A-05926,ORG-007,medium,data_exfil,ASSET-ORG-007-076,,2025-05-16T03:51:04,2025-05-18T17:42:09
A-05927,ORG-007,high,lateral_movement,ASSET-ORG-007-050,,2025-05-14T10:20:04,2025-05-15T02:23:06
A-05928,ORG-007,high,lateral_movement,ASSET-ORG-007-005,,2025-06-18T13:07:29,2025-06-19T11:17:22
A-05929,ORG-007,low,recon,ASSET-ORG-007-081,,2025-02-05T12:33:43,2025-02-07T14:56:49
A-05930,ORG-007,medium,malware,ASSET-ORG-007-014,,2025-06-25T18:12:18,2025-06-27T07:59:05
A-05931,ORG-007,medium,phishing,ASSET-ORG-007-092,CASE-01358,2025-05-18T06:09:21,2025-05-20T09:43:00
A-05932,ORG-007,low,lateral_movement,ASSET-ORG-007-093,,2025-06-13T01:06:11,2025-06-16T03:01:56
A-05933,ORG-007,high,recon,ASSET-ORG-007-067,,2025-06-11T03:19:24,2025-06-11T23:20:55
A-05934,ORG-007,medium,recon,ASSET-ORG-007-095,CASE-01305,2025-01-29T23:22:47,2025-01-31T15:43:28
A-05935,ORG-007,low,brute_force,ASSET-ORG-007-025,,2025-05-12T07:18:26,2025-05-17T08:36:22
A-05936,ORG-007,low,lateral_movement,ASSET-ORG-007-035,,2025-04-28T23:21:12,2025-05-01T22:12:19
A-05937,ORG-007,high,recon,ASSET-ORG-007-088,,2025-06-22T17:40:55,2025-06-23T07:48:36
A-05938,ORG-007,high,recon,ASSET-ORG-007-087,,2025-04-16T12:45:10,2025-04-17T08:17:02
A-05939,ORG-007,critical,brute_force,ASSET-ORG-007-064,CASE-01507,2025-05-07T14:13:04,2025-05-07T16:32:26
A-05940,ORG-007,low,malware,ASSET-ORG-007-008,CASE-01409,2025-03-17T09:48:17,2025-03-22T16:04:25
A-05941,ORG-007,high,privilege_escalation,ASSET-ORG-007-047,CASE-01483,2025-03-05T10:08:46,2025-03-06T00:48:46
A-05942,ORG-007,medium,recon,ASSET-ORG-007-018,CASE-01449,2025-05-08T18:50:27,2025-05-10T04:09:25
A-05943,ORG-007,medium,lateral_movement,ASSET-ORG-007-076,,2025-01-24T12:38:08,2025-01-26T04:39:03
A-05944,ORG-007,high,brute_force,ASSET-ORG-007-016,,2025-04-23T09:13:44,2025-04-23T20:39:30
A-05945,ORG-007,critical,phishing,ASSET-ORG-007-024,CASE-01500,2025-02-03T00:57:17,2025-02-03T05:34:17
A-05946,ORG-007,medium,lateral_movement,ASSET-ORG-007-097,CASE-01497,2025-06-07T13:42:18,2025-06-08T22:31:16
A-05947,ORG-007,low,malware,ASSET-ORG-007-037,,2025-02-06T05:43:02,2025-02-11T05:47:37
A-05948,ORG-007,medium,malware,ASSET-ORG-007-051,,2025-06-14T16:37:29,2025-06-15T23:24:14
A-05949,ORG-007,low,malware,ASSET-ORG-007-043,,2025-04-29T13:59:59,2025-05-04T11:49:13
A-05950,ORG-007,medium,privilege_escalation,ASSET-ORG-007-038,,2025-05-07T19:00:24,2025-05-09T12:58:44
A-05951,ORG-007,medium,recon,ASSET-ORG-007-060,,2025-04-28T17:59:44,2025-05-01T09:07:20
A-05952,ORG-007,high,lateral_movement,ASSET-ORG-007-014,,2025-04-26T10:58:32,2025-04-27T09:48:45
A-05953,ORG-007,medium,lateral_movement,ASSET-ORG-007-058,CASE-01302,2025-01-11T01:37:34,2025-01-12T07:19:54
A-05954,ORG-007,medium,privilege_escalation,ASSET-ORG-007-004,,2025-03-20T22:06:36,2025-03-22T17:12:53
A-05955,ORG-007,medium,lateral_movement,ASSET-ORG-007-064,,2025-02-06T23:38:12,2025-02-09T07:11:45
A-05956,ORG-007,medium,phishing,ASSET-ORG-007-007,CASE-01436,2025-05-25T07:55:09,2025-05-28T06:21:07
A-05957,ORG-007,high,privilege_escalation,ASSET-ORG-007-010,,2025-06-23T12:14:39,2025-06-23T22:50:07
A-05958,ORG-007,high,brute_force,ASSET-ORG-007-103,,2025-02-09T06:02:50,2025-02-09T18:33:47
A-05959,ORG-007,medium,privilege_escalation,ASSET-ORG-007-071,CASE-01374,2025-04-09T22:46:23,2025-04-12T09:11:16
A-05960,ORG-007,low,recon,ASSET-ORG-007-024,,2025-06-30T21:01:55,
A-05961,ORG-007,critical,lateral_movement,ASSET-ORG-007-019,,2025-04-16T11:05:52,2025-04-16T16:14:04
A-05962,ORG-007,low,lateral_movement,ASSET-ORG-007-033,,2025-03-04T01:52:49,2025-03-06T10:43:31
A-05963,ORG-007,medium,recon,ASSET-ORG-007-097,,2025-01-04T11:17:19,2025-01-06T16:57:35
A-05964,ORG-007,critical,data_exfil,ASSET-ORG-007-005,,2025-03-08T07:30:52,2025-03-08T13:28:10
A-05965,ORG-007,high,phishing,ASSET-ORG-007-029,,2025-02-22T13:10:17,2025-02-23T03:42:46
A-05966,ORG-007,critical,malware,ASSET-ORG-007-007,,2025-05-19T06:58:51,2025-05-19T10:35:08
A-05967,ORG-007,medium,malware,ASSET-ORG-007-025,,2025-02-20T03:23:30,2025-02-21T21:59:35
A-05968,ORG-007,high,recon,ASSET-ORG-007-105,,2025-04-02T10:08:47,2025-04-03T07:44:35
A-05969,ORG-007,medium,lateral_movement,ASSET-ORG-007-082,,2025-05-09T23:07:38,2025-05-11T21:01:48
A-05970,ORG-007,medium,lateral_movement,ASSET-ORG-007-102,,2025-01-28T04:58:21,2025-01-29T06:14:46
A-05971,ORG-007,medium,malware,ASSET-ORG-007-013,CASE-01466,2025-06-06T13:09:14,2025-06-08T22:07:13
A-05972,ORG-007,high,recon,ASSET-ORG-007-038,,2025-06-25T11:29:28,2025-06-26T00:24:15
A-05973,ORG-007,medium,lateral_movement,ASSET-ORG-007-065,CASE-01435,2025-06-22T20:30:12,2025-06-25T05:55:48
A-05974,ORG-007,high,recon,ASSET-ORG-007-053,,2025-05-24T23:16:42,2025-05-25T11:16:30
A-05975,ORG-007,low,recon,ASSET-ORG-007-084,,2025-05-11T20:57:30,2025-05-16T04:16:33
A-05976,ORG-007,critical,recon,ASSET-ORG-007-022,CASE-01384,2025-04-09T07:15:23,2025-04-09T09:50:03
A-05977,ORG-007,low,data_exfil,ASSET-ORG-007-021,,2025-02-17T12:03:49,2025-02-20T03:23:52
A-05978,ORG-007,low,brute_force,ASSET-ORG-007-048,,2025-03-17T18:26:09,2025-03-21T02:52:38
A-05979,ORG-007,high,malware,ASSET-ORG-007-088,,2025-02-27T08:41:45,2025-02-28T07:37:54
A-05980,ORG-007,high,lateral_movement,ASSET-ORG-007-047,,2025-06-12T12:44:29,2025-06-13T10:31:03
A-05981,ORG-007,high,phishing,ASSET-ORG-007-044,,2025-05-01T04:52:48,2025-05-01T15:31:46
A-05982,ORG-007,high,lateral_movement,ASSET-ORG-007-013,,2025-05-08T12:33:30,2025-05-09T03:42:47
A-05983,ORG-007,high,malware,ASSET-ORG-007-051,,2025-02-11T06:54:45,2025-02-11T19:20:50
A-05984,ORG-007,high,data_exfil,ASSET-ORG-007-077,,2025-02-13T18:47:06,2025-02-14T13:59:43
A-05985,ORG-007,high,recon,ASSET-ORG-007-023,CASE-01345,2025-04-08T17:17:08,2025-04-09T07:01:48
A-05986,ORG-007,high,brute_force,ASSET-ORG-007-009,,2025-04-08T00:59:02,2025-04-08T22:23:53
A-05987,ORG-007,low,data_exfil,ASSET-ORG-007-050,,2025-05-31T00:07:52,2025-06-02T06:42:08
A-05988,ORG-007,low,privilege_escalation,ASSET-ORG-007-013,,2025-03-25T03:34:35,2025-03-29T08:22:32
A-05989,ORG-007,low,lateral_movement,ASSET-ORG-007-082,,2025-01-11T18:05:29,2025-01-17T13:30:04
A-05990,ORG-007,high,malware,ASSET-ORG-007-067,,2025-05-10T19:25:02,2025-05-11T10:10:12
A-05991,ORG-007,medium,brute_force,ASSET-ORG-007-017,,2025-04-15T08:15:27,2025-04-17T15:38:41
A-05992,ORG-007,high,data_exfil,ASSET-ORG-007-096,CASE-01389,2025-03-07T08:48:16,2025-03-08T00:43:40
A-05993,ORG-007,low,data_exfil,ASSET-ORG-007-088,CASE-01398,2025-04-07T02:00:58,2025-04-10T01:46:04
A-05994,ORG-007,high,lateral_movement,ASSET-ORG-007-058,,2025-03-22T00:40:48,2025-03-22T10:02:54
A-05995,ORG-007,high,privilege_escalation,ASSET-ORG-007-096,,2025-04-02T04:26:37,2025-04-02T23:53:21
A-05996,ORG-007,low,privilege_escalation,ASSET-ORG-007-026,,2025-02-19T14:14:41,2025-02-25T03:01:28
A-05997,ORG-007,high,data_exfil,ASSET-ORG-007-023,,2025-02-21T18:45:12,2025-02-22T15:17:54
A-05998,ORG-007,high,recon,ASSET-ORG-007-082,,2025-01-15T04:39:06,2025-01-15T13:07:16
A-05999,ORG-007,medium,malware,ASSET-ORG-007-063,CASE-01405,2025-01-03T10:29:22,2025-01-05T02:35:19
A-06000,ORG-007,critical,phishing,ASSET-ORG-007-032,,2025-05-06T16:58:22,2025-05-06T19:20:21
A-06001,ORG-007,high,phishing,ASSET-ORG-007-040,CASE-01418,2025-04-30T23:18:57,2025-05-01T17:16:58
A-06002,ORG-007,critical,malware,ASSET-ORG-007-025,,2025-01-03T14:41:50,2025-01-03T21:38:07
A-06003,ORG-007,critical,brute_force,ASSET-ORG-007-008,,2025-06-06T16:25:34,2025-06-06T21:07:31
A-06004,ORG-007,high,malware,ASSET-ORG-007-051,,2025-02-09T00:32:43,2025-02-09T14:30:50
A-06005,ORG-007,low,brute_force,ASSET-ORG-007-101,,2025-04-10T23:45:54,2025-04-13T02:39:26
A-06006,ORG-007,medium,lateral_movement,ASSET-ORG-007-092,,2025-04-05T03:18:57,2025-04-07T05:32:46
A-06007,ORG-007,medium,malware,ASSET-ORG-007-028,,2025-04-15T13:25:03,2025-04-18T09:06:19
A-06008,ORG-007,medium,privilege_escalation,ASSET-ORG-007-034,,2025-05-14T06:15:57,2025-05-16T01:50:04
A-06009,ORG-007,low,phishing,ASSET-ORG-007-084,,2025-01-13T01:47:46,2025-01-15T19:58:25
A-06010,ORG-007,high,lateral_movement,ASSET-ORG-007-057,,2025-05-05T07:00:01,2025-05-06T00:25:23
A-06011,ORG-008,medium,recon,ASSET-ORG-008-011,,2025-05-16T22:57:47,2025-05-19T07:07:25
A-06012,ORG-008,low,recon,ASSET-ORG-008-014,CASE-01584,2025-01-25T17:56:00,2025-01-29T02:20:31
A-06013,ORG-008,critical,lateral_movement,ASSET-ORG-008-012,,2025-04-15T17:59:17,2025-04-16T01:48:05
A-06014,ORG-008,medium,malware,ASSET-ORG-008-106,,2025-01-15T20:19:45,2025-01-18T18:10:45
A-06015,ORG-008,medium,privilege_escalation,ASSET-ORG-008-054,,2025-03-09T23:54:13,2025-03-11T09:11:53
A-06016,ORG-008,critical,privilege_escalation,ASSET-ORG-008-082,CASE-01544,2025-02-22T23:07:30,2025-02-23T04:09:08
A-06017,ORG-008,medium,data_exfil,ASSET-ORG-008-015,CASE-01680,2025-03-04T10:34:20,2025-03-06T23:18:18
A-06018,ORG-008,low,brute_force,ASSET-ORG-008-003,CASE-01749,2025-05-09T23:05:53,2025-05-13T19:11:37
A-06019,ORG-008,low,data_exfil,ASSET-ORG-008-100,CASE-01567,2025-05-29T13:36:16,2025-06-02T13:52:58
A-06020,ORG-008,medium,phishing,ASSET-ORG-008-072,CASE-01539,2025-01-02T14:34:43,2025-01-04T22:31:58
A-06021,ORG-008,critical,malware,ASSET-ORG-008-005,,2025-02-23T13:35:43,2025-02-23T18:57:43
A-06022,ORG-008,high,data_exfil,ASSET-ORG-008-009,,2025-01-09T04:20:46,2025-01-09T22:39:00
A-06023,ORG-008,medium,data_exfil,ASSET-ORG-008-043,,2025-06-20T01:57:00,2025-06-21T18:32:26
A-06024,ORG-008,high,privilege_escalation,ASSET-ORG-008-061,,2025-04-30T05:57:27,2025-05-01T01:12:06
A-06025,ORG-008,high,privilege_escalation,ASSET-ORG-008-100,,2025-05-28T07:48:16,2025-05-29T06:37:06
A-06026,ORG-008,high,privilege_escalation,ASSET-ORG-008-035,,2025-06-13T19:14:30,2025-06-14T03:52:49
A-06027,ORG-008,medium,brute_force,ASSET-ORG-008-065,,2025-04-18T07:26:49,2025-04-19T12:46:01
A-06028,ORG-008,high,data_exfil,ASSET-ORG-008-047,,2025-04-02T17:20:36,2025-04-03T09:06:09
A-06029,ORG-008,high,malware,ASSET-ORG-008-109,CASE-01758,2025-06-07T14:35:05,2025-06-08T11:30:15
A-06030,ORG-008,medium,phishing,ASSET-ORG-008-072,,2025-03-17T19:58:47,2025-03-20T10:29:43
A-06031,ORG-008,critical,lateral_movement,ASSET-ORG-008-060,,2025-06-30T19:03:00,
A-06032,ORG-008,high,data_exfil,ASSET-ORG-008-042,,2025-03-03T02:29:41,2025-03-03T11:36:03
A-06033,ORG-008,high,data_exfil,ASSET-ORG-008-096,,2025-04-27T22:19:33,2025-04-28T09:23:12
A-06034,ORG-008,medium,phishing,ASSET-ORG-008-069,,2025-06-20T21:55:22,2025-06-22T14:54:18
A-06035,ORG-008,critical,lateral_movement,ASSET-ORG-008-109,,2025-06-15T06:05:05,2025-06-15T13:42:09
A-06036,ORG-008,low,data_exfil,ASSET-ORG-008-016,,2025-06-28T03:05:02,
A-06037,ORG-008,low,lateral_movement,ASSET-ORG-008-081,,2025-04-06T15:31:19,2025-04-11T16:33:59
A-06038,ORG-008,medium,lateral_movement,ASSET-ORG-008-109,,2025-04-23T10:40:53,2025-04-24T22:44:39
A-06039,ORG-008,high,privilege_escalation,ASSET-ORG-008-041,,2025-04-18T14:50:47,2025-04-19T04:17:09
A-06040,ORG-008,critical,privilege_escalation,ASSET-ORG-008-035,,2025-03-21T06:49:58,2025-03-21T12:19:46
A-06041,ORG-008,medium,privilege_escalation,ASSET-ORG-008-065,,2025-04-12T03:30:08,2025-04-14T22:58:47
A-06042,ORG-008,high,malware,ASSET-ORG-008-075,,2025-01-06T04:59:32,2025-01-06T16:08:53
A-06043,ORG-008,medium,malware,ASSET-ORG-008-064,,2025-03-28T22:50:55,2025-03-30T08:48:05
A-06044,ORG-008,critical,phishing,ASSET-ORG-008-104,,2025-06-13T05:19:34,2025-06-13T09:05:53
A-06045,ORG-008,high,data_exfil,ASSET-ORG-008-003,,2025-02-20T04:06:44,2025-02-20T21:43:42
A-06046,ORG-008,low,privilege_escalation,ASSET-ORG-008-094,,2025-02-27T00:59:07,2025-03-02T16:24:27
A-06047,ORG-008,low,brute_force,ASSET-ORG-008-007,CASE-01613,2025-02-12T09:05:52,2025-02-17T06:02:41
A-06048,ORG-008,high,recon,ASSET-ORG-008-020,,2025-03-26T16:47:37,2025-03-27T10:35:09
A-06049,ORG-008,low,privilege_escalation,ASSET-ORG-008-019,,2025-03-20T13:14:07,2025-03-23T14:30:28
A-06050,ORG-008,medium,brute_force,ASSET-ORG-008-087,,2025-03-31T19:10:16,2025-04-02T02:44:33
A-06051,ORG-008,high,recon,ASSET-ORG-008-060,CASE-01531,2025-02-17T12:20:39,2025-02-18T04:03:34
A-06052,ORG-008,critical,malware,ASSET-ORG-008-113,,2025-06-29T10:59:36,2025-06-29T18:45:12
A-06053,ORG-008,critical,recon,ASSET-ORG-008-008,,2025-04-25T18:21:26,2025-04-25T22:09:04
A-06054,ORG-008,critical,privilege_escalation,ASSET-ORG-008-066,,2025-06-22T02:31:44,2025-06-22T06:42:46
A-06055,ORG-008,high,lateral_movement,ASSET-ORG-008-008,CASE-01768,2025-06-23T05:16:29,2025-06-23T21:28:49
A-06056,ORG-008,low,data_exfil,ASSET-ORG-008-035,,2025-01-12T07:42:01,2025-01-17T15:20:47
A-06057,ORG-008,medium,brute_force,ASSET-ORG-008-027,,2025-02-23T07:39:11,2025-02-24T12:07:33
A-06058,ORG-008,medium,malware,ASSET-ORG-008-008,,2025-04-10T06:27:47,2025-04-12T15:43:10
A-06059,ORG-008,medium,privilege_escalation,ASSET-ORG-008-025,CASE-01650,2025-06-10T19:24:40,2025-06-13T08:22:11
A-06060,ORG-008,medium,recon,ASSET-ORG-008-094,CASE-01771,2025-05-13T23:54:21,2025-05-16T04:30:36
A-06061,ORG-008,medium,recon,ASSET-ORG-008-023,CASE-01625,2025-04-12T22:51:07,2025-04-15T19:12:47
A-06062,ORG-008,low,privilege_escalation,ASSET-ORG-008-087,,2025-02-12T13:03:55,2025-02-16T10:15:18
A-06063,ORG-008,medium,data_exfil,ASSET-ORG-008-006,,2025-01-19T18:27:21,2025-01-21T10:36:32
A-06064,ORG-008,critical,malware,ASSET-ORG-008-041,,2025-05-27T11:58:41,2025-05-27T18:27:37
A-06065,ORG-008,high,brute_force,ASSET-ORG-008-053,CASE-01527,2025-03-24T04:04:26,2025-03-25T03:23:47
A-06066,ORG-008,high,brute_force,ASSET-ORG-008-005,,2025-02-25T01:01:42,2025-02-25T12:22:15
A-06067,ORG-008,high,data_exfil,ASSET-ORG-008-039,,2025-03-12T12:16:08,2025-03-13T03:49:26
A-06068,ORG-008,high,brute_force,ASSET-ORG-008-010,,2025-03-04T10:18:41,2025-03-05T00:42:53
A-06069,ORG-008,medium,recon,ASSET-ORG-008-011,,2025-02-18T01:41:13,2025-02-20T20:06:52
A-06070,ORG-008,high,recon,ASSET-ORG-008-112,,2025-05-17T04:07:51,2025-05-17T13:00:06
A-06071,ORG-008,high,malware,ASSET-ORG-008-099,CASE-01529,2025-06-28T21:14:05,2025-06-29T16:56:32
A-06072,ORG-008,high,recon,ASSET-ORG-008-037,,2025-04-28T10:25:50,2025-04-28T20:59:35
A-06073,ORG-008,high,malware,ASSET-ORG-008-074,CASE-01599,2025-06-26T06:55:24,2025-06-26T20:56:04
A-06074,ORG-008,low,recon,ASSET-ORG-008-033,,2025-04-03T08:32:28,2025-04-06T07:27:10
A-06075,ORG-008,critical,malware,ASSET-ORG-008-094,,2025-02-03T19:09:06,2025-02-04T02:05:53
A-06076,ORG-008,low,brute_force,ASSET-ORG-008-040,,2025-02-05T23:28:10,2025-02-11T21:34:42
A-06077,ORG-008,high,privilege_escalation,ASSET-ORG-008-023,CASE-01621,2025-02-22T20:01:34,2025-02-23T13:00:05
A-06078,ORG-008,high,data_exfil,ASSET-ORG-008-015,,2025-02-02T01:59:29,2025-02-02T10:53:42
A-06079,ORG-008,medium,data_exfil,ASSET-ORG-008-082,CASE-01683,2025-03-27T00:32:54,2025-03-29T05:04:29
A-06080,ORG-008,medium,recon,ASSET-ORG-008-062,,2025-05-17T04:05:24,2025-05-19T04:53:17
A-06081,ORG-008,medium,lateral_movement,ASSET-ORG-008-040,CASE-01719,2025-04-10T13:30:53,2025-04-12T02:52:09
A-06082,ORG-008,low,lateral_movement,ASSET-ORG-008-035,,2025-03-19T22:26:02,2025-03-24T16:14:10
A-06083,ORG-008,high,phishing,ASSET-ORG-008-066,CASE-01728,2025-01-15T03:55:06,2025-01-15T12:27:07
A-06084,ORG-008,critical,phishing,ASSET-ORG-008-018,CASE-01620,2025-03-18T08:55:23,2025-03-18T11:30:48
A-06085,ORG-008,low,recon,ASSET-ORG-008-003,,2025-05-27T15:57:39,2025-05-30T08:15:20
A-06086,ORG-008,high,malware,ASSET-ORG-008-038,CASE-01641,2025-04-25T23:13:07,2025-04-26T19:19:44
A-06087,ORG-008,critical,privilege_escalation,ASSET-ORG-008-102,,2025-05-23T05:20:44,2025-05-23T10:37:44
A-06088,ORG-008,medium,phishing,ASSET-ORG-008-106,,2025-02-16T18:13:55,2025-02-19T06:48:07
A-06089,ORG-008,critical,privilege_escalation,ASSET-ORG-008-064,,2025-02-18T22:31:35,2025-02-19T02:33:37
A-06090,ORG-008,critical,lateral_movement,ASSET-ORG-008-081,,2025-06-15T03:24:37,2025-06-15T07:20:55
A-06091,ORG-008,critical,data_exfil,ASSET-ORG-008-037,,2025-04-03T23:39:04,2025-04-04T03:00:34
A-06092,ORG-008,critical,lateral_movement,ASSET-ORG-008-087,,2025-02-12T02:34:49,2025-02-12T06:13:14
A-06093,ORG-008,low,recon,ASSET-ORG-008-028,,2025-03-01T06:21:22,2025-03-04T21:59:01
A-06094,ORG-008,medium,privilege_escalation,ASSET-ORG-008-090,,2025-01-17T06:12:10,2025-01-19T19:44:36
A-06095,ORG-008,low,lateral_movement,ASSET-ORG-008-019,CASE-01712,2025-02-24T08:45:15,2025-02-27T00:41:31
A-06096,ORG-008,low,brute_force,ASSET-ORG-008-104,CASE-01636,2025-04-27T23:50:00,2025-05-02T23:31:35
A-06097,ORG-008,high,data_exfil,ASSET-ORG-008-099,,2025-02-20T19:47:45,2025-02-21T15:02:34
A-06098,ORG-008,high,malware,ASSET-ORG-008-036,,2025-03-09T20:56:24,2025-03-10T11:11:43
A-06099,ORG-008,medium,lateral_movement,ASSET-ORG-008-060,,2025-06-28T22:06:30,2025-06-30T14:18:35
A-06100,ORG-008,high,phishing,ASSET-ORG-008-026,CASE-01730,2025-04-05T05:07:40,2025-04-06T01:23:13
A-06101,ORG-008,low,brute_force,ASSET-ORG-008-028,CASE-01757,2025-01-23T02:37:15,2025-01-25T23:45:02
A-06102,ORG-008,high,data_exfil,ASSET-ORG-008-089,,2025-05-25T03:58:10,2025-05-25T23:10:19
A-06103,ORG-008,high,lateral_movement,ASSET-ORG-008-012,,2025-05-07T15:35:33,2025-05-08T09:25:16
A-06104,ORG-008,high,recon,ASSET-ORG-008-040,CASE-01577,2025-01-22T23:45:11,2025-01-23T21:36:14
A-06105,ORG-008,low,phishing,ASSET-ORG-008-004,,2025-05-09T12:27:34,2025-05-15T08:56:33
A-06106,ORG-008,medium,phishing,ASSET-ORG-008-109,CASE-01734,2025-01-25T11:37:41,2025-01-28T09:33:24
A-06107,ORG-008,low,lateral_movement,ASSET-ORG-008-096,,2025-05-05T18:54:01,2025-05-10T07:10:11
A-06108,ORG-008,medium,recon,ASSET-ORG-008-070,,2025-03-21T03:18:26,2025-03-22T19:56:06
A-06109,ORG-008,medium,data_exfil,ASSET-ORG-008-041,,2025-03-25T08:14:06,2025-03-28T01:03:52
A-06110,ORG-008,medium,privilege_escalation,ASSET-ORG-008-043,,2025-04-22T11:45:03,2025-04-23T17:38:27
A-06111,ORG-008,medium,phishing,ASSET-ORG-008-041,,2025-01-03T18:16:24,2025-01-06T11:40:35
A-06112,ORG-008,high,recon,ASSET-ORG-008-096,,2025-03-18T22:56:35,2025-03-19T10:25:20
A-06113,ORG-008,critical,phishing,ASSET-ORG-008-093,CASE-01762,2025-05-27T18:34:50,2025-05-27T20:41:58
A-06114,ORG-008,low,recon,ASSET-ORG-008-010,,2025-06-10T07:25:56,2025-06-12T21:39:59
A-06115,ORG-008,high,lateral_movement,ASSET-ORG-008-050,CASE-01543,2025-02-26T23:28:41,2025-02-27T22:34:03
A-06116,ORG-008,high,brute_force,ASSET-ORG-008-077,CASE-01684,2025-04-02T17:32:58,2025-04-03T11:46:13
A-06117,ORG-008,critical,malware,ASSET-ORG-008-096,CASE-01572,2025-01-03T11:44:49,2025-01-03T18:33:18
A-06118,ORG-008,high,malware,ASSET-ORG-008-113,,2025-06-21T22:57:44,2025-06-22T22:00:29
A-06119,ORG-008,critical,lateral_movement,ASSET-ORG-008-002,CASE-01720,2025-03-02T09:30:05,2025-03-02T13:58:50
A-06120,ORG-008,medium,data_exfil,ASSET-ORG-008-019,CASE-01773,2025-05-25T21:04:21,2025-05-28T13:45:18
A-06121,ORG-008,medium,malware,ASSET-ORG-008-006,,2025-01-19T21:46:52,2025-01-22T00:08:00
A-06122,ORG-008,high,data_exfil,ASSET-ORG-008-087,,2025-01-06T01:49:20,2025-01-06T14:56:48
A-06123,ORG-008,medium,lateral_movement,ASSET-ORG-008-110,,2025-03-30T21:48:46,2025-04-02T03:19:52
A-06124,ORG-008,low,malware,ASSET-ORG-008-005,,2025-01-10T19:03:47,2025-01-16T10:56:40
A-06125,ORG-008,critical,lateral_movement,ASSET-ORG-008-110,,2025-06-03T09:31:53,2025-06-03T17:17:09
A-06126,ORG-008,high,privilege_escalation,ASSET-ORG-008-062,,2025-05-31T14:23:42,2025-06-01T11:01:55
A-06127,ORG-008,critical,privilege_escalation,ASSET-ORG-008-059,CASE-01734,2025-06-26T17:34:33,2025-06-26T22:57:57
A-06128,ORG-008,low,data_exfil,ASSET-ORG-008-002,,2025-06-05T01:34:28,2025-06-07T12:16:48
A-06129,ORG-008,medium,phishing,ASSET-ORG-008-095,,2025-01-07T00:14:13,2025-01-09T11:32:47
A-06130,ORG-008,high,phishing,ASSET-ORG-008-077,,2025-01-24T02:19:33,2025-01-24T18:24:25
A-06131,ORG-008,high,data_exfil,ASSET-ORG-008-072,CASE-01670,2025-04-11T21:29:02,2025-04-12T07:47:12
A-06132,ORG-008,high,brute_force,ASSET-ORG-008-098,,2025-01-26T11:05:47,2025-01-26T21:43:15
A-06133,ORG-008,critical,data_exfil,ASSET-ORG-008-106,CASE-01753,2025-03-17T19:47:12,2025-03-18T00:51:30
A-06134,ORG-008,critical,brute_force,ASSET-ORG-008-031,,2025-02-28T14:27:35,2025-02-28T18:01:46
A-06135,ORG-008,critical,recon,ASSET-ORG-008-004,,2025-02-18T08:06:11,2025-02-18T11:00:56
A-06136,ORG-008,medium,data_exfil,ASSET-ORG-008-038,,2025-05-25T06:00:40,2025-05-27T22:44:37
A-06137,ORG-008,low,lateral_movement,ASSET-ORG-008-090,,2025-03-24T22:05:08,2025-03-27T14:45:55
A-06138,ORG-008,medium,recon,ASSET-ORG-008-059,,2025-03-15T09:50:31,2025-03-17T16:50:43
A-06139,ORG-008,medium,malware,ASSET-ORG-008-024,,2025-04-17T19:49:35,2025-04-19T07:28:51
A-06140,ORG-008,low,recon,ASSET-ORG-008-024,,2025-03-06T11:28:15,2025-03-10T05:50:36
A-06141,ORG-008,high,brute_force,ASSET-ORG-008-104,,2025-03-29T19:17:30,2025-03-30T15:27:09
A-06142,ORG-008,high,privilege_escalation,ASSET-ORG-008-021,,2025-05-22T15:46:19,2025-05-23T13:15:49
A-06143,ORG-008,high,brute_force,ASSET-ORG-008-021,,2025-01-13T21:55:14,2025-01-14T17:51:05
A-06144,ORG-008,critical,malware,ASSET-ORG-008-104,,2025-06-15T03:09:06,2025-06-15T05:35:01
A-06145,ORG-008,critical,malware,ASSET-ORG-008-082,,2025-01-18T21:03:51,2025-01-19T00:14:56
A-06146,ORG-008,critical,recon,ASSET-ORG-008-070,,2025-03-01T23:21:12,2025-03-02T01:55:14
A-06147,ORG-008,high,recon,ASSET-ORG-008-016,,2025-01-10T20:42:49,2025-01-11T11:42:29
A-06148,ORG-008,high,lateral_movement,ASSET-ORG-008-049,,2025-02-22T14:35:56,2025-02-23T11:27:06
A-06149,ORG-008,medium,data_exfil,ASSET-ORG-008-042,,2025-01-13T04:41:32,2025-01-15T09:44:54
A-06150,ORG-008,high,brute_force,ASSET-ORG-008-022,,2025-06-02T09:32:52,2025-06-03T05:23:06
A-06151,ORG-008,medium,data_exfil,ASSET-ORG-008-103,,2025-01-12T13:07:11,2025-01-13T15:04:35
A-06152,ORG-008,high,brute_force,ASSET-ORG-008-081,,2025-04-03T04:47:38,2025-04-03T20:02:52
A-06153,ORG-008,medium,phishing,ASSET-ORG-008-084,,2025-02-11T14:05:00,2025-02-13T21:24:25
A-06154,ORG-008,critical,privilege_escalation,ASSET-ORG-008-005,,2025-05-03T07:49:16,2025-05-03T14:21:17
A-06155,ORG-008,low,lateral_movement,ASSET-ORG-008-057,CASE-01636,2025-03-26T13:06:46,2025-03-28T15:28:41
A-06156,ORG-008,critical,brute_force,ASSET-ORG-008-076,,2025-05-28T06:44:48,2025-05-28T10:53:56
A-06157,ORG-008,medium,malware,ASSET-ORG-008-084,,2025-05-07T09:15:22,2025-05-09T13:33:53
A-06158,ORG-008,low,data_exfil,ASSET-ORG-008-084,,2025-02-03T13:33:49,2025-02-06T09:51:54
A-06159,ORG-008,high,brute_force,ASSET-ORG-008-113,,2025-06-01T03:40:38,2025-06-01T13:37:50
A-06160,ORG-008,critical,data_exfil,ASSET-ORG-008-030,CASE-01623,2025-02-21T13:59:35,2025-02-21T16:06:47
A-06161,ORG-008,low,phishing,ASSET-ORG-008-032,CASE-01762,2025-03-15T08:10:25,2025-03-18T13:24:25
A-06162,ORG-008,critical,lateral_movement,ASSET-ORG-008-098,,2025-03-17T00:01:38,2025-03-17T04:22:24
A-06163,ORG-008,low,privilege_escalation,ASSET-ORG-008-043,,2025-06-20T01:01:20,2025-06-23T00:02:47
A-06164,ORG-008,high,data_exfil,ASSET-ORG-008-039,,2025-05-07T12:29:29,2025-05-08T10:10:04
A-06165,ORG-008,medium,lateral_movement,ASSET-ORG-008-004,,2025-03-24T06:02:40,2025-03-25T07:14:23
A-06166,ORG-008,critical,recon,ASSET-ORG-008-068,CASE-01532,2025-05-21T03:53:29,2025-05-21T07:23:57
A-06167,ORG-008,low,data_exfil,ASSET-ORG-008-009,,2025-03-02T14:23:22,2025-03-07T11:42:21
A-06168,ORG-008,low,privilege_escalation,ASSET-ORG-008-003,,2025-05-31T13:00:06,2025-06-06T12:55:11
A-06169,ORG-008,medium,lateral_movement,ASSET-ORG-008-054,,2025-02-28T22:05:15,2025-03-03T21:04:07
A-06170,ORG-008,high,phishing,ASSET-ORG-008-040,CASE-01612,2025-03-26T17:51:57,2025-03-27T09:21:39
A-06171,ORG-008,medium,phishing,ASSET-ORG-008-065,,2025-05-21T18:06:20,2025-05-24T15:57:23
A-06172,ORG-008,low,lateral_movement,ASSET-ORG-008-038,,2025-04-07T22:08:04,2025-04-11T15:55:57
A-06173,ORG-008,medium,recon,ASSET-ORG-008-036,,2025-06-24T16:03:33,2025-06-27T07:21:11
A-06174,ORG-008,low,privilege_escalation,ASSET-ORG-008-006,,2025-05-25T16:39:05,2025-05-31T13:32:57
A-06175,ORG-008,critical,malware,ASSET-ORG-008-024,CASE-01556,2025-04-29T11:10:18,2025-04-29T13:32:30
A-06176,ORG-008,medium,brute_force,ASSET-ORG-008-009,,2025-04-24T07:14:42,2025-04-25T21:30:58
A-06177,ORG-008,medium,phishing,ASSET-ORG-008-049,,2025-05-03T08:47:56,2025-05-05T00:07:12
A-06178,ORG-008,critical,recon,ASSET-ORG-008-021,CASE-01656,2025-05-02T03:29:36,2025-05-02T08:33:58
A-06179,ORG-008,medium,recon,ASSET-ORG-008-044,CASE-01675,2025-02-01T18:59:02,2025-02-03T04:44:10
A-06180,ORG-008,critical,brute_force,ASSET-ORG-008-112,CASE-01582,2025-03-02T08:25:51,2025-03-02T14:49:42
A-06181,ORG-008,medium,lateral_movement,ASSET-ORG-008-088,,2025-04-21T23:21:44,2025-04-24T14:12:12
A-06182,ORG-008,critical,privilege_escalation,ASSET-ORG-008-030,CASE-01694,2025-04-24T02:51:28,2025-04-24T07:58:16
A-06183,ORG-008,low,lateral_movement,ASSET-ORG-008-098,CASE-01558,2025-04-20T10:59:34,2025-04-23T17:26:10
A-06184,ORG-008,medium,malware,ASSET-ORG-008-034,CASE-01599,2025-04-13T10:19:38,2025-04-15T19:10:47
A-06185,ORG-008,critical,privilege_escalation,ASSET-ORG-008-013,CASE-01567,2025-04-14T12:40:01,2025-04-14T19:46:39
A-06186,ORG-008,critical,brute_force,ASSET-ORG-008-008,CASE-01671,2025-01-16T11:04:59,2025-01-16T14:07:49
A-06187,ORG-008,low,malware,ASSET-ORG-008-105,,2025-04-22T12:06:28,2025-04-27T07:38:43
A-06188,ORG-008,medium,malware,ASSET-ORG-008-059,,2025-04-06T07:10:16,2025-04-07T18:06:58
A-06189,ORG-008,high,malware,ASSET-ORG-008-085,,2025-03-06T21:37:28,2025-03-07T13:22:25
A-06190,ORG-008,high,privilege_escalation,ASSET-ORG-008-059,,2025-03-28T09:47:33,2025-03-28T23:34:21
A-06191,ORG-008,medium,data_exfil,ASSET-ORG-008-013,,2025-06-12T09:16:10,2025-06-13T14:37:35
A-06192,ORG-008,medium,malware,ASSET-ORG-008-065,,2025-03-13T20:49:47,2025-03-16T14:48:42
A-06193,ORG-008,critical,recon,ASSET-ORG-008-035,,2025-03-22T03:18:47,2025-03-22T10:19:58
A-06194,ORG-008,high,lateral_movement,ASSET-ORG-008-007,CASE-01620,2025-01-19T03:55:29,2025-01-20T03:03:07
A-06195,ORG-008,high,brute_force,ASSET-ORG-008-086,,2025-06-24T15:48:57,2025-06-25T14:25:29
A-06196,ORG-008,medium,recon,ASSET-ORG-008-054,CASE-01542,2025-06-07T16:12:56,2025-06-09T15:02:48
A-06197,ORG-008,critical,privilege_escalation,ASSET-ORG-008-076,,2025-06-05T01:25:15,2025-06-05T03:40:46
A-06198,ORG-008,critical,malware,ASSET-ORG-008-004,,2025-04-28T14:54:04,2025-04-28T22:20:54
A-06199,ORG-008,medium,recon,ASSET-ORG-008-056,,2025-01-19T05:54:55,2025-01-20T21:47:24
A-06200,ORG-008,low,malware,ASSET-ORG-008-008,CASE-01644,2025-06-23T12:59:12,2025-06-29T02:54:16
A-06201,ORG-008,high,data_exfil,ASSET-ORG-008-078,,2025-03-11T21:37:23,2025-03-12T16:42:56
A-06202,ORG-008,high,phishing,ASSET-ORG-008-042,,2025-05-21T22:19:17,2025-05-22T11:20:18
A-06203,ORG-008,high,privilege_escalation,ASSET-ORG-008-025,CASE-01631,2025-06-23T03:00:46,2025-06-24T01:51:46
A-06204,ORG-008,medium,recon,ASSET-ORG-008-009,,2025-03-06T07:36:17,2025-03-07T12:14:46
A-06205,ORG-008,low,phishing,ASSET-ORG-008-028,,2025-05-30T16:44:02,2025-06-04T06:53:13
A-06206,ORG-008,high,privilege_escalation,ASSET-ORG-008-107,,2025-03-11T00:08:28,2025-03-11T14:46:28
A-06207,ORG-008,low,recon,ASSET-ORG-008-091,,2025-03-28T02:34:26,2025-03-31T23:41:39
A-06208,ORG-008,high,malware,ASSET-ORG-008-035,CASE-01606,2025-04-12T15:08:54,2025-04-13T09:59:11
A-06209,ORG-008,medium,brute_force,ASSET-ORG-008-026,CASE-01550,2025-06-01T19:30:37,2025-06-04T15:51:17
A-06210,ORG-008,high,brute_force,ASSET-ORG-008-002,,2025-01-13T18:13:45,2025-01-14T14:22:11
A-06211,ORG-008,high,data_exfil,ASSET-ORG-008-068,,2025-06-17T08:40:29,2025-06-18T08:16:09
A-06212,ORG-008,medium,privilege_escalation,ASSET-ORG-008-068,,2025-02-06T18:09:32,2025-02-08T05:00:30
A-06213,ORG-008,low,lateral_movement,ASSET-ORG-008-010,,2025-01-27T11:28:37,2025-01-30T11:05:02
A-06214,ORG-008,high,recon,ASSET-ORG-008-057,,2025-01-21T10:10:34,2025-01-22T07:46:30
A-06215,ORG-008,low,lateral_movement,ASSET-ORG-008-032,CASE-01563,2025-04-21T23:46:24,2025-04-25T19:14:33
A-06216,ORG-008,critical,data_exfil,ASSET-ORG-008-106,,2025-04-04T18:14:24,2025-04-04T22:36:30
A-06217,ORG-008,critical,malware,ASSET-ORG-008-076,,2025-05-19T23:33:40,2025-05-20T05:26:43
A-06218,ORG-008,high,privilege_escalation,ASSET-ORG-008-078,CASE-01717,2025-02-13T08:28:24,2025-02-14T06:56:24
A-06219,ORG-008,high,recon,ASSET-ORG-008-027,,2025-06-27T11:02:30,2025-06-27T19:04:39
A-06220,ORG-008,critical,privilege_escalation,ASSET-ORG-008-008,,2025-03-20T12:31:46,2025-03-20T19:11:55
A-06221,ORG-008,high,data_exfil,ASSET-ORG-008-025,,2025-05-12T05:59:22,2025-05-12T20:38:21
A-06222,ORG-008,medium,phishing,ASSET-ORG-008-041,,2025-04-20T01:27:17,2025-04-22T05:18:59
A-06223,ORG-008,low,malware,ASSET-ORG-008-112,CASE-01566,2025-05-25T18:28:29,2025-05-30T00:52:30
A-06224,ORG-008,medium,phishing,ASSET-ORG-008-113,CASE-01632,2025-02-15T17:49:49,2025-02-17T04:24:33
A-06225,ORG-008,high,lateral_movement,ASSET-ORG-008-086,,2025-03-27T20:01:06,2025-03-28T09:25:56
A-06226,ORG-008,high,privilege_escalation,ASSET-ORG-008-063,,2025-06-30T07:34:03,
A-06227,ORG-008,critical,lateral_movement,ASSET-ORG-008-021,,2025-04-06T04:38:38,2025-04-06T10:45:18
A-06228,ORG-008,high,malware,ASSET-ORG-008-039,CASE-01736,2025-01-12T00:05:13,2025-01-12T22:39:22
A-06229,ORG-008,low,phishing,ASSET-ORG-008-050,CASE-01566,2025-02-03T09:06:13,2025-02-09T06:42:13
A-06230,ORG-008,low,malware,ASSET-ORG-008-103,,2025-01-21T06:37:29,2025-01-23T18:34:31
A-06231,ORG-008,medium,data_exfil,ASSET-ORG-008-059,,2025-06-24T08:02:11,2025-06-25T16:01:22
A-06232,ORG-008,high,data_exfil,ASSET-ORG-008-013,,2025-05-28T03:06:11,2025-05-28T16:02:00
A-06233,ORG-008,critical,phishing,ASSET-ORG-008-021,,2025-06-26T20:34:32,2025-06-26T23:35:08
A-06234,ORG-008,critical,privilege_escalation,ASSET-ORG-008-046,,2025-01-24T22:45:40,2025-01-25T06:24:50
A-06235,ORG-008,high,privilege_escalation,ASSET-ORG-008-033,CASE-01634,2025-04-21T04:31:01,2025-04-21T23:49:21
A-06236,ORG-008,medium,brute_force,ASSET-ORG-008-002,CASE-01639,2025-03-04T22:09:51,2025-03-06T20:01:35
A-06237,ORG-008,medium,data_exfil,ASSET-ORG-008-113,CASE-01621,2025-02-18T08:10:20,2025-02-20T18:23:23
A-06238,ORG-008,high,malware,ASSET-ORG-008-090,,2025-05-15T02:00:20,2025-05-15T16:41:12
A-06239,ORG-008,medium,phishing,ASSET-ORG-008-092,,2025-04-20T09:32:22,2025-04-23T02:31:11
A-06240,ORG-008,medium,phishing,ASSET-ORG-008-016,,2025-03-03T09:02:28,2025-03-04T13:58:10
A-06241,ORG-008,critical,phishing,ASSET-ORG-008-068,,2025-05-19T05:10:39,2025-05-19T08:33:03
A-06242,ORG-008,low,data_exfil,ASSET-ORG-008-092,,2025-05-02T15:34:09,2025-05-08T11:02:03
A-06243,ORG-008,low,data_exfil,ASSET-ORG-008-085,,2025-03-22T14:32:35,2025-03-27T08:06:17
A-06244,ORG-008,critical,lateral_movement,ASSET-ORG-008-079,CASE-01693,2025-05-11T20:41:17,2025-05-12T01:07:29
A-06245,ORG-008,high,recon,ASSET-ORG-008-092,,2025-06-17T08:44:55,2025-06-18T05:26:23
A-06246,ORG-008,critical,data_exfil,ASSET-ORG-008-051,CASE-01706,2025-06-27T00:16:15,2025-06-27T02:40:28
A-06247,ORG-008,high,data_exfil,ASSET-ORG-008-001,CASE-01711,2025-04-27T16:50:00,2025-04-28T11:36:39
A-06248,ORG-008,medium,lateral_movement,ASSET-ORG-008-047,,2025-05-14T07:49:31,2025-05-15T07:55:03
A-06249,ORG-008,low,lateral_movement,ASSET-ORG-008-101,,2025-01-29T13:45:57,2025-02-03T04:23:03
A-06250,ORG-008,medium,phishing,ASSET-ORG-008-020,,2025-02-05T21:25:53,2025-02-08T03:58:08
A-06251,ORG-008,low,brute_force,ASSET-ORG-008-110,,2025-01-11T19:10:53,2025-01-16T01:52:22
A-06252,ORG-008,low,privilege_escalation,ASSET-ORG-008-043,,2025-04-26T13:00:12,2025-04-30T02:42:14
A-06253,ORG-008,low,malware,ASSET-ORG-008-103,,2025-01-29T00:10:54,2025-02-01T07:17:47
A-06254,ORG-008,medium,malware,ASSET-ORG-008-096,,2025-03-05T17:56:30,2025-03-07T21:23:24
A-06255,ORG-008,high,recon,ASSET-ORG-008-041,CASE-01659,2025-05-11T18:08:15,2025-05-12T04:31:27
A-06256,ORG-008,low,privilege_escalation,ASSET-ORG-008-083,,2025-03-13T19:18:25,2025-03-15T21:46:36
A-06257,ORG-008,low,recon,ASSET-ORG-008-024,,2025-01-19T14:42:42,2025-01-23T11:00:39
A-06258,ORG-008,low,privilege_escalation,ASSET-ORG-008-037,,2025-05-29T19:27:51,2025-06-01T23:56:33
A-06259,ORG-008,low,malware,ASSET-ORG-008-007,CASE-01765,2025-05-05T09:17:56,2025-05-08T11:05:12
A-06260,ORG-008,low,brute_force,ASSET-ORG-008-092,CASE-01699,2025-03-23T22:35:25,2025-03-28T22:23:04
A-06261,ORG-008,high,phishing,ASSET-ORG-008-039,,2025-02-14T12:52:17,2025-02-15T12:27:29
A-06262,ORG-008,medium,lateral_movement,ASSET-ORG-008-006,CASE-01602,2025-04-15T07:29:39,2025-04-18T03:56:17
A-06263,ORG-008,critical,privilege_escalation,ASSET-ORG-008-015,,2025-05-15T08:59:38,2025-05-15T11:41:39
A-06264,ORG-008,critical,phishing,ASSET-ORG-008-092,,2025-04-09T16:50:12,2025-04-09T23:08:44
A-06265,ORG-008,medium,lateral_movement,ASSET-ORG-008-009,CASE-01624,2025-02-14T04:04:51,2025-02-16T23:58:25
A-06266,ORG-008,medium,privilege_escalation,ASSET-ORG-008-092,CASE-01712,2025-02-14T22:51:55,2025-02-16T21:58:43
A-06267,ORG-008,medium,malware,ASSET-ORG-008-077,,2025-01-17T03:49:52,2025-01-18T17:08:10
A-06268,ORG-008,medium,recon,ASSET-ORG-008-105,CASE-01610,2025-03-07T01:09:42,2025-03-08T17:50:56
A-06269,ORG-008,medium,brute_force,ASSET-ORG-008-016,CASE-01559,2025-02-01T22:53:36,2025-02-04T05:46:18
A-06270,ORG-008,high,privilege_escalation,ASSET-ORG-008-098,,2025-01-09T10:30:46,2025-01-10T09:51:06
A-06271,ORG-008,medium,brute_force,ASSET-ORG-008-102,,2025-02-28T23:33:55,2025-03-02T04:33:44
A-06272,ORG-008,critical,data_exfil,ASSET-ORG-008-113,CASE-01533,2025-01-18T11:09:57,2025-01-18T16:13:03
A-06273,ORG-008,critical,brute_force,ASSET-ORG-008-009,,2025-06-23T10:19:16,2025-06-23T12:47:33
A-06274,ORG-008,low,malware,ASSET-ORG-008-104,,2025-06-17T09:30:07,2025-06-23T03:32:49
A-06275,ORG-008,high,malware,ASSET-ORG-008-095,,2025-05-24T22:13:06,2025-05-25T15:21:19
A-06276,ORG-008,high,malware,ASSET-ORG-008-111,,2025-02-09T05:07:10,2025-02-09T21:58:17
A-06277,ORG-008,high,phishing,ASSET-ORG-008-054,,2025-03-24T04:29:54,2025-03-24T21:40:37
A-06278,ORG-008,medium,lateral_movement,ASSET-ORG-008-099,,2025-05-03T21:26:03,2025-05-06T16:51:42
A-06279,ORG-008,high,privilege_escalation,ASSET-ORG-008-008,,2025-03-09T06:06:43,2025-03-09T21:35:06
A-06280,ORG-008,critical,recon,ASSET-ORG-008-012,,2025-05-18T03:03:29,2025-05-18T05:54:22
A-06281,ORG-008,medium,lateral_movement,ASSET-ORG-008-082,,2025-03-26T04:52:45,2025-03-27T11:32:18
A-06282,ORG-008,high,lateral_movement,ASSET-ORG-008-109,CASE-01651,2025-04-22T00:41:38,2025-04-22T21:10:56
A-06283,ORG-008,critical,lateral_movement,ASSET-ORG-008-092,,2025-04-07T08:08:12,2025-04-07T14:23:07
A-06284,ORG-008,low,phishing,ASSET-ORG-008-074,,2025-05-13T18:39:43,2025-05-17T12:01:00
A-06285,ORG-008,high,privilege_escalation,ASSET-ORG-008-048,,2025-05-01T06:33:36,2025-05-02T05:39:45
A-06286,ORG-008,critical,brute_force,ASSET-ORG-008-077,,2025-05-01T04:46:56,2025-05-01T07:20:18
A-06287,ORG-008,critical,lateral_movement,ASSET-ORG-008-044,,2025-05-23T08:57:37,2025-05-23T11:50:41
A-06288,ORG-008,low,phishing,ASSET-ORG-008-036,CASE-01525,2025-03-21T16:04:20,2025-03-26T14:34:01
A-06289,ORG-008,medium,data_exfil,ASSET-ORG-008-071,,2025-05-07T17:22:36,2025-05-10T09:47:13
A-06290,ORG-008,critical,brute_force,ASSET-ORG-008-012,,2025-01-11T23:55:07,2025-01-12T06:32:31
A-06291,ORG-008,medium,recon,ASSET-ORG-008-044,CASE-01597,2025-03-10T05:05:00,2025-03-11T13:29:25
A-06292,ORG-008,medium,malware,ASSET-ORG-008-057,,2025-06-06T17:09:51,2025-06-07T22:44:59
A-06293,ORG-008,medium,lateral_movement,ASSET-ORG-008-029,CASE-01750,2025-05-06T18:33:50,2025-05-08T16:59:45
A-06294,ORG-008,high,data_exfil,ASSET-ORG-008-037,,2025-04-06T06:44:55,2025-04-06T21:34:22
A-06295,ORG-008,low,recon,ASSET-ORG-008-052,,2025-05-21T03:00:52,2025-05-24T08:52:18
A-06296,ORG-008,medium,phishing,ASSET-ORG-008-046,CASE-01541,2025-03-23T06:36:35,2025-03-25T02:11:56
A-06297,ORG-008,high,phishing,ASSET-ORG-008-107,,2025-01-06T00:08:19,2025-01-06T14:25:26
A-06298,ORG-008,low,phishing,ASSET-ORG-008-059,CASE-01743,2025-01-28T10:15:50,2025-02-01T11:38:15
A-06299,ORG-008,critical,lateral_movement,ASSET-ORG-008-020,,2025-02-24T01:52:21,2025-02-24T04:31:59
A-06300,ORG-008,critical,data_exfil,ASSET-ORG-008-102,,2025-02-26T12:11:41,2025-02-26T15:37:17
A-06301,ORG-008,medium,privilege_escalation,ASSET-ORG-008-056,,2025-05-25T19:33:24,2025-05-28T15:21:35
A-06302,ORG-008,medium,data_exfil,ASSET-ORG-008-006,,2025-04-02T06:39:55,2025-04-03T20:30:50
A-06303,ORG-008,high,phishing,ASSET-ORG-008-012,,2025-01-05T13:36:55,2025-01-06T12:08:09
A-06304,ORG-008,high,phishing,ASSET-ORG-008-029,CASE-01677,2025-01-02T20:33:36,2025-01-03T16:47:00
A-06305,ORG-008,critical,data_exfil,ASSET-ORG-008-033,,2025-01-31T05:16:16,2025-01-31T08:30:55
A-06306,ORG-008,medium,malware,ASSET-ORG-008-039,CASE-01541,2025-02-21T10:03:30,2025-02-22T19:41:43
A-06307,ORG-008,high,brute_force,ASSET-ORG-008-014,CASE-01560,2025-03-08T12:41:20,2025-03-09T01:19:43
A-06308,ORG-008,low,phishing,ASSET-ORG-008-081,,2025-01-02T19:59:14,2025-01-07T16:28:50
A-06309,ORG-008,medium,lateral_movement,ASSET-ORG-008-092,,2025-04-05T13:01:06,2025-04-08T02:01:40
A-06310,ORG-008,medium,brute_force,ASSET-ORG-008-042,,2025-02-07T08:50:05,2025-02-09T22:45:22
A-06311,ORG-008,high,malware,ASSET-ORG-008-110,,2025-02-22T08:01:56,2025-02-23T04:42:38
A-06312,ORG-008,medium,malware,ASSET-ORG-008-009,,2025-04-02T06:41:10,2025-04-03T17:14:01
A-06313,ORG-008,low,data_exfil,ASSET-ORG-008-097,,2025-02-24T23:00:17,2025-02-28T12:43:21
A-06314,ORG-008,high,phishing,ASSET-ORG-008-083,CASE-01606,2025-01-18T12:03:24,2025-01-19T08:16:08
A-06315,ORG-008,high,lateral_movement,ASSET-ORG-008-082,CASE-01687,2025-05-11T09:26:43,2025-05-11T23:58:50
A-06316,ORG-008,low,brute_force,ASSET-ORG-008-062,CASE-01672,2025-03-24T09:54:40,2025-03-30T09:07:12
A-06317,ORG-008,high,lateral_movement,ASSET-ORG-008-061,CASE-01742,2025-04-03T07:20:52,2025-04-04T03:06:02
A-06318,ORG-008,medium,malware,ASSET-ORG-008-037,,2025-03-11T18:46:36,2025-03-13T15:38:34
A-06319,ORG-008,high,brute_force,ASSET-ORG-008-045,CASE-01768,2025-04-16T03:22:29,2025-04-16T20:28:48
A-06320,ORG-008,high,lateral_movement,ASSET-ORG-008-033,CASE-01593,2025-02-23T02:37:42,2025-02-24T00:11:23
A-06321,ORG-008,critical,privilege_escalation,ASSET-ORG-008-111,,2025-06-04T17:32:49,2025-06-04T20:11:11
A-06322,ORG-008,critical,privilege_escalation,ASSET-ORG-008-099,CASE-01572,2025-03-24T20:57:03,2025-03-24T23:52:19
A-06323,ORG-008,medium,phishing,ASSET-ORG-008-108,,2025-05-12T19:44:36,2025-05-14T03:01:05
A-06324,ORG-008,critical,brute_force,ASSET-ORG-008-104,CASE-01549,2025-01-28T10:26:47,2025-01-28T18:23:24
A-06325,ORG-008,medium,lateral_movement,ASSET-ORG-008-069,,2025-04-04T01:06:24,2025-04-05T06:36:22
A-06326,ORG-008,medium,malware,ASSET-ORG-008-036,,2025-06-02T02:24:26,2025-06-03T20:18:58
A-06327,ORG-008,low,malware,ASSET-ORG-008-070,,2025-03-15T21:24:21,2025-03-20T08:59:05
A-06328,ORG-008,low,data_exfil,ASSET-ORG-008-020,,2025-01-29T08:25:21,2025-02-01T19:36:43
A-06329,ORG-008,low,data_exfil,ASSET-ORG-008-036,,2025-05-31T05:52:20,2025-06-04T20:24:31
A-06330,ORG-008,low,privilege_escalation,ASSET-ORG-008-019,,2025-01-03T22:26:33,2025-01-08T03:16:02
A-06331,ORG-008,high,malware,ASSET-ORG-008-053,CASE-01619,2025-02-05T20:54:14,2025-02-06T16:56:25
A-06332,ORG-008,high,phishing,ASSET-ORG-008-006,,2025-04-27T21:37:58,2025-04-28T16:47:35
A-06333,ORG-008,critical,recon,ASSET-ORG-008-037,CASE-01534,2025-01-09T21:10:28,2025-01-10T03:30:12
A-06334,ORG-008,medium,malware,ASSET-ORG-008-064,,2025-04-10T19:34:17,2025-04-12T19:55:07
A-06335,ORG-008,high,data_exfil,ASSET-ORG-008-062,,2025-05-15T17:25:53,2025-05-16T08:47:26
A-06336,ORG-008,medium,data_exfil,ASSET-ORG-008-106,,2025-01-28T11:48:47,2025-01-31T04:15:36
A-06337,ORG-008,low,lateral_movement,ASSET-ORG-008-074,CASE-01638,2025-06-29T15:26:55,
A-06338,ORG-008,high,phishing,ASSET-ORG-008-023,CASE-01611,2025-02-08T05:58:08,2025-02-09T01:37:00
A-06339,ORG-008,high,recon,ASSET-ORG-008-048,CASE-01563,2025-05-12T06:22:40,2025-05-12T18:35:36
A-06340,ORG-008,medium,brute_force,ASSET-ORG-008-073,,2025-05-23T05:08:28,2025-05-25T22:22:14
A-06341,ORG-008,medium,privilege_escalation,ASSET-ORG-008-068,,2025-06-28T22:30:55,
A-06342,ORG-008,medium,phishing,ASSET-ORG-008-022,,2025-01-04T19:52:02,2025-01-07T03:49:24
A-06343,ORG-008,high,privilege_escalation,ASSET-ORG-008-046,,2025-01-26T03:53:14,2025-01-27T02:43:08
A-06344,ORG-008,high,brute_force,ASSET-ORG-008-004,,2025-06-24T23:15:15,2025-06-25T07:45:20
A-06345,ORG-008,high,lateral_movement,ASSET-ORG-008-023,,2025-04-02T08:09:57,2025-04-03T01:36:08
A-06346,ORG-008,medium,lateral_movement,ASSET-ORG-008-052,,2025-02-10T10:22:39,2025-02-11T13:16:10
A-06347,ORG-008,high,brute_force,ASSET-ORG-008-029,,2025-05-03T04:16:29,2025-05-03T19:16:33
A-06348,ORG-008,medium,malware,ASSET-ORG-008-057,CASE-01665,2025-05-23T04:43:50,2025-05-25T03:47:12
A-06349,ORG-008,low,recon,ASSET-ORG-008-103,,2025-04-10T05:40:16,2025-04-15T08:58:28
A-06350,ORG-008,high,recon,ASSET-ORG-008-016,CASE-01774,2025-06-22T00:23:17,2025-06-22T22:23:20
A-06351,ORG-008,medium,lateral_movement,ASSET-ORG-008-050,,2025-05-24T16:22:47,2025-05-26T07:15:28
A-06352,ORG-008,high,lateral_movement,ASSET-ORG-008-097,,2025-01-20T04:48:13,2025-01-20T15:55:51
A-06353,ORG-008,low,recon,ASSET-ORG-008-071,,2025-04-09T19:23:39,2025-04-12T14:23:59
A-06354,ORG-008,critical,lateral_movement,ASSET-ORG-008-016,CASE-01684,2025-04-12T07:40:04,2025-04-12T12:58:22
A-06355,ORG-008,high,recon,ASSET-ORG-008-007,CASE-01627,2025-01-07T18:11:22,2025-01-08T06:27:38
A-06356,ORG-008,high,lateral_movement,ASSET-ORG-008-079,,2025-03-11T11:19:39,2025-03-11T20:53:56
A-06357,ORG-008,critical,recon,ASSET-ORG-008-112,,2025-02-02T19:48:12,2025-02-03T03:37:47
A-06358,ORG-008,critical,phishing,ASSET-ORG-008-103,,2025-05-22T00:18:44,2025-05-22T02:19:55
A-06359,ORG-008,high,data_exfil,ASSET-ORG-008-009,,2025-06-13T05:18:23,2025-06-14T00:59:38
A-06360,ORG-008,high,privilege_escalation,ASSET-ORG-008-063,CASE-01759,2025-04-29T10:44:22,2025-04-30T10:43:26
A-06361,ORG-008,low,privilege_escalation,ASSET-ORG-008-026,,2025-01-11T00:01:40,2025-01-16T06:34:34
A-06362,ORG-008,medium,lateral_movement,ASSET-ORG-008-048,,2025-03-20T04:38:33,2025-03-21T22:09:32
A-06363,ORG-008,high,malware,ASSET-ORG-008-110,CASE-01547,2025-02-03T00:37:55,2025-02-03T21:51:53
A-06364,ORG-008,high,malware,ASSET-ORG-008-022,CASE-01753,2025-06-10T12:07:55,2025-06-11T08:42:35
A-06365,ORG-008,high,brute_force,ASSET-ORG-008-033,CASE-01581,2025-01-27T16:57:22,2025-01-28T12:59:56
A-06366,ORG-008,critical,malware,ASSET-ORG-008-094,,2025-02-23T06:10:47,2025-02-23T09:38:13
A-06367,ORG-008,low,data_exfil,ASSET-ORG-008-028,CASE-01590,2025-06-17T23:16:39,2025-06-21T20:52:10
A-06368,ORG-008,critical,privilege_escalation,ASSET-ORG-008-034,CASE-01691,2025-06-20T00:31:12,2025-06-20T03:09:01
A-06369,ORG-008,high,brute_force,ASSET-ORG-008-065,,2025-02-06T04:00:27,2025-02-06T12:07:35
A-06370,ORG-008,low,brute_force,ASSET-ORG-008-105,CASE-01549,2025-03-21T03:19:39,2025-03-25T03:46:08
A-06371,ORG-008,high,privilege_escalation,ASSET-ORG-008-067,,2025-06-09T14:50:14,2025-06-10T03:06:22
A-06372,ORG-008,low,data_exfil,ASSET-ORG-008-108,,2025-01-05T18:19:22,2025-01-11T09:20:49
A-06373,ORG-008,medium,data_exfil,ASSET-ORG-008-008,CASE-01702,2025-01-24T15:28:57,2025-01-26T05:28:28
A-06374,ORG-008,medium,malware,ASSET-ORG-008-087,,2025-01-31T11:59:55,2025-02-01T20:47:29
A-06375,ORG-008,low,privilege_escalation,ASSET-ORG-008-065,,2025-04-02T18:09:13,2025-04-05T12:05:51
A-06376,ORG-008,critical,privilege_escalation,ASSET-ORG-008-097,,2025-06-11T01:21:10,2025-06-11T03:58:43
A-06377,ORG-008,critical,lateral_movement,ASSET-ORG-008-016,,2025-01-10T10:09:04,2025-01-10T13:23:47
A-06378,ORG-008,high,malware,ASSET-ORG-008-025,,2025-02-25T04:22:37,2025-02-25T22:46:42
A-06379,ORG-008,high,recon,ASSET-ORG-008-004,CASE-01617,2025-04-16T05:05:32,2025-04-16T19:18:40
A-06380,ORG-008,medium,data_exfil,ASSET-ORG-008-033,,2025-02-15T18:22:48,2025-02-17T05:29:27
A-06381,ORG-008,low,malware,ASSET-ORG-008-042,CASE-01661,2025-06-28T17:11:49,
A-06382,ORG-008,medium,data_exfil,ASSET-ORG-008-026,,2025-02-18T20:11:42,2025-02-20T10:29:17
A-06383,ORG-008,high,malware,ASSET-ORG-008-104,,2025-06-26T19:46:35,2025-06-27T10:05:57
A-06384,ORG-008,high,phishing,ASSET-ORG-008-089,,2025-05-02T10:06:41,2025-05-02T21:26:18
A-06385,ORG-008,medium,recon,ASSET-ORG-008-090,,2025-05-17T22:04:15,2025-05-20T03:05:29
A-06386,ORG-008,medium,privilege_escalation,ASSET-ORG-008-023,,2025-06-12T21:33:58,2025-06-15T11:26:36
A-06387,ORG-008,critical,phishing,ASSET-ORG-008-102,,2025-06-16T14:38:58,2025-06-16T19:16:51
A-06388,ORG-008,medium,privilege_escalation,ASSET-ORG-008-113,,2025-04-11T03:13:27,2025-04-13T10:55:33
A-06389,ORG-008,medium,lateral_movement,ASSET-ORG-008-037,CASE-01609,2025-06-29T09:35:54,2025-06-30T20:39:27
A-06390,ORG-008,medium,malware,ASSET-ORG-008-080,CASE-01694,2025-06-26T02:54:21,2025-06-28T05:41:06
A-06391,ORG-008,medium,lateral_movement,ASSET-ORG-008-030,,2025-03-22T14:06:02,2025-03-25T06:04:02
A-06392,ORG-008,medium,recon,ASSET-ORG-008-074,,2025-03-25T21:54:37,2025-03-27T17:49:05
A-06393,ORG-008,high,data_exfil,ASSET-ORG-008-090,CASE-01645,2025-01-16T08:47:19,2025-01-16T19:46:07
A-06394,ORG-008,low,lateral_movement,ASSET-ORG-008-010,,2025-06-23T02:26:53,2025-06-25T12:32:53
A-06395,ORG-008,critical,data_exfil,ASSET-ORG-008-025,,2025-06-23T20:16:34,2025-06-24T01:47:12
A-06396,ORG-008,low,privilege_escalation,ASSET-ORG-008-073,,2025-04-23T21:54:26,2025-04-28T12:22:29
A-06397,ORG-008,low,brute_force,ASSET-ORG-008-018,CASE-01564,2025-03-26T11:14:55,2025-03-30T13:49:28
A-06398,ORG-008,low,recon,ASSET-ORG-008-016,,2025-01-22T12:46:08,2025-01-25T12:27:45
A-06399,ORG-008,critical,brute_force,ASSET-ORG-008-054,,2025-06-13T01:33:21,2025-06-13T06:28:27
A-06400,ORG-008,medium,recon,ASSET-ORG-008-027,,2025-04-14T01:44:25,2025-04-16T11:08:14
A-06401,ORG-008,medium,phishing,ASSET-ORG-008-046,,2025-05-01T05:44:47,2025-05-04T05:19:41
A-06402,ORG-008,critical,brute_force,ASSET-ORG-008-033,,2025-04-18T14:31:53,2025-04-18T17:42:36
A-06403,ORG-008,high,malware,ASSET-ORG-008-089,CASE-01576,2025-06-06T07:44:27,2025-06-06T17:57:54
A-06404,ORG-008,low,brute_force,ASSET-ORG-008-099,,2025-02-20T13:50:23,2025-02-23T17:38:54
A-06405,ORG-008,high,privilege_escalation,ASSET-ORG-008-028,CASE-01668,2025-05-28T04:07:46,2025-05-28T21:21:49
A-06406,ORG-008,medium,data_exfil,ASSET-ORG-008-029,CASE-01554,2025-01-26T05:02:17,2025-01-27T22:00:54
A-06407,ORG-008,critical,privilege_escalation,ASSET-ORG-008-032,,2025-03-01T03:59:43,2025-03-01T08:29:00
A-06408,ORG-008,high,phishing,ASSET-ORG-008-027,,2025-03-28T13:22:09,2025-03-29T09:44:22
A-06409,ORG-008,medium,recon,ASSET-ORG-008-078,,2025-05-15T03:10:07,2025-05-17T03:53:36
A-06410,ORG-008,medium,malware,ASSET-ORG-008-045,,2025-03-08T10:47:54,2025-03-10T16:41:33
A-06411,ORG-008,high,brute_force,ASSET-ORG-008-060,CASE-01631,2025-01-08T09:49:03,2025-01-08T22:52:34
A-06412,ORG-008,low,recon,ASSET-ORG-008-115,,2025-04-29T08:08:51,2025-05-01T23:59:10
A-06413,ORG-008,high,privilege_escalation,ASSET-ORG-008-078,CASE-01693,2025-04-22T03:00:21,2025-04-22T15:21:59
A-06414,ORG-008,high,malware,ASSET-ORG-008-035,CASE-01641,2025-04-25T23:29:22,2025-04-26T09:27:50
A-06415,ORG-008,low,data_exfil,ASSET-ORG-008-028,,2025-01-20T08:36:21,2025-01-22T11:35:05
A-06416,ORG-008,critical,privilege_escalation,ASSET-ORG-008-024,CASE-01633,2025-06-26T00:49:50,2025-06-26T05:43:16
A-06417,ORG-008,medium,recon,ASSET-ORG-008-055,CASE-01736,2025-04-30T15:50:50,2025-05-03T14:29:59
A-06418,ORG-008,high,malware,ASSET-ORG-008-113,CASE-01628,2025-04-02T16:54:42,2025-04-03T01:10:32
A-06419,ORG-008,critical,data_exfil,ASSET-ORG-008-072,,2025-03-08T03:17:19,2025-03-08T09:54:31
A-06420,ORG-008,medium,lateral_movement,ASSET-ORG-008-050,,2025-04-21T00:20:14,2025-04-23T13:22:12
A-06421,ORG-008,low,brute_force,ASSET-ORG-008-026,CASE-01534,2025-05-22T17:02:05,2025-05-26T14:03:18
A-06422,ORG-008,medium,privilege_escalation,ASSET-ORG-008-028,CASE-01735,2025-01-09T01:51:57,2025-01-11T17:10:02
A-06423,ORG-008,high,data_exfil,ASSET-ORG-008-046,,2025-01-14T21:19:43,2025-01-15T21:08:46
A-06424,ORG-008,low,privilege_escalation,ASSET-ORG-008-032,,2025-05-23T04:00:03,2025-05-26T12:47:14
A-06425,ORG-008,medium,malware,ASSET-ORG-008-084,,2025-05-19T16:34:13,2025-05-21T05:50:35
A-06426,ORG-008,medium,lateral_movement,ASSET-ORG-008-018,,2025-06-26T20:26:59,2025-06-29T02:34:02
A-06427,ORG-008,high,malware,ASSET-ORG-008-025,,2025-05-27T22:45:33,2025-05-28T16:44:37
A-06428,ORG-008,low,malware,ASSET-ORG-008-025,,2025-03-02T23:29:39,2025-03-07T17:33:39
A-06429,ORG-008,high,phishing,ASSET-ORG-008-010,,2025-05-26T18:47:35,2025-05-27T04:54:48
A-06430,ORG-008,medium,lateral_movement,ASSET-ORG-008-044,,2025-04-02T22:23:40,2025-04-05T19:25:00
A-06431,ORG-008,medium,data_exfil,ASSET-ORG-008-078,,2025-04-17T12:44:16,2025-04-19T10:47:31
A-06432,ORG-008,critical,lateral_movement,ASSET-ORG-008-060,,2025-03-01T05:24:12,2025-03-01T11:21:41
A-06433,ORG-008,critical,recon,ASSET-ORG-008-096,,2025-03-20T16:00:50,2025-03-20T21:10:20
A-06434,ORG-008,high,privilege_escalation,ASSET-ORG-008-002,CASE-01596,2025-02-20T19:11:18,2025-02-21T06:02:15
A-06435,ORG-008,critical,recon,ASSET-ORG-008-031,,2025-01-28T08:07:07,2025-01-28T10:36:17
A-06436,ORG-008,high,lateral_movement,ASSET-ORG-008-049,,2025-03-01T11:57:02,2025-03-01T23:57:00
A-06437,ORG-008,low,phishing,ASSET-ORG-008-081,,2025-03-11T16:44:24,2025-03-16T16:31:47
A-06438,ORG-008,medium,data_exfil,ASSET-ORG-008-075,CASE-01714,2025-04-23T00:27:01,2025-04-25T12:29:01
A-06439,ORG-008,high,phishing,ASSET-ORG-008-052,,2025-04-08T15:10:23,2025-04-09T10:32:36
A-06440,ORG-008,high,phishing,ASSET-ORG-008-083,,2025-01-15T18:57:23,2025-01-16T10:34:09
A-06441,ORG-008,medium,brute_force,ASSET-ORG-008-059,,2025-02-07T03:25:24,2025-02-09T10:32:46
A-06442,ORG-008,critical,phishing,ASSET-ORG-008-073,CASE-01569,2025-01-05T00:30:42,2025-01-05T07:20:12
A-06443,ORG-008,high,recon,ASSET-ORG-008-043,,2025-02-27T15:09:52,2025-02-28T15:04:36
A-06444,ORG-008,medium,brute_force,ASSET-ORG-008-114,,2025-01-03T02:05:26,2025-01-04T16:26:53
A-06445,ORG-008,medium,phishing,ASSET-ORG-008-004,CASE-01759,2025-03-01T14:56:49,2025-03-02T21:38:12
A-06446,ORG-008,critical,lateral_movement,ASSET-ORG-008-037,,2025-03-23T12:46:59,2025-03-23T16:12:35
A-06447,ORG-008,high,data_exfil,ASSET-ORG-008-030,CASE-01550,2025-06-03T06:01:18,2025-06-03T19:25:13
A-06448,ORG-008,high,privilege_escalation,ASSET-ORG-008-065,,2025-01-28T16:42:44,2025-01-29T12:09:08
A-06449,ORG-008,high,phishing,ASSET-ORG-008-102,,2025-05-06T04:17:27,2025-05-06T23:20:08
A-06450,ORG-008,high,data_exfil,ASSET-ORG-008-045,,2025-05-15T21:35:38,2025-05-16T10:11:23
A-06451,ORG-008,critical,data_exfil,ASSET-ORG-008-073,,2025-01-26T15:54:25,2025-01-26T17:55:51
A-06452,ORG-008,low,malware,ASSET-ORG-008-085,,2025-02-14T14:37:21,2025-02-17T13:21:24
A-06453,ORG-008,medium,privilege_escalation,ASSET-ORG-008-008,,2025-05-12T16:12:20,2025-05-14T05:23:02
A-06454,ORG-008,critical,lateral_movement,ASSET-ORG-008-046,,2025-01-27T23:31:28,2025-01-28T02:04:51
A-06455,ORG-008,high,recon,ASSET-ORG-008-085,,2025-05-15T05:38:36,2025-05-15T22:40:00
A-06456,ORG-008,medium,data_exfil,ASSET-ORG-008-061,,2025-02-09T21:54:06,2025-02-12T03:15:18
A-06457,ORG-008,low,data_exfil,ASSET-ORG-008-021,,2025-06-16T16:26:21,2025-06-19T17:05:30
A-06458,ORG-008,critical,lateral_movement,ASSET-ORG-008-038,,2025-06-11T17:28:49,2025-06-11T21:11:03
A-06459,ORG-008,medium,data_exfil,ASSET-ORG-008-039,CASE-01750,2025-03-03T23:11:05,2025-03-05T23:09:00
A-06460,ORG-008,low,brute_force,ASSET-ORG-008-015,,2025-06-28T00:48:33,2025-06-30T05:44:29
A-06461,ORG-008,low,malware,ASSET-ORG-008-051,,2025-06-21T02:01:52,2025-06-26T17:59:12
A-06462,ORG-008,medium,malware,ASSET-ORG-008-086,,2025-02-13T11:46:16,2025-02-15T18:53:28
A-06463,ORG-008,high,recon,ASSET-ORG-008-077,,2025-04-06T00:41:40,2025-04-06T11:22:59
A-06464,ORG-008,low,brute_force,ASSET-ORG-008-002,,2025-03-14T19:02:22,2025-03-19T17:39:23
A-06465,ORG-008,high,malware,ASSET-ORG-008-113,,2025-02-12T19:44:00,2025-02-13T13:50:30
A-06466,ORG-008,medium,privilege_escalation,ASSET-ORG-008-061,,2025-04-29T22:24:48,2025-05-01T11:42:30
A-06467,ORG-008,critical,lateral_movement,ASSET-ORG-008-043,CASE-01562,2025-05-28T12:19:00,2025-05-28T18:21:51
A-06468,ORG-008,medium,malware,ASSET-ORG-008-113,,2025-04-14T12:35:05,2025-04-16T15:11:58
A-06469,ORG-008,high,brute_force,ASSET-ORG-008-029,,2025-04-27T19:18:02,2025-04-28T09:49:11
A-06470,ORG-008,high,phishing,ASSET-ORG-008-033,,2025-02-09T14:00:22,2025-02-10T11:16:11
A-06471,ORG-008,critical,phishing,ASSET-ORG-008-113,,2025-06-27T18:19:39,2025-06-27T23:07:21
A-06472,ORG-008,low,recon,ASSET-ORG-008-079,,2025-03-17T16:52:40,2025-03-19T18:27:43
A-06473,ORG-008,low,brute_force,ASSET-ORG-008-083,CASE-01624,2025-05-27T15:28:59,2025-06-01T06:41:17
A-06474,ORG-008,medium,data_exfil,ASSET-ORG-008-107,,2025-01-25T03:36:44,2025-01-26T05:18:35
A-06475,ORG-008,critical,data_exfil,ASSET-ORG-008-039,,2025-04-03T11:49:00,2025-04-03T15:02:16
A-06476,ORG-008,low,recon,ASSET-ORG-008-056,,2025-03-18T15:23:19,2025-03-23T09:40:26
A-06477,ORG-008,high,privilege_escalation,ASSET-ORG-008-057,,2025-06-12T01:45:04,2025-06-12T23:14:04
A-06478,ORG-008,low,malware,ASSET-ORG-008-024,,2025-01-02T00:21:45,2025-01-05T14:21:58
A-06479,ORG-008,high,privilege_escalation,ASSET-ORG-008-053,,2025-04-04T13:55:17,2025-04-05T13:21:46
A-06480,ORG-008,low,lateral_movement,ASSET-ORG-008-077,CASE-01726,2025-02-02T08:34:23,2025-02-06T11:23:36
A-06481,ORG-008,medium,lateral_movement,ASSET-ORG-008-016,,2025-01-17T20:45:20,2025-01-19T22:01:08
A-06482,ORG-008,medium,lateral_movement,ASSET-ORG-008-025,,2025-03-20T16:39:13,2025-03-22T03:07:23
A-06483,ORG-008,high,phishing,ASSET-ORG-008-072,,2025-02-15T23:07:43,2025-02-16T17:44:35
A-06484,ORG-008,medium,data_exfil,ASSET-ORG-008-026,,2025-06-14T06:59:57,2025-06-15T14:52:38
A-06485,ORG-008,medium,recon,ASSET-ORG-008-109,CASE-01739,2025-03-02T20:32:47,2025-03-04T02:28:20
A-06486,ORG-008,high,data_exfil,ASSET-ORG-008-030,,2025-06-19T21:43:43,2025-06-20T13:20:02
A-06487,ORG-008,low,data_exfil,ASSET-ORG-008-016,,2025-01-23T10:44:05,2025-01-27T11:24:39
A-06488,ORG-008,critical,privilege_escalation,ASSET-ORG-008-039,,2025-01-02T21:16:39,2025-01-02T23:18:24
A-06489,ORG-008,high,lateral_movement,ASSET-ORG-008-053,,2025-04-04T13:34:33,2025-04-05T07:05:38
A-06490,ORG-008,high,recon,ASSET-ORG-008-026,,2025-03-30T12:05:59,2025-03-31T00:13:58
A-06491,ORG-008,high,lateral_movement,ASSET-ORG-008-048,CASE-01638,2025-02-17T20:52:40,2025-02-18T09:10:14
A-06492,ORG-008,high,privilege_escalation,ASSET-ORG-008-073,,2025-04-15T01:27:37,2025-04-15T19:30:47
A-06493,ORG-008,low,malware,ASSET-ORG-008-020,CASE-01566,2025-01-01T04:21:03,2025-01-06T22:22:37
A-06494,ORG-008,low,malware,ASSET-ORG-008-002,,2025-02-25T13:47:24,2025-03-02T10:54:49
A-06495,ORG-008,medium,recon,ASSET-ORG-008-003,,2025-04-20T02:09:49,2025-04-22T11:34:30
A-06496,ORG-008,critical,malware,ASSET-ORG-008-068,,2025-02-08T20:18:10,2025-02-08T22:47:27
A-06497,ORG-008,medium,data_exfil,ASSET-ORG-008-025,,2025-06-02T16:40:25,2025-06-05T09:17:33
A-06498,ORG-008,critical,data_exfil,ASSET-ORG-008-018,,2025-06-18T17:38:28,2025-06-19T00:35:49
A-06499,ORG-008,medium,data_exfil,ASSET-ORG-008-075,,2025-02-02T07:10:11,2025-02-04T01:16:34
A-06500,ORG-008,medium,brute_force,ASSET-ORG-008-026,,2025-04-13T16:41:57,2025-04-16T12:49:55
A-06501,ORG-008,critical,privilege_escalation,ASSET-ORG-008-072,,2025-03-20T00:00:18,2025-03-20T04:08:30
A-06502,ORG-008,high,recon,ASSET-ORG-008-061,,2025-05-21T07:43:52,2025-05-22T07:21:29
A-06503,ORG-008,high,recon,ASSET-ORG-008-104,,2025-01-07T07:51:51,2025-01-08T05:09:54
A-06504,ORG-008,medium,data_exfil,ASSET-ORG-008-056,,2025-03-09T17:52:04,2025-03-11T04:17:03
A-06505,ORG-008,high,brute_force,ASSET-ORG-008-111,,2025-06-28T22:16:47,2025-06-29T22:12:02
A-06506,ORG-008,critical,lateral_movement,ASSET-ORG-008-103,,2025-03-14T20:19:11,2025-03-15T01:05:25
A-06507,ORG-008,low,lateral_movement,ASSET-ORG-008-061,,2025-05-30T20:51:48,2025-06-05T05:22:29
A-06508,ORG-008,medium,data_exfil,ASSET-ORG-008-032,,2025-06-28T15:41:29,
A-06509,ORG-008,high,malware,ASSET-ORG-008-080,CASE-01562,2025-01-16T15:13:52,2025-01-17T15:09:32
A-06510,ORG-008,medium,lateral_movement,ASSET-ORG-008-008,CASE-01768,2025-04-29T06:20:27,2025-05-01T06:04:22
A-06511,ORG-008,medium,lateral_movement,ASSET-ORG-008-074,,2025-04-29T08:14:13,2025-05-01T01:31:52
A-06512,ORG-008,high,brute_force,ASSET-ORG-008-088,,2025-02-19T15:05:31,2025-02-20T12:13:28
A-06513,ORG-008,medium,malware,ASSET-ORG-008-109,CASE-01547,2025-05-23T03:52:58,2025-05-24T14:12:08
A-06514,ORG-008,high,malware,ASSET-ORG-008-063,CASE-01554,2025-02-27T08:30:17,2025-02-28T04:40:55
A-06515,ORG-008,high,brute_force,ASSET-ORG-008-106,,2025-01-04T01:20:15,2025-01-04T20:22:16
A-06516,ORG-008,high,privilege_escalation,ASSET-ORG-008-112,CASE-01560,2025-03-25T09:03:03,2025-03-25T19:34:58
A-06517,ORG-008,medium,privilege_escalation,ASSET-ORG-008-109,,2025-03-29T01:49:08,2025-03-30T22:00:20
A-06518,ORG-008,critical,phishing,ASSET-ORG-008-068,,2025-06-20T08:59:00,2025-06-20T11:13:44
A-06519,ORG-008,low,malware,ASSET-ORG-008-080,,2025-06-06T08:45:47,2025-06-09T13:14:00
A-06520,ORG-008,critical,recon,ASSET-ORG-008-028,,2025-02-09T04:39:04,2025-02-09T11:38:01
A-06521,ORG-008,high,privilege_escalation,ASSET-ORG-008-011,,2025-05-14T15:39:27,2025-05-15T13:53:55
A-06522,ORG-008,high,privilege_escalation,ASSET-ORG-008-099,,2025-06-22T21:24:11,2025-06-23T12:22:01
A-06523,ORG-008,low,lateral_movement,ASSET-ORG-008-003,,2025-04-23T12:01:49,2025-04-25T14:22:57
A-06524,ORG-008,low,brute_force,ASSET-ORG-008-038,CASE-01604,2025-06-27T13:26:40,2025-06-30T22:34:02
A-06525,ORG-008,high,phishing,ASSET-ORG-008-108,CASE-01753,2025-02-06T17:03:50,2025-02-07T13:39:53
A-06526,ORG-008,medium,recon,ASSET-ORG-008-079,CASE-01603,2025-02-13T02:31:05,2025-02-16T00:51:45
A-06527,ORG-008,medium,data_exfil,ASSET-ORG-008-060,,2025-06-30T08:50:40,
A-06528,ORG-008,medium,data_exfil,ASSET-ORG-008-045,CASE-01685,2025-03-18T19:14:08,2025-03-19T23:56:16
A-06529,ORG-008,critical,brute_force,ASSET-ORG-008-109,,2025-01-08T12:08:05,2025-01-08T18:05:09
A-06530,ORG-008,medium,recon,ASSET-ORG-008-054,,2025-03-17T15:04:36,2025-03-20T07:04:55
A-06531,ORG-008,medium,phishing,ASSET-ORG-008-014,,2025-04-15T08:31:06,2025-04-16T09:41:58
A-06532,ORG-008,medium,privilege_escalation,ASSET-ORG-008-101,,2025-02-08T17:27:51,2025-02-11T05:45:23
A-06533,ORG-008,medium,malware,ASSET-ORG-008-043,,2025-03-21T18:21:15,2025-03-23T23:55:51
A-06534,ORG-008,high,phishing,ASSET-ORG-008-080,,2025-06-25T00:04:34,2025-06-25T23:31:57
A-06535,ORG-008,high,malware,ASSET-ORG-008-105,CASE-01574,2025-01-04T04:58:20,2025-01-04T17:51:52
A-06536,ORG-008,medium,lateral_movement,ASSET-ORG-008-061,CASE-01730,2025-02-02T22:22:09,2025-02-05T03:09:07
A-06537,ORG-008,medium,privilege_escalation,ASSET-ORG-008-002,,2025-03-12T03:39:35,2025-03-14T21:25:41
A-06538,ORG-008,medium,phishing,ASSET-ORG-008-075,,2025-04-07T07:04:11,2025-04-09T01:59:42
A-06539,ORG-008,critical,privilege_escalation,ASSET-ORG-008-075,,2025-05-18T11:16:07,2025-05-18T16:08:38
A-06540,ORG-008,low,data_exfil,ASSET-ORG-008-028,,2025-06-27T03:41:45,2025-06-29T19:44:01
A-06541,ORG-008,critical,recon,ASSET-ORG-008-085,CASE-01577,2025-04-18T13:15:01,2025-04-18T19:54:19
A-06542,ORG-008,critical,privilege_escalation,ASSET-ORG-008-064,,2025-01-25T13:01:58,2025-01-25T18:57:06
A-06543,ORG-008,medium,privilege_escalation,ASSET-ORG-008-028,,2025-01-19T21:56:55,2025-01-21T20:40:07
A-06544,ORG-008,critical,lateral_movement,ASSET-ORG-008-017,,2025-05-31T13:39:45,2025-05-31T20:53:50
A-06545,ORG-008,critical,data_exfil,ASSET-ORG-008-070,,2025-02-03T15:19:27,2025-02-03T20:11:59
A-06546,ORG-008,medium,lateral_movement,ASSET-ORG-008-005,,2025-05-27T11:27:36,2025-05-29T19:10:15
A-06547,ORG-008,medium,lateral_movement,ASSET-ORG-008-093,CASE-01762,2025-06-09T14:16:09,2025-06-12T05:12:41
A-06548,ORG-008,low,recon,ASSET-ORG-008-066,,2025-04-03T12:23:59,2025-04-07T03:30:31
A-06549,ORG-008,high,privilege_escalation,ASSET-ORG-008-030,CASE-01750,2025-06-28T15:14:41,2025-06-29T08:53:44
A-06550,ORG-008,high,malware,ASSET-ORG-008-012,,2025-03-31T10:04:44,2025-04-01T04:25:02
A-06551,ORG-008,low,data_exfil,ASSET-ORG-008-100,CASE-01771,2025-01-03T00:43:42,2025-01-06T19:37:30
A-06552,ORG-008,critical,malware,ASSET-ORG-008-033,,2025-03-07T00:47:33,2025-03-07T03:26:50
A-06553,ORG-008,medium,lateral_movement,ASSET-ORG-008-049,CASE-01700,2025-06-05T21:27:49,2025-06-08T07:55:25
A-06554,ORG-008,medium,brute_force,ASSET-ORG-008-051,,2025-06-12T03:55:58,2025-06-13T11:49:42
A-06555,ORG-008,medium,brute_force,ASSET-ORG-008-010,,2025-03-23T17:39:08,2025-03-25T14:51:03
A-06556,ORG-008,critical,privilege_escalation,ASSET-ORG-008-055,,2025-02-25T21:54:40,2025-02-26T00:12:51
A-06557,ORG-008,medium,phishing,ASSET-ORG-008-065,,2025-06-20T06:25:01,2025-06-21T18:53:36
A-06558,ORG-008,critical,brute_force,ASSET-ORG-008-102,,2025-02-01T00:57:53,2025-02-01T07:50:14
A-06559,ORG-008,high,lateral_movement,ASSET-ORG-008-035,,2025-04-12T21:40:57,2025-04-13T19:16:56
A-06560,ORG-008,critical,phishing,ASSET-ORG-008-027,,2025-06-27T16:33:21,2025-06-27T23:06:01
A-06561,ORG-008,high,recon,ASSET-ORG-008-012,CASE-01774,2025-04-08T12:02:01,2025-04-09T04:55:48
A-06562,ORG-008,medium,privilege_escalation,ASSET-ORG-008-018,,2025-05-26T17:02:12,2025-05-29T13:00:26
A-06563,ORG-008,high,lateral_movement,ASSET-ORG-008-074,,2025-03-27T22:14:48,2025-03-28T12:44:08
A-06564,ORG-008,medium,phishing,ASSET-ORG-008-014,,2025-02-12T03:36:24,2025-02-14T11:11:56
A-06565,ORG-008,medium,privilege_escalation,ASSET-ORG-008-091,,2025-04-25T14:04:34,2025-04-27T10:08:43
A-06566,ORG-008,low,privilege_escalation,ASSET-ORG-008-064,,2025-01-27T05:54:18,2025-01-31T03:15:02
A-06567,ORG-008,low,brute_force,ASSET-ORG-008-009,,2025-01-21T07:52:16,2025-01-27T02:47:52
A-06568,ORG-008,low,recon,ASSET-ORG-008-073,,2025-06-08T13:55:42,2025-06-13T04:47:11
A-06569,ORG-008,high,brute_force,ASSET-ORG-008-064,,2025-01-22T23:57:55,2025-01-23T14:36:00
A-06570,ORG-008,high,lateral_movement,ASSET-ORG-008-106,,2025-01-15T14:32:37,2025-01-16T09:01:05
A-06571,ORG-008,low,privilege_escalation,ASSET-ORG-008-059,CASE-01534,2025-03-30T02:23:18,2025-04-02T23:22:48
A-06572,ORG-008,high,malware,ASSET-ORG-008-042,,2025-06-14T23:15:13,2025-06-15T11:45:00
A-06573,ORG-008,high,lateral_movement,ASSET-ORG-008-063,CASE-01643,2025-02-06T23:41:47,2025-02-07T20:21:44
A-06574,ORG-008,low,lateral_movement,ASSET-ORG-008-029,,2025-01-26T03:04:38,2025-02-01T02:49:03
A-06575,ORG-008,medium,phishing,ASSET-ORG-008-082,,2025-05-18T13:54:43,2025-05-21T10:19:27
A-06576,ORG-008,critical,privilege_escalation,ASSET-ORG-008-002,,2025-03-10T18:55:34,2025-03-10T23:47:05
A-06577,ORG-008,high,phishing,ASSET-ORG-008-103,,2025-05-20T12:53:16,2025-05-20T20:58:12
A-06578,ORG-008,high,data_exfil,ASSET-ORG-008-110,,2025-02-20T07:05:27,2025-02-20T15:57:47
A-06579,ORG-008,critical,privilege_escalation,ASSET-ORG-008-072,,2025-04-17T17:52:15,2025-04-17T21:28:30
A-06580,ORG-008,critical,lateral_movement,ASSET-ORG-008-073,,2025-03-20T19:46:44,2025-03-21T02:44:56
A-06581,ORG-008,low,recon,ASSET-ORG-008-093,,2025-05-27T11:46:15,2025-05-29T22:27:50
A-06582,ORG-008,high,recon,ASSET-ORG-008-020,,2025-06-30T21:16:46,
A-06583,ORG-008,medium,brute_force,ASSET-ORG-008-087,CASE-01641,2025-06-20T05:00:10,2025-06-21T17:15:32
A-06584,ORG-008,high,brute_force,ASSET-ORG-008-018,,2025-03-31T13:29:55,2025-04-01T03:51:29
A-06585,ORG-008,low,lateral_movement,ASSET-ORG-008-048,CASE-01709,2025-02-11T15:04:49,2025-02-14T06:44:02
A-06586,ORG-008,medium,recon,ASSET-ORG-008-111,,2025-06-26T06:28:31,2025-06-28T16:25:22
A-06587,ORG-008,high,recon,ASSET-ORG-008-082,,2025-02-27T12:27:38,2025-02-28T02:44:21
A-06588,ORG-008,medium,data_exfil,ASSET-ORG-008-012,,2025-06-12T13:12:02,2025-06-13T15:46:40
A-06589,ORG-008,medium,data_exfil,ASSET-ORG-008-059,CASE-01590,2025-03-11T15:35:58,2025-03-14T14:03:12
A-06590,ORG-008,high,recon,ASSET-ORG-008-109,,2025-02-24T18:27:01,2025-02-25T08:39:40
A-06591,ORG-008,medium,phishing,ASSET-ORG-008-097,CASE-01653,2025-02-15T02:54:14,2025-02-16T10:31:14
A-06592,ORG-008,medium,privilege_escalation,ASSET-ORG-008-092,,2025-04-08T00:41:58,2025-04-10T05:38:22
A-06593,ORG-008,high,data_exfil,ASSET-ORG-008-032,CASE-01587,2025-04-11T16:12:33,2025-04-12T09:35:47
A-06594,ORG-008,medium,data_exfil,ASSET-ORG-008-064,,2025-03-30T13:17:56,2025-04-02T00:40:05
A-06595,ORG-008,low,data_exfil,ASSET-ORG-008-107,,2025-03-27T00:08:10,2025-03-29T05:48:51
A-06596,ORG-008,high,data_exfil,ASSET-ORG-008-101,,2025-02-14T22:30:41,2025-02-15T13:33:36
A-06597,ORG-008,critical,malware,ASSET-ORG-008-033,,2025-05-23T00:13:08,2025-05-23T07:33:23
A-06598,ORG-008,high,malware,ASSET-ORG-008-085,,2025-04-25T13:16:23,2025-04-26T02:00:32
A-06599,ORG-008,low,lateral_movement,ASSET-ORG-008-041,,2025-05-12T21:29:04,2025-05-15T12:34:30
A-06600,ORG-008,high,brute_force,ASSET-ORG-008-081,CASE-01691,2025-06-01T12:31:20,2025-06-02T08:17:04
A-06601,ORG-008,medium,malware,ASSET-ORG-008-015,CASE-01761,2025-04-17T16:11:31,2025-04-19T13:51:28
A-06602,ORG-008,medium,data_exfil,ASSET-ORG-008-041,CASE-01683,2025-04-02T10:17:28,2025-04-03T20:54:25
A-06603,ORG-008,high,brute_force,ASSET-ORG-008-054,,2025-02-07T17:22:02,2025-02-08T04:41:11
A-06604,ORG-008,high,malware,ASSET-ORG-008-097,CASE-01608,2025-03-04T07:27:07,2025-03-04T20:12:00
A-06605,ORG-008,medium,phishing,ASSET-ORG-008-020,,2025-04-23T07:09:06,2025-04-24T20:40:49
A-06606,ORG-008,high,lateral_movement,ASSET-ORG-008-057,,2025-02-06T19:42:31,2025-02-07T06:15:47
A-06607,ORG-008,high,lateral_movement,ASSET-ORG-008-033,,2025-05-03T10:27:34,2025-05-03T18:33:21
A-06608,ORG-008,high,privilege_escalation,ASSET-ORG-008-086,,2025-06-19T10:18:12,2025-06-20T06:05:19
A-06609,ORG-008,critical,brute_force,ASSET-ORG-008-109,CASE-01770,2025-01-11T09:05:29,2025-01-11T16:05:51
A-06610,ORG-008,medium,malware,ASSET-ORG-008-099,,2025-05-12T04:20:17,2025-05-14T05:36:46
A-06611,ORG-008,critical,lateral_movement,ASSET-ORG-008-101,,2025-04-11T03:30:07,2025-04-11T10:18:23
A-06612,ORG-008,medium,brute_force,ASSET-ORG-008-083,CASE-01598,2025-04-12T13:37:57,2025-04-14T03:15:17
A-06613,ORG-008,high,privilege_escalation,ASSET-ORG-008-074,,2025-03-30T03:56:54,2025-03-30T18:04:00
A-06614,ORG-008,low,privilege_escalation,ASSET-ORG-008-065,,2025-01-14T15:24:10,2025-01-19T17:54:14
A-06615,ORG-008,medium,privilege_escalation,ASSET-ORG-008-056,,2025-04-08T12:54:55,2025-04-10T08:41:27
A-06616,ORG-008,critical,phishing,ASSET-ORG-008-041,,2025-03-08T03:42:31,2025-03-08T11:07:59
A-06617,ORG-008,medium,brute_force,ASSET-ORG-008-087,CASE-01710,2025-01-23T05:12:50,2025-01-25T03:22:13
A-06618,ORG-008,medium,lateral_movement,ASSET-ORG-008-031,,2025-04-09T21:40:12,2025-04-11T00:21:10
A-06619,ORG-008,high,recon,ASSET-ORG-008-055,,2025-03-31T18:11:00,2025-04-01T14:31:51
A-06620,ORG-008,high,lateral_movement,ASSET-ORG-008-087,,2025-04-22T20:33:08,2025-04-23T15:05:08
A-06621,ORG-008,low,lateral_movement,ASSET-ORG-008-022,CASE-01532,2025-04-28T19:39:59,2025-05-03T12:54:01
A-06622,ORG-008,medium,malware,ASSET-ORG-008-073,,2025-03-26T06:31:54,2025-03-28T18:12:52
A-06623,ORG-008,low,data_exfil,ASSET-ORG-008-062,,2025-03-08T23:08:17,2025-03-11T08:58:13
A-06624,ORG-008,critical,privilege_escalation,ASSET-ORG-008-080,,2025-06-18T09:27:14,2025-06-18T13:01:45
A-06625,ORG-008,high,brute_force,ASSET-ORG-008-105,,2025-01-01T04:00:40,2025-01-01T18:15:04
A-06626,ORG-008,medium,privilege_escalation,ASSET-ORG-008-005,,2025-06-25T17:14:33,2025-06-27T00:44:02
A-06627,ORG-008,medium,recon,ASSET-ORG-008-067,,2025-04-19T01:09:02,2025-04-20T14:33:01
A-06628,ORG-008,medium,phishing,ASSET-ORG-008-038,CASE-01565,2025-05-21T04:54:01,2025-05-23T17:43:35
A-06629,ORG-008,high,data_exfil,ASSET-ORG-008-083,,2025-03-18T17:10:19,2025-03-19T09:06:52
A-06630,ORG-008,medium,privilege_escalation,ASSET-ORG-008-036,,2025-05-18T15:39:12,2025-05-21T05:35:26
A-06631,ORG-008,high,brute_force,ASSET-ORG-008-107,,2025-03-29T17:20:56,2025-03-30T12:20:12
A-06632,ORG-008,high,privilege_escalation,ASSET-ORG-008-079,,2025-05-03T11:36:43,2025-05-04T02:34:56
A-06633,ORG-008,high,malware,ASSET-ORG-008-054,CASE-01666,2025-03-02T20:07:43,2025-03-03T05:05:27
A-06634,ORG-008,high,phishing,ASSET-ORG-008-037,,2025-01-30T15:29:38,2025-01-31T09:31:32
A-06635,ORG-008,high,privilege_escalation,ASSET-ORG-008-090,,2025-05-18T18:49:23,2025-05-19T12:43:25
A-06636,ORG-008,high,phishing,ASSET-ORG-008-102,,2025-05-01T08:43:54,2025-05-02T07:57:20
A-06637,ORG-008,medium,phishing,ASSET-ORG-008-062,,2025-04-29T12:29:44,2025-05-01T01:36:10
A-06638,ORG-008,high,data_exfil,ASSET-ORG-008-054,,2025-01-05T23:05:52,2025-01-06T09:17:40
A-06639,ORG-008,critical,malware,ASSET-ORG-008-031,,2025-03-04T21:48:03,2025-03-05T03:06:56
A-06640,ORG-008,high,lateral_movement,ASSET-ORG-008-004,,2025-03-11T00:43:56,2025-03-11T16:26:23
A-06641,ORG-008,high,lateral_movement,ASSET-ORG-008-110,CASE-01728,2025-02-11T12:29:21,2025-02-12T06:19:06
A-06642,ORG-008,critical,privilege_escalation,ASSET-ORG-008-032,CASE-01660,2025-03-23T22:09:36,2025-03-24T05:29:07
A-06643,ORG-008,critical,malware,ASSET-ORG-008-074,,2025-01-20T07:54:20,2025-01-20T13:23:43
A-06644,ORG-008,high,malware,ASSET-ORG-008-042,CASE-01736,2025-02-08T15:48:35,2025-02-09T05:49:32
A-06645,ORG-008,critical,phishing,ASSET-ORG-008-002,CASE-01756,2025-01-11T05:11:17,2025-01-11T10:23:10
A-06646,ORG-008,medium,malware,ASSET-ORG-008-096,,2025-04-16T13:12:40,2025-04-18T22:03:36
A-06647,ORG-008,low,malware,ASSET-ORG-008-084,,2025-03-05T01:50:44,2025-03-08T05:06:52
A-06648,ORG-008,high,privilege_escalation,ASSET-ORG-008-026,,2025-05-06T11:46:39,2025-05-06T23:21:38
A-06649,ORG-008,medium,phishing,ASSET-ORG-008-043,,2025-04-11T01:44:09,2025-04-14T01:37:15
A-06650,ORG-008,critical,data_exfil,ASSET-ORG-008-115,CASE-01559,2025-03-24T01:13:30,2025-03-24T08:30:03
A-06651,ORG-008,critical,lateral_movement,ASSET-ORG-008-093,,2025-04-10T17:07:13,2025-04-10T20:02:52
A-06652,ORG-008,high,data_exfil,ASSET-ORG-008-062,,2025-04-13T11:04:19,2025-04-14T00:37:23
A-06653,ORG-008,high,malware,ASSET-ORG-008-100,,2025-01-14T13:13:31,2025-01-15T09:35:00
A-06654,ORG-008,high,phishing,ASSET-ORG-008-062,,2025-05-17T23:55:18,2025-05-18T13:51:34
A-06655,ORG-008,low,privilege_escalation,ASSET-ORG-008-102,,2025-01-22T21:00:40,2025-01-27T06:33:01
A-06656,ORG-008,low,brute_force,ASSET-ORG-008-088,,2025-06-28T13:12:47,
A-06657,ORG-008,high,lateral_movement,ASSET-ORG-008-017,CASE-01587,2025-06-06T16:39:31,2025-06-07T08:32:26
A-06658,ORG-008,high,phishing,ASSET-ORG-008-024,CASE-01657,2025-04-28T08:01:16,2025-04-28T21:31:35
A-06659,ORG-008,medium,recon,ASSET-ORG-008-081,CASE-01572,2025-06-14T18:25:30,2025-06-16T13:41:05
A-06660,ORG-008,medium,data_exfil,ASSET-ORG-008-046,,2025-03-23T03:58:58,2025-03-25T14:03:02
A-06661,ORG-008,low,lateral_movement,ASSET-ORG-008-049,,2025-02-23T07:51:14,2025-02-27T11:32:49
A-06662,ORG-008,low,phishing,ASSET-ORG-008-021,CASE-01749,2025-06-23T08:17:57,2025-06-28T22:41:24
A-06663,ORG-008,high,phishing,ASSET-ORG-008-028,CASE-01664,2025-01-25T19:33:58,2025-01-26T05:15:55
A-06664,ORG-008,medium,data_exfil,ASSET-ORG-008-001,,2025-02-06T20:56:12,2025-02-07T23:02:24
A-06665,ORG-008,medium,malware,ASSET-ORG-008-022,,2025-01-05T15:27:04,2025-01-08T00:26:17
A-06666,ORG-008,critical,data_exfil,ASSET-ORG-008-001,,2025-03-26T11:56:31,2025-03-26T15:25:02
A-06667,ORG-008,high,phishing,ASSET-ORG-008-001,,2025-03-10T01:47:48,2025-03-10T13:56:48
A-06668,ORG-008,high,malware,ASSET-ORG-008-005,CASE-01649,2025-05-23T20:41:26,2025-05-24T15:22:15
A-06669,ORG-008,low,lateral_movement,ASSET-ORG-008-024,,2025-03-05T04:02:17,2025-03-08T00:00:56
A-06670,ORG-008,high,recon,ASSET-ORG-008-012,,2025-02-14T22:56:56,2025-02-15T17:28:24
A-06671,ORG-008,critical,brute_force,ASSET-ORG-008-032,,2025-01-14T13:53:58,2025-01-14T18:36:19
A-06672,ORG-008,high,lateral_movement,ASSET-ORG-008-100,CASE-01681,2025-02-09T06:00:08,2025-02-10T03:07:13
A-06673,ORG-008,high,privilege_escalation,ASSET-ORG-008-069,,2025-05-16T12:47:54,2025-05-17T08:13:34
A-06674,ORG-008,medium,phishing,ASSET-ORG-008-009,CASE-01664,2025-01-30T12:14:30,2025-01-31T15:57:39
A-06675,ORG-008,low,brute_force,ASSET-ORG-008-091,,2025-01-19T01:12:30,2025-01-23T06:47:10
A-06676,ORG-008,low,malware,ASSET-ORG-008-067,CASE-01747,2025-03-31T22:45:07,2025-04-03T00:55:31
A-06677,ORG-008,medium,recon,ASSET-ORG-008-036,,2025-02-01T23:21:58,2025-02-03T16:14:24
A-06678,ORG-008,high,recon,ASSET-ORG-008-089,,2025-01-09T18:39:47,2025-01-10T10:24:37
A-06679,ORG-008,critical,lateral_movement,ASSET-ORG-008-037,,2025-03-26T00:40:32,2025-03-26T04:20:49
A-06680,ORG-008,high,data_exfil,ASSET-ORG-008-085,,2025-03-29T12:13:40,2025-03-29T22:33:48
A-06681,ORG-008,high,recon,ASSET-ORG-008-088,,2025-02-06T01:17:43,2025-02-06T17:48:00
A-06682,ORG-008,high,brute_force,ASSET-ORG-008-029,,2025-03-19T22:52:52,2025-03-20T07:54:05
A-06683,ORG-008,critical,phishing,ASSET-ORG-008-050,CASE-01714,2025-01-06T19:21:02,2025-01-06T22:44:51
A-06684,ORG-008,critical,data_exfil,ASSET-ORG-008-038,,2025-04-09T18:35:56,2025-04-09T21:04:52
A-06685,ORG-008,medium,privilege_escalation,ASSET-ORG-008-081,,2025-06-25T08:27:49,2025-06-27T21:35:35
A-06686,ORG-008,medium,privilege_escalation,ASSET-ORG-008-013,CASE-01663,2025-02-25T06:29:39,2025-02-27T20:43:49
A-06687,ORG-008,high,lateral_movement,ASSET-ORG-008-009,,2025-02-05T00:13:23,2025-02-05T13:16:16
A-06688,ORG-008,low,data_exfil,ASSET-ORG-008-099,,2025-05-01T10:01:18,2025-05-03T22:00:48
A-06689,ORG-008,medium,privilege_escalation,ASSET-ORG-008-019,,2025-05-14T12:14:36,2025-05-15T17:52:59
A-06690,ORG-008,medium,data_exfil,ASSET-ORG-008-042,,2025-03-25T11:51:53,2025-03-27T20:55:58
A-06691,ORG-008,high,data_exfil,ASSET-ORG-008-106,,2025-05-05T13:54:03,2025-05-06T09:55:08
A-06692,ORG-008,medium,data_exfil,ASSET-ORG-008-089,,2025-01-26T10:12:53,2025-01-28T06:46:00
A-06693,ORG-008,medium,privilege_escalation,ASSET-ORG-008-059,CASE-01647,2025-02-20T19:40:59,2025-02-23T04:04:22
A-06694,ORG-008,medium,malware,ASSET-ORG-008-030,,2025-03-22T23:01:57,2025-03-24T03:48:41
A-06695,ORG-008,high,malware,ASSET-ORG-008-090,CASE-01702,2025-05-03T07:45:29,2025-05-04T06:46:26
A-06696,ORG-008,low,lateral_movement,ASSET-ORG-008-079,,2025-03-21T08:30:27,2025-03-24T10:57:24
A-06697,ORG-008,medium,privilege_escalation,ASSET-ORG-008-019,,2025-02-24T07:29:41,2025-02-26T08:30:41
A-06698,ORG-008,medium,brute_force,ASSET-ORG-008-022,CASE-01694,2025-01-16T21:17:06,2025-01-18T22:52:47
A-06699,ORG-008,high,brute_force,ASSET-ORG-008-028,,2025-04-16T05:17:46,2025-04-16T15:59:40
A-06700,ORG-008,medium,malware,ASSET-ORG-008-047,CASE-01589,2025-04-25T23:50:53,2025-04-27T21:56:26
A-06701,ORG-008,high,recon,ASSET-ORG-008-032,CASE-01673,2025-03-10T11:05:31,2025-03-11T10:13:53
A-06702,ORG-008,high,data_exfil,ASSET-ORG-008-062,CASE-01540,2025-05-06T15:19:13,2025-05-07T12:33:41
A-06703,ORG-008,critical,privilege_escalation,ASSET-ORG-008-083,,2025-01-10T00:52:55,2025-01-10T05:01:00
A-06704,ORG-008,low,privilege_escalation,ASSET-ORG-008-020,,2025-05-29T03:27:46,2025-05-31T15:04:50
A-06705,ORG-008,critical,phishing,ASSET-ORG-008-037,CASE-01540,2025-03-03T00:23:45,2025-03-03T08:03:15
A-06706,ORG-008,low,recon,ASSET-ORG-008-087,,2025-04-15T11:23:29,2025-04-19T05:23:31
A-06707,ORG-008,critical,recon,ASSET-ORG-008-035,CASE-01723,2025-02-08T02:47:56,2025-02-08T05:37:34
A-06708,ORG-008,high,lateral_movement,ASSET-ORG-008-052,,2025-05-15T23:28:15,2025-05-16T22:51:48
A-06709,ORG-008,high,lateral_movement,ASSET-ORG-008-044,,2025-05-06T16:16:28,2025-05-07T00:35:55
A-06710,ORG-008,critical,brute_force,ASSET-ORG-008-030,,2025-03-16T23:40:27,2025-03-17T07:25:27
A-06711,ORG-008,low,malware,ASSET-ORG-008-104,CASE-01770,2025-05-29T12:41:49,2025-05-31T23:25:45
A-06712,ORG-008,high,brute_force,ASSET-ORG-008-099,CASE-01706,2025-02-26T02:27:24,2025-02-26T13:56:09
A-06713,ORG-008,critical,phishing,ASSET-ORG-008-088,,2025-06-30T20:21:41,
A-06714,ORG-008,low,privilege_escalation,ASSET-ORG-008-074,,2025-05-25T18:32:49,2025-05-31T18:02:02
A-06715,ORG-008,critical,phishing,ASSET-ORG-008-029,CASE-01586,2025-06-10T22:18:58,2025-06-11T04:38:12
A-06716,ORG-008,medium,brute_force,ASSET-ORG-008-037,,2025-06-14T10:59:28,2025-06-15T11:26:01
A-06717,ORG-008,medium,brute_force,ASSET-ORG-008-002,,2025-03-16T09:53:00,2025-03-19T04:32:42
A-06718,ORG-008,high,data_exfil,ASSET-ORG-008-036,,2025-01-08T10:27:41,2025-01-09T09:19:48
A-06719,ORG-008,high,privilege_escalation,ASSET-ORG-008-068,,2025-06-30T16:58:38,
A-06720,ORG-008,high,phishing,ASSET-ORG-008-069,CASE-01583,2025-05-29T16:46:51,2025-05-30T01:51:21
A-06721,ORG-008,medium,recon,ASSET-ORG-008-073,CASE-01647,2025-01-09T16:48:34,2025-01-11T13:22:32
A-06722,ORG-008,critical,malware,ASSET-ORG-008-002,CASE-01702,2025-03-19T00:30:31,2025-03-19T04:28:19
A-06723,ORG-008,medium,recon,ASSET-ORG-008-055,,2025-04-09T06:20:59,2025-04-11T16:23:36
A-06724,ORG-008,low,phishing,ASSET-ORG-008-072,,2025-01-29T09:30:52,2025-02-01T01:03:39
A-06725,ORG-008,medium,recon,ASSET-ORG-008-018,,2025-01-23T17:17:07,2025-01-25T21:05:23
A-06726,ORG-008,medium,privilege_escalation,ASSET-ORG-008-083,,2025-02-12T16:08:32,2025-02-14T20:10:29
A-06727,ORG-008,high,malware,ASSET-ORG-008-081,,2025-03-23T20:19:20,2025-03-24T15:52:12
A-06728,ORG-008,medium,lateral_movement,ASSET-ORG-008-109,CASE-01723,2025-02-10T16:35:07,2025-02-13T08:49:48
A-06729,ORG-008,medium,phishing,ASSET-ORG-008-060,,2025-05-15T08:56:05,2025-05-16T11:38:20
A-06730,ORG-008,low,lateral_movement,ASSET-ORG-008-108,,2025-04-14T22:33:43,2025-04-19T15:15:54
A-06731,ORG-008,high,data_exfil,ASSET-ORG-008-063,,2025-05-22T07:06:41,2025-05-23T05:08:28
A-06732,ORG-008,high,phishing,ASSET-ORG-008-110,,2025-01-02T22:18:17,2025-01-03T15:37:56
A-06733,ORG-008,high,phishing,ASSET-ORG-008-080,,2025-03-06T23:23:29,2025-03-07T15:10:15
A-06734,ORG-008,medium,phishing,ASSET-ORG-008-052,,2025-04-01T08:39:38,2025-04-04T07:11:20
A-06735,ORG-008,high,malware,ASSET-ORG-008-028,,2025-04-12T17:57:09,2025-04-13T03:21:05
A-06736,ORG-008,low,malware,ASSET-ORG-008-046,CASE-01615,2025-06-28T02:22:52,2025-06-30T03:18:09
A-06737,ORG-008,medium,lateral_movement,ASSET-ORG-008-115,CASE-01701,2025-04-18T17:17:04,2025-04-20T14:38:38
A-06738,ORG-008,critical,lateral_movement,ASSET-ORG-008-057,,2025-04-12T02:28:09,2025-04-12T07:12:52
A-06739,ORG-008,critical,brute_force,ASSET-ORG-008-062,,2025-05-12T21:40:02,2025-05-13T04:51:43
A-06740,ORG-008,high,brute_force,ASSET-ORG-008-087,CASE-01733,2025-05-21T23:55:21,2025-05-22T15:19:55
A-06741,ORG-008,low,malware,ASSET-ORG-008-034,,2025-05-24T21:26:30,2025-05-26T22:29:33
A-06742,ORG-008,critical,lateral_movement,ASSET-ORG-008-066,,2025-05-22T07:33:38,2025-05-22T12:12:32
A-06743,ORG-008,critical,recon,ASSET-ORG-008-046,CASE-01691,2025-05-03T09:33:14,2025-05-03T12:14:26
A-06744,ORG-008,low,lateral_movement,ASSET-ORG-008-115,,2025-06-19T03:33:53,2025-06-24T23:18:48
A-06745,ORG-008,high,malware,ASSET-ORG-008-088,,2025-01-09T08:03:30,2025-01-09T16:46:49
A-06746,ORG-008,high,privilege_escalation,ASSET-ORG-008-110,CASE-01720,2025-01-17T10:08:14,2025-01-18T08:36:32
A-06747,ORG-008,medium,brute_force,ASSET-ORG-008-113,,2025-06-27T16:37:09,2025-06-29T16:20:55
A-06748,ORG-008,high,data_exfil,ASSET-ORG-008-035,CASE-01741,2025-02-02T16:08:27,2025-02-03T11:47:14
A-06749,ORG-008,high,privilege_escalation,ASSET-ORG-008-107,CASE-01694,2025-03-14T18:16:38,2025-03-15T16:42:10
A-06750,ORG-008,medium,recon,ASSET-ORG-008-103,,2025-03-03T20:40:55,2025-03-06T02:20:12
A-06751,ORG-008,high,recon,ASSET-ORG-008-106,CASE-01704,2025-06-02T08:30:41,2025-06-03T01:40:45
A-06752,ORG-008,medium,data_exfil,ASSET-ORG-008-062,CASE-01753,2025-02-09T00:13:05,2025-02-11T10:18:22
A-06753,ORG-008,high,recon,ASSET-ORG-008-110,,2025-01-04T06:36:15,2025-01-04T21:06:35
A-06754,ORG-008,low,data_exfil,ASSET-ORG-008-066,,2025-01-30T14:50:48,2025-02-03T14:02:14
A-06755,ORG-008,low,malware,ASSET-ORG-008-023,CASE-01553,2025-01-31T09:27:47,2025-02-02T14:00:18
A-06756,ORG-008,low,lateral_movement,ASSET-ORG-008-045,,2025-02-28T13:00:25,2025-03-02T19:08:48
A-06757,ORG-008,high,lateral_movement,ASSET-ORG-008-088,,2025-02-19T01:56:08,2025-02-20T00:05:41
A-06758,ORG-008,medium,brute_force,ASSET-ORG-008-086,,2025-01-12T19:18:28,2025-01-15T01:37:31
A-06759,ORG-008,medium,phishing,ASSET-ORG-008-064,,2025-01-14T09:51:30,2025-01-17T07:02:00
A-06760,ORG-008,medium,lateral_movement,ASSET-ORG-008-009,,2025-06-07T22:28:57,2025-06-09T19:31:07
A-06761,ORG-008,critical,privilege_escalation,ASSET-ORG-008-022,,2025-06-19T17:10:29,2025-06-19T19:22:33
A-06762,ORG-008,critical,data_exfil,ASSET-ORG-008-078,CASE-01732,2025-06-29T12:56:44,2025-06-29T19:35:22
A-06763,ORG-008,critical,brute_force,ASSET-ORG-008-105,CASE-01627,2025-06-12T21:13:46,2025-06-12T23:37:53
A-06764,ORG-008,medium,recon,ASSET-ORG-008-005,,2025-04-27T12:46:30,2025-04-29T01:43:35
A-06765,ORG-008,medium,data_exfil,ASSET-ORG-008-003,,2025-04-01T02:42:55,2025-04-04T00:35:17
A-06766,ORG-008,critical,phishing,ASSET-ORG-008-074,,2025-06-14T09:08:10,2025-06-14T16:12:36
A-06767,ORG-008,critical,privilege_escalation,ASSET-ORG-008-011,,2025-04-11T01:57:03,2025-04-11T09:23:31
A-06768,ORG-008,high,malware,ASSET-ORG-008-051,,2025-04-29T02:51:37,2025-04-29T18:20:57
A-06769,ORG-008,high,brute_force,ASSET-ORG-008-029,,2025-01-24T15:50:16,2025-01-25T05:37:19
A-06770,ORG-008,low,privilege_escalation,ASSET-ORG-008-073,,2025-01-20T15:44:48,2025-01-24T23:06:23
A-06771,ORG-008,critical,lateral_movement,ASSET-ORG-008-041,,2025-06-05T02:37:23,2025-06-05T05:48:59
A-06772,ORG-008,high,privilege_escalation,ASSET-ORG-008-111,CASE-01565,2025-06-23T18:04:41,2025-06-24T12:54:40
A-06773,ORG-008,critical,phishing,ASSET-ORG-008-002,,2025-03-04T08:59:42,2025-03-04T12:56:56
A-06774,ORG-008,medium,brute_force,ASSET-ORG-008-111,,2025-01-30T01:57:41,2025-01-31T18:13:51
A-06775,ORG-008,high,malware,ASSET-ORG-008-098,CASE-01659,2025-03-04T01:12:27,2025-03-04T23:40:04
A-06776,ORG-008,critical,privilege_escalation,ASSET-ORG-008-086,,2025-03-21T02:34:13,2025-03-21T07:13:00
A-06777,ORG-008,high,phishing,ASSET-ORG-008-063,CASE-01616,2025-06-24T03:10:23,2025-06-24T15:50:01
A-06778,ORG-008,medium,privilege_escalation,ASSET-ORG-008-112,,2025-03-01T03:00:50,2025-03-02T11:21:42
A-06779,ORG-008,high,brute_force,ASSET-ORG-008-093,,2025-06-17T18:21:18,2025-06-18T11:23:59
A-06780,ORG-008,high,data_exfil,ASSET-ORG-008-052,,2025-01-15T07:57:33,2025-01-16T07:51:00
A-06781,ORG-008,medium,malware,ASSET-ORG-008-002,,2025-03-22T16:35:12,2025-03-23T23:14:24
A-06782,ORG-008,high,privilege_escalation,ASSET-ORG-008-103,,2025-03-03T13:13:30,2025-03-04T00:36:15
A-06783,ORG-008,medium,malware,ASSET-ORG-008-058,,2025-03-26T08:44:49,2025-03-28T08:16:43
A-06784,ORG-008,medium,recon,ASSET-ORG-008-069,,2025-04-24T13:44:50,2025-04-26T23:42:09
A-06785,ORG-008,medium,data_exfil,ASSET-ORG-008-096,,2025-02-27T10:23:31,2025-02-28T20:57:11
A-06786,ORG-008,critical,malware,ASSET-ORG-008-039,CASE-01630,2025-03-04T12:51:24,2025-03-04T16:33:19
A-06787,ORG-008,critical,malware,ASSET-ORG-008-034,CASE-01598,2025-05-27T02:54:13,2025-05-27T05:49:08
A-06788,ORG-008,critical,recon,ASSET-ORG-008-039,CASE-01648,2025-03-21T16:58:59,2025-03-21T22:54:23
A-06789,ORG-008,high,phishing,ASSET-ORG-008-013,,2025-02-17T23:40:09,2025-02-18T18:01:51
A-06790,ORG-008,critical,brute_force,ASSET-ORG-008-108,,2025-05-11T13:18:33,2025-05-11T19:03:59
A-06791,ORG-008,high,malware,ASSET-ORG-008-101,,2025-01-19T17:59:00,2025-01-20T14:51:56
A-06792,ORG-008,medium,privilege_escalation,ASSET-ORG-008-098,CASE-01637,2025-02-23T07:16:58,2025-02-24T18:45:43
A-06793,ORG-008,high,malware,ASSET-ORG-008-043,,2025-06-12T20:51:21,2025-06-13T18:38:54
A-06794,ORG-008,medium,malware,ASSET-ORG-008-021,CASE-01732,2025-04-09T10:18:35,2025-04-12T08:03:42
A-06795,ORG-008,critical,privilege_escalation,ASSET-ORG-008-089,,2025-04-13T03:27:47,2025-04-13T07:09:51
A-06796,ORG-008,low,recon,ASSET-ORG-008-057,,2025-06-08T14:10:32,2025-06-12T23:57:23
A-06797,ORG-008,low,brute_force,ASSET-ORG-008-040,,2025-01-22T01:00:04,2025-01-26T03:19:25
A-06798,ORG-008,high,privilege_escalation,ASSET-ORG-008-103,,2025-06-21T01:39:48,2025-06-21T18:25:28
A-06799,ORG-008,medium,phishing,ASSET-ORG-008-038,,2025-04-14T11:37:12,2025-04-15T17:03:28
A-06800,ORG-008,low,recon,ASSET-ORG-008-088,,2025-03-13T02:00:17,2025-03-17T05:14:01
A-06801,ORG-008,high,malware,ASSET-ORG-008-103,,2025-03-28T20:05:00,2025-03-29T06:03:04
A-06802,ORG-008,high,malware,ASSET-ORG-008-094,,2025-02-20T22:23:10,2025-02-21T12:51:49
A-06803,ORG-008,critical,brute_force,ASSET-ORG-008-013,CASE-01733,2025-01-30T17:27:13,2025-01-31T00:47:41
A-06804,ORG-008,low,malware,ASSET-ORG-008-077,,2025-03-09T17:27:35,2025-03-12T11:06:58
A-06805,ORG-008,medium,phishing,ASSET-ORG-008-108,,2025-01-29T06:16:13,2025-01-30T17:38:15
A-06806,ORG-008,critical,recon,ASSET-ORG-008-097,CASE-01703,2025-06-18T23:19:12,2025-06-19T05:38:02
A-06807,ORG-008,low,privilege_escalation,ASSET-ORG-008-028,,2025-02-03T06:25:03,2025-02-09T01:09:50
A-06808,ORG-008,low,lateral_movement,ASSET-ORG-008-111,CASE-01638,2025-04-14T23:20:13,2025-04-17T12:56:49
A-06809,ORG-008,high,lateral_movement,ASSET-ORG-008-035,CASE-01723,2025-04-12T01:49:53,2025-04-13T01:12:16
A-06810,ORG-008,medium,privilege_escalation,ASSET-ORG-008-041,CASE-01710,2025-01-27T04:22:15,2025-01-29T23:30:47
A-06811,ORG-008,medium,malware,ASSET-ORG-008-076,,2025-01-30T17:20:32,2025-02-01T22:40:25
A-06812,ORG-008,low,phishing,ASSET-ORG-008-058,,2025-05-17T06:47:36,2025-05-21T00:03:21
A-06813,ORG-008,critical,recon,ASSET-ORG-008-011,CASE-01556,2025-01-22T00:39:53,2025-01-22T03:37:49
A-06814,ORG-008,high,data_exfil,ASSET-ORG-008-070,,2025-05-08T08:25:58,2025-05-09T04:24:45
A-06815,ORG-008,medium,brute_force,ASSET-ORG-008-018,,2025-01-23T22:00:15,2025-01-26T07:42:51
A-06816,ORG-008,low,lateral_movement,ASSET-ORG-008-011,,2025-03-22T19:48:54,2025-03-26T04:56:43
A-06817,ORG-008,medium,recon,ASSET-ORG-008-009,,2025-06-28T10:11:17,2025-06-29T13:57:33
A-06818,ORG-008,critical,data_exfil,ASSET-ORG-008-085,,2025-06-28T01:08:55,2025-06-28T07:39:40
A-06819,ORG-008,medium,privilege_escalation,ASSET-ORG-008-071,,2025-05-13T00:00:00,2025-05-15T14:07:28
A-06820,ORG-008,critical,brute_force,ASSET-ORG-008-094,,2025-04-30T17:38:04,2025-05-01T00:15:00
A-06821,ORG-008,high,phishing,ASSET-ORG-008-054,,2025-03-06T01:25:52,2025-03-06T12:39:45
A-06822,ORG-008,high,lateral_movement,ASSET-ORG-008-060,CASE-01739,2025-06-11T03:01:34,2025-06-11T20:50:22
A-06823,ORG-008,high,recon,ASSET-ORG-008-014,CASE-01563,2025-04-18T08:12:45,2025-04-18T23:43:09
A-06824,ORG-008,high,lateral_movement,ASSET-ORG-008-076,,2025-04-06T10:58:26,2025-04-07T03:47:59
A-06825,ORG-008,high,lateral_movement,ASSET-ORG-008-031,,2025-02-28T18:50:27,2025-03-01T06:03:19
A-06826,ORG-008,low,brute_force,ASSET-ORG-008-018,,2025-03-09T19:32:37,2025-03-12T07:29:55
A-06827,ORG-008,high,privilege_escalation,ASSET-ORG-008-023,,2025-03-05T14:13:58,2025-03-06T07:57:25
A-06828,ORG-008,critical,lateral_movement,ASSET-ORG-008-033,,2025-01-03T00:33:23,2025-01-03T07:32:59
A-06829,ORG-008,critical,lateral_movement,ASSET-ORG-008-049,CASE-01568,2025-01-25T08:59:28,2025-01-25T15:17:21
A-06830,ORG-008,medium,privilege_escalation,ASSET-ORG-008-029,,2025-03-26T09:59:50,2025-03-29T02:18:59
A-06831,ORG-008,medium,phishing,ASSET-ORG-008-111,,2025-05-20T11:41:12,2025-05-22T01:49:34
A-06832,ORG-008,high,brute_force,ASSET-ORG-008-077,,2025-03-26T02:44:05,2025-03-26T15:01:23
A-06833,ORG-008,critical,lateral_movement,ASSET-ORG-008-079,,2025-04-12T09:43:03,2025-04-12T12:50:42
A-06834,ORG-008,medium,brute_force,ASSET-ORG-008-061,,2025-05-06T10:50:27,2025-05-08T10:23:08
A-06835,ORG-008,critical,phishing,ASSET-ORG-008-035,CASE-01687,2025-06-03T20:56:13,2025-06-04T00:11:05
A-06836,ORG-008,medium,brute_force,ASSET-ORG-008-062,CASE-01587,2025-01-18T22:47:38,2025-01-21T07:24:04
A-06837,ORG-008,medium,phishing,ASSET-ORG-008-065,,2025-06-10T00:02:00,2025-06-11T19:46:30
A-06838,ORG-008,high,phishing,ASSET-ORG-008-061,,2025-04-30T07:56:12,2025-05-01T00:10:48
A-06839,ORG-008,low,privilege_escalation,ASSET-ORG-008-088,CASE-01525,2025-02-25T07:48:17,2025-03-01T14:41:37
A-06840,ORG-008,medium,malware,ASSET-ORG-008-061,CASE-01652,2025-02-15T19:34:45,2025-02-18T03:02:22
A-06841,ORG-008,high,malware,ASSET-ORG-008-050,,2025-02-26T18:47:51,2025-02-27T05:47:56
A-06842,ORG-008,low,brute_force,ASSET-ORG-008-018,,2025-01-17T06:33:03,2025-01-19T18:27:12
A-06843,ORG-008,high,phishing,ASSET-ORG-008-072,,2025-01-21T19:59:58,2025-01-22T17:39:47
A-06844,ORG-008,medium,phishing,ASSET-ORG-008-057,,2025-03-23T13:55:05,2025-03-26T09:06:09
A-06845,ORG-008,critical,data_exfil,ASSET-ORG-008-080,CASE-01644,2025-05-05T22:26:19,2025-05-06T00:54:37
A-06846,ORG-008,medium,recon,ASSET-ORG-008-104,CASE-01721,2025-06-03T02:30:56,2025-06-05T08:07:08
A-06847,ORG-008,medium,recon,ASSET-ORG-008-008,CASE-01622,2025-03-08T23:03:18,2025-03-10T21:46:39
A-06848,ORG-008,critical,brute_force,ASSET-ORG-008-069,CASE-01646,2025-06-02T03:44:01,2025-06-02T08:14:04
A-06849,ORG-008,critical,phishing,ASSET-ORG-008-043,,2025-06-25T07:43:40,2025-06-25T12:16:06
A-06850,ORG-008,low,privilege_escalation,ASSET-ORG-008-105,,2025-03-26T20:49:23,2025-03-31T23:58:57
A-06851,ORG-008,high,brute_force,ASSET-ORG-008-074,,2025-02-14T19:43:50,2025-02-15T08:13:28
A-06852,ORG-008,low,lateral_movement,ASSET-ORG-008-079,CASE-01570,2025-03-28T01:45:19,2025-04-01T15:12:09
A-06853,ORG-008,high,recon,ASSET-ORG-008-044,,2025-04-20T19:37:31,2025-04-21T11:15:05
A-06854,ORG-008,critical,lateral_movement,ASSET-ORG-008-031,CASE-01740,2025-02-25T20:03:00,2025-02-26T00:13:07
A-06855,ORG-008,high,brute_force,ASSET-ORG-008-062,,2025-03-11T04:28:05,2025-03-11T16:37:14
A-06856,ORG-008,high,privilege_escalation,ASSET-ORG-008-078,,2025-02-14T18:57:22,2025-02-15T07:14:11
A-06857,ORG-008,critical,malware,ASSET-ORG-008-059,,2025-01-30T10:45:17,2025-01-30T14:06:31
A-06858,ORG-008,medium,lateral_movement,ASSET-ORG-008-049,CASE-01635,2025-06-16T03:40:04,2025-06-17T20:11:19
A-06859,ORG-008,critical,privilege_escalation,ASSET-ORG-008-051,,2025-01-01T10:43:32,2025-01-01T18:16:55
A-06860,ORG-008,high,privilege_escalation,ASSET-ORG-008-098,,2025-02-11T16:04:46,2025-02-12T06:14:40
A-06861,ORG-008,critical,data_exfil,ASSET-ORG-008-045,,2025-01-15T01:17:11,2025-01-15T04:18:58
A-06862,ORG-008,medium,malware,ASSET-ORG-008-032,,2025-02-06T04:37:01,2025-02-07T09:01:48
A-06863,ORG-008,high,lateral_movement,ASSET-ORG-008-112,CASE-01546,2025-05-03T00:11:58,2025-05-03T14:03:50
A-06864,ORG-008,medium,privilege_escalation,ASSET-ORG-008-080,,2025-02-26T00:59:56,2025-02-27T01:28:03
A-06865,ORG-008,critical,brute_force,ASSET-ORG-008-009,CASE-01665,2025-01-23T16:53:06,2025-01-24T00:11:57
A-06866,ORG-008,low,phishing,ASSET-ORG-008-034,,2025-01-08T18:24:18,2025-01-13T00:27:10
A-06867,ORG-008,critical,phishing,ASSET-ORG-008-005,,2025-01-09T23:03:35,2025-01-10T04:14:25
A-06868,ORG-008,high,privilege_escalation,ASSET-ORG-008-016,CASE-01568,2025-03-21T09:47:04,2025-03-22T02:38:10
A-06869,ORG-008,critical,data_exfil,ASSET-ORG-008-100,,2025-03-06T17:07:19,2025-03-06T21:55:23
A-06870,ORG-008,low,phishing,ASSET-ORG-008-086,,2025-01-20T03:33:55,2025-01-24T01:27:48
A-06871,ORG-008,low,privilege_escalation,ASSET-ORG-008-064,,2025-03-01T12:58:41,2025-03-05T22:42:39
A-06872,ORG-008,low,recon,ASSET-ORG-008-017,,2025-04-06T21:19:33,2025-04-09T09:47:33
A-06873,ORG-008,medium,lateral_movement,ASSET-ORG-008-075,CASE-01614,2025-03-29T17:26:48,2025-04-01T13:05:50
A-06874,ORG-008,high,data_exfil,ASSET-ORG-008-066,,2025-03-23T04:00:22,2025-03-23T20:35:08
A-06875,ORG-008,medium,recon,ASSET-ORG-008-076,,2025-05-09T19:58:44,2025-05-11T19:57:24
A-06876,ORG-008,critical,brute_force,ASSET-ORG-008-021,CASE-01558,2025-01-24T13:27:51,2025-01-24T16:01:36
A-06877,ORG-008,high,malware,ASSET-ORG-008-028,,2025-04-12T16:08:07,2025-04-13T07:58:20
A-06878,ORG-008,medium,lateral_movement,ASSET-ORG-008-036,,2025-04-28T21:53:26,2025-04-30T12:13:25
A-06879,ORG-008,medium,recon,ASSET-ORG-008-043,,2025-06-12T15:57:30,2025-06-13T23:37:07
A-06880,ORG-008,low,privilege_escalation,ASSET-ORG-008-010,CASE-01526,2025-03-21T23:00:06,2025-03-25T14:57:40
A-06881,ORG-008,critical,recon,ASSET-ORG-008-090,,2025-04-01T21:46:06,2025-04-02T05:45:09
A-06882,ORG-008,low,recon,ASSET-ORG-008-076,,2025-01-16T12:26:23,2025-01-19T04:08:25
A-06883,ORG-008,critical,data_exfil,ASSET-ORG-008-019,,2025-06-07T18:56:17,2025-06-07T23:14:52
A-06884,ORG-008,high,data_exfil,ASSET-ORG-008-094,CASE-01756,2025-02-26T15:09:27,2025-02-27T11:20:26
A-06885,ORG-008,high,privilege_escalation,ASSET-ORG-008-012,,2025-01-15T08:47:05,2025-01-16T04:34:16
A-06886,ORG-008,high,phishing,ASSET-ORG-008-078,,2025-01-27T01:21:04,2025-01-27T22:44:11
A-06887,ORG-008,high,lateral_movement,ASSET-ORG-008-062,,2025-06-10T09:13:41,2025-06-10T20:16:17
A-06888,ORG-008,medium,data_exfil,ASSET-ORG-008-041,,2025-06-23T04:38:58,2025-06-24T16:45:56
A-06889,ORG-008,medium,malware,ASSET-ORG-008-030,,2025-03-18T21:30:02,2025-03-20T18:23:10
A-06890,ORG-008,medium,malware,ASSET-ORG-008-056,,2025-05-18T18:13:46,2025-05-20T13:49:45
A-06891,ORG-008,medium,lateral_movement,ASSET-ORG-008-049,,2025-05-10T23:03:16,2025-05-13T08:03:56
A-06892,ORG-008,high,phishing,ASSET-ORG-008-021,,2025-04-23T06:11:37,2025-04-23T16:14:58
A-06893,ORG-008,high,brute_force,ASSET-ORG-008-014,,2025-02-20T13:39:58,2025-02-21T08:20:41
A-06894,ORG-008,critical,malware,ASSET-ORG-008-075,,2025-02-01T21:05:03,2025-02-02T00:20:29
A-06895,ORG-008,high,brute_force,ASSET-ORG-008-039,,2025-03-13T18:00:46,2025-03-14T08:59:51
A-06896,ORG-008,high,recon,ASSET-ORG-008-035,CASE-01716,2025-01-04T16:05:13,2025-01-05T07:12:39
A-06897,ORG-008,high,brute_force,ASSET-ORG-008-009,,2025-03-06T08:33:23,2025-03-07T00:59:11
A-06898,ORG-008,low,brute_force,ASSET-ORG-008-074,,2025-05-08T18:59:30,2025-05-11T13:26:02
A-06899,ORG-008,high,brute_force,ASSET-ORG-008-097,,2025-06-20T01:07:45,2025-06-20T09:52:51
A-06900,ORG-008,low,lateral_movement,ASSET-ORG-008-036,CASE-01649,2025-02-22T00:57:30,2025-02-24T05:20:43
A-06901,ORG-008,low,brute_force,ASSET-ORG-008-056,CASE-01525,2025-04-14T00:05:05,2025-04-19T12:07:30
A-06902,ORG-008,critical,lateral_movement,ASSET-ORG-008-056,,2025-06-11T08:47:19,2025-06-11T13:07:54
A-06903,ORG-008,critical,data_exfil,ASSET-ORG-008-075,,2025-03-20T23:05:57,2025-03-21T05:51:48
A-06904,ORG-008,medium,phishing,ASSET-ORG-008-108,,2025-02-26T23:22:17,2025-03-01T11:46:53
A-06905,ORG-008,high,phishing,ASSET-ORG-008-110,,2025-03-12T01:40:58,2025-03-12T18:18:22
A-06906,ORG-008,critical,lateral_movement,ASSET-ORG-008-059,,2025-04-26T06:18:45,2025-04-26T10:54:47
A-06907,ORG-008,high,brute_force,ASSET-ORG-008-009,,2025-02-04T21:00:40,2025-02-05T09:45:52
A-06908,ORG-008,medium,recon,ASSET-ORG-008-035,,2025-04-10T05:29:31,2025-04-11T08:15:13
A-06909,ORG-008,medium,privilege_escalation,ASSET-ORG-008-083,,2025-05-28T17:53:21,2025-05-29T21:38:27
A-06910,ORG-008,medium,privilege_escalation,ASSET-ORG-008-031,,2025-06-04T19:26:58,2025-06-06T06:21:57
A-06911,ORG-008,medium,lateral_movement,ASSET-ORG-008-106,,2025-03-12T01:18:15,2025-03-14T10:14:37
A-06912,ORG-008,critical,data_exfil,ASSET-ORG-008-046,,2025-02-25T13:33:35,2025-02-25T16:52:10
A-06913,ORG-008,medium,phishing,ASSET-ORG-008-035,,2025-01-29T22:50:48,2025-01-31T14:00:46
A-06914,ORG-008,critical,recon,ASSET-ORG-008-035,CASE-01632,2025-05-30T12:28:24,2025-05-30T17:29:36
A-06915,ORG-008,low,phishing,ASSET-ORG-008-085,CASE-01706,2025-05-25T14:32:43,2025-05-31T04:44:09
A-06916,ORG-008,high,data_exfil,ASSET-ORG-008-011,,2025-02-22T04:02:43,2025-02-22T19:13:01
A-06917,ORG-008,low,data_exfil,ASSET-ORG-008-034,CASE-01579,2025-01-03T03:52:43,2025-01-06T08:04:43
A-06918,ORG-008,high,privilege_escalation,ASSET-ORG-008-095,,2025-04-03T18:52:36,2025-04-04T17:24:34
A-06919,ORG-008,medium,lateral_movement,ASSET-ORG-008-055,,2025-06-11T17:56:13,2025-06-13T20:57:55
A-06920,ORG-008,critical,malware,ASSET-ORG-008-066,,2025-03-19T21:57:22,2025-03-20T02:19:45
A-06921,ORG-008,high,brute_force,ASSET-ORG-008-011,CASE-01672,2025-04-03T07:05:28,2025-04-03T22:31:20
A-06922,ORG-008,high,malware,ASSET-ORG-008-081,,2025-06-04T11:24:22,2025-06-04T23:27:56
A-06923,ORG-008,high,recon,ASSET-ORG-008-093,,2025-03-12T00:43:52,2025-03-12T12:17:51
A-06924,ORG-008,low,privilege_escalation,ASSET-ORG-008-018,,2025-01-01T10:25:27,2025-01-07T02:43:02
A-06925,ORG-008,high,privilege_escalation,ASSET-ORG-008-007,,2025-03-28T13:19:09,2025-03-29T11:56:26
A-06926,ORG-008,medium,malware,ASSET-ORG-008-096,CASE-01705,2025-05-27T18:38:37,2025-05-29T00:51:47
A-06927,ORG-008,critical,brute_force,ASSET-ORG-008-091,CASE-01695,2025-03-01T04:25:19,2025-03-01T08:27:31
A-06928,ORG-008,high,privilege_escalation,ASSET-ORG-008-018,,2025-03-17T18:27:10,2025-03-18T11:06:37
A-06929,ORG-008,medium,data_exfil,ASSET-ORG-008-024,,2025-02-02T13:28:27,2025-02-04T05:59:41
A-06930,ORG-008,critical,lateral_movement,ASSET-ORG-008-069,,2025-06-08T14:12:04,2025-06-08T18:35:29
A-06931,ORG-008,medium,recon,ASSET-ORG-008-111,CASE-01642,2025-01-16T09:44:31,2025-01-17T10:02:19
A-06932,ORG-008,critical,recon,ASSET-ORG-008-106,,2025-01-16T00:53:53,2025-01-16T06:39:01
A-06933,ORG-008,medium,privilege_escalation,ASSET-ORG-008-047,,2025-05-05T22:20:18,2025-05-07T12:59:07
A-06934,ORG-008,high,phishing,ASSET-ORG-008-084,,2025-02-23T10:08:02,2025-02-24T05:46:29
A-06935,ORG-008,high,privilege_escalation,ASSET-ORG-008-068,CASE-01732,2025-06-28T22:24:37,2025-06-29T13:51:21
A-06936,ORG-008,medium,brute_force,ASSET-ORG-008-052,,2025-05-18T15:04:56,2025-05-21T12:21:45
A-06937,ORG-008,high,privilege_escalation,ASSET-ORG-008-068,,2025-04-30T23:43:17,2025-05-01T19:33:22
A-06938,ORG-008,medium,privilege_escalation,ASSET-ORG-008-007,,2025-01-07T14:09:00,2025-01-09T13:28:04
A-06939,ORG-008,critical,recon,ASSET-ORG-008-023,,2025-06-13T04:17:53,2025-06-13T11:12:51
A-06940,ORG-008,medium,lateral_movement,ASSET-ORG-008-077,,2025-01-13T17:41:33,2025-01-16T04:57:43
A-06941,ORG-008,high,lateral_movement,ASSET-ORG-008-003,CASE-01586,2025-04-19T03:17:38,2025-04-19T18:28:02
A-06942,ORG-008,critical,phishing,ASSET-ORG-008-036,,2025-06-10T21:52:08,2025-06-11T00:24:41
A-06943,ORG-008,medium,malware,ASSET-ORG-008-026,CASE-01697,2025-06-28T02:50:01,2025-06-30T15:14:25
A-06944,ORG-008,low,brute_force,ASSET-ORG-008-106,,2025-06-29T16:12:31,
A-06945,ORG-008,high,brute_force,ASSET-ORG-008-090,,2025-04-26T06:09:34,2025-04-27T02:38:59
A-06946,ORG-008,medium,brute_force,ASSET-ORG-008-105,CASE-01587,2025-02-08T11:47:26,2025-02-09T20:39:13
A-06947,ORG-008,critical,phishing,ASSET-ORG-008-009,,2025-05-27T10:11:12,2025-05-27T15:53:17
A-06948,ORG-008,medium,recon,ASSET-ORG-008-108,,2025-02-27T05:18:51,2025-03-02T03:32:09
A-06949,ORG-008,critical,phishing,ASSET-ORG-008-113,CASE-01752,2025-02-17T01:49:18,2025-02-17T05:08:46
A-06950,ORG-008,critical,phishing,ASSET-ORG-008-027,CASE-01670,2025-01-27T09:48:05,2025-01-27T13:11:00
A-06951,ORG-008,low,privilege_escalation,ASSET-ORG-008-042,,2025-04-08T04:32:41,2025-04-10T10:03:11
A-06952,ORG-008,critical,recon,ASSET-ORG-008-065,,2025-03-24T09:15:56,2025-03-24T14:56:18
A-06953,ORG-008,medium,data_exfil,ASSET-ORG-008-075,,2025-01-06T14:53:07,2025-01-09T14:51:03
A-06954,ORG-008,critical,privilege_escalation,ASSET-ORG-008-069,CASE-01716,2025-03-07T14:34:12,2025-03-07T22:13:29
A-06955,ORG-008,medium,recon,ASSET-ORG-008-104,,2025-03-03T04:29:48,2025-03-06T04:08:42
A-06956,ORG-008,medium,phishing,ASSET-ORG-008-083,CASE-01757,2025-02-21T14:48:01,2025-02-24T12:28:34
A-06957,ORG-008,medium,privilege_escalation,ASSET-ORG-008-039,,2025-02-17T05:34:35,2025-02-18T21:27:24
A-06958,ORG-008,critical,phishing,ASSET-ORG-008-061,,2025-04-16T13:45:34,2025-04-16T15:48:10
A-06959,ORG-008,medium,privilege_escalation,ASSET-ORG-008-071,,2025-05-14T22:06:15,2025-05-17T01:32:40
A-06960,ORG-008,medium,malware,ASSET-ORG-008-095,CASE-01647,2025-01-19T12:11:11,2025-01-20T19:41:52
A-06961,ORG-008,medium,privilege_escalation,ASSET-ORG-008-093,,2025-04-07T11:15:26,2025-04-08T12:07:52
A-06962,ORG-008,high,brute_force,ASSET-ORG-008-035,,2025-05-02T08:43:55,2025-05-02T18:21:25
A-06963,ORG-008,critical,lateral_movement,ASSET-ORG-008-084,CASE-01603,2025-04-18T18:31:30,2025-04-18T22:04:24
A-06964,ORG-008,medium,brute_force,ASSET-ORG-008-005,,2025-05-09T22:44:13,2025-05-11T20:46:52
A-06965,ORG-008,medium,lateral_movement,ASSET-ORG-008-005,,2025-05-06T23:37:10,2025-05-09T14:03:05
A-06966,ORG-008,critical,data_exfil,ASSET-ORG-008-101,,2025-01-28T19:21:23,2025-01-29T00:59:12
A-06967,ORG-008,high,phishing,ASSET-ORG-008-089,CASE-01651,2025-05-20T14:26:37,2025-05-21T13:47:48
A-06968,ORG-008,high,malware,ASSET-ORG-008-018,,2025-03-25T02:04:55,2025-03-25T19:31:08
A-06969,ORG-008,critical,recon,ASSET-ORG-008-105,CASE-01570,2025-04-01T11:31:34,2025-04-01T17:10:59
A-06970,ORG-008,medium,malware,ASSET-ORG-008-088,,2025-05-13T21:22:05,2025-05-16T16:48:03
A-06971,ORG-008,high,phishing,ASSET-ORG-008-018,CASE-01616,2025-04-28T19:27:41,2025-04-29T18:24:30
A-06972,ORG-008,medium,phishing,ASSET-ORG-008-114,CASE-01646,2025-05-08T21:16:25,2025-05-11T19:59:05
A-06973,ORG-008,medium,data_exfil,ASSET-ORG-008-046,,2025-01-20T04:20:52,2025-01-21T20:07:27
A-06974,ORG-008,high,phishing,ASSET-ORG-008-110,,2025-04-12T19:33:01,2025-04-13T13:57:33
A-06975,ORG-008,medium,brute_force,ASSET-ORG-008-039,,2025-05-04T14:24:21,2025-05-07T12:36:58
A-06976,ORG-008,critical,phishing,ASSET-ORG-008-113,,2025-03-21T05:21:35,2025-03-21T10:05:17
A-06977,ORG-008,critical,privilege_escalation,ASSET-ORG-008-001,,2025-03-19T03:21:43,2025-03-19T07:46:50
A-06978,ORG-008,critical,lateral_movement,ASSET-ORG-008-053,,2025-01-01T00:19:33,2025-01-01T05:15:54
A-06979,ORG-008,critical,data_exfil,ASSET-ORG-008-094,CASE-01755,2025-05-25T13:41:49,2025-05-25T17:18:08
A-06980,ORG-008,high,recon,ASSET-ORG-008-053,,2025-03-09T11:41:37,2025-03-09T23:33:11
A-06981,ORG-008,high,brute_force,ASSET-ORG-008-113,CASE-01701,2025-05-22T18:49:38,2025-05-23T04:34:44
A-06982,ORG-008,low,privilege_escalation,ASSET-ORG-008-014,CASE-01763,2025-05-08T15:03:29,2025-05-14T14:15:46
A-06983,ORG-008,medium,privilege_escalation,ASSET-ORG-008-044,CASE-01713,2025-05-20T20:12:13,2025-05-22T03:55:30
A-06984,ORG-008,medium,malware,ASSET-ORG-008-032,,2025-06-25T09:24:46,2025-06-27T04:44:01
A-06985,ORG-008,medium,brute_force,ASSET-ORG-008-012,,2025-03-11T20:03:35,2025-03-13T07:20:46
A-06986,ORG-008,high,malware,ASSET-ORG-008-078,CASE-01556,2025-02-27T11:09:40,2025-02-27T23:32:55
A-06987,ORG-008,medium,privilege_escalation,ASSET-ORG-008-025,,2025-03-30T03:30:11,2025-04-01T01:09:02
A-06988,ORG-008,high,privilege_escalation,ASSET-ORG-008-094,CASE-01761,2025-03-27T07:40:24,2025-03-27T20:31:28
A-06989,ORG-008,high,privilege_escalation,ASSET-ORG-008-004,,2025-03-16T09:09:35,2025-03-16T19:53:57
A-06990,ORG-008,medium,lateral_movement,ASSET-ORG-008-004,,2025-06-12T23:34:21,2025-06-14T11:17:01
A-06991,ORG-008,high,phishing,ASSET-ORG-008-003,,2025-03-02T21:37:06,2025-03-03T09:04:00
A-06992,ORG-008,medium,data_exfil,ASSET-ORG-008-107,CASE-01644,2025-06-20T02:04:40,2025-06-21T06:38:50
A-06993,ORG-008,medium,brute_force,ASSET-ORG-008-039,,2025-01-21T15:20:36,2025-01-24T07:08:14
A-06994,ORG-008,critical,lateral_movement,ASSET-ORG-008-086,,2025-03-08T22:57:14,2025-03-09T01:33:41
A-06995,ORG-008,medium,recon,ASSET-ORG-008-101,,2025-05-30T12:45:50,2025-06-01T12:16:07
A-06996,ORG-008,medium,data_exfil,ASSET-ORG-008-023,,2025-01-01T08:47:39,2025-01-03T15:47:15
A-06997,ORG-008,medium,brute_force,ASSET-ORG-008-100,,2025-04-10T02:23:41,2025-04-12T06:48:14
A-06998,ORG-008,low,phishing,ASSET-ORG-008-014,CASE-01529,2025-05-18T06:18:30,2025-05-23T21:13:12
A-06999,ORG-008,high,malware,ASSET-ORG-008-062,CASE-01632,2025-02-01T00:29:12,2025-02-01T23:03:17
A-07000,ORG-008,critical,recon,ASSET-ORG-008-024,,2025-04-24T15:34:12,2025-04-24T22:53:47
A-07001,ORG-008,medium,malware,ASSET-ORG-008-002,,2025-05-10T13:45:08,2025-05-11T21:11:27
A-07002,ORG-008,medium,brute_force,ASSET-ORG-008-001,,2025-06-17T08:50:44,2025-06-19T00:18:46
A-07003,ORG-008,low,recon,ASSET-ORG-008-105,,2025-03-31T15:50:28,2025-04-03T17:28:24
A-07004,ORG-008,critical,brute_force,ASSET-ORG-008-041,,2025-01-11T16:15:53,2025-01-11T21:39:18
A-07005,ORG-008,medium,lateral_movement,ASSET-ORG-008-107,,2025-06-09T15:46:48,2025-06-11T06:53:26
A-07006,ORG-008,high,lateral_movement,ASSET-ORG-008-066,,2025-02-12T22:56:23,2025-02-13T07:06:50
A-07007,ORG-008,critical,phishing,ASSET-ORG-008-012,,2025-02-11T23:05:25,2025-02-12T01:25:19
A-07008,ORG-008,critical,data_exfil,ASSET-ORG-008-023,,2025-02-17T22:41:29,2025-02-18T03:49:05
A-07009,ORG-008,high,recon,ASSET-ORG-008-058,,2025-04-19T07:00:38,2025-04-20T00:53:51
A-07010,ORG-008,medium,brute_force,ASSET-ORG-008-112,,2025-03-01T18:54:58,2025-03-03T23:20:02
A-07011,ORG-009,high,brute_force,ASSET-ORG-009-041,,2025-01-07T13:56:57,2025-01-08T01:11:45
A-07012,ORG-009,medium,malware,ASSET-ORG-009-230,,2025-03-07T20:30:07,2025-03-09T19:44:00
A-07013,ORG-009,high,recon,ASSET-ORG-009-062,,2025-03-28T14:04:05,2025-03-28T22:40:34
A-07014,ORG-009,critical,data_exfil,ASSET-ORG-009-271,CASE-01909,2025-01-30T02:32:41,2025-01-30T09:38:14
A-07015,ORG-009,medium,malware,ASSET-ORG-009-024,,2025-06-12T15:00:03,2025-06-14T16:55:25
A-07016,ORG-009,medium,phishing,ASSET-ORG-009-257,CASE-01987,2025-03-15T03:39:59,2025-03-16T19:27:07
A-07017,ORG-009,critical,brute_force,ASSET-ORG-009-258,CASE-01871,2025-02-25T19:51:44,2025-02-26T03:44:36
A-07018,ORG-009,high,recon,ASSET-ORG-009-210,,2025-04-16T23:14:34,2025-04-17T16:49:02
A-07019,ORG-009,critical,recon,ASSET-ORG-009-226,,2025-05-26T04:40:37,2025-05-26T07:26:57
A-07020,ORG-009,critical,lateral_movement,ASSET-ORG-009-244,,2025-03-05T00:39:32,2025-03-05T03:33:02
A-07021,ORG-009,medium,privilege_escalation,ASSET-ORG-009-259,,2025-06-23T22:42:35,2025-06-25T16:08:43
A-07022,ORG-009,medium,brute_force,ASSET-ORG-009-184,,2025-05-23T07:49:00,2025-05-25T23:27:22
A-07023,ORG-009,low,phishing,ASSET-ORG-009-241,CASE-01998,2025-01-07T00:44:08,2025-01-09T12:53:37
A-07024,ORG-009,critical,lateral_movement,ASSET-ORG-009-068,,2025-05-14T01:50:11,2025-05-14T08:45:49
A-07025,ORG-009,medium,privilege_escalation,ASSET-ORG-009-129,,2025-04-16T22:16:10,2025-04-19T10:09:50
A-07026,ORG-009,critical,data_exfil,ASSET-ORG-009-090,,2025-02-24T03:03:10,2025-02-24T10:05:31
A-07027,ORG-009,medium,privilege_escalation,ASSET-ORG-009-066,,2025-04-08T14:40:01,2025-04-11T02:17:25
A-07028,ORG-009,critical,privilege_escalation,ASSET-ORG-009-170,,2025-01-04T06:21:29,2025-01-04T09:50:25
A-07029,ORG-009,low,brute_force,ASSET-ORG-009-179,,2025-01-12T00:55:15,2025-01-15T05:27:43
A-07030,ORG-009,high,malware,ASSET-ORG-009-092,,2025-06-21T15:36:16,2025-06-22T11:28:32
A-07031,ORG-009,critical,malware,ASSET-ORG-009-242,,2025-03-14T03:21:06,2025-03-14T06:06:46
A-07032,ORG-009,medium,malware,ASSET-ORG-009-029,CASE-01950,2025-01-28T17:26:37,2025-01-29T22:22:54
A-07033,ORG-009,medium,phishing,ASSET-ORG-009-088,,2025-02-10T11:03:04,2025-02-11T22:20:09
A-07034,ORG-009,medium,data_exfil,ASSET-ORG-009-144,,2025-05-12T13:59:49,2025-05-15T12:55:12
A-07035,ORG-009,critical,privilege_escalation,ASSET-ORG-009-231,,2025-06-07T20:05:33,2025-06-08T02:57:18
A-07036,ORG-009,low,malware,ASSET-ORG-009-253,,2025-04-05T23:40:38,2025-04-08T14:40:02
A-07037,ORG-009,critical,recon,ASSET-ORG-009-257,CASE-01838,2025-03-03T10:01:42,2025-03-03T13:05:33
A-07038,ORG-009,high,phishing,ASSET-ORG-009-181,,2025-06-01T01:53:58,2025-06-01T18:05:31
A-07039,ORG-009,high,malware,ASSET-ORG-009-186,,2025-03-29T15:38:30,2025-03-30T05:20:45
A-07040,ORG-009,medium,recon,ASSET-ORG-009-187,CASE-01856,2025-05-25T01:59:29,2025-05-26T06:34:21
A-07041,ORG-009,high,lateral_movement,ASSET-ORG-009-005,,2025-05-14T08:02:45,2025-05-14T21:26:14
A-07042,ORG-009,medium,recon,ASSET-ORG-009-012,,2025-05-08T00:53:29,2025-05-09T17:30:30
A-07043,ORG-009,medium,brute_force,ASSET-ORG-009-013,,2025-06-08T02:33:52,2025-06-10T02:03:41
A-07044,ORG-009,medium,phishing,ASSET-ORG-009-019,CASE-01828,2025-01-20T09:06:59,2025-01-22T22:57:32
A-07045,ORG-009,high,data_exfil,ASSET-ORG-009-103,,2025-01-08T12:35:04,2025-01-08T23:33:41
A-07046,ORG-009,medium,privilege_escalation,ASSET-ORG-009-182,,2025-06-09T02:21:27,2025-06-11T12:11:51
A-07047,ORG-009,medium,phishing,ASSET-ORG-009-121,,2025-04-19T01:45:13,2025-04-21T03:46:18
A-07048,ORG-009,high,brute_force,ASSET-ORG-009-207,,2025-03-24T03:22:12,2025-03-24T19:20:50
A-07049,ORG-009,critical,data_exfil,ASSET-ORG-009-066,,2025-06-14T17:35:29,2025-06-15T00:04:33
A-07050,ORG-009,critical,lateral_movement,ASSET-ORG-009-034,CASE-01936,2025-01-06T02:48:47,2025-01-06T09:27:08
A-07051,ORG-009,high,malware,ASSET-ORG-009-147,CASE-01812,2025-04-06T08:42:43,2025-04-07T00:06:03
A-07052,ORG-009,critical,brute_force,ASSET-ORG-009-164,,2025-02-02T16:57:36,2025-02-03T00:11:05
A-07053,ORG-009,high,malware,ASSET-ORG-009-141,CASE-01944,2025-02-06T10:25:23,2025-02-07T06:41:06
A-07054,ORG-009,critical,privilege_escalation,ASSET-ORG-009-228,,2025-06-20T10:31:43,2025-06-20T15:28:45
A-07055,ORG-009,low,phishing,ASSET-ORG-009-175,,2025-05-17T09:11:10,2025-05-21T11:27:36
A-07056,ORG-009,critical,malware,ASSET-ORG-009-220,,2025-03-16T05:01:15,2025-03-16T09:39:03
A-07057,ORG-009,high,data_exfil,ASSET-ORG-009-243,,2025-01-28T00:50:36,2025-01-28T18:33:58
A-07058,ORG-009,medium,phishing,ASSET-ORG-009-254,,2025-01-31T01:38:25,2025-02-02T00:59:58
A-07059,ORG-009,low,phishing,ASSET-ORG-009-255,,2025-05-11T01:53:12,2025-05-14T23:52:29
A-07060,ORG-009,critical,malware,ASSET-ORG-009-123,,2025-03-19T02:49:23,2025-03-19T07:20:31
A-07061,ORG-009,medium,phishing,ASSET-ORG-009-098,CASE-01810,2025-05-13T16:00:31,2025-05-16T04:20:25
A-07062,ORG-009,critical,brute_force,ASSET-ORG-009-157,,2025-04-02T16:39:42,2025-04-02T23:03:02
A-07063,ORG-009,medium,recon,ASSET-ORG-009-111,CASE-01850,2025-03-07T10:03:58,2025-03-09T23:30:32
A-07064,ORG-009,medium,privilege_escalation,ASSET-ORG-009-137,CASE-01899,2025-03-28T21:38:48,2025-03-31T17:16:18
A-07065,ORG-009,critical,brute_force,ASSET-ORG-009-133,,2025-03-10T11:26:11,2025-03-10T13:35:28
A-07066,ORG-009,low,recon,ASSET-ORG-009-058,,2025-05-29T02:43:29,2025-06-01T15:54:40
A-07067,ORG-009,critical,lateral_movement,ASSET-ORG-009-169,,2025-04-09T03:18:21,2025-04-09T10:26:31
A-07068,ORG-009,medium,phishing,ASSET-ORG-009-235,,2025-05-17T07:47:40,2025-05-18T21:13:42
A-07069,ORG-009,critical,malware,ASSET-ORG-009-269,,2025-06-19T18:08:19,2025-06-19T23:03:11
A-07070,ORG-009,critical,data_exfil,ASSET-ORG-009-011,,2025-03-18T14:45:02,2025-03-18T21:13:50
A-07071,ORG-009,critical,phishing,ASSET-ORG-009-111,,2025-05-03T20:36:49,2025-05-03T23:05:26
A-07072,ORG-009,medium,phishing,ASSET-ORG-009-163,,2025-04-06T22:02:14,2025-04-07T23:50:11
A-07073,ORG-009,high,data_exfil,ASSET-ORG-009-081,,2025-01-13T23:46:57,2025-01-14T17:38:25
A-07074,ORG-009,high,privilege_escalation,ASSET-ORG-009-208,,2025-02-14T01:12:55,2025-02-14T20:17:57
A-07075,ORG-009,high,phishing,ASSET-ORG-009-082,CASE-01960,2025-06-06T01:42:35,2025-06-06T20:21:29
A-07076,ORG-009,low,phishing,ASSET-ORG-009-006,,2025-01-10T22:41:17,2025-01-14T02:57:44
A-07077,ORG-009,high,recon,ASSET-ORG-009-249,,2025-06-14T05:55:54,2025-06-14T19:30:24
A-07078,ORG-009,low,lateral_movement,ASSET-ORG-009-099,,2025-05-27T14:58:44,2025-05-30T05:08:31
A-07079,ORG-009,medium,lateral_movement,ASSET-ORG-009-010,,2025-05-25T19:03:49,2025-05-27T04:30:39
A-07080,ORG-009,high,privilege_escalation,ASSET-ORG-009-080,CASE-01955,2025-01-02T05:39:55,2025-01-02T23:23:36
A-07081,ORG-009,low,data_exfil,ASSET-ORG-009-095,,2025-01-28T13:57:02,2025-02-02T15:15:34
A-07082,ORG-009,medium,privilege_escalation,ASSET-ORG-009-066,CASE-01778,2025-01-12T09:07:28,2025-01-14T06:34:07
A-07083,ORG-009,critical,recon,ASSET-ORG-009-190,,2025-04-03T21:59:55,2025-04-04T05:50:19
A-07084,ORG-009,medium,lateral_movement,ASSET-ORG-009-123,,2025-06-15T11:42:07,2025-06-16T12:22:42
A-07085,ORG-009,critical,lateral_movement,ASSET-ORG-009-227,,2025-05-20T19:03:58,2025-05-20T22:58:12
A-07086,ORG-009,high,brute_force,ASSET-ORG-009-035,,2025-06-12T13:25:59,2025-06-13T00:19:32
A-07087,ORG-009,high,privilege_escalation,ASSET-ORG-009-174,,2025-01-09T23:20:21,2025-01-10T19:46:20
A-07088,ORG-009,critical,recon,ASSET-ORG-009-067,,2025-02-21T02:48:08,2025-02-21T10:02:33
A-07089,ORG-009,high,data_exfil,ASSET-ORG-009-240,,2025-01-29T13:31:35,2025-01-29T22:05:31
A-07090,ORG-009,medium,phishing,ASSET-ORG-009-240,CASE-01845,2025-02-03T14:16:29,2025-02-05T02:52:57
A-07091,ORG-009,medium,brute_force,ASSET-ORG-009-039,,2025-04-01T01:16:30,2025-04-02T21:54:56
A-07092,ORG-009,medium,data_exfil,ASSET-ORG-009-247,CASE-01879,2025-02-17T12:01:51,2025-02-19T17:53:37
A-07093,ORG-009,medium,malware,ASSET-ORG-009-191,CASE-01911,2025-02-01T16:42:42,2025-02-03T10:49:55
A-07094,ORG-009,low,recon,ASSET-ORG-009-022,CASE-01809,2025-01-14T14:40:43,2025-01-19T00:04:54
A-07095,ORG-009,low,brute_force,ASSET-ORG-009-036,,2025-03-31T22:07:25,2025-04-04T12:23:11
A-07096,ORG-009,high,lateral_movement,ASSET-ORG-009-215,CASE-01950,2025-02-24T20:23:23,2025-02-25T12:22:00
A-07097,ORG-009,high,brute_force,ASSET-ORG-009-197,CASE-01836,2025-04-09T02:31:58,2025-04-10T00:41:14
A-07098,ORG-009,medium,data_exfil,ASSET-ORG-009-018,,2025-02-17T20:20:27,2025-02-18T23:01:51
A-07099,ORG-009,low,privilege_escalation,ASSET-ORG-009-213,,2025-06-24T19:58:25,2025-06-28T05:53:45
A-07100,ORG-009,critical,recon,ASSET-ORG-009-063,CASE-01985,2025-04-29T01:48:31,2025-04-29T06:10:20
A-07101,ORG-009,low,phishing,ASSET-ORG-009-131,,2025-02-12T10:31:30,2025-02-15T22:36:33
A-07102,ORG-009,high,recon,ASSET-ORG-009-115,CASE-01784,2025-06-08T03:46:33,2025-06-08T19:52:28
A-07103,ORG-009,low,lateral_movement,ASSET-ORG-009-025,,2025-05-05T09:57:26,2025-05-07T21:40:36
A-07104,ORG-009,low,phishing,ASSET-ORG-009-137,,2025-05-07T04:34:59,2025-05-09T17:22:04
A-07105,ORG-009,low,privilege_escalation,ASSET-ORG-009-141,,2025-01-26T13:50:36,2025-01-28T18:54:33
A-07106,ORG-009,low,privilege_escalation,ASSET-ORG-009-263,,2025-06-25T02:40:49,2025-06-28T21:43:54
A-07107,ORG-009,high,data_exfil,ASSET-ORG-009-157,CASE-01991,2025-04-19T04:24:31,2025-04-19T20:01:42
A-07108,ORG-009,medium,phishing,ASSET-ORG-009-193,,2025-01-17T04:46:30,2025-01-19T14:20:41
A-07109,ORG-009,low,malware,ASSET-ORG-009-031,,2025-06-18T00:19:41,2025-06-20T22:58:52
A-07110,ORG-009,critical,privilege_escalation,ASSET-ORG-009-167,,2025-06-27T01:46:44,2025-06-27T06:03:11
A-07111,ORG-009,critical,recon,ASSET-ORG-009-072,CASE-01880,2025-01-29T21:19:04,2025-01-30T04:07:10
A-07112,ORG-009,high,phishing,ASSET-ORG-009-215,,2025-02-17T12:28:09,2025-02-18T00:51:20
A-07113,ORG-009,critical,brute_force,ASSET-ORG-009-005,,2025-01-08T22:13:15,2025-01-09T03:45:48
A-07114,ORG-009,critical,brute_force,ASSET-ORG-009-263,,2025-04-08T19:33:57,2025-04-08T23:00:03
A-07115,ORG-009,low,phishing,ASSET-ORG-009-238,,2025-03-19T21:06:37,2025-03-25T10:26:04
A-07116,ORG-009,low,privilege_escalation,ASSET-ORG-009-138,,2025-06-24T06:41:26,2025-06-28T04:36:37
A-07117,ORG-009,high,privilege_escalation,ASSET-ORG-009-068,CASE-01971,2025-03-30T18:40:28,2025-03-31T12:42:22
A-07118,ORG-009,critical,data_exfil,ASSET-ORG-009-149,CASE-01909,2025-03-03T10:08:02,2025-03-03T14:11:16
A-07119,ORG-009,low,brute_force,ASSET-ORG-009-214,CASE-01994,2025-02-26T19:09:00,2025-03-02T00:01:34
A-07120,ORG-009,critical,brute_force,ASSET-ORG-009-266,,2025-02-16T09:02:59,2025-02-16T15:53:24
A-07121,ORG-009,low,brute_force,ASSET-ORG-009-173,,2025-03-29T14:55:38,2025-04-02T01:34:12
A-07122,ORG-009,critical,data_exfil,ASSET-ORG-009-196,,2025-06-27T12:42:59,2025-06-27T15:22:18
A-07123,ORG-009,medium,recon,ASSET-ORG-009-237,,2025-02-12T05:09:55,2025-02-13T19:10:23
A-07124,ORG-009,medium,brute_force,ASSET-ORG-009-075,,2025-05-30T23:33:44,2025-06-01T00:39:27
A-07125,ORG-009,high,data_exfil,ASSET-ORG-009-104,CASE-01817,2025-04-11T15:41:52,2025-04-12T11:30:05
A-07126,ORG-009,medium,data_exfil,ASSET-ORG-009-197,,2025-02-14T08:52:34,2025-02-17T05:16:26
A-07127,ORG-009,low,privilege_escalation,ASSET-ORG-009-223,CASE-01815,2025-05-30T12:25:07,2025-06-04T06:48:03
A-07128,ORG-009,low,malware,ASSET-ORG-009-161,CASE-01963,2025-04-05T23:06:32,2025-04-08T03:17:14
A-07129,ORG-009,medium,privilege_escalation,ASSET-ORG-009-120,,2025-04-11T20:45:09,2025-04-13T10:06:31
A-07130,ORG-009,medium,phishing,ASSET-ORG-009-007,CASE-01777,2025-06-13T09:32:50,2025-06-14T16:02:51
A-07131,ORG-009,low,malware,ASSET-ORG-009-002,,2025-02-08T07:29:15,2025-02-13T14:41:32
A-07132,ORG-009,medium,brute_force,ASSET-ORG-009-059,,2025-06-22T23:06:16,2025-06-24T20:14:32
A-07133,ORG-009,medium,privilege_escalation,ASSET-ORG-009-202,,2025-02-04T05:04:39,2025-02-06T01:33:57
A-07134,ORG-009,low,brute_force,ASSET-ORG-009-189,,2025-06-27T22:13:06,
A-07135,ORG-009,high,phishing,ASSET-ORG-009-027,,2025-03-11T19:39:26,2025-03-12T13:39:08
A-07136,ORG-009,low,brute_force,ASSET-ORG-009-160,,2025-02-19T09:58:12,2025-02-25T02:48:46
A-07137,ORG-009,critical,data_exfil,ASSET-ORG-009-093,,2025-04-27T07:41:30,2025-04-27T12:01:29
A-07138,ORG-009,critical,malware,ASSET-ORG-009-035,,2025-03-26T06:04:13,2025-03-26T13:54:12
A-07139,ORG-009,low,recon,ASSET-ORG-009-111,CASE-01802,2025-06-29T18:00:03,
A-07140,ORG-009,medium,data_exfil,ASSET-ORG-009-146,CASE-01831,2025-01-15T12:35:29,2025-01-17T14:31:00
A-07141,ORG-009,low,lateral_movement,ASSET-ORG-009-278,,2025-05-05T01:38:19,2025-05-10T04:30:33
A-07142,ORG-009,low,malware,ASSET-ORG-009-167,CASE-01963,2025-02-13T10:11:27,2025-02-18T05:48:39
A-07143,ORG-009,low,privilege_escalation,ASSET-ORG-009-254,,2025-01-30T00:43:34,2025-02-04T09:08:37
A-07144,ORG-009,high,privilege_escalation,ASSET-ORG-009-051,,2025-04-12T07:51:18,2025-04-13T05:37:51
A-07145,ORG-009,critical,phishing,ASSET-ORG-009-150,CASE-01875,2025-05-09T20:09:25,2025-05-09T23:14:07
A-07146,ORG-009,low,brute_force,ASSET-ORG-009-015,,2025-03-07T01:23:20,2025-03-10T23:58:06
A-07147,ORG-009,high,malware,ASSET-ORG-009-201,,2025-05-31T15:16:19,2025-06-01T14:17:05
A-07148,ORG-009,high,privilege_escalation,ASSET-ORG-009-216,,2025-01-19T09:35:17,2025-01-20T08:51:47
A-07149,ORG-009,low,recon,ASSET-ORG-009-261,CASE-01900,2025-06-12T17:44:54,2025-06-18T06:46:43
A-07150,ORG-009,medium,phishing,ASSET-ORG-009-267,,2025-03-22T07:25:06,2025-03-24T19:42:18
A-07151,ORG-009,low,recon,ASSET-ORG-009-267,CASE-01825,2025-06-05T18:29:47,2025-06-09T20:25:55
A-07152,ORG-009,high,privilege_escalation,ASSET-ORG-009-263,,2025-01-12T08:26:56,2025-01-12T22:02:05
A-07153,ORG-009,medium,privilege_escalation,ASSET-ORG-009-127,,2025-05-17T16:31:54,2025-05-19T00:45:48
A-07154,ORG-009,critical,brute_force,ASSET-ORG-009-067,,2025-01-13T22:47:33,2025-01-14T03:32:50
A-07155,ORG-009,low,recon,ASSET-ORG-009-095,,2025-06-30T13:07:35,
A-07156,ORG-009,high,phishing,ASSET-ORG-009-219,CASE-01851,2025-05-07T06:25:15,2025-05-07T21:06:35
A-07157,ORG-009,critical,data_exfil,ASSET-ORG-009-001,,2025-04-15T13:08:00,2025-04-15T16:10:34
A-07158,ORG-009,low,malware,ASSET-ORG-009-169,,2025-01-09T01:32:17,2025-01-14T06:47:07
A-07159,ORG-009,low,privilege_escalation,ASSET-ORG-009-100,,2025-01-03T21:31:01,2025-01-08T07:56:38
A-07160,ORG-009,high,malware,ASSET-ORG-009-164,,2025-03-31T21:23:36,2025-04-01T15:10:20
A-07161,ORG-009,high,malware,ASSET-ORG-009-032,CASE-01952,2025-02-08T09:47:45,2025-02-09T01:25:10
A-07162,ORG-009,medium,malware,ASSET-ORG-009-180,,2025-04-24T10:00:17,2025-04-26T05:52:36
A-07163,ORG-009,low,brute_force,ASSET-ORG-009-056,,2025-03-06T03:36:53,2025-03-09T05:29:01
A-07164,ORG-009,high,brute_force,ASSET-ORG-009-031,,2025-04-29T00:33:27,2025-04-29T09:06:54
A-07165,ORG-009,high,brute_force,ASSET-ORG-009-114,,2025-05-29T07:18:15,2025-05-29T16:30:22
A-07166,ORG-009,medium,privilege_escalation,ASSET-ORG-009-023,,2025-04-13T06:47:58,2025-04-14T18:21:53
A-07167,ORG-009,medium,recon,ASSET-ORG-009-118,,2025-01-13T22:49:00,2025-01-15T05:10:57
A-07168,ORG-009,low,brute_force,ASSET-ORG-009-141,,2025-01-13T19:09:05,2025-01-19T18:58:37
A-07169,ORG-009,medium,malware,ASSET-ORG-009-248,CASE-01998,2025-05-29T11:47:25,2025-05-30T15:31:08
A-07170,ORG-009,critical,privilege_escalation,ASSET-ORG-009-212,,2025-05-23T11:39:40,2025-05-23T13:41:45
A-07171,ORG-009,critical,recon,ASSET-ORG-009-160,CASE-01854,2025-05-16T23:21:50,2025-05-17T02:45:05
A-07172,ORG-009,critical,malware,ASSET-ORG-009-096,,2025-05-13T20:41:00,2025-05-14T01:03:32
A-07173,ORG-009,medium,recon,ASSET-ORG-009-063,CASE-01820,2025-03-29T16:22:46,2025-03-30T23:54:37
A-07174,ORG-009,low,brute_force,ASSET-ORG-009-001,,2025-05-01T13:33:21,2025-05-04T17:58:48
A-07175,ORG-009,medium,brute_force,ASSET-ORG-009-029,,2025-02-11T17:36:01,2025-02-12T19:36:49
A-07176,ORG-009,medium,recon,ASSET-ORG-009-020,CASE-01781,2025-02-18T01:58:56,2025-02-20T14:59:23
A-07177,ORG-009,high,malware,ASSET-ORG-009-120,,2025-02-21T15:16:59,2025-02-22T02:35:50
A-07178,ORG-009,high,lateral_movement,ASSET-ORG-009-006,CASE-01819,2025-03-09T08:15:58,2025-03-09T17:44:13
A-07179,ORG-009,medium,malware,ASSET-ORG-009-046,,2025-01-16T08:46:02,2025-01-17T19:40:09
A-07180,ORG-009,low,phishing,ASSET-ORG-009-069,,2025-05-04T08:48:02,2025-05-08T19:26:40
A-07181,ORG-009,high,privilege_escalation,ASSET-ORG-009-099,,2025-04-01T20:26:12,2025-04-02T13:07:05
A-07182,ORG-009,high,recon,ASSET-ORG-009-106,CASE-01906,2025-01-21T21:12:56,2025-01-22T05:29:17
A-07183,ORG-009,medium,recon,ASSET-ORG-009-090,,2025-01-10T04:10:03,2025-01-13T00:16:13
A-07184,ORG-009,low,data_exfil,ASSET-ORG-009-258,,2025-01-15T10:50:38,2025-01-18T07:58:02
A-07185,ORG-009,critical,phishing,ASSET-ORG-009-076,,2025-03-20T17:47:36,2025-03-21T01:27:18
A-07186,ORG-009,critical,phishing,ASSET-ORG-009-012,,2025-06-09T03:53:43,2025-06-09T07:43:28
A-07187,ORG-009,high,lateral_movement,ASSET-ORG-009-148,,2025-04-09T05:54:31,2025-04-09T14:16:20
A-07188,ORG-009,medium,brute_force,ASSET-ORG-009-254,CASE-01853,2025-02-20T05:50:28,2025-02-21T15:15:59
A-07189,ORG-009,critical,malware,ASSET-ORG-009-016,,2025-02-27T03:28:11,2025-02-27T08:22:39
A-07190,ORG-009,low,data_exfil,ASSET-ORG-009-080,,2025-01-23T11:14:41,2025-01-28T07:41:08
A-07191,ORG-009,low,lateral_movement,ASSET-ORG-009-187,,2025-05-02T05:57:07,2025-05-04T14:09:38
A-07192,ORG-009,medium,recon,ASSET-ORG-009-240,,2025-02-28T07:34:43,2025-03-01T11:40:23
A-07193,ORG-009,low,recon,ASSET-ORG-009-228,CASE-01775,2025-02-25T18:00:40,2025-02-28T02:59:57
A-07194,ORG-009,critical,malware,ASSET-ORG-009-004,,2025-06-25T03:10:34,2025-06-25T10:27:34
A-07195,ORG-009,medium,brute_force,ASSET-ORG-009-034,,2025-06-18T08:32:21,2025-06-20T03:07:30
A-07196,ORG-009,high,malware,ASSET-ORG-009-026,,2025-01-09T04:27:27,2025-01-09T23:03:44
A-07197,ORG-009,low,lateral_movement,ASSET-ORG-009-182,,2025-01-25T01:43:37,2025-01-28T17:20:11
A-07198,ORG-009,medium,malware,ASSET-ORG-009-232,,2025-05-13T16:59:55,2025-05-14T23:25:01
A-07199,ORG-009,high,lateral_movement,ASSET-ORG-009-186,,2025-06-30T23:13:54,
A-07200,ORG-009,low,recon,ASSET-ORG-009-028,,2025-06-01T15:28:00,2025-06-03T23:51:36
A-07201,ORG-009,high,recon,ASSET-ORG-009-236,,2025-01-14T21:35:37,2025-01-15T16:07:31
A-07202,ORG-009,critical,data_exfil,ASSET-ORG-009-029,CASE-01822,2025-05-24T23:52:25,2025-05-25T04:50:08
A-07203,ORG-009,medium,recon,ASSET-ORG-009-234,,2025-05-10T22:48:34,2025-05-13T16:00:16
A-07204,ORG-009,high,phishing,ASSET-ORG-009-192,,2025-01-26T00:10:04,2025-01-26T18:54:05
A-07205,ORG-009,critical,malware,ASSET-ORG-009-147,CASE-01854,2025-05-20T21:31:06,2025-05-21T01:42:39
A-07206,ORG-009,medium,recon,ASSET-ORG-009-131,,2025-01-05T17:56:39,2025-01-07T08:22:39
A-07207,ORG-009,critical,recon,ASSET-ORG-009-250,,2025-06-26T15:11:41,2025-06-26T22:16:40
A-07208,ORG-009,high,phishing,ASSET-ORG-009-062,,2025-06-12T13:47:03,2025-06-13T03:49:31
A-07209,ORG-009,critical,lateral_movement,ASSET-ORG-009-015,,2025-04-15T00:46:26,2025-04-15T03:30:22
A-07210,ORG-009,critical,malware,ASSET-ORG-009-159,CASE-01845,2025-02-20T03:11:08,2025-02-20T05:52:36
A-07211,ORG-009,high,privilege_escalation,ASSET-ORG-009-029,,2025-06-04T17:12:13,2025-06-05T14:56:05
A-07212,ORG-009,high,brute_force,ASSET-ORG-009-029,,2025-04-09T09:57:38,2025-04-10T05:52:38
A-07213,ORG-009,medium,data_exfil,ASSET-ORG-009-013,CASE-01862,2025-02-13T08:14:43,2025-02-15T05:58:58
A-07214,ORG-009,critical,recon,ASSET-ORG-009-268,,2025-04-06T10:57:25,2025-04-06T16:32:14
A-07215,ORG-009,medium,data_exfil,ASSET-ORG-009-126,CASE-01991,2025-02-25T05:45:49,2025-02-27T17:35:22
A-07216,ORG-009,critical,privilege_escalation,ASSET-ORG-009-112,,2025-02-28T17:46:09,2025-02-28T22:28:36
A-07217,ORG-009,low,recon,ASSET-ORG-009-034,CASE-01782,2025-02-28T23:08:41,2025-03-04T04:24:52
A-07218,ORG-009,low,privilege_escalation,ASSET-ORG-009-028,,2025-06-23T21:24:48,2025-06-28T14:02:21
A-07219,ORG-009,high,phishing,ASSET-ORG-009-088,CASE-01863,2025-03-30T09:08:21,2025-03-30T18:34:15
A-07220,ORG-009,medium,data_exfil,ASSET-ORG-009-235,,2025-01-01T19:47:26,2025-01-04T09:08:21
A-07221,ORG-009,medium,phishing,ASSET-ORG-009-102,CASE-01919,2025-04-13T19:43:32,2025-04-15T05:05:30
A-07222,ORG-009,medium,lateral_movement,ASSET-ORG-009-041,,2025-05-14T01:06:01,2025-05-16T09:18:34
A-07223,ORG-009,low,phishing,ASSET-ORG-009-222,,2025-04-26T17:38:57,2025-05-02T09:51:10
A-07224,ORG-009,medium,data_exfil,ASSET-ORG-009-232,,2025-06-12T01:26:46,2025-06-13T02:36:44
A-07225,ORG-009,critical,phishing,ASSET-ORG-009-272,,2025-04-10T14:09:15,2025-04-10T20:44:53
A-07226,ORG-009,high,brute_force,ASSET-ORG-009-280,CASE-01869,2025-06-07T08:13:07,2025-06-07T17:37:55
A-07227,ORG-009,medium,recon,ASSET-ORG-009-056,,2025-05-19T23:47:24,2025-05-21T08:21:21
A-07228,ORG-009,high,malware,ASSET-ORG-009-055,,2025-06-02T05:07:09,2025-06-02T14:45:41
A-07229,ORG-009,low,malware,ASSET-ORG-009-032,,2025-06-20T19:09:22,2025-06-25T14:03:26
A-07230,ORG-009,high,malware,ASSET-ORG-009-215,CASE-01900,2025-04-24T14:24:26,2025-04-25T07:49:12
A-07231,ORG-009,medium,phishing,ASSET-ORG-009-246,,2025-05-12T15:48:45,2025-05-14T14:11:29
A-07232,ORG-009,high,phishing,ASSET-ORG-009-203,,2025-06-06T19:05:02,2025-06-07T15:36:18
A-07233,ORG-009,medium,lateral_movement,ASSET-ORG-009-112,,2025-01-09T02:37:58,2025-01-10T19:54:14
A-07234,ORG-009,low,privilege_escalation,ASSET-ORG-009-161,CASE-01821,2025-03-05T15:08:05,2025-03-07T23:55:47
A-07235,ORG-009,medium,privilege_escalation,ASSET-ORG-009-253,CASE-01882,2025-02-07T13:28:45,2025-02-08T18:53:45
A-07236,ORG-009,low,privilege_escalation,ASSET-ORG-009-077,CASE-01889,2025-02-18T08:42:05,2025-02-20T20:10:39
A-07237,ORG-009,low,data_exfil,ASSET-ORG-009-182,,2025-05-09T15:29:02,2025-05-12T06:37:04
A-07238,ORG-009,critical,phishing,ASSET-ORG-009-148,CASE-01914,2025-04-08T05:51:08,2025-04-08T08:53:36
A-07239,ORG-009,medium,brute_force,ASSET-ORG-009-225,,2025-06-04T13:58:30,2025-06-06T23:14:07
A-07240,ORG-009,low,brute_force,ASSET-ORG-009-273,CASE-01796,2025-05-19T03:04:53,2025-05-23T00:07:55
A-07241,ORG-009,critical,phishing,ASSET-ORG-009-255,,2025-02-06T22:05:03,2025-02-07T03:16:24
A-07242,ORG-009,low,malware,ASSET-ORG-009-261,CASE-01909,2025-03-06T10:38:16,2025-03-11T03:52:06
A-07243,ORG-009,high,malware,ASSET-ORG-009-128,,2025-05-25T05:13:25,2025-05-25T19:23:37
A-07244,ORG-009,critical,data_exfil,ASSET-ORG-009-264,,2025-03-28T15:10:06,2025-03-28T22:52:46
A-07245,ORG-009,critical,recon,ASSET-ORG-009-258,,2025-06-09T12:04:32,2025-06-09T19:47:12
A-07246,ORG-009,low,recon,ASSET-ORG-009-092,,2025-04-30T10:34:57,2025-05-03T00:38:13
A-07247,ORG-009,high,privilege_escalation,ASSET-ORG-009-031,,2025-01-12T17:23:06,2025-01-13T15:39:01
A-07248,ORG-009,critical,privilege_escalation,ASSET-ORG-009-055,,2025-05-27T20:22:17,2025-05-27T23:36:57
A-07249,ORG-009,low,brute_force,ASSET-ORG-009-260,,2025-04-21T20:45:17,2025-04-25T05:51:22
A-07250,ORG-009,low,malware,ASSET-ORG-009-066,,2025-02-02T09:58:48,2025-02-06T10:55:02
A-07251,ORG-009,high,lateral_movement,ASSET-ORG-009-240,,2025-05-18T03:32:31,2025-05-18T23:33:02
A-07252,ORG-009,critical,privilege_escalation,ASSET-ORG-009-241,,2025-01-05T09:56:49,2025-01-05T17:06:49
A-07253,ORG-009,high,malware,ASSET-ORG-009-013,,2025-05-11T16:53:55,2025-05-12T06:19:37
A-07254,ORG-009,critical,malware,ASSET-ORG-009-178,,2025-01-13T02:22:52,2025-01-13T05:06:04
A-07255,ORG-009,medium,lateral_movement,ASSET-ORG-009-190,,2025-03-30T05:56:55,2025-04-01T04:51:50
A-07256,ORG-009,high,phishing,ASSET-ORG-009-162,,2025-03-13T21:05:00,2025-03-14T18:47:39
A-07257,ORG-009,critical,malware,ASSET-ORG-009-051,,2025-01-01T14:55:59,2025-01-01T21:39:42
A-07258,ORG-009,low,lateral_movement,ASSET-ORG-009-100,CASE-01933,2025-02-26T04:39:11,2025-03-02T16:15:09
A-07259,ORG-009,high,brute_force,ASSET-ORG-009-190,,2025-05-20T01:23:33,2025-05-20T20:24:10
A-07260,ORG-009,low,lateral_movement,ASSET-ORG-009-005,,2025-01-10T07:38:13,2025-01-13T06:08:49
A-07261,ORG-009,medium,data_exfil,ASSET-ORG-009-234,,2025-05-31T13:12:16,2025-06-03T04:25:29
A-07262,ORG-009,high,recon,ASSET-ORG-009-260,,2025-01-27T13:28:57,2025-01-28T06:48:10
A-07263,ORG-009,low,privilege_escalation,ASSET-ORG-009-145,,2025-01-23T08:34:17,2025-01-25T10:06:16
A-07264,ORG-009,medium,privilege_escalation,ASSET-ORG-009-009,,2025-01-21T13:37:15,2025-01-23T03:53:35
A-07265,ORG-009,high,recon,ASSET-ORG-009-210,,2025-04-10T23:30:03,2025-04-11T12:56:06
A-07266,ORG-009,medium,privilege_escalation,ASSET-ORG-009-183,,2025-05-13T23:00:02,2025-05-15T16:27:23
A-07267,ORG-009,medium,phishing,ASSET-ORG-009-087,,2025-06-23T21:28:07,2025-06-25T03:25:49
A-07268,ORG-009,critical,privilege_escalation,ASSET-ORG-009-122,,2025-03-22T04:46:02,2025-03-22T09:31:34
A-07269,ORG-009,high,recon,ASSET-ORG-009-023,CASE-01880,2025-03-11T21:32:13,2025-03-12T09:20:14
A-07270,ORG-009,critical,recon,ASSET-ORG-009-237,CASE-01861,2025-01-20T21:56:08,2025-01-21T00:14:10
A-07271,ORG-009,high,recon,ASSET-ORG-009-078,,2025-01-28T08:31:25,2025-01-29T01:56:30
A-07272,ORG-009,high,data_exfil,ASSET-ORG-009-113,,2025-03-05T07:35:09,2025-03-06T00:48:21
A-07273,ORG-009,high,brute_force,ASSET-ORG-009-020,CASE-01990,2025-05-29T08:38:58,2025-05-29T16:40:46
A-07274,ORG-009,low,malware,ASSET-ORG-009-214,CASE-01778,2025-05-18T19:36:36,2025-05-23T18:02:03
A-07275,ORG-009,medium,lateral_movement,ASSET-ORG-009-064,,2025-05-31T09:11:01,2025-06-02T17:37:54
A-07276,ORG-009,low,phishing,ASSET-ORG-009-121,,2025-04-04T17:11:05,2025-04-08T21:16:12
A-07277,ORG-009,medium,malware,ASSET-ORG-009-111,,2025-05-17T10:51:26,2025-05-18T10:56:42
A-07278,ORG-009,high,recon,ASSET-ORG-009-166,,2025-06-20T08:17:07,2025-06-21T00:42:28
A-07279,ORG-009,low,recon,ASSET-ORG-009-051,CASE-01805,2025-06-10T21:29:55,2025-06-16T04:38:08
A-07280,ORG-009,high,data_exfil,ASSET-ORG-009-040,,2025-01-12T01:56:10,2025-01-12T17:28:42
A-07281,ORG-009,critical,phishing,ASSET-ORG-009-244,,2025-06-06T12:40:06,2025-06-06T15:37:26
A-07282,ORG-009,medium,recon,ASSET-ORG-009-037,,2025-01-12T17:24:12,2025-01-14T18:28:41
A-07283,ORG-009,medium,data_exfil,ASSET-ORG-009-120,,2025-01-15T07:17:03,2025-01-17T19:43:29
A-07284,ORG-009,critical,brute_force,ASSET-ORG-009-213,,2025-03-30T23:13:39,2025-03-31T04:40:31
A-07285,ORG-009,critical,malware,ASSET-ORG-009-217,,2025-05-10T07:06:53,2025-05-10T12:34:47
A-07286,ORG-009,high,privilege_escalation,ASSET-ORG-009-156,,2025-01-27T22:57:53,2025-01-28T14:41:31
A-07287,ORG-009,high,recon,ASSET-ORG-009-221,,2025-04-21T17:10:32,2025-04-22T09:17:44
A-07288,ORG-009,low,data_exfil,ASSET-ORG-009-007,CASE-01981,2025-02-20T18:35:10,2025-02-23T11:14:35
A-07289,ORG-009,low,lateral_movement,ASSET-ORG-009-218,,2025-02-22T14:19:20,2025-02-24T20:23:07
A-07290,ORG-009,critical,malware,ASSET-ORG-009-052,CASE-01799,2025-01-15T02:35:44,2025-01-15T07:57:35
A-07291,ORG-009,medium,recon,ASSET-ORG-009-157,,2025-04-29T22:10:02,2025-04-30T23:38:17
A-07292,ORG-009,medium,phishing,ASSET-ORG-009-078,,2025-01-05T18:27:09,2025-01-07T03:08:23
A-07293,ORG-009,critical,privilege_escalation,ASSET-ORG-009-066,,2025-02-08T04:52:36,2025-02-08T12:03:56
A-07294,ORG-009,critical,recon,ASSET-ORG-009-134,CASE-01994,2025-06-26T05:12:37,2025-06-26T09:30:12
A-07295,ORG-009,high,lateral_movement,ASSET-ORG-009-246,,2025-02-15T01:59:28,2025-02-16T00:58:33
A-07296,ORG-009,low,data_exfil,ASSET-ORG-009-137,CASE-01955,2025-04-05T03:53:09,2025-04-07T17:00:57
A-07297,ORG-009,high,brute_force,ASSET-ORG-009-152,,2025-04-26T02:36:25,2025-04-26T18:54:13
A-07298,ORG-009,medium,lateral_movement,ASSET-ORG-009-122,CASE-01939,2025-03-20T15:47:40,2025-03-21T19:38:03
A-07299,ORG-009,medium,phishing,ASSET-ORG-009-047,,2025-05-26T11:17:58,2025-05-27T14:16:42
A-07300,ORG-009,medium,phishing,ASSET-ORG-009-092,,2025-04-14T14:20:26,2025-04-16T14:32:29
A-07301,ORG-009,critical,privilege_escalation,ASSET-ORG-009-040,,2025-05-16T04:47:53,2025-05-16T07:18:15
A-07302,ORG-009,critical,recon,ASSET-ORG-009-077,CASE-01942,2025-05-29T12:42:13,2025-05-29T16:15:33
A-07303,ORG-009,medium,recon,ASSET-ORG-009-198,CASE-01845,2025-06-14T07:05:59,2025-06-15T10:33:11
A-07304,ORG-009,critical,privilege_escalation,ASSET-ORG-009-239,,2025-05-13T08:13:08,2025-05-13T15:41:33
A-07305,ORG-009,high,malware,ASSET-ORG-009-153,,2025-06-11T20:13:21,2025-06-12T13:35:29
A-07306,ORG-009,medium,recon,ASSET-ORG-009-042,CASE-01910,2025-05-04T06:48:50,2025-05-06T16:48:34
A-07307,ORG-009,high,recon,ASSET-ORG-009-005,,2025-05-08T15:25:50,2025-05-09T10:54:08
A-07308,ORG-009,critical,phishing,ASSET-ORG-009-005,,2025-01-13T07:32:16,2025-01-13T13:22:17
A-07309,ORG-009,low,privilege_escalation,ASSET-ORG-009-170,,2025-04-26T03:52:19,2025-05-01T11:39:12
A-07310,ORG-009,high,privilege_escalation,ASSET-ORG-009-052,,2025-05-20T12:51:49,2025-05-20T23:59:24
A-07311,ORG-009,high,malware,ASSET-ORG-009-049,,2025-05-04T23:30:32,2025-05-05T22:05:54
A-07312,ORG-009,medium,malware,ASSET-ORG-009-182,,2025-02-16T06:07:38,2025-02-17T12:45:50
A-07313,ORG-009,high,malware,ASSET-ORG-009-019,,2025-02-03T03:23:11,2025-02-03T17:17:10
A-07314,ORG-009,high,phishing,ASSET-ORG-009-177,,2025-04-20T14:34:24,2025-04-21T04:25:42
A-07315,ORG-009,critical,data_exfil,ASSET-ORG-009-058,,2025-04-29T08:56:17,2025-04-29T16:24:46
A-07316,ORG-009,low,privilege_escalation,ASSET-ORG-009-123,,2025-02-15T10:05:17,2025-02-18T16:50:11
A-07317,ORG-009,high,phishing,ASSET-ORG-009-183,,2025-03-08T13:41:57,2025-03-09T00:05:01
A-07318,ORG-009,medium,data_exfil,ASSET-ORG-009-015,,2025-01-07T14:04:31,2025-01-08T20:26:11
A-07319,ORG-009,medium,privilege_escalation,ASSET-ORG-009-176,,2025-05-15T04:04:14,2025-05-16T09:00:47
A-07320,ORG-009,high,lateral_movement,ASSET-ORG-009-059,,2025-01-18T19:54:08,2025-01-19T14:09:31
A-07321,ORG-009,medium,privilege_escalation,ASSET-ORG-009-131,,2025-01-05T01:38:27,2025-01-07T05:46:11
A-07322,ORG-009,critical,recon,ASSET-ORG-009-173,,2025-01-02T23:41:45,2025-01-03T06:56:01
A-07323,ORG-009,high,phishing,ASSET-ORG-009-275,CASE-01945,2025-06-25T01:28:36,2025-06-25T12:41:19
A-07324,ORG-009,high,phishing,ASSET-ORG-009-048,CASE-01875,2025-01-26T02:31:28,2025-01-26T14:05:18
A-07325,ORG-009,high,data_exfil,ASSET-ORG-009-081,CASE-01844,2025-05-31T07:42:40,2025-05-31T16:30:56
A-07326,ORG-009,high,data_exfil,ASSET-ORG-009-099,,2025-05-30T02:48:43,2025-05-30T12:24:08
A-07327,ORG-009,low,privilege_escalation,ASSET-ORG-009-082,,2025-05-09T22:57:30,2025-05-15T13:03:02
A-07328,ORG-009,medium,lateral_movement,ASSET-ORG-009-235,,2025-06-11T23:33:21,2025-06-13T12:05:15
A-07329,ORG-009,critical,privilege_escalation,ASSET-ORG-009-163,,2025-06-20T22:21:52,2025-06-21T03:41:49
A-07330,ORG-009,medium,privilege_escalation,ASSET-ORG-009-249,,2025-05-22T09:39:26,2025-05-24T16:04:57
A-07331,ORG-009,critical,lateral_movement,ASSET-ORG-009-244,,2025-05-26T22:12:14,2025-05-27T00:31:39
A-07332,ORG-009,high,privilege_escalation,ASSET-ORG-009-112,,2025-03-18T23:14:04,2025-03-19T20:12:14
A-07333,ORG-009,medium,privilege_escalation,ASSET-ORG-009-181,,2025-05-08T08:45:08,2025-05-10T11:42:33
A-07334,ORG-009,medium,privilege_escalation,ASSET-ORG-009-121,,2025-02-25T10:22:48,2025-02-27T08:29:51
A-07335,ORG-009,low,phishing,ASSET-ORG-009-005,,2025-02-05T22:59:14,2025-02-10T23:01:14
A-07336,ORG-009,medium,malware,ASSET-ORG-009-140,,2025-03-10T23:45:49,2025-03-12T15:32:57
A-07337,ORG-009,medium,privilege_escalation,ASSET-ORG-009-069,,2025-04-08T03:22:41,2025-04-09T08:34:11
A-07338,ORG-009,high,lateral_movement,ASSET-ORG-009-011,,2025-02-21T13:50:04,2025-02-22T13:33:11
A-07339,ORG-009,high,privilege_escalation,ASSET-ORG-009-251,,2025-03-16T11:14:29,2025-03-17T09:53:36
A-07340,ORG-009,medium,recon,ASSET-ORG-009-084,,2025-05-26T01:48:57,2025-05-28T13:56:48
A-07341,ORG-009,low,lateral_movement,ASSET-ORG-009-129,,2025-01-21T15:40:37,2025-01-25T02:19:00
A-07342,ORG-009,medium,privilege_escalation,ASSET-ORG-009-225,CASE-01979,2025-01-19T02:40:08,2025-01-20T06:32:05
A-07343,ORG-009,medium,recon,ASSET-ORG-009-095,,2025-05-11T09:16:00,2025-05-13T04:29:00
A-07344,ORG-009,low,lateral_movement,ASSET-ORG-009-197,,2025-05-11T09:28:06,2025-05-15T10:06:12
A-07345,ORG-009,critical,privilege_escalation,ASSET-ORG-009-161,,2025-01-16T10:32:11,2025-01-16T14:42:01
A-07346,ORG-009,low,privilege_escalation,ASSET-ORG-009-247,,2025-06-06T09:01:47,2025-06-12T00:16:52
A-07347,ORG-009,medium,malware,ASSET-ORG-009-148,,2025-05-14T15:54:15,2025-05-16T13:37:20
A-07348,ORG-009,high,privilege_escalation,ASSET-ORG-009-180,CASE-01785,2025-02-22T18:20:57,2025-02-23T13:36:45
A-07349,ORG-009,medium,malware,ASSET-ORG-009-279,CASE-01962,2025-05-24T11:05:31,2025-05-26T14:14:40
A-07350,ORG-009,high,malware,ASSET-ORG-009-268,CASE-01954,2025-04-28T22:56:25,2025-04-29T08:59:48
A-07351,ORG-009,medium,malware,ASSET-ORG-009-031,,2025-02-28T16:16:59,2025-03-03T05:00:56
A-07352,ORG-009,critical,privilege_escalation,ASSET-ORG-009-255,CASE-01957,2025-05-22T10:45:52,2025-05-22T17:26:43
A-07353,ORG-009,high,recon,ASSET-ORG-009-231,CASE-01990,2025-04-08T20:51:46,2025-04-09T10:14:40
A-07354,ORG-009,high,recon,ASSET-ORG-009-120,,2025-05-24T14:53:12,2025-05-25T07:47:48
A-07355,ORG-009,low,privilege_escalation,ASSET-ORG-009-118,,2025-05-26T08:28:50,2025-05-31T08:28:23
A-07356,ORG-009,low,brute_force,ASSET-ORG-009-200,,2025-05-02T22:06:04,2025-05-08T01:44:04
A-07357,ORG-009,low,data_exfil,ASSET-ORG-009-211,,2025-01-06T20:33:53,2025-01-11T02:35:40
A-07358,ORG-009,high,lateral_movement,ASSET-ORG-009-101,,2025-05-23T19:42:38,2025-05-24T14:59:53
A-07359,ORG-009,critical,recon,ASSET-ORG-009-055,,2025-05-01T17:06:41,2025-05-01T21:25:24
A-07360,ORG-009,critical,privilege_escalation,ASSET-ORG-009-274,,2025-04-24T15:24:53,2025-04-24T19:11:28
A-07361,ORG-009,medium,malware,ASSET-ORG-009-163,,2025-02-18T17:59:43,2025-02-20T03:52:53
A-07362,ORG-009,medium,privilege_escalation,ASSET-ORG-009-258,CASE-01898,2025-02-24T16:12:54,2025-02-27T12:57:28
A-07363,ORG-009,medium,privilege_escalation,ASSET-ORG-009-158,,2025-04-16T04:19:36,2025-04-18T06:47:34
A-07364,ORG-009,high,lateral_movement,ASSET-ORG-009-163,,2025-05-25T19:16:59,2025-05-26T03:42:37
A-07365,ORG-009,low,lateral_movement,ASSET-ORG-009-221,,2025-01-26T01:56:20,2025-01-28T06:38:24
A-07366,ORG-009,high,phishing,ASSET-ORG-009-186,CASE-01788,2025-04-10T00:18:55,2025-04-10T17:31:33
A-07367,ORG-009,medium,malware,ASSET-ORG-009-070,,2025-05-05T18:43:00,2025-05-07T06:28:51
A-07368,ORG-009,high,phishing,ASSET-ORG-009-203,,2025-01-17T12:19:55,2025-01-18T05:14:57
A-07369,ORG-009,critical,recon,ASSET-ORG-009-066,,2025-05-30T00:31:10,2025-05-30T06:31:27
A-07370,ORG-009,critical,recon,ASSET-ORG-009-140,,2025-04-24T05:50:56,2025-04-24T11:01:59
A-07371,ORG-009,critical,lateral_movement,ASSET-ORG-009-261,,2025-05-05T22:06:11,2025-05-06T05:42:39
A-07372,ORG-009,medium,recon,ASSET-ORG-009-233,,2025-05-01T13:30:02,2025-05-03T00:47:13
A-07373,ORG-009,medium,lateral_movement,ASSET-ORG-009-041,,2025-03-21T17:17:06,2025-03-23T12:04:58
A-07374,ORG-009,medium,recon,ASSET-ORG-009-278,CASE-01955,2025-01-27T08:10:13,2025-01-30T03:36:46
A-07375,ORG-009,medium,privilege_escalation,ASSET-ORG-009-236,,2025-03-16T04:55:16,2025-03-18T20:27:57
A-07376,ORG-009,high,data_exfil,ASSET-ORG-009-221,,2025-06-22T10:33:06,2025-06-22T21:52:09
A-07377,ORG-009,medium,brute_force,ASSET-ORG-009-262,,2025-05-28T07:59:28,2025-05-30T05:20:52
A-07378,ORG-009,medium,privilege_escalation,ASSET-ORG-009-103,,2025-01-24T08:04:56,2025-01-26T03:23:50
A-07379,ORG-009,critical,phishing,ASSET-ORG-009-081,CASE-01907,2025-03-29T11:14:06,2025-03-29T13:41:07
A-07380,ORG-009,critical,brute_force,ASSET-ORG-009-048,,2025-06-25T21:24:47,2025-06-26T00:59:26
A-07381,ORG-009,medium,lateral_movement,ASSET-ORG-009-077,,2025-03-16T17:35:21,2025-03-19T01:21:18
A-07382,ORG-009,high,recon,ASSET-ORG-009-186,,2025-01-26T16:44:27,2025-01-27T10:32:07
A-07383,ORG-009,critical,phishing,ASSET-ORG-009-087,CASE-01813,2025-05-25T03:28:02,2025-05-25T09:51:37
A-07384,ORG-009,critical,lateral_movement,ASSET-ORG-009-045,,2025-04-03T11:30:13,2025-04-03T17:57:55
A-07385,ORG-009,medium,phishing,ASSET-ORG-009-011,,2025-06-06T03:32:30,2025-06-07T21:27:08
A-07386,ORG-009,critical,malware,ASSET-ORG-009-155,,2025-04-20T19:18:46,2025-04-20T23:00:20
A-07387,ORG-009,critical,data_exfil,ASSET-ORG-009-236,CASE-01775,2025-05-10T23:54:30,2025-05-11T03:07:11
A-07388,ORG-009,critical,data_exfil,ASSET-ORG-009-001,,2025-06-17T15:19:21,2025-06-17T21:58:31
A-07389,ORG-009,medium,brute_force,ASSET-ORG-009-047,CASE-01926,2025-05-13T21:10:33,2025-05-16T20:26:04
A-07390,ORG-009,low,data_exfil,ASSET-ORG-009-074,,2025-04-01T19:52:01,2025-04-05T11:25:10
A-07391,ORG-009,medium,phishing,ASSET-ORG-009-222,,2025-02-08T11:15:27,2025-02-09T19:40:42
A-07392,ORG-009,low,lateral_movement,ASSET-ORG-009-039,,2025-05-23T14:44:09,2025-05-28T09:30:11
A-07393,ORG-009,high,lateral_movement,ASSET-ORG-009-222,,2025-02-05T17:08:46,2025-02-06T07:56:14
A-07394,ORG-009,low,malware,ASSET-ORG-009-137,,2025-03-13T10:47:01,2025-03-18T06:08:31
A-07395,ORG-009,medium,recon,ASSET-ORG-009-220,,2025-01-05T00:03:33,2025-01-06T18:11:25
A-07396,ORG-009,high,malware,ASSET-ORG-009-244,,2025-05-04T12:03:11,2025-05-04T20:28:51
A-07397,ORG-009,low,malware,ASSET-ORG-009-235,,2025-05-10T11:54:10,2025-05-15T14:49:26
A-07398,ORG-009,critical,data_exfil,ASSET-ORG-009-175,,2025-01-02T18:24:26,2025-01-02T20:50:23
A-07399,ORG-009,low,data_exfil,ASSET-ORG-009-216,,2025-01-31T09:41:39,2025-02-04T08:03:58
A-07400,ORG-009,medium,recon,ASSET-ORG-009-169,,2025-02-08T07:56:00,2025-02-09T08:19:29
A-07401,ORG-009,medium,lateral_movement,ASSET-ORG-009-120,CASE-01977,2025-01-21T12:08:40,2025-01-23T12:47:04
A-07402,ORG-009,low,malware,ASSET-ORG-009-248,CASE-01961,2025-06-02T00:49:38,2025-06-07T11:23:52
A-07403,ORG-009,medium,recon,ASSET-ORG-009-259,,2025-03-28T05:47:08,2025-03-29T06:23:14
A-07404,ORG-009,high,malware,ASSET-ORG-009-026,,2025-02-12T20:30:19,2025-02-13T14:06:22
A-07405,ORG-009,high,malware,ASSET-ORG-009-203,,2025-01-06T15:34:22,2025-01-07T03:03:11
A-07406,ORG-009,high,privilege_escalation,ASSET-ORG-009-258,,2025-01-12T17:05:27,2025-01-13T09:39:03
A-07407,ORG-009,critical,phishing,ASSET-ORG-009-111,,2025-01-16T09:36:39,2025-01-16T16:52:05
A-07408,ORG-009,low,malware,ASSET-ORG-009-130,CASE-01901,2025-04-24T20:15:49,2025-04-27T21:06:32
A-07409,ORG-009,low,privilege_escalation,ASSET-ORG-009-028,,2025-06-03T09:40:27,2025-06-07T06:38:33
A-07410,ORG-009,medium,recon,ASSET-ORG-009-018,,2025-03-05T17:27:43,2025-03-07T16:58:59
A-07411,ORG-009,medium,data_exfil,ASSET-ORG-009-250,CASE-01792,2025-01-06T09:31:09,2025-01-08T10:39:18
A-07412,ORG-009,critical,brute_force,ASSET-ORG-009-126,CASE-01793,2025-03-04T10:32:46,2025-03-04T14:20:38
A-07413,ORG-009,high,brute_force,ASSET-ORG-009-273,,2025-02-21T10:15:47,2025-02-22T05:18:57
A-07414,ORG-009,critical,privilege_escalation,ASSET-ORG-009-265,,2025-03-06T21:14:34,2025-03-07T04:53:18
A-07415,ORG-009,medium,phishing,ASSET-ORG-009-124,,2025-05-06T23:13:59,2025-05-08T00:20:26
A-07416,ORG-009,high,recon,ASSET-ORG-009-041,CASE-01821,2025-01-13T19:42:16,2025-01-14T18:44:14
A-07417,ORG-009,critical,privilege_escalation,ASSET-ORG-009-061,,2025-06-23T17:35:23,2025-06-24T00:01:06
A-07418,ORG-009,high,malware,ASSET-ORG-009-053,CASE-01865,2025-02-23T10:57:43,2025-02-23T23:25:17
A-07419,ORG-009,critical,recon,ASSET-ORG-009-066,,2025-02-23T06:17:00,2025-02-23T10:46:55
A-07420,ORG-009,high,malware,ASSET-ORG-009-261,,2025-06-05T16:24:43,2025-06-06T05:45:49
A-07421,ORG-009,medium,lateral_movement,ASSET-ORG-009-108,,2025-01-24T19:55:58,2025-01-26T10:40:11
A-07422,ORG-009,low,lateral_movement,ASSET-ORG-009-160,,2025-01-03T15:14:10,2025-01-07T15:39:24
A-07423,ORG-009,medium,recon,ASSET-ORG-009-036,,2025-03-20T14:10:54,2025-03-21T23:11:22
A-07424,ORG-009,low,malware,ASSET-ORG-009-236,,2025-06-20T09:47:49,2025-06-24T06:44:26
A-07425,ORG-009,medium,brute_force,ASSET-ORG-009-077,,2025-01-12T13:29:46,2025-01-15T01:48:07
A-07426,ORG-009,low,malware,ASSET-ORG-009-163,CASE-01946,2025-02-10T19:43:41,2025-02-13T04:32:31
A-07427,ORG-009,medium,lateral_movement,ASSET-ORG-009-210,,2025-03-31T00:32:32,2025-04-01T18:55:50
A-07428,ORG-009,high,privilege_escalation,ASSET-ORG-009-215,,2025-03-30T06:29:10,2025-03-30T18:32:27
A-07429,ORG-009,critical,malware,ASSET-ORG-009-246,,2025-06-04T23:26:58,2025-06-05T06:33:52
A-07430,ORG-009,critical,recon,ASSET-ORG-009-056,,2025-03-06T04:01:41,2025-03-06T10:17:25
A-07431,ORG-009,medium,recon,ASSET-ORG-009-094,,2025-02-14T20:15:30,2025-02-16T16:16:55
A-07432,ORG-009,low,phishing,ASSET-ORG-009-128,,2025-05-11T20:22:38,2025-05-15T19:48:53
A-07433,ORG-009,medium,phishing,ASSET-ORG-009-062,,2025-02-13T06:14:47,2025-02-16T05:08:31
A-07434,ORG-009,high,phishing,ASSET-ORG-009-168,,2025-04-21T07:14:29,2025-04-22T01:27:26
A-07435,ORG-009,medium,recon,ASSET-ORG-009-260,,2025-04-28T17:43:12,2025-04-30T11:32:26
A-07436,ORG-009,medium,lateral_movement,ASSET-ORG-009-008,,2025-05-01T01:50:40,2025-05-02T22:24:25
A-07437,ORG-009,high,brute_force,ASSET-ORG-009-258,,2025-04-24T15:20:25,2025-04-25T04:06:27
A-07438,ORG-009,low,data_exfil,ASSET-ORG-009-008,,2025-03-27T18:43:09,2025-04-01T07:25:18
A-07439,ORG-009,low,privilege_escalation,ASSET-ORG-009-167,CASE-01903,2025-04-21T16:27:04,2025-04-26T08:05:40
A-07440,ORG-009,high,phishing,ASSET-ORG-009-148,,2025-04-15T10:13:21,2025-04-16T05:21:20
A-07441,ORG-009,medium,phishing,ASSET-ORG-009-003,,2025-05-23T17:39:10,2025-05-26T01:47:17
A-07442,ORG-009,high,data_exfil,ASSET-ORG-009-214,,2025-01-12T12:20:54,2025-01-13T09:26:22
A-07443,ORG-009,low,privilege_escalation,ASSET-ORG-009-070,,2025-06-07T02:12:53,2025-06-10T21:55:59
A-07444,ORG-009,critical,lateral_movement,ASSET-ORG-009-033,,2025-05-01T08:21:37,2025-05-01T16:14:45
A-07445,ORG-009,medium,malware,ASSET-ORG-009-012,,2025-06-17T23:45:59,2025-06-19T11:31:36
A-07446,ORG-009,high,privilege_escalation,ASSET-ORG-009-274,,2025-01-21T01:39:10,2025-01-21T16:57:10
A-07447,ORG-009,low,brute_force,ASSET-ORG-009-265,,2025-02-07T20:05:16,2025-02-11T18:36:31
A-07448,ORG-009,medium,recon,ASSET-ORG-009-113,,2025-01-30T01:18:00,2025-02-01T14:01:34
A-07449,ORG-009,high,privilege_escalation,ASSET-ORG-009-279,,2025-06-08T08:15:52,2025-06-09T00:50:43
A-07450,ORG-009,low,privilege_escalation,ASSET-ORG-009-252,,2025-05-23T12:54:08,2025-05-27T13:58:22
A-07451,ORG-009,medium,malware,ASSET-ORG-009-213,,2025-04-13T02:12:58,2025-04-14T21:38:23
A-07452,ORG-009,high,privilege_escalation,ASSET-ORG-009-159,,2025-05-15T13:03:37,2025-05-16T07:42:25
A-07453,ORG-009,medium,lateral_movement,ASSET-ORG-009-139,,2025-04-20T07:09:05,2025-04-23T03:25:18
A-07454,ORG-009,critical,malware,ASSET-ORG-009-041,CASE-01840,2025-01-02T07:45:38,2025-01-02T14:47:18
A-07455,ORG-009,critical,phishing,ASSET-ORG-009-193,CASE-01901,2025-06-10T04:48:04,2025-06-10T10:16:54
A-07456,ORG-009,medium,phishing,ASSET-ORG-009-138,,2025-04-07T03:36:13,2025-04-08T19:42:44
A-07457,ORG-009,high,malware,ASSET-ORG-009-151,,2025-04-20T18:44:56,2025-04-21T14:10:26
A-07458,ORG-009,critical,privilege_escalation,ASSET-ORG-009-016,,2025-06-29T15:05:22,2025-06-29T21:12:57
A-07459,ORG-009,medium,phishing,ASSET-ORG-009-174,,2025-03-12T09:25:50,2025-03-14T13:29:52
A-07460,ORG-009,high,privilege_escalation,ASSET-ORG-009-267,,2025-01-29T21:26:12,2025-01-30T15:32:12
A-07461,ORG-009,high,data_exfil,ASSET-ORG-009-024,,2025-04-14T10:18:35,2025-04-15T03:53:09
A-07462,ORG-009,critical,malware,ASSET-ORG-009-078,,2025-04-04T01:31:14,2025-04-04T06:49:20
A-07463,ORG-009,medium,recon,ASSET-ORG-009-137,CASE-01784,2025-05-11T02:30:56,2025-05-12T18:22:12
A-07464,ORG-009,medium,brute_force,ASSET-ORG-009-096,,2025-02-03T17:37:39,2025-02-05T09:01:25
A-07465,ORG-009,medium,data_exfil,ASSET-ORG-009-069,,2025-04-24T13:35:30,2025-04-26T20:40:52
A-07466,ORG-009,medium,recon,ASSET-ORG-009-203,CASE-01954,2025-01-16T08:02:52,2025-01-18T16:55:50
A-07467,ORG-009,medium,phishing,ASSET-ORG-009-222,,2025-02-21T18:52:13,2025-02-24T14:49:55
A-07468,ORG-009,high,brute_force,ASSET-ORG-009-248,CASE-01821,2025-01-27T23:21:48,2025-01-28T12:47:22
A-07469,ORG-009,critical,lateral_movement,ASSET-ORG-009-141,,2025-02-07T04:25:18,2025-02-07T06:48:09
A-07470,ORG-009,critical,brute_force,ASSET-ORG-009-243,,2025-01-19T21:28:07,2025-01-20T04:44:43
A-07471,ORG-009,high,lateral_movement,ASSET-ORG-009-258,CASE-01806,2025-01-06T16:18:00,2025-01-07T03:06:55
A-07472,ORG-009,high,malware,ASSET-ORG-009-214,,2025-04-20T12:29:27,2025-04-21T02:38:08
A-07473,ORG-009,critical,phishing,ASSET-ORG-009-062,,2025-03-28T04:11:11,2025-03-28T07:30:31
A-07474,ORG-009,low,malware,ASSET-ORG-009-011,,2025-01-09T21:04:31,2025-01-12T12:21:01
A-07475,ORG-009,high,brute_force,ASSET-ORG-009-016,,2025-02-12T07:21:36,2025-02-12T19:03:49
A-07476,ORG-009,critical,phishing,ASSET-ORG-009-094,,2025-03-17T07:38:32,2025-03-17T15:08:25
A-07477,ORG-009,medium,malware,ASSET-ORG-009-029,,2025-01-29T20:18:08,2025-02-01T10:37:06
A-07478,ORG-009,high,privilege_escalation,ASSET-ORG-009-065,,2025-01-21T03:58:23,2025-01-21T13:18:46
A-07479,ORG-009,high,phishing,ASSET-ORG-009-018,CASE-01898,2025-05-01T14:56:01,2025-05-02T10:37:27
A-07480,ORG-009,medium,recon,ASSET-ORG-009-077,,2025-01-11T09:05:49,2025-01-13T05:34:10
A-07481,ORG-009,medium,privilege_escalation,ASSET-ORG-009-072,CASE-01970,2025-03-06T03:00:27,2025-03-07T05:57:17
A-07482,ORG-009,medium,lateral_movement,ASSET-ORG-009-122,,2025-02-04T12:20:26,2025-02-05T16:59:48
A-07483,ORG-009,medium,lateral_movement,ASSET-ORG-009-142,,2025-03-12T22:32:11,2025-03-15T20:18:27
A-07484,ORG-009,critical,data_exfil,ASSET-ORG-009-250,,2025-05-29T20:59:03,2025-05-29T23:02:23
A-07485,ORG-009,high,recon,ASSET-ORG-009-070,,2025-05-30T07:30:26,2025-05-30T17:04:11
A-07486,ORG-009,medium,malware,ASSET-ORG-009-231,,2025-04-15T14:20:48,2025-04-18T05:28:37
A-07487,ORG-009,low,recon,ASSET-ORG-009-086,CASE-01918,2025-06-30T04:56:36,
A-07488,ORG-009,low,phishing,ASSET-ORG-009-138,,2025-05-14T04:36:00,2025-05-19T09:12:31
A-07489,ORG-009,critical,data_exfil,ASSET-ORG-009-047,,2025-03-27T06:37:19,2025-03-27T12:44:45
A-07490,ORG-009,high,phishing,ASSET-ORG-009-013,,2025-02-12T03:25:17,2025-02-12T18:36:52
A-07491,ORG-009,low,recon,ASSET-ORG-009-136,,2025-05-31T21:28:49,2025-06-04T13:57:01
A-07492,ORG-009,medium,malware,ASSET-ORG-009-145,,2025-01-24T08:47:57,2025-01-25T23:59:24
A-07493,ORG-009,medium,recon,ASSET-ORG-009-154,CASE-01820,2025-05-26T09:43:12,2025-05-28T21:33:45
A-07494,ORG-009,high,malware,ASSET-ORG-009-185,,2025-06-11T09:37:26,2025-06-12T00:27:37
A-07495,ORG-009,critical,lateral_movement,ASSET-ORG-009-252,CASE-01791,2025-05-31T15:10:17,2025-05-31T19:02:21
A-07496,ORG-009,high,phishing,ASSET-ORG-009-210,,2025-05-04T01:34:59,2025-05-04T16:47:58
A-07497,ORG-009,high,recon,ASSET-ORG-009-049,CASE-01827,2025-02-22T07:39:43,2025-02-22T21:19:13
A-07498,ORG-009,critical,lateral_movement,ASSET-ORG-009-220,,2025-01-02T10:02:45,2025-01-02T14:40:27
A-07499,ORG-009,medium,recon,ASSET-ORG-009-076,CASE-01875,2025-04-09T02:54:52,2025-04-11T12:10:35
A-07500,ORG-009,critical,lateral_movement,ASSET-ORG-009-272,,2025-01-28T06:48:16,2025-01-28T11:33:23
A-07501,ORG-009,medium,recon,ASSET-ORG-009-192,,2025-04-10T13:05:56,2025-04-13T07:42:30
A-07502,ORG-009,high,brute_force,ASSET-ORG-009-045,,2025-04-01T03:33:32,2025-04-01T14:39:01
A-07503,ORG-009,high,recon,ASSET-ORG-009-144,,2025-03-09T06:12:58,2025-03-09T17:54:40
A-07504,ORG-009,critical,lateral_movement,ASSET-ORG-009-041,,2025-01-12T06:19:29,2025-01-12T11:40:44
A-07505,ORG-009,medium,malware,ASSET-ORG-009-126,,2025-01-29T08:21:55,2025-01-31T06:39:15
A-07506,ORG-009,high,brute_force,ASSET-ORG-009-059,,2025-04-30T11:12:06,2025-05-01T01:33:31
A-07507,ORG-009,critical,data_exfil,ASSET-ORG-009-099,,2025-04-22T19:53:13,2025-04-23T03:33:15
A-07508,ORG-009,low,data_exfil,ASSET-ORG-009-230,,2025-04-26T09:41:12,2025-04-30T00:21:41
A-07509,ORG-009,medium,data_exfil,ASSET-ORG-009-100,,2025-04-04T22:43:11,2025-04-06T00:58:56
A-07510,ORG-009,low,phishing,ASSET-ORG-009-223,CASE-01791,2025-03-23T01:42:56,2025-03-27T21:07:17
A-07511,ORG-009,high,phishing,ASSET-ORG-009-013,,2025-06-01T23:39:38,2025-06-02T22:10:23
A-07512,ORG-009,medium,malware,ASSET-ORG-009-279,CASE-01885,2025-04-05T23:00:36,2025-04-08T20:42:14
A-07513,ORG-009,high,malware,ASSET-ORG-009-277,,2025-05-24T19:48:27,2025-05-25T11:05:19
A-07514,ORG-009,critical,lateral_movement,ASSET-ORG-009-146,,2025-02-22T15:24:05,2025-02-22T23:17:07
A-07515,ORG-009,critical,lateral_movement,ASSET-ORG-009-134,CASE-01937,2025-06-12T10:25:17,2025-06-12T17:19:50
A-07516,ORG-009,high,brute_force,ASSET-ORG-009-265,CASE-01851,2025-05-25T18:38:19,2025-05-26T12:09:22
A-07517,ORG-009,medium,recon,ASSET-ORG-009-146,,2025-04-05T18:45:56,2025-04-07T02:58:35
A-07518,ORG-009,low,data_exfil,ASSET-ORG-009-080,,2025-03-10T20:35:16,2025-03-15T02:02:58
A-07519,ORG-009,medium,brute_force,ASSET-ORG-009-201,,2025-01-02T01:10:13,2025-01-04T01:59:10
A-07520,ORG-009,critical,recon,ASSET-ORG-009-071,,2025-03-04T03:11:40,2025-03-04T06:10:21
A-07521,ORG-009,low,phishing,ASSET-ORG-009-053,CASE-01913,2025-05-20T10:35:24,2025-05-26T06:39:20
A-07522,ORG-009,critical,brute_force,ASSET-ORG-009-019,,2025-04-08T00:55:02,2025-04-08T03:19:43
A-07523,ORG-009,medium,privilege_escalation,ASSET-ORG-009-197,,2025-02-05T07:24:25,2025-02-06T15:38:55
A-07524,ORG-009,low,malware,ASSET-ORG-009-259,,2025-04-02T02:43:46,2025-04-07T04:34:20
A-07525,ORG-009,low,privilege_escalation,ASSET-ORG-009-274,CASE-01803,2025-06-21T05:35:00,2025-06-24T07:36:05
A-07526,ORG-009,medium,lateral_movement,ASSET-ORG-009-156,,2025-01-12T21:35:58,2025-01-15T00:20:35
A-07527,ORG-009,medium,recon,ASSET-ORG-009-197,,2025-03-10T20:46:39,2025-03-13T18:02:47
A-07528,ORG-009,medium,phishing,ASSET-ORG-009-138,,2025-05-28T18:41:27,2025-05-30T17:48:51
A-07529,ORG-009,low,data_exfil,ASSET-ORG-009-122,,2025-02-10T07:06:47,2025-02-14T09:32:01
A-07530,ORG-009,critical,privilege_escalation,ASSET-ORG-009-091,,2025-05-20T19:50:37,2025-05-21T01:01:16
A-07531,ORG-009,critical,malware,ASSET-ORG-009-140,,2025-06-16T19:33:18,2025-06-16T22:44:54
A-07532,ORG-009,high,malware,ASSET-ORG-009-268,,2025-05-24T19:09:52,2025-05-25T03:54:54
A-07533,ORG-009,critical,recon,ASSET-ORG-009-101,CASE-01819,2025-02-06T12:36:43,2025-02-06T14:54:42
A-07534,ORG-009,critical,recon,ASSET-ORG-009-278,CASE-01953,2025-01-11T05:53:18,2025-01-11T11:42:18
A-07535,ORG-009,medium,lateral_movement,ASSET-ORG-009-061,,2025-05-24T08:19:51,2025-05-26T11:23:42
A-07536,ORG-009,medium,brute_force,ASSET-ORG-009-194,,2025-04-27T11:43:45,2025-04-29T19:50:48
A-07537,ORG-009,high,malware,ASSET-ORG-009-125,,2025-02-12T00:31:03,2025-02-12T09:05:55
A-07538,ORG-009,high,lateral_movement,ASSET-ORG-009-058,,2025-01-21T21:45:49,2025-01-22T21:20:22
A-07539,ORG-009,high,lateral_movement,ASSET-ORG-009-140,,2025-01-14T03:49:17,2025-01-14T17:57:41
A-07540,ORG-009,high,privilege_escalation,ASSET-ORG-009-261,,2025-03-31T07:54:48,2025-03-31T22:02:09
A-07541,ORG-009,high,lateral_movement,ASSET-ORG-009-003,,2025-02-27T12:24:19,2025-02-28T10:01:43
A-07542,ORG-009,medium,data_exfil,ASSET-ORG-009-181,,2025-01-06T18:19:49,2025-01-08T05:22:40
A-07543,ORG-009,high,recon,ASSET-ORG-009-275,,2025-05-17T01:15:05,2025-05-17T15:41:43
A-07544,ORG-009,low,phishing,ASSET-ORG-009-037,,2025-05-04T22:56:50,2025-05-10T03:42:53
A-07545,ORG-009,high,lateral_movement,ASSET-ORG-009-228,,2025-01-29T19:32:32,2025-01-30T10:27:20
A-07546,ORG-009,critical,data_exfil,ASSET-ORG-009-190,CASE-01855,2025-03-11T05:23:51,2025-03-11T12:57:44
A-07547,ORG-009,critical,data_exfil,ASSET-ORG-009-069,CASE-01853,2025-01-17T23:48:50,2025-01-18T07:25:35
A-07548,ORG-009,medium,phishing,ASSET-ORG-009-151,CASE-01808,2025-02-19T21:27:47,2025-02-21T07:50:17
A-07549,ORG-009,high,phishing,ASSET-ORG-009-174,,2025-02-11T13:35:59,2025-02-12T09:46:47
A-07550,ORG-009,high,brute_force,ASSET-ORG-009-143,,2025-01-12T16:46:57,2025-01-13T06:57:26
A-07551,ORG-009,medium,malware,ASSET-ORG-009-184,,2025-04-01T22:04:19,2025-04-03T11:09:46
A-07552,ORG-009,medium,lateral_movement,ASSET-ORG-009-130,,2025-03-01T11:40:28,2025-03-04T08:31:09
A-07553,ORG-009,critical,privilege_escalation,ASSET-ORG-009-072,,2025-06-22T19:45:02,2025-06-22T22:32:58
A-07554,ORG-009,medium,privilege_escalation,ASSET-ORG-009-193,CASE-01881,2025-02-03T08:50:46,2025-02-05T13:39:41
A-07555,ORG-009,high,lateral_movement,ASSET-ORG-009-046,,2025-01-13T09:59:12,2025-01-13T22:03:16
A-07556,ORG-009,critical,brute_force,ASSET-ORG-009-101,,2025-01-02T18:53:52,2025-01-02T21:22:47
A-07557,ORG-009,medium,brute_force,ASSET-ORG-009-189,,2025-02-13T23:11:45,2025-02-16T02:59:43
A-07558,ORG-009,critical,phishing,ASSET-ORG-009-275,,2025-03-07T19:06:28,2025-03-08T01:12:41
A-07559,ORG-009,critical,phishing,ASSET-ORG-009-177,,2025-04-23T04:10:23,2025-04-23T11:18:35
A-07560,ORG-009,medium,malware,ASSET-ORG-009-270,CASE-01892,2025-01-20T05:16:54,2025-01-21T06:28:33
A-07561,ORG-009,critical,recon,ASSET-ORG-009-209,,2025-03-11T09:38:43,2025-03-11T12:50:47
A-07562,ORG-009,high,lateral_movement,ASSET-ORG-009-139,,2025-04-03T04:50:12,2025-04-03T14:21:30
A-07563,ORG-009,medium,privilege_escalation,ASSET-ORG-009-278,,2025-03-20T00:10:04,2025-03-21T03:52:05
A-07564,ORG-009,high,data_exfil,ASSET-ORG-009-037,CASE-01992,2025-06-13T23:36:57,2025-06-14T11:22:15
A-07565,ORG-009,low,data_exfil,ASSET-ORG-009-038,,2025-01-15T10:48:46,2025-01-17T15:12:45
A-07566,ORG-009,medium,phishing,ASSET-ORG-009-102,,2025-05-07T18:46:12,2025-05-09T06:32:39
A-07567,ORG-009,critical,recon,ASSET-ORG-009-190,,2025-03-25T11:21:16,2025-03-25T14:43:30
A-07568,ORG-009,medium,malware,ASSET-ORG-009-006,CASE-01781,2025-02-15T17:15:09,2025-02-18T00:26:18
A-07569,ORG-009,high,data_exfil,ASSET-ORG-009-234,CASE-01897,2025-04-26T14:32:00,2025-04-27T09:38:54
A-07570,ORG-009,medium,phishing,ASSET-ORG-009-208,,2025-03-04T23:49:19,2025-03-07T10:13:40
A-07571,ORG-009,high,phishing,ASSET-ORG-009-095,,2025-03-12T22:37:20,2025-03-13T15:17:22
A-07572,ORG-009,high,malware,ASSET-ORG-009-130,CASE-01823,2025-01-29T13:00:17,2025-01-30T07:48:35
A-07573,ORG-009,low,recon,ASSET-ORG-009-215,,2025-02-06T04:50:58,2025-02-08T21:16:36
A-07574,ORG-009,high,phishing,ASSET-ORG-009-018,,2025-03-15T05:39:09,2025-03-15T22:41:20
A-07575,ORG-009,medium,brute_force,ASSET-ORG-009-148,CASE-01950,2025-04-23T19:21:00,2025-04-24T20:45:49
A-07576,ORG-009,low,recon,ASSET-ORG-009-070,CASE-01799,2025-06-23T23:34:15,2025-06-27T13:00:57
A-07577,ORG-009,high,recon,ASSET-ORG-009-175,,2025-04-24T20:50:14,2025-04-25T15:19:14
A-07578,ORG-009,high,recon,ASSET-ORG-009-022,CASE-01909,2025-03-21T15:48:37,2025-03-22T12:31:38
A-07579,ORG-009,high,privilege_escalation,ASSET-ORG-009-122,,2025-01-01T05:51:39,2025-01-01T18:06:27
A-07580,ORG-009,low,phishing,ASSET-ORG-009-087,CASE-01978,2025-04-16T09:30:25,2025-04-21T21:03:35
A-07581,ORG-009,high,brute_force,ASSET-ORG-009-197,,2025-03-07T21:02:47,2025-03-08T05:19:19
A-07582,ORG-009,medium,privilege_escalation,ASSET-ORG-009-185,,2025-03-12T00:54:52,2025-03-14T07:35:45
A-07583,ORG-009,high,malware,ASSET-ORG-009-175,,2025-04-03T19:43:48,2025-04-04T09:19:07
A-07584,ORG-009,critical,privilege_escalation,ASSET-ORG-009-195,CASE-01827,2025-01-11T15:14:51,2025-01-11T19:46:34
A-07585,ORG-009,high,recon,ASSET-ORG-009-216,CASE-01970,2025-05-29T02:37:03,2025-05-29T16:59:21
A-07586,ORG-009,critical,privilege_escalation,ASSET-ORG-009-232,,2025-03-01T17:19:38,2025-03-02T00:40:48
A-07587,ORG-009,medium,malware,ASSET-ORG-009-215,CASE-01898,2025-02-25T18:09:13,2025-02-27T04:42:50
A-07588,ORG-009,high,malware,ASSET-ORG-009-236,,2025-06-06T18:51:46,2025-06-07T17:37:23
A-07589,ORG-009,medium,recon,ASSET-ORG-009-248,CASE-01861,2025-04-19T13:49:59,2025-04-21T22:13:02
A-07590,ORG-009,high,privilege_escalation,ASSET-ORG-009-111,,2025-06-21T10:27:40,2025-06-21T19:53:49
A-07591,ORG-009,medium,lateral_movement,ASSET-ORG-009-190,,2025-03-10T03:59:18,2025-03-11T10:06:18
A-07592,ORG-009,critical,data_exfil,ASSET-ORG-009-171,CASE-01886,2025-02-16T18:50:12,2025-02-17T00:32:07
A-07593,ORG-009,low,phishing,ASSET-ORG-009-158,,2025-03-21T12:50:15,2025-03-24T03:31:13
A-07594,ORG-009,high,brute_force,ASSET-ORG-009-038,,2025-06-17T12:12:06,2025-06-17T22:14:43
A-07595,ORG-009,medium,recon,ASSET-ORG-009-078,CASE-01921,2025-01-19T03:06:40,2025-01-21T04:30:48
A-07596,ORG-009,high,data_exfil,ASSET-ORG-009-225,CASE-01930,2025-02-05T18:50:59,2025-02-06T06:45:22
A-07597,ORG-009,medium,brute_force,ASSET-ORG-009-113,,2025-05-23T13:15:36,2025-05-25T19:13:54
A-07598,ORG-009,medium,data_exfil,ASSET-ORG-009-007,,2025-05-15T14:42:26,2025-05-18T07:15:12
A-07599,ORG-009,low,lateral_movement,ASSET-ORG-009-139,CASE-01968,2025-06-13T02:52:40,2025-06-18T15:36:08
A-07600,ORG-009,high,lateral_movement,ASSET-ORG-009-074,,2025-06-23T04:16:55,2025-06-23T22:29:46
A-07601,ORG-009,high,phishing,ASSET-ORG-009-173,CASE-01968,2025-05-22T03:54:41,2025-05-23T00:24:18
A-07602,ORG-009,high,recon,ASSET-ORG-009-028,,2025-04-22T12:52:26,2025-04-23T00:36:31
A-07603,ORG-009,medium,phishing,ASSET-ORG-009-117,CASE-01936,2025-05-15T02:26:37,2025-05-16T10:35:40
A-07604,ORG-009,low,brute_force,ASSET-ORG-009-017,CASE-01971,2025-01-16T02:04:29,2025-01-20T17:05:22
A-07605,ORG-009,critical,phishing,ASSET-ORG-009-156,CASE-01894,2025-03-31T00:08:27,2025-03-31T03:36:29
A-07606,ORG-009,medium,privilege_escalation,ASSET-ORG-009-011,,2025-03-03T21:34:26,2025-03-06T20:35:28
A-07607,ORG-009,medium,lateral_movement,ASSET-ORG-009-258,,2025-02-25T09:12:51,2025-02-27T13:48:50
A-07608,ORG-009,critical,privilege_escalation,ASSET-ORG-009-273,CASE-01875,2025-01-23T07:24:23,2025-01-23T13:28:42
A-07609,ORG-009,critical,malware,ASSET-ORG-009-144,,2025-03-30T19:01:19,2025-03-31T02:28:55
A-07610,ORG-009,low,recon,ASSET-ORG-009-067,,2025-06-23T08:52:10,2025-06-27T15:11:12
A-07611,ORG-009,medium,phishing,ASSET-ORG-009-240,,2025-02-01T19:05:32,2025-02-03T18:54:30
A-07612,ORG-009,critical,malware,ASSET-ORG-009-142,,2025-01-21T13:59:34,2025-01-21T19:54:17
A-07613,ORG-009,high,recon,ASSET-ORG-009-174,,2025-01-18T04:24:40,2025-01-18T18:23:54
A-07614,ORG-009,medium,privilege_escalation,ASSET-ORG-009-023,,2025-02-03T17:32:12,2025-02-05T07:39:08
A-07615,ORG-009,medium,recon,ASSET-ORG-009-077,,2025-04-18T05:35:29,2025-04-20T14:05:48
A-07616,ORG-009,high,data_exfil,ASSET-ORG-009-159,,2025-04-06T09:42:39,2025-04-06T20:34:23
A-07617,ORG-009,medium,lateral_movement,ASSET-ORG-009-254,,2025-04-01T01:01:25,2025-04-03T02:39:48
A-07618,ORG-009,high,privilege_escalation,ASSET-ORG-009-129,,2025-06-04T13:24:29,2025-06-05T10:33:16
A-07619,ORG-009,medium,lateral_movement,ASSET-ORG-009-199,,2025-06-07T06:47:51,2025-06-08T07:13:23
A-07620,ORG-009,critical,malware,ASSET-ORG-009-054,,2025-04-11T06:37:18,2025-04-11T11:58:14
A-07621,ORG-009,high,lateral_movement,ASSET-ORG-009-063,,2025-04-30T16:13:54,2025-05-01T15:23:44
A-07622,ORG-009,high,lateral_movement,ASSET-ORG-009-267,,2025-03-18T14:09:51,2025-03-18T22:36:13
A-07623,ORG-009,medium,lateral_movement,ASSET-ORG-009-079,,2025-06-18T18:54:27,2025-06-20T22:59:11
A-07624,ORG-009,critical,malware,ASSET-ORG-009-202,,2025-05-18T04:14:38,2025-05-18T06:50:33
A-07625,ORG-009,high,phishing,ASSET-ORG-009-020,,2025-01-01T04:13:28,2025-01-01T23:29:05
A-07626,ORG-009,low,malware,ASSET-ORG-009-042,,2025-06-22T07:33:07,2025-06-26T04:37:28
A-07627,ORG-009,low,recon,ASSET-ORG-009-168,,2025-03-21T03:37:28,2025-03-26T17:17:22
A-07628,ORG-009,critical,phishing,ASSET-ORG-009-265,,2025-06-19T05:01:17,2025-06-19T10:06:45
A-07629,ORG-009,medium,lateral_movement,ASSET-ORG-009-260,,2025-05-23T21:47:53,2025-05-25T23:55:18
A-07630,ORG-009,critical,phishing,ASSET-ORG-009-155,CASE-01987,2025-04-10T19:57:34,2025-04-11T02:20:09
A-07631,ORG-009,medium,lateral_movement,ASSET-ORG-009-169,CASE-01927,2025-01-17T07:32:07,2025-01-18T14:33:08
A-07632,ORG-009,low,malware,ASSET-ORG-009-193,,2025-04-12T09:23:40,2025-04-16T01:06:54
A-07633,ORG-009,medium,data_exfil,ASSET-ORG-009-243,CASE-01969,2025-04-27T00:16:08,2025-04-28T21:00:02
A-07634,ORG-009,critical,lateral_movement,ASSET-ORG-009-056,,2025-01-13T23:49:23,2025-01-14T02:48:18
A-07635,ORG-009,high,data_exfil,ASSET-ORG-009-144,,2025-01-23T12:05:34,2025-01-24T12:00:49
A-07636,ORG-009,medium,malware,ASSET-ORG-009-246,,2025-05-25T15:35:59,2025-05-26T18:21:49
A-07637,ORG-009,critical,malware,ASSET-ORG-009-169,,2025-03-22T03:30:18,2025-03-22T06:06:36
A-07638,ORG-009,high,lateral_movement,ASSET-ORG-009-032,CASE-01997,2025-03-27T12:53:55,2025-03-28T06:37:02
A-07639,ORG-009,medium,malware,ASSET-ORG-009-068,,2025-01-04T22:41:57,2025-01-07T14:46:15
A-07640,ORG-009,high,brute_force,ASSET-ORG-009-003,,2025-04-24T00:28:02,2025-04-24T18:49:55
A-07641,ORG-009,high,malware,ASSET-ORG-009-206,,2025-02-11T11:06:24,2025-02-12T00:09:27
A-07642,ORG-009,low,phishing,ASSET-ORG-009-218,CASE-01853,2025-06-30T02:20:01,
A-07643,ORG-009,critical,data_exfil,ASSET-ORG-009-024,,2025-02-01T22:33:05,2025-02-02T02:49:59
A-07644,ORG-009,medium,privilege_escalation,ASSET-ORG-009-192,,2025-03-08T04:57:47,2025-03-09T16:30:32
A-07645,ORG-009,critical,recon,ASSET-ORG-009-221,,2025-04-04T08:12:54,2025-04-04T10:35:41
A-07646,ORG-009,medium,malware,ASSET-ORG-009-025,,2025-01-17T11:45:11,2025-01-19T21:54:06
A-07647,ORG-009,medium,data_exfil,ASSET-ORG-009-025,,2025-03-14T23:30:55,2025-03-16T01:25:09
A-07648,ORG-009,low,privilege_escalation,ASSET-ORG-009-178,CASE-01890,2025-03-23T11:59:53,2025-03-28T13:43:28
A-07649,ORG-009,high,data_exfil,ASSET-ORG-009-072,CASE-01840,2025-06-16T11:47:55,2025-06-17T00:55:30
A-07650,ORG-009,high,privilege_escalation,ASSET-ORG-009-031,,2025-03-07T10:04:28,2025-03-08T09:19:56
A-07651,ORG-009,low,phishing,ASSET-ORG-009-098,CASE-01835,2025-06-21T04:17:51,2025-06-24T11:01:43
A-07652,ORG-009,medium,data_exfil,ASSET-ORG-009-246,,2025-06-01T13:33:36,2025-06-02T15:48:08
A-07653,ORG-009,medium,recon,ASSET-ORG-009-096,,2025-02-17T03:05:46,2025-02-18T10:41:52
A-07654,ORG-009,medium,phishing,ASSET-ORG-009-124,,2025-01-13T01:31:13,2025-01-15T09:10:49
A-07655,ORG-009,low,recon,ASSET-ORG-009-194,,2025-05-16T02:06:06,2025-05-19T21:04:27
A-07656,ORG-009,medium,data_exfil,ASSET-ORG-009-054,,2025-05-25T01:05:08,2025-05-27T20:59:57
A-07657,ORG-009,high,lateral_movement,ASSET-ORG-009-214,,2025-01-23T12:30:20,2025-01-24T08:19:24
A-07658,ORG-009,high,phishing,ASSET-ORG-009-100,CASE-01839,2025-06-13T00:33:23,2025-06-13T09:42:09
A-07659,ORG-009,high,brute_force,ASSET-ORG-009-273,,2025-05-24T02:56:27,2025-05-24T17:54:39
A-07660,ORG-009,medium,phishing,ASSET-ORG-009-107,,2025-02-19T20:29:47,2025-02-21T01:11:56
A-07661,ORG-009,critical,brute_force,ASSET-ORG-009-020,,2025-01-15T20:06:16,2025-01-16T00:38:01
A-07662,ORG-009,high,privilege_escalation,ASSET-ORG-009-015,,2025-01-16T22:24:34,2025-01-17T19:37:51
A-07663,ORG-009,low,lateral_movement,ASSET-ORG-009-140,,2025-05-17T05:39:17,2025-05-21T05:43:17
A-07664,ORG-009,critical,brute_force,ASSET-ORG-009-068,,2025-03-08T07:53:43,2025-03-08T10:25:08
A-07665,ORG-009,low,malware,ASSET-ORG-009-044,,2025-04-16T17:09:48,2025-04-20T15:45:11
A-07666,ORG-009,low,lateral_movement,ASSET-ORG-009-223,,2025-05-06T01:23:07,2025-05-08T13:40:25
A-07667,ORG-009,high,brute_force,ASSET-ORG-009-214,,2025-05-04T17:40:55,2025-05-05T08:34:53
A-07668,ORG-009,high,data_exfil,ASSET-ORG-009-060,,2025-01-16T03:36:33,2025-01-16T22:04:39
A-07669,ORG-009,medium,phishing,ASSET-ORG-009-078,,2025-04-20T00:26:04,2025-04-21T17:08:19
A-07670,ORG-009,medium,data_exfil,ASSET-ORG-009-114,CASE-01922,2025-02-28T18:50:20,2025-03-03T09:29:42
A-07671,ORG-009,low,malware,ASSET-ORG-009-224,,2025-05-12T16:45:20,2025-05-18T01:07:30
A-07672,ORG-009,high,privilege_escalation,ASSET-ORG-009-022,,2025-05-15T14:22:07,2025-05-16T08:21:54
A-07673,ORG-009,medium,phishing,ASSET-ORG-009-220,,2025-06-08T15:55:07,2025-06-10T06:29:51
A-07674,ORG-009,high,privilege_escalation,ASSET-ORG-009-132,,2025-02-04T22:42:12,2025-02-05T07:16:40
A-07675,ORG-009,high,data_exfil,ASSET-ORG-009-165,CASE-01939,2025-06-04T13:18:09,2025-06-05T10:51:37
A-07676,ORG-009,medium,lateral_movement,ASSET-ORG-009-258,CASE-01881,2025-05-18T16:10:26,2025-05-20T18:09:16
A-07677,ORG-009,low,malware,ASSET-ORG-009-208,,2025-06-04T10:10:50,2025-06-08T14:15:30
A-07678,ORG-009,low,data_exfil,ASSET-ORG-009-010,CASE-01909,2025-03-09T06:51:02,2025-03-12T09:15:37
A-07679,ORG-009,medium,malware,ASSET-ORG-009-111,,2025-01-08T22:32:41,2025-01-11T12:19:42
A-07680,ORG-009,low,privilege_escalation,ASSET-ORG-009-031,,2025-01-02T14:52:19,2025-01-08T06:05:25
A-07681,ORG-009,low,brute_force,ASSET-ORG-009-081,,2025-02-01T16:19:26,2025-02-04T04:13:57
A-07682,ORG-009,critical,privilege_escalation,ASSET-ORG-009-082,,2025-02-10T22:29:35,2025-02-11T00:31:55
A-07683,ORG-009,critical,malware,ASSET-ORG-009-239,,2025-05-07T02:05:37,2025-05-07T06:43:58
A-07684,ORG-009,critical,privilege_escalation,ASSET-ORG-009-031,,2025-02-28T16:06:38,2025-02-28T21:41:59
A-07685,ORG-009,medium,recon,ASSET-ORG-009-248,,2025-02-19T21:17:31,2025-02-21T10:41:14
A-07686,ORG-009,low,privilege_escalation,ASSET-ORG-009-257,CASE-01832,2025-06-29T03:22:41,
A-07687,ORG-009,critical,recon,ASSET-ORG-009-185,,2025-02-13T08:48:29,2025-02-13T11:05:58
A-07688,ORG-009,low,malware,ASSET-ORG-009-027,,2025-05-02T04:43:51,2025-05-06T10:46:25
A-07689,ORG-009,critical,recon,ASSET-ORG-009-252,CASE-01978,2025-03-16T19:07:19,2025-03-16T21:46:30
A-07690,ORG-009,low,recon,ASSET-ORG-009-138,,2025-02-22T18:08:17,2025-02-25T10:04:33
A-07691,ORG-009,low,recon,ASSET-ORG-009-012,CASE-01916,2025-05-20T11:24:55,2025-05-25T20:23:26
A-07692,ORG-009,medium,brute_force,ASSET-ORG-009-150,CASE-01870,2025-03-21T19:57:01,2025-03-23T13:34:02
A-07693,ORG-009,high,phishing,ASSET-ORG-009-180,CASE-01946,2025-04-02T12:26:32,2025-04-03T02:03:46
A-07694,ORG-009,high,recon,ASSET-ORG-009-195,,2025-03-04T19:25:17,2025-03-05T09:54:18
A-07695,ORG-009,medium,privilege_escalation,ASSET-ORG-009-200,,2025-06-22T01:24:11,2025-06-24T06:03:52
A-07696,ORG-009,medium,malware,ASSET-ORG-009-165,,2025-03-21T12:12:58,2025-03-24T10:06:28
A-07697,ORG-009,high,recon,ASSET-ORG-009-235,CASE-01979,2025-04-01T21:45:54,2025-04-02T17:33:48
A-07698,ORG-009,medium,privilege_escalation,ASSET-ORG-009-010,,2025-02-03T00:59:39,2025-02-05T09:38:43
A-07699,ORG-009,high,malware,ASSET-ORG-009-069,,2025-03-04T22:48:45,2025-03-05T12:30:12
A-07700,ORG-009,critical,privilege_escalation,ASSET-ORG-009-044,CASE-01936,2025-01-24T09:58:57,2025-01-24T17:27:41
A-07701,ORG-009,high,lateral_movement,ASSET-ORG-009-146,,2025-02-19T21:21:21,2025-02-20T20:41:49
A-07702,ORG-009,low,malware,ASSET-ORG-009-110,,2025-01-20T22:51:48,2025-01-26T08:24:38
A-07703,ORG-009,high,recon,ASSET-ORG-009-090,,2025-01-21T13:46:21,2025-01-22T08:50:10
A-07704,ORG-009,medium,brute_force,ASSET-ORG-009-230,,2025-04-27T20:00:08,2025-04-29T14:01:14
A-07705,ORG-009,critical,recon,ASSET-ORG-009-101,,2025-04-25T11:02:32,2025-04-25T14:19:10
A-07706,ORG-009,high,recon,ASSET-ORG-009-222,,2025-06-24T13:52:52,2025-06-25T08:21:28
A-07707,ORG-009,critical,lateral_movement,ASSET-ORG-009-213,,2025-05-24T09:13:38,2025-05-24T15:24:05
A-07708,ORG-009,critical,malware,ASSET-ORG-009-228,,2025-02-09T03:11:50,2025-02-09T08:23:46
A-07709,ORG-009,critical,lateral_movement,ASSET-ORG-009-112,,2025-05-11T06:04:38,2025-05-11T12:38:01
A-07710,ORG-009,low,lateral_movement,ASSET-ORG-009-140,,2025-01-22T05:16:42,2025-01-26T07:48:58
A-07711,ORG-009,medium,lateral_movement,ASSET-ORG-009-266,,2025-01-05T06:14:55,2025-01-07T19:06:15
A-07712,ORG-009,medium,data_exfil,ASSET-ORG-009-085,,2025-05-26T22:18:13,2025-05-28T16:24:16
A-07713,ORG-009,low,data_exfil,ASSET-ORG-009-044,,2025-01-11T19:31:46,2025-01-17T17:26:56
A-07714,ORG-009,medium,lateral_movement,ASSET-ORG-009-152,,2025-03-29T21:59:16,2025-03-31T17:39:29
A-07715,ORG-009,high,data_exfil,ASSET-ORG-009-276,,2025-03-22T04:04:48,2025-03-23T01:48:55
A-07716,ORG-009,medium,malware,ASSET-ORG-009-115,,2025-01-17T12:23:30,2025-01-19T00:17:41
A-07717,ORG-009,medium,privilege_escalation,ASSET-ORG-009-275,,2025-01-17T17:48:14,2025-01-19T19:53:01
A-07718,ORG-009,critical,privilege_escalation,ASSET-ORG-009-054,,2025-05-19T00:36:23,2025-05-19T05:34:24
A-07719,ORG-009,medium,privilege_escalation,ASSET-ORG-009-280,,2025-03-07T17:47:02,2025-03-10T07:29:00
A-07720,ORG-009,medium,malware,ASSET-ORG-009-255,,2025-05-01T15:16:05,2025-05-02T22:36:07
A-07721,ORG-009,low,lateral_movement,ASSET-ORG-009-108,CASE-01842,2025-02-26T03:23:22,2025-03-01T13:35:35
A-07722,ORG-009,medium,data_exfil,ASSET-ORG-009-152,CASE-01958,2025-01-13T16:38:52,2025-01-15T21:25:27
A-07723,ORG-009,medium,recon,ASSET-ORG-009-053,CASE-01835,2025-02-11T14:28:18,2025-02-14T10:23:26
A-07724,ORG-009,medium,data_exfil,ASSET-ORG-009-091,,2025-06-02T21:37:03,2025-06-04T17:36:02
A-07725,ORG-009,high,lateral_movement,ASSET-ORG-009-239,,2025-06-27T17:45:54,2025-06-28T07:53:24
A-07726,ORG-009,medium,recon,ASSET-ORG-009-227,CASE-01937,2025-02-07T01:12:58,2025-02-08T15:59:41
A-07727,ORG-009,low,privilege_escalation,ASSET-ORG-009-100,,2025-05-04T09:50:53,2025-05-06T11:10:38
A-07728,ORG-009,high,phishing,ASSET-ORG-009-023,,2025-05-25T17:49:10,2025-05-26T15:48:03
A-07729,ORG-009,low,privilege_escalation,ASSET-ORG-009-250,CASE-01855,2025-06-08T20:02:52,2025-06-13T22:45:17
A-07730,ORG-009,critical,brute_force,ASSET-ORG-009-120,,2025-01-24T17:24:30,2025-01-24T20:35:36
A-07731,ORG-009,medium,phishing,ASSET-ORG-009-227,,2025-06-01T10:05:28,2025-06-02T13:42:54
A-07732,ORG-009,low,malware,ASSET-ORG-009-048,CASE-01900,2025-01-10T05:44:08,2025-01-13T14:26:29
A-07733,ORG-009,high,recon,ASSET-ORG-009-240,,2025-05-06T09:18:40,2025-05-06T21:55:50
A-07734,ORG-009,critical,brute_force,ASSET-ORG-009-077,,2025-04-09T17:10:35,2025-04-09T20:46:44
A-07735,ORG-009,medium,data_exfil,ASSET-ORG-009-216,CASE-01784,2025-04-04T23:24:23,2025-04-06T06:52:48
A-07736,ORG-009,low,privilege_escalation,ASSET-ORG-009-115,,2025-02-08T23:30:49,2025-02-14T09:20:47
A-07737,ORG-009,medium,recon,ASSET-ORG-009-078,,2025-03-28T04:18:20,2025-03-29T22:07:46
A-07738,ORG-009,critical,recon,ASSET-ORG-009-266,,2025-06-25T09:00:06,2025-06-25T15:20:02
A-07739,ORG-009,critical,phishing,ASSET-ORG-009-160,,2025-05-06T23:35:53,2025-05-07T04:45:55
A-07740,ORG-009,high,phishing,ASSET-ORG-009-073,,2025-06-15T11:37:34,2025-06-16T10:18:52
A-07741,ORG-009,medium,lateral_movement,ASSET-ORG-009-257,,2025-04-10T19:35:45,2025-04-12T22:13:14
A-07742,ORG-009,high,malware,ASSET-ORG-009-129,CASE-01988,2025-01-05T07:09:31,2025-01-06T05:27:23
A-07743,ORG-009,critical,privilege_escalation,ASSET-ORG-009-079,CASE-01826,2025-05-11T04:24:27,2025-05-11T09:27:38
A-07744,ORG-009,medium,recon,ASSET-ORG-009-197,,2025-02-16T16:22:30,2025-02-19T16:05:16
A-07745,ORG-009,high,lateral_movement,ASSET-ORG-009-179,,2025-06-23T06:30:57,2025-06-23T23:04:37
A-07746,ORG-009,medium,recon,ASSET-ORG-009-239,CASE-01981,2025-02-20T20:37:01,2025-02-22T21:12:33
A-07747,ORG-009,medium,brute_force,ASSET-ORG-009-003,,2025-01-23T11:16:07,2025-01-26T03:58:32
A-07748,ORG-009,medium,recon,ASSET-ORG-009-014,CASE-01795,2025-06-20T23:18:47,2025-06-22T02:49:31
A-07749,ORG-009,low,data_exfil,ASSET-ORG-009-201,,2025-04-28T22:45:45,2025-04-30T22:56:00
A-07750,ORG-009,critical,recon,ASSET-ORG-009-101,CASE-01799,2025-02-05T20:13:44,2025-02-06T03:02:23
A-07751,ORG-009,critical,privilege_escalation,ASSET-ORG-009-067,,2025-06-01T16:49:56,2025-06-02T00:10:21
A-07752,ORG-009,medium,phishing,ASSET-ORG-009-126,,2025-04-11T18:03:33,2025-04-14T08:43:22
A-07753,ORG-009,low,recon,ASSET-ORG-009-216,,2025-04-03T18:26:09,2025-04-09T12:16:08
A-07754,ORG-009,high,recon,ASSET-ORG-009-268,,2025-05-12T16:38:01,2025-05-13T07:51:53
A-07755,ORG-009,medium,privilege_escalation,ASSET-ORG-009-049,CASE-01811,2025-05-06T01:52:25,2025-05-08T02:34:59
A-07756,ORG-009,low,lateral_movement,ASSET-ORG-009-104,,2025-03-03T10:56:38,2025-03-08T09:18:19
A-07757,ORG-009,medium,lateral_movement,ASSET-ORG-009-028,,2025-03-20T10:08:41,2025-03-22T11:29:35
A-07758,ORG-009,high,malware,ASSET-ORG-009-049,CASE-01809,2025-05-08T07:43:30,2025-05-08T18:29:42
A-07759,ORG-009,medium,data_exfil,ASSET-ORG-009-137,,2025-01-27T01:49:51,2025-01-28T21:12:14
A-07760,ORG-009,medium,phishing,ASSET-ORG-009-154,CASE-01813,2025-03-30T03:52:48,2025-04-01T19:15:15
A-07761,ORG-009,high,recon,ASSET-ORG-009-013,,2025-06-14T14:43:10,2025-06-15T07:48:39
A-07762,ORG-009,low,malware,ASSET-ORG-009-076,,2025-05-29T04:33:30,2025-05-31T16:45:17
A-07763,ORG-009,medium,privilege_escalation,ASSET-ORG-009-047,,2025-02-21T12:30:29,2025-02-24T02:33:27
A-07764,ORG-009,medium,data_exfil,ASSET-ORG-009-136,,2025-03-30T06:34:40,2025-04-01T04:13:03
A-07765,ORG-009,critical,recon,ASSET-ORG-009-264,CASE-01841,2025-02-15T13:20:29,2025-02-15T17:31:23
A-07766,ORG-009,critical,brute_force,ASSET-ORG-009-186,CASE-01965,2025-02-02T02:22:01,2025-02-02T09:07:05
A-07767,ORG-009,high,malware,ASSET-ORG-009-039,,2025-01-15T13:06:39,2025-01-16T08:20:38
A-07768,ORG-009,medium,malware,ASSET-ORG-009-009,,2025-06-25T21:19:31,2025-06-27T05:00:49
A-07769,ORG-009,low,brute_force,ASSET-ORG-009-178,CASE-01900,2025-03-24T18:16:34,2025-03-29T13:27:37
A-07770,ORG-009,low,phishing,ASSET-ORG-009-018,,2025-01-30T18:20:20,2025-02-02T09:28:12
A-07771,ORG-009,low,data_exfil,ASSET-ORG-009-121,,2025-02-03T01:14:30,2025-02-07T16:56:04
A-07772,ORG-009,high,phishing,ASSET-ORG-009-079,,2025-04-11T23:54:35,2025-04-12T20:34:23
A-07773,ORG-009,high,lateral_movement,ASSET-ORG-009-113,CASE-01926,2025-05-31T18:59:20,2025-06-01T18:12:57
A-07774,ORG-009,high,data_exfil,ASSET-ORG-009-119,CASE-01791,2025-03-25T21:37:16,2025-03-26T19:08:37
A-07775,ORG-009,critical,lateral_movement,ASSET-ORG-009-176,,2025-06-10T06:21:17,2025-06-10T14:18:47
A-07776,ORG-009,medium,data_exfil,ASSET-ORG-009-194,,2025-05-28T01:08:45,2025-05-29T05:01:43
A-07777,ORG-009,high,data_exfil,ASSET-ORG-009-215,,2025-02-10T17:50:24,2025-02-11T11:35:10
A-07778,ORG-009,low,recon,ASSET-ORG-009-179,,2025-04-15T01:21:57,2025-04-17T02:06:49
A-07779,ORG-009,low,brute_force,ASSET-ORG-009-213,,2025-05-10T10:06:54,2025-05-14T23:03:14
A-07780,ORG-009,critical,privilege_escalation,ASSET-ORG-009-166,,2025-03-14T04:40:19,2025-03-14T11:02:53
A-07781,ORG-009,medium,malware,ASSET-ORG-009-143,CASE-01945,2025-05-09T04:35:54,2025-05-11T10:26:58
A-07782,ORG-009,high,lateral_movement,ASSET-ORG-009-056,,2025-05-01T09:34:21,2025-05-01T18:18:41
A-07783,ORG-009,high,lateral_movement,ASSET-ORG-009-156,,2025-05-25T23:48:31,2025-05-26T23:36:42
A-07784,ORG-009,medium,privilege_escalation,ASSET-ORG-009-118,,2025-04-20T14:34:34,2025-04-22T18:36:45
A-07785,ORG-009,low,privilege_escalation,ASSET-ORG-009-034,CASE-01810,2025-06-13T04:57:53,2025-06-15T20:28:38
A-07786,ORG-009,critical,recon,ASSET-ORG-009-225,,2025-04-23T09:45:03,2025-04-23T17:04:52
A-07787,ORG-009,medium,privilege_escalation,ASSET-ORG-009-068,CASE-01895,2025-05-07T20:41:30,2025-05-09T06:58:10
A-07788,ORG-009,medium,recon,ASSET-ORG-009-043,,2025-03-28T15:49:08,2025-03-31T09:25:34
A-07789,ORG-009,medium,recon,ASSET-ORG-009-032,,2025-05-25T18:53:38,2025-05-28T08:10:58
A-07790,ORG-009,high,brute_force,ASSET-ORG-009-191,,2025-05-09T11:04:37,2025-05-10T09:46:55
A-07791,ORG-009,high,brute_force,ASSET-ORG-009-243,,2025-03-25T00:39:07,2025-03-25T16:04:48
A-07792,ORG-009,medium,data_exfil,ASSET-ORG-009-183,,2025-06-30T19:23:15,
A-07793,ORG-009,medium,brute_force,ASSET-ORG-009-185,,2025-03-09T16:35:32,2025-03-11T10:53:50
A-07794,ORG-009,critical,lateral_movement,ASSET-ORG-009-007,CASE-01920,2025-01-21T03:00:25,2025-01-21T09:44:06
A-07795,ORG-009,high,phishing,ASSET-ORG-009-256,,2025-06-29T11:18:29,2025-06-29T21:50:49
A-07796,ORG-009,medium,phishing,ASSET-ORG-009-221,,2025-01-18T01:23:29,2025-01-19T20:38:18
A-07797,ORG-009,high,data_exfil,ASSET-ORG-009-083,,2025-02-11T22:22:53,2025-02-12T07:17:56
A-07798,ORG-009,high,privilege_escalation,ASSET-ORG-009-186,,2025-01-18T23:57:01,2025-01-19T16:24:52
A-07799,ORG-009,high,recon,ASSET-ORG-009-080,,2025-03-06T18:43:02,2025-03-07T10:09:27
A-07800,ORG-009,critical,data_exfil,ASSET-ORG-009-141,,2025-06-23T11:18:07,2025-06-23T19:10:53
A-07801,ORG-009,medium,privilege_escalation,ASSET-ORG-009-273,,2025-01-13T08:52:25,2025-01-15T10:20:48
A-07802,ORG-009,critical,recon,ASSET-ORG-009-131,,2025-04-25T08:51:10,2025-04-25T16:37:00
A-07803,ORG-009,high,recon,ASSET-ORG-009-209,,2025-02-07T00:09:36,2025-02-07T13:58:48
A-07804,ORG-009,low,phishing,ASSET-ORG-009-115,,2025-04-06T19:28:56,2025-04-10T23:49:25
A-07805,ORG-009,critical,data_exfil,ASSET-ORG-009-190,,2025-02-12T07:29:59,2025-02-12T13:46:12
A-07806,ORG-009,low,lateral_movement,ASSET-ORG-009-060,CASE-01990,2025-02-02T23:44:13,2025-02-05T23:28:08
A-07807,ORG-009,low,recon,ASSET-ORG-009-099,,2025-06-02T23:56:45,2025-06-05T12:40:45
A-07808,ORG-009,critical,privilege_escalation,ASSET-ORG-009-259,,2025-02-01T06:09:10,2025-02-01T08:57:43
A-07809,ORG-009,high,phishing,ASSET-ORG-009-065,,2025-05-24T17:06:22,2025-05-25T02:52:24
A-07810,ORG-009,medium,data_exfil,ASSET-ORG-009-057,CASE-01810,2025-04-15T12:51:38,2025-04-16T22:49:47
A-07811,ORG-009,medium,brute_force,ASSET-ORG-009-012,,2025-04-05T14:51:54,2025-04-07T17:32:29
A-07812,ORG-009,critical,data_exfil,ASSET-ORG-009-056,,2025-02-24T10:03:32,2025-02-24T12:47:48
A-07813,ORG-009,critical,data_exfil,ASSET-ORG-009-222,,2025-01-16T14:29:10,2025-01-16T19:16:54
A-07814,ORG-009,high,data_exfil,ASSET-ORG-009-195,CASE-01800,2025-06-28T09:10:59,2025-06-29T06:26:21
A-07815,ORG-009,medium,lateral_movement,ASSET-ORG-009-279,,2025-02-08T02:34:57,2025-02-11T00:15:53
A-07816,ORG-009,medium,data_exfil,ASSET-ORG-009-154,,2025-01-19T14:48:09,2025-01-21T04:39:55
A-07817,ORG-009,medium,phishing,ASSET-ORG-009-136,,2025-02-06T21:20:53,2025-02-09T11:32:17
A-07818,ORG-009,critical,data_exfil,ASSET-ORG-009-063,,2025-06-30T13:38:18,2025-06-30T17:32:43
A-07819,ORG-009,critical,phishing,ASSET-ORG-009-171,CASE-01885,2025-06-02T00:15:18,2025-06-02T05:24:24
A-07820,ORG-009,medium,phishing,ASSET-ORG-009-124,,2025-06-21T19:14:30,2025-06-23T21:22:27
A-07821,ORG-009,medium,brute_force,ASSET-ORG-009-233,,2025-06-14T09:50:35,2025-06-15T10:23:52
A-07822,ORG-009,low,brute_force,ASSET-ORG-009-234,,2025-03-15T20:50:12,2025-03-18T15:44:11
A-07823,ORG-009,critical,malware,ASSET-ORG-009-102,CASE-01846,2025-06-22T23:59:46,2025-06-23T02:53:58
A-07824,ORG-009,medium,phishing,ASSET-ORG-009-214,,2025-06-25T03:38:40,2025-06-27T02:31:44
A-07825,ORG-009,medium,brute_force,ASSET-ORG-009-279,,2025-06-22T09:01:07,2025-06-25T08:35:52
A-07826,ORG-009,high,privilege_escalation,ASSET-ORG-009-077,,2025-06-22T03:31:16,2025-06-22T19:30:45
A-07827,ORG-009,medium,recon,ASSET-ORG-009-029,CASE-01863,2025-04-17T08:39:16,2025-04-18T09:44:07
A-07828,ORG-009,low,lateral_movement,ASSET-ORG-009-280,,2025-02-02T00:13:01,2025-02-07T17:23:12
A-07829,ORG-009,medium,privilege_escalation,ASSET-ORG-009-049,CASE-01780,2025-01-19T01:06:10,2025-01-21T13:55:21
A-07830,ORG-009,critical,privilege_escalation,ASSET-ORG-009-019,,2025-03-17T07:19:43,2025-03-17T15:06:51
A-07831,ORG-009,high,privilege_escalation,ASSET-ORG-009-068,,2025-02-09T01:24:19,2025-02-09T18:58:33
A-07832,ORG-009,low,lateral_movement,ASSET-ORG-009-071,,2025-01-26T06:43:20,2025-01-30T12:10:21
A-07833,ORG-009,medium,recon,ASSET-ORG-009-136,,2025-03-10T13:16:51,2025-03-11T17:30:23
A-07834,ORG-009,low,privilege_escalation,ASSET-ORG-009-181,,2025-02-02T08:22:28,2025-02-05T06:34:51
A-07835,ORG-009,high,recon,ASSET-ORG-009-160,,2025-02-01T01:28:40,2025-02-01T12:03:11
A-07836,ORG-009,low,privilege_escalation,ASSET-ORG-009-062,,2025-02-15T01:40:53,2025-02-17T02:34:01
A-07837,ORG-009,medium,privilege_escalation,ASSET-ORG-009-086,,2025-04-20T20:24:59,2025-04-22T02:52:14
A-07838,ORG-009,critical,malware,ASSET-ORG-009-148,,2025-06-06T01:04:50,2025-06-06T06:42:25
A-07839,ORG-009,high,data_exfil,ASSET-ORG-009-163,,2025-02-24T23:51:55,2025-02-25T08:42:45
A-07840,ORG-009,critical,data_exfil,ASSET-ORG-009-057,,2025-01-24T09:34:36,2025-01-24T13:40:51
A-07841,ORG-009,medium,data_exfil,ASSET-ORG-009-109,,2025-02-06T00:15:32,2025-02-07T05:12:15
A-07842,ORG-009,high,brute_force,ASSET-ORG-009-080,,2025-01-11T03:29:13,2025-01-12T01:32:35
A-07843,ORG-009,critical,lateral_movement,ASSET-ORG-009-144,CASE-01894,2025-01-08T20:25:17,2025-01-09T00:00:07
A-07844,ORG-009,medium,malware,ASSET-ORG-009-051,,2025-03-25T03:37:14,2025-03-26T22:04:29
A-07845,ORG-009,critical,privilege_escalation,ASSET-ORG-009-087,CASE-01986,2025-03-28T09:36:36,2025-03-28T12:52:50
A-07846,ORG-009,medium,privilege_escalation,ASSET-ORG-009-092,CASE-01838,2025-04-06T00:21:38,2025-04-08T07:44:40
A-07847,ORG-009,medium,recon,ASSET-ORG-009-149,,2025-04-16T00:22:36,2025-04-18T01:06:50
A-07848,ORG-009,medium,lateral_movement,ASSET-ORG-009-067,,2025-05-30T16:44:46,2025-06-01T01:09:28
A-07849,ORG-009,medium,recon,ASSET-ORG-009-114,CASE-01990,2025-02-06T09:09:13,2025-02-08T08:47:35
A-07850,ORG-009,critical,recon,ASSET-ORG-009-068,,2025-06-20T05:51:17,2025-06-20T08:35:33
A-07851,ORG-009,critical,malware,ASSET-ORG-009-039,,2025-02-05T06:24:43,2025-02-05T10:46:53
A-07852,ORG-009,low,privilege_escalation,ASSET-ORG-009-097,,2025-06-15T20:59:47,2025-06-21T10:19:56
A-07853,ORG-009,critical,brute_force,ASSET-ORG-009-101,CASE-01855,2025-05-14T00:05:37,2025-05-14T07:58:12
A-07854,ORG-009,medium,privilege_escalation,ASSET-ORG-009-063,,2025-06-22T12:53:04,2025-06-24T02:58:05
A-07855,ORG-009,high,recon,ASSET-ORG-009-187,,2025-04-11T01:22:20,2025-04-11T10:16:26
A-07856,ORG-009,high,malware,ASSET-ORG-009-058,CASE-01923,2025-02-28T01:17:51,2025-02-28T22:28:10
A-07857,ORG-009,medium,malware,ASSET-ORG-009-024,,2025-03-06T00:38:25,2025-03-08T06:10:05
A-07858,ORG-009,critical,data_exfil,ASSET-ORG-009-170,,2025-01-25T06:53:03,2025-01-25T12:08:28
A-07859,ORG-009,high,brute_force,ASSET-ORG-009-031,,2025-01-28T01:15:10,2025-01-28T23:02:09
A-07860,ORG-009,low,brute_force,ASSET-ORG-009-004,,2025-02-27T05:54:58,2025-03-02T19:00:35
A-07861,ORG-009,critical,recon,ASSET-ORG-009-032,,2025-04-13T23:14:31,2025-04-14T05:21:54
A-07862,ORG-009,medium,brute_force,ASSET-ORG-009-034,,2025-05-09T15:22:23,2025-05-12T05:11:08
A-07863,ORG-009,low,brute_force,ASSET-ORG-009-267,,2025-04-17T05:29:25,2025-04-19T13:43:58
A-07864,ORG-009,medium,brute_force,ASSET-ORG-009-124,,2025-04-29T20:11:50,2025-04-30T22:44:35
A-07865,ORG-009,high,privilege_escalation,ASSET-ORG-009-213,,2025-01-06T14:00:36,2025-01-07T12:28:41
A-07866,ORG-009,high,malware,ASSET-ORG-009-153,CASE-01989,2025-04-21T14:20:01,2025-04-22T03:20:15
A-07867,ORG-009,high,malware,ASSET-ORG-009-169,,2025-02-14T10:30:28,2025-02-14T22:52:44
A-07868,ORG-009,high,brute_force,ASSET-ORG-009-167,CASE-01945,2025-06-09T23:56:07,2025-06-10T17:21:57
A-07869,ORG-009,high,phishing,ASSET-ORG-009-081,,2025-06-26T04:40:54,2025-06-26T15:57:37
A-07870,ORG-009,high,lateral_movement,ASSET-ORG-009-064,,2025-04-08T01:43:13,2025-04-08T21:10:18
A-07871,ORG-009,high,recon,ASSET-ORG-009-248,CASE-01795,2025-02-10T09:59:18,2025-02-11T08:58:01
A-07872,ORG-009,medium,privilege_escalation,ASSET-ORG-009-159,,2025-02-14T02:01:45,2025-02-16T05:37:32
A-07873,ORG-009,high,phishing,ASSET-ORG-009-030,CASE-01999,2025-05-25T08:48:55,2025-05-26T06:30:08
A-07874,ORG-009,critical,lateral_movement,ASSET-ORG-009-120,,2025-05-20T23:42:22,2025-05-21T04:27:54
A-07875,ORG-009,high,recon,ASSET-ORG-009-218,,2025-06-05T17:14:15,2025-06-06T05:16:42
A-07876,ORG-009,critical,data_exfil,ASSET-ORG-009-137,,2025-03-06T15:09:41,2025-03-06T19:00:14
A-07877,ORG-009,critical,recon,ASSET-ORG-009-075,,2025-02-17T09:12:05,2025-02-17T11:53:59
A-07878,ORG-009,critical,malware,ASSET-ORG-009-009,CASE-01915,2025-01-31T21:26:31,2025-02-01T00:34:26
A-07879,ORG-009,critical,brute_force,ASSET-ORG-009-147,CASE-01952,2025-03-22T22:20:56,2025-03-23T06:02:37
A-07880,ORG-009,medium,brute_force,ASSET-ORG-009-134,,2025-06-21T23:38:57,2025-06-24T01:23:01
A-07881,ORG-009,medium,brute_force,ASSET-ORG-009-174,,2025-02-27T08:47:23,2025-03-01T04:06:54
A-07882,ORG-009,high,privilege_escalation,ASSET-ORG-009-018,CASE-01926,2025-03-18T08:50:27,2025-03-19T04:51:11
A-07883,ORG-009,low,brute_force,ASSET-ORG-009-091,,2025-06-23T14:45:54,2025-06-28T12:16:51
A-07884,ORG-009,low,phishing,ASSET-ORG-009-248,CASE-01842,2025-02-21T18:55:36,2025-02-25T02:04:04
A-07885,ORG-009,medium,privilege_escalation,ASSET-ORG-009-133,CASE-01858,2025-04-10T09:56:27,2025-04-11T18:01:15
A-07886,ORG-009,medium,privilege_escalation,ASSET-ORG-009-150,,2025-04-16T16:04:13,2025-04-18T17:34:28
A-07887,ORG-009,critical,brute_force,ASSET-ORG-009-124,,2025-02-24T04:50:24,2025-02-24T11:04:35
A-07888,ORG-009,medium,data_exfil,ASSET-ORG-009-035,,2025-05-11T11:07:57,2025-05-14T05:55:19
A-07889,ORG-009,high,lateral_movement,ASSET-ORG-009-157,,2025-02-01T06:17:05,2025-02-02T03:13:58
A-07890,ORG-009,low,data_exfil,ASSET-ORG-009-257,CASE-01920,2025-02-01T13:13:49,2025-02-05T05:53:09
A-07891,ORG-009,low,brute_force,ASSET-ORG-009-117,,2025-05-19T19:39:31,2025-05-24T12:18:54
A-07892,ORG-009,medium,recon,ASSET-ORG-009-212,CASE-01950,2025-05-03T19:02:33,2025-05-06T17:57:39
A-07893,ORG-009,medium,data_exfil,ASSET-ORG-009-036,CASE-01961,2025-04-12T02:32:09,2025-04-14T16:40:22
A-07894,ORG-009,medium,phishing,ASSET-ORG-009-186,CASE-01892,2025-03-19T07:44:42,2025-03-20T18:10:04
A-07895,ORG-009,critical,brute_force,ASSET-ORG-009-159,,2025-02-07T04:23:34,2025-02-07T08:46:50
A-07896,ORG-009,high,recon,ASSET-ORG-009-049,,2025-05-10T19:17:09,2025-05-11T04:57:24
A-07897,ORG-009,medium,lateral_movement,ASSET-ORG-009-021,CASE-01947,2025-03-12T07:15:44,2025-03-15T06:01:45
A-07898,ORG-009,high,brute_force,ASSET-ORG-009-017,,2025-02-19T02:55:20,2025-02-20T02:29:58
A-07899,ORG-009,critical,data_exfil,ASSET-ORG-009-145,,2025-06-16T18:51:42,2025-06-16T23:35:18
A-07900,ORG-009,critical,phishing,ASSET-ORG-009-086,,2025-04-19T22:24:36,2025-04-20T02:31:08
A-07901,ORG-009,critical,lateral_movement,ASSET-ORG-009-262,,2025-05-28T22:23:17,2025-05-29T04:29:15
A-07902,ORG-009,critical,privilege_escalation,ASSET-ORG-009-193,,2025-01-21T09:21:27,2025-01-21T16:53:42
A-07903,ORG-009,high,brute_force,ASSET-ORG-009-136,,2025-06-01T21:25:07,2025-06-02T20:39:38
A-07904,ORG-009,high,phishing,ASSET-ORG-009-227,,2025-05-08T08:46:00,2025-05-08T21:29:05
A-07905,ORG-009,high,privilege_escalation,ASSET-ORG-009-126,CASE-01887,2025-06-25T12:32:37,2025-06-26T10:23:32
A-07906,ORG-009,critical,malware,ASSET-ORG-009-052,,2025-02-09T00:31:07,2025-02-09T04:51:03
A-07907,ORG-009,high,privilege_escalation,ASSET-ORG-009-154,,2025-01-29T07:43:43,2025-01-29T16:50:37
A-07908,ORG-009,medium,brute_force,ASSET-ORG-009-031,,2025-03-27T07:56:41,2025-03-28T10:34:52
A-07909,ORG-009,critical,phishing,ASSET-ORG-009-001,,2025-04-25T07:32:10,2025-04-25T09:52:38
A-07910,ORG-009,high,privilege_escalation,ASSET-ORG-009-157,,2025-02-10T17:12:21,2025-02-11T08:08:08
A-07911,ORG-010,medium,malware,ASSET-ORG-010-207,,2025-02-26T18:17:41,2025-02-28T22:28:43
A-07912,ORG-010,low,recon,ASSET-ORG-010-101,,2025-03-21T10:17:53,2025-03-26T13:40:00
A-07913,ORG-010,medium,brute_force,ASSET-ORG-010-126,,2025-05-01T13:54:27,2025-05-03T05:34:37
A-07914,ORG-010,medium,recon,ASSET-ORG-010-214,,2025-04-02T05:08:54,2025-04-04T05:27:53
A-07915,ORG-010,high,brute_force,ASSET-ORG-010-108,,2025-05-18T17:46:13,2025-05-19T02:42:13
A-07916,ORG-010,critical,data_exfil,ASSET-ORG-010-116,,2025-04-21T00:18:22,2025-04-21T07:09:12
A-07917,ORG-010,high,brute_force,ASSET-ORG-010-229,,2025-05-19T09:27:01,2025-05-20T00:33:07
A-07918,ORG-010,high,recon,ASSET-ORG-010-159,,2025-04-27T14:44:29,2025-04-28T14:04:01
A-07919,ORG-010,medium,privilege_escalation,ASSET-ORG-010-180,,2025-03-10T01:56:54,2025-03-11T03:13:41
A-07920,ORG-010,high,privilege_escalation,ASSET-ORG-010-012,,2025-05-23T21:53:11,2025-05-24T19:36:23
A-07921,ORG-010,medium,brute_force,ASSET-ORG-010-110,,2025-03-05T23:42:26,2025-03-07T02:56:41
A-07922,ORG-010,high,recon,ASSET-ORG-010-246,CASE-02196,2025-04-22T02:52:27,2025-04-22T11:30:58
A-07923,ORG-010,critical,lateral_movement,ASSET-ORG-010-230,,2025-05-26T11:12:26,2025-05-26T17:13:47
A-07924,ORG-010,low,brute_force,ASSET-ORG-010-052,,2025-01-04T20:40:28,2025-01-06T22:01:46
A-07925,ORG-010,medium,phishing,ASSET-ORG-010-091,CASE-02186,2025-02-08T05:10:24,2025-02-10T19:52:24
A-07926,ORG-010,critical,phishing,ASSET-ORG-010-129,,2025-02-11T04:49:41,2025-02-11T08:10:10
A-07927,ORG-010,high,brute_force,ASSET-ORG-010-106,,2025-02-15T09:30:42,2025-02-16T03:26:51
A-07928,ORG-010,medium,brute_force,ASSET-ORG-010-055,,2025-04-28T02:41:31,2025-04-30T12:29:44
A-07929,ORG-010,low,brute_force,ASSET-ORG-010-106,,2025-02-15T12:35:05,2025-02-18T08:48:30
A-07930,ORG-010,low,brute_force,ASSET-ORG-010-138,CASE-02025,2025-06-06T22:18:03,2025-06-12T18:50:31
A-07931,ORG-010,medium,data_exfil,ASSET-ORG-010-250,,2025-02-21T02:55:32,2025-02-22T07:14:34
A-07932,ORG-010,critical,brute_force,ASSET-ORG-010-111,CASE-02097,2025-03-03T12:24:17,2025-03-03T17:51:38
A-07933,ORG-010,critical,phishing,ASSET-ORG-010-152,CASE-02085,2025-05-13T04:27:07,2025-05-13T12:20:42
A-07934,ORG-010,low,privilege_escalation,ASSET-ORG-010-177,,2025-04-05T00:27:23,2025-04-10T01:49:25
A-07935,ORG-010,low,brute_force,ASSET-ORG-010-246,,2025-02-16T23:24:34,2025-02-21T01:30:12
A-07936,ORG-010,high,privilege_escalation,ASSET-ORG-010-116,,2025-02-28T21:39:27,2025-03-01T20:57:52
A-07937,ORG-010,high,data_exfil,ASSET-ORG-010-189,,2025-02-18T09:37:25,2025-02-18T18:45:30
A-07938,ORG-010,high,privilege_escalation,ASSET-ORG-010-027,,2025-06-12T11:01:48,2025-06-13T04:05:51
A-07939,ORG-010,low,data_exfil,ASSET-ORG-010-078,,2025-06-13T17:04:17,2025-06-18T04:49:33
A-07940,ORG-010,medium,data_exfil,ASSET-ORG-010-119,,2025-01-08T07:36:29,2025-01-10T15:47:10
A-07941,ORG-010,medium,brute_force,ASSET-ORG-010-063,CASE-02144,2025-02-21T00:13:31,2025-02-22T09:16:40
A-07942,ORG-010,medium,lateral_movement,ASSET-ORG-010-171,,2025-04-27T12:15:14,2025-04-29T14:14:43
A-07943,ORG-010,critical,lateral_movement,ASSET-ORG-010-228,,2025-03-04T02:05:23,2025-03-04T04:52:41
A-07944,ORG-010,medium,phishing,ASSET-ORG-010-237,,2025-05-27T22:53:48,2025-05-30T02:28:54
A-07945,ORG-010,low,data_exfil,ASSET-ORG-010-134,,2025-04-18T10:08:11,2025-04-22T13:50:54
A-07946,ORG-010,high,phishing,ASSET-ORG-010-023,,2025-04-08T03:23:42,2025-04-09T00:34:46
A-07947,ORG-010,medium,recon,ASSET-ORG-010-062,,2025-02-15T10:51:19,2025-02-18T04:31:47
A-07948,ORG-010,high,recon,ASSET-ORG-010-222,CASE-02125,2025-05-16T16:39:13,2025-05-17T09:17:51
A-07949,ORG-010,high,brute_force,ASSET-ORG-010-046,,2025-02-16T20:33:08,2025-02-17T19:16:43
A-07950,ORG-010,medium,brute_force,ASSET-ORG-010-040,CASE-02163,2025-01-25T21:38:24,2025-01-27T21:00:38
A-07951,ORG-010,low,privilege_escalation,ASSET-ORG-010-138,,2025-01-23T22:36:35,2025-01-29T02:17:28
A-07952,ORG-010,high,data_exfil,ASSET-ORG-010-243,,2025-02-09T04:25:23,2025-02-09T23:17:17
A-07953,ORG-010,medium,privilege_escalation,ASSET-ORG-010-072,,2025-03-12T10:23:57,2025-03-13T20:53:03
A-07954,ORG-010,high,data_exfil,ASSET-ORG-010-047,,2025-05-04T15:07:22,2025-05-05T07:26:49
A-07955,ORG-010,high,recon,ASSET-ORG-010-119,,2025-01-01T09:48:43,2025-01-02T00:55:51
A-07956,ORG-010,critical,phishing,ASSET-ORG-010-217,CASE-02224,2025-02-10T09:05:18,2025-02-10T14:29:46
A-07957,ORG-010,low,malware,ASSET-ORG-010-071,,2025-01-26T22:18:32,2025-01-29T08:03:15
A-07958,ORG-010,medium,brute_force,ASSET-ORG-010-053,,2025-05-23T17:00:58,2025-05-25T23:55:49
A-07959,ORG-010,medium,recon,ASSET-ORG-010-107,,2025-05-28T03:12:49,2025-05-29T05:21:08
A-07960,ORG-010,medium,brute_force,ASSET-ORG-010-067,,2025-01-29T08:37:17,2025-01-31T21:44:54
A-07961,ORG-010,critical,privilege_escalation,ASSET-ORG-010-226,CASE-02108,2025-01-24T03:30:03,2025-01-24T07:39:42
A-07962,ORG-010,medium,phishing,ASSET-ORG-010-143,CASE-02200,2025-01-15T01:57:19,2025-01-17T05:41:43
A-07963,ORG-010,critical,data_exfil,ASSET-ORG-010-035,,2025-01-02T14:15:37,2025-01-02T19:43:42
A-07964,ORG-010,medium,phishing,ASSET-ORG-010-127,CASE-02057,2025-01-13T16:59:36,2025-01-15T03:46:26
A-07965,ORG-010,medium,phishing,ASSET-ORG-010-225,,2025-04-22T18:37:49,2025-04-25T09:45:14
A-07966,ORG-010,medium,recon,ASSET-ORG-010-143,,2025-04-20T00:33:04,2025-04-22T03:44:08
A-07967,ORG-010,critical,privilege_escalation,ASSET-ORG-010-068,,2025-02-02T09:16:55,2025-02-02T11:52:01
A-07968,ORG-010,high,brute_force,ASSET-ORG-010-143,CASE-02054,2025-02-13T04:42:28,2025-02-14T04:01:38
A-07969,ORG-010,medium,data_exfil,ASSET-ORG-010-247,,2025-04-11T07:01:25,2025-04-12T23:04:29
A-07970,ORG-010,high,lateral_movement,ASSET-ORG-010-126,,2025-04-10T19:56:34,2025-04-11T07:06:47
A-07971,ORG-010,high,lateral_movement,ASSET-ORG-010-249,CASE-02021,2025-01-20T00:54:44,2025-01-20T23:53:19
A-07972,ORG-010,medium,malware,ASSET-ORG-010-136,,2025-02-23T00:29:45,2025-02-25T04:21:36
A-07973,ORG-010,low,data_exfil,ASSET-ORG-010-212,,2025-06-18T08:12:25,2025-06-21T06:15:32
A-07974,ORG-010,critical,data_exfil,ASSET-ORG-010-075,,2025-04-21T11:39:22,2025-04-21T17:20:57
A-07975,ORG-010,critical,data_exfil,ASSET-ORG-010-055,CASE-02017,2025-04-05T18:16:18,2025-04-06T02:01:40
A-07976,ORG-010,high,malware,ASSET-ORG-010-081,,2025-02-03T06:58:32,2025-02-03T22:42:04
A-07977,ORG-010,critical,data_exfil,ASSET-ORG-010-228,,2025-03-26T00:06:16,2025-03-26T03:44:53
A-07978,ORG-010,medium,malware,ASSET-ORG-010-235,,2025-01-04T02:55:37,2025-01-06T18:09:07
A-07979,ORG-010,high,malware,ASSET-ORG-010-146,,2025-03-18T15:59:15,2025-03-19T15:05:39
A-07980,ORG-010,medium,brute_force,ASSET-ORG-010-184,,2025-03-30T20:45:30,2025-03-31T21:50:30
A-07981,ORG-010,low,recon,ASSET-ORG-010-144,,2025-03-09T07:56:26,2025-03-15T04:33:47
A-07982,ORG-010,medium,lateral_movement,ASSET-ORG-010-016,,2025-02-19T01:33:35,2025-02-20T04:47:23
A-07983,ORG-010,medium,brute_force,ASSET-ORG-010-135,,2025-05-19T02:08:30,2025-05-21T02:17:27
A-07984,ORG-010,low,brute_force,ASSET-ORG-010-045,,2025-05-07T11:02:25,2025-05-11T21:41:52
A-07985,ORG-010,low,privilege_escalation,ASSET-ORG-010-044,,2025-05-09T04:34:04,2025-05-12T10:32:15
A-07986,ORG-010,medium,data_exfil,ASSET-ORG-010-195,CASE-02027,2025-02-21T00:35:39,2025-02-22T04:25:51
A-07987,ORG-010,medium,privilege_escalation,ASSET-ORG-010-034,,2025-02-25T03:11:53,2025-02-26T13:52:29
A-07988,ORG-010,medium,lateral_movement,ASSET-ORG-010-206,,2025-05-13T09:22:46,2025-05-15T11:17:48
A-07989,ORG-010,medium,brute_force,ASSET-ORG-010-069,,2025-01-15T01:59:19,2025-01-17T10:27:12
A-07990,ORG-010,low,data_exfil,ASSET-ORG-010-177,,2025-03-29T10:34:41,2025-04-03T20:16:54
A-07991,ORG-010,high,data_exfil,ASSET-ORG-010-020,,2025-02-03T05:50:51,2025-02-03T13:58:10
A-07992,ORG-010,low,malware,ASSET-ORG-010-255,CASE-02065,2025-03-09T22:44:12,2025-03-14T16:24:00
A-07993,ORG-010,low,recon,ASSET-ORG-010-192,CASE-02029,2025-01-19T18:11:15,2025-01-24T01:18:02
A-07994,ORG-010,high,recon,ASSET-ORG-010-047,CASE-02163,2025-06-05T03:59:12,2025-06-05T23:59:55
A-07995,ORG-010,low,privilege_escalation,ASSET-ORG-010-165,,2025-01-28T13:55:06,2025-02-01T18:38:05
A-07996,ORG-010,critical,recon,ASSET-ORG-010-136,,2025-02-28T05:40:08,2025-02-28T12:29:41
A-07997,ORG-010,low,data_exfil,ASSET-ORG-010-035,,2025-04-01T08:09:43,2025-04-07T01:52:13
A-07998,ORG-010,high,lateral_movement,ASSET-ORG-010-105,,2025-06-15T18:58:32,2025-06-16T13:42:08
A-07999,ORG-010,critical,phishing,ASSET-ORG-010-006,,2025-06-09T21:49:00,2025-06-10T04:48:38
A-08000,ORG-010,medium,lateral_movement,ASSET-ORG-010-086,CASE-02022,2025-04-14T21:50:14,2025-04-16T03:51:54
A-08001,ORG-010,medium,phishing,ASSET-ORG-010-228,,2025-05-01T07:27:47,2025-05-03T10:50:29
A-08002,ORG-010,medium,lateral_movement,ASSET-ORG-010-136,CASE-02034,2025-02-22T17:30:45,2025-02-25T14:32:21
A-08003,ORG-010,medium,privilege_escalation,ASSET-ORG-010-035,CASE-02124,2025-01-05T12:07:39,2025-01-08T01:11:43
A-08004,ORG-010,high,data_exfil,ASSET-ORG-010-164,,2025-01-13T14:37:31,2025-01-14T09:44:05
A-08005,ORG-010,high,brute_force,ASSET-ORG-010-032,CASE-02075,2025-03-16T05:47:14,2025-03-16T18:46:34
A-08006,ORG-010,low,malware,ASSET-ORG-010-109,,2025-01-29T15:31:08,2025-02-01T23:31:41
A-08007,ORG-010,medium,recon,ASSET-ORG-010-167,,2025-06-19T04:04:03,2025-06-20T05:08:21
A-08008,ORG-010,high,privilege_escalation,ASSET-ORG-010-107,,2025-05-12T09:56:42,2025-05-13T00:22:34
A-08009,ORG-010,medium,brute_force,ASSET-ORG-010-087,,2025-02-15T11:02:47,2025-02-17T14:24:50
A-08010,ORG-010,low,malware,ASSET-ORG-010-163,,2025-03-30T12:43:32,2025-04-04T18:44:01
A-08011,ORG-010,low,phishing,ASSET-ORG-010-064,,2025-04-01T12:00:11,2025-04-06T13:26:22
A-08012,ORG-010,high,data_exfil,ASSET-ORG-010-160,CASE-02068,2025-04-01T20:12:07,2025-04-02T11:18:36
A-08013,ORG-010,medium,brute_force,ASSET-ORG-010-077,,2025-06-01T14:43:51,2025-06-04T14:00:46
A-08014,ORG-010,medium,malware,ASSET-ORG-010-080,,2025-03-08T10:12:06,2025-03-11T09:12:06
A-08015,ORG-010,high,privilege_escalation,ASSET-ORG-010-051,,2025-01-29T10:58:28,2025-01-29T23:43:15
A-08016,ORG-010,high,brute_force,ASSET-ORG-010-187,,2025-06-09T19:21:05,2025-06-10T16:46:25
A-08017,ORG-010,high,lateral_movement,ASSET-ORG-010-155,,2025-01-30T03:24:41,2025-01-30T16:25:22
A-08018,ORG-010,low,phishing,ASSET-ORG-010-127,,2025-01-20T21:29:05,2025-01-26T20:19:04
A-08019,ORG-010,high,phishing,ASSET-ORG-010-252,,2025-04-15T01:34:04,2025-04-16T00:48:00
A-08020,ORG-010,medium,privilege_escalation,ASSET-ORG-010-098,,2025-04-15T13:00:09,2025-04-18T10:37:26
A-08021,ORG-010,medium,recon,ASSET-ORG-010-171,,2025-04-03T14:45:18,2025-04-05T19:22:44
A-08022,ORG-010,critical,privilege_escalation,ASSET-ORG-010-148,,2025-02-07T16:02:36,2025-02-07T19:40:26
A-08023,ORG-010,critical,malware,ASSET-ORG-010-252,,2025-06-05T08:26:22,2025-06-05T15:29:19
A-08024,ORG-010,high,recon,ASSET-ORG-010-071,,2025-04-19T02:39:15,2025-04-19T17:46:22
A-08025,ORG-010,high,recon,ASSET-ORG-010-170,,2025-06-06T19:51:53,2025-06-07T07:16:30
A-08026,ORG-010,critical,data_exfil,ASSET-ORG-010-095,,2025-06-11T08:25:44,2025-06-11T16:14:02
A-08027,ORG-010,high,phishing,ASSET-ORG-010-192,,2025-04-09T06:45:40,2025-04-10T01:00:39
A-08028,ORG-010,critical,lateral_movement,ASSET-ORG-010-044,,2025-05-11T22:48:48,2025-05-12T01:45:57
A-08029,ORG-010,high,brute_force,ASSET-ORG-010-254,CASE-02121,2025-03-25T16:37:24,2025-03-26T16:31:25
A-08030,ORG-010,critical,malware,ASSET-ORG-010-171,,2025-02-22T04:30:49,2025-02-22T09:17:44
A-08031,ORG-010,high,brute_force,ASSET-ORG-010-106,,2025-04-01T10:01:46,2025-04-01T23:06:59
A-08032,ORG-010,critical,brute_force,ASSET-ORG-010-052,,2025-03-12T07:33:39,2025-03-12T14:37:34
A-08033,ORG-010,low,malware,ASSET-ORG-010-129,,2025-02-01T07:57:11,2025-02-05T03:36:09
A-08034,ORG-010,low,data_exfil,ASSET-ORG-010-140,,2025-06-05T07:01:25,2025-06-07T20:06:40
A-08035,ORG-010,critical,malware,ASSET-ORG-010-063,,2025-01-21T17:17:34,2025-01-21T20:34:17
A-08036,ORG-010,medium,malware,ASSET-ORG-010-232,,2025-05-14T11:42:16,2025-05-15T21:37:44
A-08037,ORG-010,medium,malware,ASSET-ORG-010-121,,2025-06-14T18:30:34,2025-06-16T01:48:38
A-08038,ORG-010,high,malware,ASSET-ORG-010-116,,2025-05-19T00:38:46,2025-05-19T13:27:55
A-08039,ORG-010,medium,data_exfil,ASSET-ORG-010-042,,2025-04-10T10:16:23,2025-04-12T09:02:27
A-08040,ORG-010,low,recon,ASSET-ORG-010-035,,2025-03-12T20:01:51,2025-03-16T05:55:38
A-08041,ORG-010,medium,brute_force,ASSET-ORG-010-264,CASE-02212,2025-02-07T22:16:07,2025-02-09T03:52:48
A-08042,ORG-010,low,phishing,ASSET-ORG-010-263,CASE-02038,2025-06-08T13:44:21,2025-06-13T14:47:09
A-08043,ORG-010,high,lateral_movement,ASSET-ORG-010-212,,2025-03-06T14:46:57,2025-03-07T13:13:03
A-08044,ORG-010,low,recon,ASSET-ORG-010-032,,2025-04-23T18:51:30,2025-04-29T17:44:28
A-08045,ORG-010,low,brute_force,ASSET-ORG-010-208,,2025-06-20T22:42:15,2025-06-23T19:26:31
A-08046,ORG-010,medium,recon,ASSET-ORG-010-019,,2025-02-21T21:03:57,2025-02-23T08:14:03
A-08047,ORG-010,low,privilege_escalation,ASSET-ORG-010-249,CASE-02062,2025-06-07T05:58:52,2025-06-10T05:22:41
A-08048,ORG-010,critical,phishing,ASSET-ORG-010-099,,2025-05-29T20:50:26,2025-05-30T01:27:01
A-08049,ORG-010,low,data_exfil,ASSET-ORG-010-088,,2025-05-10T16:24:50,2025-05-13T07:35:40
A-08050,ORG-010,high,data_exfil,ASSET-ORG-010-003,,2025-03-06T01:57:16,2025-03-06T19:08:18
A-08051,ORG-010,high,recon,ASSET-ORG-010-065,CASE-02099,2025-01-19T09:07:38,2025-01-20T02:24:10
A-08052,ORG-010,low,brute_force,ASSET-ORG-010-220,,2025-02-15T00:08:23,2025-02-17T13:40:13
A-08053,ORG-010,high,malware,ASSET-ORG-010-243,,2025-04-26T17:24:27,2025-04-27T11:02:22
A-08054,ORG-010,medium,brute_force,ASSET-ORG-010-260,,2025-03-17T10:02:28,2025-03-18T14:27:39
A-08055,ORG-010,high,lateral_movement,ASSET-ORG-010-054,,2025-01-31T04:43:28,2025-01-31T16:04:20
A-08056,ORG-010,medium,recon,ASSET-ORG-010-139,CASE-02092,2025-04-21T09:55:13,2025-04-22T14:25:44
A-08057,ORG-010,critical,privilege_escalation,ASSET-ORG-010-024,CASE-02196,2025-04-27T07:49:06,2025-04-27T14:03:01
A-08058,ORG-010,high,privilege_escalation,ASSET-ORG-010-017,CASE-02143,2025-05-19T21:47:42,2025-05-20T11:06:52
A-08059,ORG-010,medium,recon,ASSET-ORG-010-091,CASE-02210,2025-04-15T00:15:07,2025-04-17T08:25:29
A-08060,ORG-010,medium,brute_force,ASSET-ORG-010-207,,2025-05-31T03:13:17,2025-06-02T03:14:57
A-08061,ORG-010,low,data_exfil,ASSET-ORG-010-112,CASE-02177,2025-06-22T21:01:42,2025-06-27T04:21:07
A-08062,ORG-010,critical,malware,ASSET-ORG-010-130,,2025-04-17T21:37:43,2025-04-18T05:04:40
A-08063,ORG-010,high,lateral_movement,ASSET-ORG-010-060,,2025-01-16T23:57:00,2025-01-17T15:50:30
A-08064,ORG-010,medium,recon,ASSET-ORG-010-104,,2025-01-20T17:29:54,2025-01-23T10:32:22
A-08065,ORG-010,medium,phishing,ASSET-ORG-010-248,,2025-04-06T18:09:04,2025-04-09T02:20:25
A-08066,ORG-010,critical,recon,ASSET-ORG-010-176,,2025-02-03T20:44:29,2025-02-04T04:03:29
A-08067,ORG-010,high,privilege_escalation,ASSET-ORG-010-059,,2025-03-02T16:11:39,2025-03-03T06:05:09
A-08068,ORG-010,critical,brute_force,ASSET-ORG-010-263,CASE-02093,2025-03-09T10:06:05,2025-03-09T14:41:05
A-08069,ORG-010,high,recon,ASSET-ORG-010-078,,2025-01-11T16:37:37,2025-01-12T03:46:26
A-08070,ORG-010,medium,brute_force,ASSET-ORG-010-063,CASE-02059,2025-01-21T12:15:43,2025-01-23T20:28:30
A-08071,ORG-010,low,recon,ASSET-ORG-010-197,,2025-05-07T04:34:35,2025-05-10T06:20:58
A-08072,ORG-010,high,brute_force,ASSET-ORG-010-100,,2025-02-10T22:47:10,2025-02-11T08:31:14
A-08073,ORG-010,medium,privilege_escalation,ASSET-ORG-010-011,CASE-02048,2025-06-11T08:04:51,2025-06-13T19:40:59
A-08074,ORG-010,medium,malware,ASSET-ORG-010-003,,2025-04-01T16:55:29,2025-04-03T18:03:41
A-08075,ORG-010,low,recon,ASSET-ORG-010-257,,2025-06-02T20:12:29,2025-06-07T17:24:51
A-08076,ORG-010,medium,data_exfil,ASSET-ORG-010-259,CASE-02054,2025-04-08T18:53:29,2025-04-10T10:50:17
A-08077,ORG-010,critical,privilege_escalation,ASSET-ORG-010-199,,2025-04-10T01:30:27,2025-04-10T04:14:54
A-08078,ORG-010,medium,data_exfil,ASSET-ORG-010-088,,2025-05-20T16:28:37,2025-05-22T01:12:00
A-08079,ORG-010,high,phishing,ASSET-ORG-010-177,,2025-01-17T03:36:11,2025-01-17T21:07:19
A-08080,ORG-010,high,brute_force,ASSET-ORG-010-147,,2025-05-28T18:44:52,2025-05-29T11:02:13
A-08081,ORG-010,low,recon,ASSET-ORG-010-022,CASE-02088,2025-05-05T22:49:57,2025-05-10T00:02:08
A-08082,ORG-010,medium,privilege_escalation,ASSET-ORG-010-249,,2025-06-08T10:39:30,2025-06-10T15:14:37
A-08083,ORG-010,medium,lateral_movement,ASSET-ORG-010-028,CASE-02071,2025-02-03T06:34:08,2025-02-04T22:38:01
A-08084,ORG-010,high,phishing,ASSET-ORG-010-133,,2025-05-06T19:54:52,2025-05-07T05:57:39
A-08085,ORG-010,low,recon,ASSET-ORG-010-200,,2025-04-19T08:41:40,2025-04-23T23:58:47
A-08086,ORG-010,medium,recon,ASSET-ORG-010-008,,2025-01-18T05:12:52,2025-01-20T07:44:16
A-08087,ORG-010,medium,recon,ASSET-ORG-010-139,,2025-05-11T17:45:35,2025-05-13T04:36:38
A-08088,ORG-010,high,recon,ASSET-ORG-010-070,CASE-02157,2025-01-14T11:18:25,2025-01-15T06:25:00
A-08089,ORG-010,medium,privilege_escalation,ASSET-ORG-010-176,,2025-05-03T16:29:29,2025-05-06T12:29:24
A-08090,ORG-010,low,malware,ASSET-ORG-010-027,,2025-03-28T06:45:17,2025-03-31T01:42:24
A-08091,ORG-010,low,brute_force,ASSET-ORG-010-229,,2025-06-23T21:33:30,2025-06-26T20:00:44
A-08092,ORG-010,medium,data_exfil,ASSET-ORG-010-053,CASE-02081,2025-01-28T08:53:42,2025-01-29T17:16:46
A-08093,ORG-010,medium,brute_force,ASSET-ORG-010-233,,2025-06-08T13:54:04,2025-06-10T14:41:10
A-08094,ORG-010,low,malware,ASSET-ORG-010-234,,2025-04-02T15:12:42,2025-04-06T23:21:54
A-08095,ORG-010,low,phishing,ASSET-ORG-010-017,,2025-06-13T14:41:20,2025-06-15T18:44:27
A-08096,ORG-010,high,brute_force,ASSET-ORG-010-045,,2025-05-09T18:06:26,2025-05-10T17:51:21
A-08097,ORG-010,high,privilege_escalation,ASSET-ORG-010-126,,2025-06-08T01:43:56,2025-06-08T20:35:36
A-08098,ORG-010,high,brute_force,ASSET-ORG-010-093,CASE-02141,2025-01-26T08:43:22,2025-01-27T01:41:54
A-08099,ORG-010,medium,privilege_escalation,ASSET-ORG-010-139,,2025-01-04T16:51:51,2025-01-06T01:20:37
A-08100,ORG-010,medium,malware,ASSET-ORG-010-092,,2025-06-26T18:41:00,2025-06-29T04:11:45
A-08101,ORG-010,medium,phishing,ASSET-ORG-010-163,,2025-01-06T15:45:11,2025-01-09T14:00:46
A-08102,ORG-010,critical,brute_force,ASSET-ORG-010-094,,2025-06-10T17:23:53,2025-06-11T00:42:19
A-08103,ORG-010,high,malware,ASSET-ORG-010-209,CASE-02015,2025-02-06T11:07:26,2025-02-07T10:44:57
A-08104,ORG-010,critical,data_exfil,ASSET-ORG-010-174,,2025-06-05T14:43:32,2025-06-05T20:10:09
A-08105,ORG-010,low,privilege_escalation,ASSET-ORG-010-015,,2025-01-04T23:56:02,2025-01-09T01:00:01
A-08106,ORG-010,medium,recon,ASSET-ORG-010-241,CASE-02142,2025-06-12T16:42:30,2025-06-14T14:18:28
A-08107,ORG-010,low,data_exfil,ASSET-ORG-010-036,,2025-02-01T11:01:48,2025-02-03T21:38:39
A-08108,ORG-010,high,privilege_escalation,ASSET-ORG-010-225,,2025-06-24T06:20:23,2025-06-25T00:26:23
A-08109,ORG-010,high,recon,ASSET-ORG-010-125,CASE-02161,2025-02-26T19:12:11,2025-02-27T09:38:36
A-08110,ORG-010,medium,phishing,ASSET-ORG-010-200,,2025-03-08T14:58:42,2025-03-10T23:43:44
A-08111,ORG-010,medium,lateral_movement,ASSET-ORG-010-080,,2025-05-25T03:45:25,2025-05-26T04:25:04
A-08112,ORG-010,high,lateral_movement,ASSET-ORG-010-194,,2025-01-28T22:54:27,2025-01-29T21:05:35
A-08113,ORG-010,high,phishing,ASSET-ORG-010-229,,2025-02-15T18:02:26,2025-02-16T06:09:26
A-08114,ORG-010,critical,data_exfil,ASSET-ORG-010-186,,2025-02-05T01:39:17,2025-02-05T05:51:05
A-08115,ORG-010,high,malware,ASSET-ORG-010-123,,2025-02-08T00:03:39,2025-02-08T19:40:47
A-08116,ORG-010,high,data_exfil,ASSET-ORG-010-216,CASE-02083,2025-06-24T10:54:07,2025-06-25T09:19:24
A-08117,ORG-010,critical,lateral_movement,ASSET-ORG-010-258,,2025-03-07T19:28:01,2025-03-08T00:50:06
A-08118,ORG-010,low,data_exfil,ASSET-ORG-010-195,,2025-01-15T07:26:12,2025-01-17T18:26:43
A-08119,ORG-010,high,lateral_movement,ASSET-ORG-010-164,,2025-01-05T20:03:44,2025-01-06T07:04:20
A-08120,ORG-010,critical,malware,ASSET-ORG-010-038,,2025-04-15T04:21:48,2025-04-15T07:17:48
A-08121,ORG-010,medium,malware,ASSET-ORG-010-080,,2025-01-20T15:31:52,2025-01-21T16:22:48
A-08122,ORG-010,high,privilege_escalation,ASSET-ORG-010-022,,2025-04-19T20:19:07,2025-04-20T13:25:11
A-08123,ORG-010,medium,recon,ASSET-ORG-010-123,,2025-01-12T19:21:56,2025-01-13T22:02:14
A-08124,ORG-010,medium,data_exfil,ASSET-ORG-010-027,,2025-01-30T23:56:24,2025-02-01T11:09:21
A-08125,ORG-010,low,lateral_movement,ASSET-ORG-010-094,,2025-05-16T03:35:04,2025-05-20T23:46:24
A-08126,ORG-010,medium,recon,ASSET-ORG-010-119,,2025-02-02T19:26:16,2025-02-04T21:13:30
A-08127,ORG-010,low,recon,ASSET-ORG-010-128,,2025-02-13T16:04:02,2025-02-19T10:37:18
A-08128,ORG-010,high,phishing,ASSET-ORG-010-210,CASE-02073,2025-06-18T21:10:11,2025-06-19T09:44:42
A-08129,ORG-010,critical,lateral_movement,ASSET-ORG-010-135,CASE-02157,2025-04-04T06:03:26,2025-04-04T10:13:51
A-08130,ORG-010,medium,malware,ASSET-ORG-010-178,,2025-06-04T06:49:39,2025-06-06T12:30:53
A-08131,ORG-010,high,privilege_escalation,ASSET-ORG-010-227,,2025-05-31T06:06:16,2025-06-01T02:47:57
A-08132,ORG-010,high,recon,ASSET-ORG-010-247,,2025-05-12T05:08:45,2025-05-12T22:11:40
A-08133,ORG-010,medium,lateral_movement,ASSET-ORG-010-261,,2025-06-28T17:49:16,
A-08134,ORG-010,low,data_exfil,ASSET-ORG-010-111,,2025-01-10T15:24:42,2025-01-15T08:25:30
A-08135,ORG-010,high,phishing,ASSET-ORG-010-055,,2025-06-04T02:06:21,2025-06-04T20:14:30
A-08136,ORG-010,low,phishing,ASSET-ORG-010-039,,2025-06-03T06:18:02,2025-06-06T14:54:23
A-08137,ORG-010,high,data_exfil,ASSET-ORG-010-071,,2025-01-31T21:19:33,2025-02-01T08:18:55
A-08138,ORG-010,low,lateral_movement,ASSET-ORG-010-070,CASE-02171,2025-03-15T15:20:07,2025-03-20T03:13:09
A-08139,ORG-010,critical,privilege_escalation,ASSET-ORG-010-148,CASE-02050,2025-01-18T21:06:10,2025-01-19T01:57:40
A-08140,ORG-010,medium,privilege_escalation,ASSET-ORG-010-160,,2025-03-29T19:55:42,2025-03-31T03:40:57
A-08141,ORG-010,high,lateral_movement,ASSET-ORG-010-199,,2025-04-22T03:02:26,2025-04-22T23:08:13
A-08142,ORG-010,medium,recon,ASSET-ORG-010-260,,2025-04-08T18:47:57,2025-04-11T14:29:22
A-08143,ORG-010,high,privilege_escalation,ASSET-ORG-010-104,,2025-02-11T19:06:38,2025-02-12T15:08:05
A-08144,ORG-010,medium,recon,ASSET-ORG-010-181,,2025-05-17T10:54:26,2025-05-20T04:22:06
A-08145,ORG-010,critical,lateral_movement,ASSET-ORG-010-082,,2025-04-20T00:17:18,2025-04-20T03:12:02
A-08146,ORG-010,low,recon,ASSET-ORG-010-236,,2025-03-30T23:17:43,2025-04-05T07:39:39
A-08147,ORG-010,medium,data_exfil,ASSET-ORG-010-234,,2025-05-22T09:17:40,2025-05-24T01:17:53
A-08148,ORG-010,low,brute_force,ASSET-ORG-010-219,,2025-01-08T20:09:57,2025-01-12T19:23:46
A-08149,ORG-010,critical,data_exfil,ASSET-ORG-010-072,,2025-06-06T08:43:10,2025-06-06T10:56:52
A-08150,ORG-010,high,recon,ASSET-ORG-010-200,,2025-02-18T04:58:21,2025-02-18T23:07:34
A-08151,ORG-010,medium,brute_force,ASSET-ORG-010-145,,2025-04-12T07:53:31,2025-04-13T15:33:52
A-08152,ORG-010,medium,phishing,ASSET-ORG-010-054,,2025-01-21T18:23:36,2025-01-24T05:08:37
A-08153,ORG-010,high,brute_force,ASSET-ORG-010-238,,2025-05-15T06:41:09,2025-05-16T03:20:46
A-08154,ORG-010,medium,data_exfil,ASSET-ORG-010-055,CASE-02139,2025-02-17T02:08:05,2025-02-18T12:04:35
A-08155,ORG-010,medium,recon,ASSET-ORG-010-014,,2025-01-05T10:18:05,2025-01-07T13:18:00
A-08156,ORG-010,high,brute_force,ASSET-ORG-010-020,,2025-02-24T02:11:10,2025-02-24T15:07:34
A-08157,ORG-010,medium,lateral_movement,ASSET-ORG-010-248,CASE-02100,2025-04-17T01:23:06,2025-04-19T11:10:36
A-08158,ORG-010,low,recon,ASSET-ORG-010-136,,2025-02-09T20:09:37,2025-02-12T17:40:52
A-08159,ORG-010,medium,privilege_escalation,ASSET-ORG-010-248,,2025-02-11T03:14:54,2025-02-12T06:58:32
A-08160,ORG-010,low,phishing,ASSET-ORG-010-145,,2025-04-19T15:23:17,2025-04-23T14:29:54
A-08161,ORG-010,high,recon,ASSET-ORG-010-158,,2025-05-07T06:19:30,2025-05-08T00:38:32
A-08162,ORG-010,high,recon,ASSET-ORG-010-080,,2025-04-06T12:22:21,2025-04-06T21:24:54
A-08163,ORG-010,high,phishing,ASSET-ORG-010-153,,2025-06-13T10:49:19,2025-06-13T23:44:41
A-08164,ORG-010,high,phishing,ASSET-ORG-010-144,CASE-02038,2025-04-10T03:18:15,2025-04-10T14:07:43
A-08165,ORG-010,low,privilege_escalation,ASSET-ORG-010-048,,2025-02-11T03:29:12,2025-02-14T06:06:45
A-08166,ORG-010,high,phishing,ASSET-ORG-010-093,,2025-03-21T06:40:27,2025-03-21T17:53:49
A-08167,ORG-010,medium,malware,ASSET-ORG-010-057,CASE-02035,2025-01-19T14:39:18,2025-01-22T02:13:58
A-08168,ORG-010,critical,privilege_escalation,ASSET-ORG-010-183,,2025-02-21T07:30:42,2025-02-21T15:11:02
A-08169,ORG-010,critical,data_exfil,ASSET-ORG-010-122,CASE-02014,2025-01-23T09:18:04,2025-01-23T13:44:04
A-08170,ORG-010,medium,privilege_escalation,ASSET-ORG-010-152,CASE-02003,2025-03-20T08:34:28,2025-03-21T23:21:06
A-08171,ORG-010,low,lateral_movement,ASSET-ORG-010-087,CASE-02217,2025-01-11T15:50:11,2025-01-16T10:42:00
A-08172,ORG-010,high,phishing,ASSET-ORG-010-113,CASE-02159,2025-02-11T17:55:29,2025-02-12T16:30:02
A-08173,ORG-010,critical,phishing,ASSET-ORG-010-263,,2025-06-10T20:14:55,2025-06-11T03:07:10
A-08174,ORG-010,high,recon,ASSET-ORG-010-135,,2025-04-07T19:46:29,2025-04-08T17:04:10
A-08175,ORG-010,medium,recon,ASSET-ORG-010-249,CASE-02117,2025-02-16T20:36:17,2025-02-18T11:32:34
A-08176,ORG-010,high,brute_force,ASSET-ORG-010-031,,2025-03-28T23:35:03,2025-03-29T17:47:45
A-08177,ORG-010,critical,phishing,ASSET-ORG-010-168,,2025-02-28T03:35:27,2025-02-28T09:12:53
A-08178,ORG-010,high,phishing,ASSET-ORG-010-207,,2025-04-19T23:18:21,2025-04-20T17:25:18
A-08179,ORG-010,critical,recon,ASSET-ORG-010-225,,2025-05-15T06:24:19,2025-05-15T12:15:37
A-08180,ORG-010,medium,privilege_escalation,ASSET-ORG-010-101,,2025-01-26T05:33:54,2025-01-28T15:32:56
A-08181,ORG-010,medium,phishing,ASSET-ORG-010-135,CASE-02205,2025-06-29T17:43:12,
A-08182,ORG-010,high,brute_force,ASSET-ORG-010-248,,2025-04-20T20:13:56,2025-04-21T19:21:55
A-08183,ORG-010,medium,recon,ASSET-ORG-010-064,,2025-01-28T18:35:13,2025-01-30T01:09:52
A-08184,ORG-010,medium,lateral_movement,ASSET-ORG-010-084,,2025-06-13T18:40:36,2025-06-16T13:55:40
A-08185,ORG-010,medium,lateral_movement,ASSET-ORG-010-068,CASE-02214,2025-03-03T23:43:39,2025-03-06T04:22:53
A-08186,ORG-010,critical,malware,ASSET-ORG-010-019,CASE-02135,2025-02-16T05:38:51,2025-02-16T12:37:31
A-08187,ORG-010,critical,lateral_movement,ASSET-ORG-010-025,,2025-01-02T18:11:00,2025-01-03T01:48:46
A-08188,ORG-010,medium,lateral_movement,ASSET-ORG-010-156,CASE-02181,2025-06-06T20:11:29,2025-06-09T19:42:03
A-08189,ORG-010,high,privilege_escalation,ASSET-ORG-010-199,CASE-02045,2025-02-25T05:54:24,2025-02-25T14:32:51
A-08190,ORG-010,high,lateral_movement,ASSET-ORG-010-187,,2025-03-03T00:11:42,2025-03-03T22:11:44
A-08191,ORG-010,critical,malware,ASSET-ORG-010-087,,2025-04-25T20:26:18,2025-04-26T03:11:46
A-08192,ORG-010,critical,brute_force,ASSET-ORG-010-257,,2025-04-10T19:00:39,2025-04-11T01:16:49
A-08193,ORG-010,critical,lateral_movement,ASSET-ORG-010-166,,2025-02-08T03:57:49,2025-02-08T07:36:59
A-08194,ORG-010,high,recon,ASSET-ORG-010-124,,2025-04-26T09:28:22,2025-04-26T18:54:06
A-08195,ORG-010,medium,data_exfil,ASSET-ORG-010-072,CASE-02025,2025-06-16T07:35:27,2025-06-17T23:46:56
A-08196,ORG-010,medium,privilege_escalation,ASSET-ORG-010-188,,2025-02-01T19:16:22,2025-02-04T00:13:25
A-08197,ORG-010,low,recon,ASSET-ORG-010-044,CASE-02103,2025-06-07T04:08:04,2025-06-11T02:23:59
A-08198,ORG-010,low,recon,ASSET-ORG-010-022,,2025-05-16T18:11:59,2025-05-20T10:57:10
A-08199,ORG-010,critical,malware,ASSET-ORG-010-060,CASE-02211,2025-06-30T14:31:57,2025-06-30T19:56:19
A-08200,ORG-010,high,lateral_movement,ASSET-ORG-010-133,,2025-04-02T20:53:17,2025-04-03T16:19:00
A-08201,ORG-010,high,brute_force,ASSET-ORG-010-211,,2025-05-05T11:42:02,2025-05-06T08:35:59
A-08202,ORG-010,medium,recon,ASSET-ORG-010-176,,2025-04-23T17:57:15,2025-04-25T20:52:55
A-08203,ORG-010,critical,malware,ASSET-ORG-010-006,,2025-02-26T05:49:17,2025-02-26T09:12:57
A-08204,ORG-010,low,data_exfil,ASSET-ORG-010-020,CASE-02184,2025-04-04T03:19:47,2025-04-09T03:17:43
A-08205,ORG-010,low,phishing,ASSET-ORG-010-094,,2025-04-01T02:23:50,2025-04-06T05:58:58
A-08206,ORG-010,critical,recon,ASSET-ORG-010-250,CASE-02083,2025-03-14T16:32:17,2025-03-14T23:21:23
A-08207,ORG-010,medium,recon,ASSET-ORG-010-241,,2025-03-23T02:25:58,2025-03-24T21:43:04
A-08208,ORG-010,critical,lateral_movement,ASSET-ORG-010-203,,2025-04-22T06:36:20,2025-04-22T12:28:42
A-08209,ORG-010,low,data_exfil,ASSET-ORG-010-005,,2025-01-16T09:50:41,2025-01-22T08:14:23
A-08210,ORG-010,low,data_exfil,ASSET-ORG-010-250,,2025-03-05T19:13:07,2025-03-10T15:38:46
A-08211,ORG-010,high,lateral_movement,ASSET-ORG-010-079,,2025-02-16T03:14:29,2025-02-17T02:11:12
A-08212,ORG-010,medium,data_exfil,ASSET-ORG-010-124,CASE-02224,2025-05-29T19:12:56,2025-05-31T07:10:44
A-08213,ORG-010,high,data_exfil,ASSET-ORG-010-032,,2025-01-24T07:10:28,2025-01-25T02:37:24
A-08214,ORG-010,medium,phishing,ASSET-ORG-010-128,,2025-05-09T13:49:55,2025-05-10T23:35:42
A-08215,ORG-010,medium,malware,ASSET-ORG-010-253,,2025-01-08T02:52:10,2025-01-10T02:18:28
A-08216,ORG-010,low,data_exfil,ASSET-ORG-010-021,,2025-01-22T19:23:18,2025-01-25T00:40:57
A-08217,ORG-010,medium,privilege_escalation,ASSET-ORG-010-125,CASE-02022,2025-04-22T04:42:20,2025-04-24T15:50:26
A-08218,ORG-010,critical,recon,ASSET-ORG-010-198,,2025-05-28T06:00:17,2025-05-28T12:51:59
A-08219,ORG-010,low,brute_force,ASSET-ORG-010-122,CASE-02182,2025-06-07T04:24:39,2025-06-10T01:56:23
A-08220,ORG-010,critical,phishing,ASSET-ORG-010-132,,2025-05-20T05:57:42,2025-05-20T10:28:35
A-08221,ORG-010,critical,malware,ASSET-ORG-010-247,CASE-02211,2025-03-02T19:57:25,2025-03-02T23:37:41
A-08222,ORG-010,high,brute_force,ASSET-ORG-010-138,,2025-05-24T10:11:58,2025-05-24T22:07:49
A-08223,ORG-010,medium,lateral_movement,ASSET-ORG-010-043,,2025-04-29T00:43:00,2025-04-30T19:57:02
A-08224,ORG-010,high,lateral_movement,ASSET-ORG-010-005,,2025-05-04T16:26:36,2025-05-05T00:32:53
A-08225,ORG-010,critical,data_exfil,ASSET-ORG-010-251,,2025-02-08T01:39:54,2025-02-08T06:27:35
A-08226,ORG-010,high,lateral_movement,ASSET-ORG-010-160,CASE-02110,2025-05-01T04:58:56,2025-05-01T23:52:46
A-08227,ORG-010,high,malware,ASSET-ORG-010-220,,2025-02-02T04:26:52,2025-02-02T19:09:54
A-08228,ORG-010,low,privilege_escalation,ASSET-ORG-010-180,,2025-02-10T18:54:39,2025-02-16T12:18:45
A-08229,ORG-010,medium,recon,ASSET-ORG-010-131,,2025-01-02T00:06:40,2025-01-04T22:29:13
A-08230,ORG-010,high,data_exfil,ASSET-ORG-010-152,,2025-03-03T11:28:02,2025-03-04T02:25:17
A-08231,ORG-010,medium,privilege_escalation,ASSET-ORG-010-242,,2025-03-13T14:18:32,2025-03-15T13:53:03
A-08232,ORG-010,medium,phishing,ASSET-ORG-010-187,,2025-03-15T10:58:52,2025-03-17T00:56:07
A-08233,ORG-010,medium,recon,ASSET-ORG-010-011,,2025-01-19T17:59:35,2025-01-22T12:38:48
A-08234,ORG-010,critical,malware,ASSET-ORG-010-135,,2025-01-26T04:50:20,2025-01-26T07:46:33
A-08235,ORG-010,high,lateral_movement,ASSET-ORG-010-151,,2025-01-01T02:03:04,2025-01-02T01:24:52
A-08236,ORG-010,high,data_exfil,ASSET-ORG-010-204,,2025-06-28T12:52:56,2025-06-29T11:27:56
A-08237,ORG-010,critical,recon,ASSET-ORG-010-111,,2025-06-02T21:52:00,2025-06-03T03:31:44
A-08238,ORG-010,medium,data_exfil,ASSET-ORG-010-243,,2025-04-08T19:45:03,2025-04-11T15:30:58
A-08239,ORG-010,low,privilege_escalation,ASSET-ORG-010-215,CASE-02112,2025-03-11T23:09:44,2025-03-14T15:36:05
A-08240,ORG-010,medium,brute_force,ASSET-ORG-010-056,,2025-01-02T10:07:07,2025-01-03T14:30:46
A-08241,ORG-010,critical,privilege_escalation,ASSET-ORG-010-140,,2025-01-17T11:32:39,2025-01-17T18:12:13
A-08242,ORG-010,low,malware,ASSET-ORG-010-210,CASE-02104,2025-03-16T21:45:39,2025-03-21T11:51:04
A-08243,ORG-010,high,lateral_movement,ASSET-ORG-010-259,,2025-05-06T08:24:48,2025-05-07T02:05:00
A-08244,ORG-010,high,malware,ASSET-ORG-010-030,CASE-02114,2025-01-21T13:16:25,2025-01-21T22:42:45
A-08245,ORG-010,high,data_exfil,ASSET-ORG-010-023,,2025-03-17T12:30:53,2025-03-17T22:36:30
A-08246,ORG-010,low,phishing,ASSET-ORG-010-084,CASE-02201,2025-05-06T09:38:58,2025-05-09T05:03:12
A-08247,ORG-010,low,lateral_movement,ASSET-ORG-010-028,CASE-02162,2025-06-08T05:00:50,2025-06-14T00:12:15
A-08248,ORG-010,low,brute_force,ASSET-ORG-010-019,,2025-02-24T13:31:01,2025-02-28T12:58:24
A-08249,ORG-010,high,malware,ASSET-ORG-010-090,,2025-01-03T14:27:37,2025-01-03T23:18:37
A-08250,ORG-010,medium,brute_force,ASSET-ORG-010-223,,2025-04-09T09:34:24,2025-04-11T12:30:43
A-08251,ORG-010,medium,malware,ASSET-ORG-010-077,,2025-03-29T14:46:03,2025-04-01T04:05:17
A-08252,ORG-010,high,lateral_movement,ASSET-ORG-010-171,,2025-01-13T09:54:19,2025-01-13T20:54:03
A-08253,ORG-010,high,privilege_escalation,ASSET-ORG-010-068,,2025-06-22T11:46:53,2025-06-23T02:02:14
A-08254,ORG-010,high,privilege_escalation,ASSET-ORG-010-039,,2025-06-20T16:37:04,2025-06-21T10:49:32
A-08255,ORG-010,medium,privilege_escalation,ASSET-ORG-010-133,,2025-03-27T21:36:11,2025-03-30T03:25:17
A-08256,ORG-010,high,data_exfil,ASSET-ORG-010-136,CASE-02076,2025-06-05T14:09:52,2025-06-06T03:01:16
A-08257,ORG-010,critical,lateral_movement,ASSET-ORG-010-254,CASE-02109,2025-05-26T09:59:01,2025-05-26T17:51:25
A-08258,ORG-010,critical,data_exfil,ASSET-ORG-010-186,,2025-04-04T10:21:22,2025-04-04T18:17:43
A-08259,ORG-010,medium,phishing,ASSET-ORG-010-248,CASE-02173,2025-05-08T13:45:14,2025-05-10T07:27:36
A-08260,ORG-010,high,recon,ASSET-ORG-010-177,,2025-01-30T08:31:58,2025-01-30T18:51:54
A-08261,ORG-010,medium,privilege_escalation,ASSET-ORG-010-027,,2025-04-11T21:01:35,2025-04-13T06:43:29
A-08262,ORG-010,medium,malware,ASSET-ORG-010-229,,2025-05-28T13:26:50,2025-05-31T12:58:34
A-08263,ORG-010,critical,lateral_movement,ASSET-ORG-010-008,,2025-05-28T16:27:02,2025-05-28T20:10:33
A-08264,ORG-010,medium,lateral_movement,ASSET-ORG-010-184,,2025-05-16T11:07:37,2025-05-19T01:17:57
A-08265,ORG-010,medium,recon,ASSET-ORG-010-036,,2025-06-05T10:09:52,2025-06-06T13:25:36
A-08266,ORG-010,medium,data_exfil,ASSET-ORG-010-116,,2025-03-12T14:04:44,2025-03-14T17:09:20
A-08267,ORG-010,high,privilege_escalation,ASSET-ORG-010-178,,2025-01-04T16:09:19,2025-01-05T04:24:48
A-08268,ORG-010,high,malware,ASSET-ORG-010-055,,2025-01-10T06:13:30,2025-01-10T15:39:09
A-08269,ORG-010,critical,recon,ASSET-ORG-010-112,,2025-06-26T09:11:28,2025-06-26T16:35:51
A-08270,ORG-010,critical,brute_force,ASSET-ORG-010-078,,2025-01-09T08:35:28,2025-01-09T14:05:19
A-08271,ORG-010,medium,phishing,ASSET-ORG-010-150,,2025-05-14T11:20:36,2025-05-15T20:30:33
A-08272,ORG-010,medium,privilege_escalation,ASSET-ORG-010-151,CASE-02046,2025-01-18T12:10:13,2025-01-20T14:47:29
A-08273,ORG-010,medium,privilege_escalation,ASSET-ORG-010-093,,2025-03-11T19:17:32,2025-03-13T13:23:11
A-08274,ORG-010,medium,brute_force,ASSET-ORG-010-166,,2025-04-02T15:17:09,2025-04-04T19:36:11
A-08275,ORG-010,high,malware,ASSET-ORG-010-235,,2025-03-05T16:11:10,2025-03-06T03:13:23
A-08276,ORG-010,medium,phishing,ASSET-ORG-010-077,,2025-02-27T06:03:24,2025-02-28T22:32:40
A-08277,ORG-010,low,brute_force,ASSET-ORG-010-220,,2025-01-18T01:58:21,2025-01-20T04:55:50
A-08278,ORG-010,critical,brute_force,ASSET-ORG-010-007,,2025-06-02T01:20:54,2025-06-02T07:07:54
A-08279,ORG-010,medium,recon,ASSET-ORG-010-230,,2025-03-07T11:12:18,2025-03-09T14:15:06
A-08280,ORG-010,critical,recon,ASSET-ORG-010-262,,2025-03-09T04:01:13,2025-03-09T11:43:16
A-08281,ORG-010,medium,brute_force,ASSET-ORG-010-123,,2025-04-12T09:58:20,2025-04-14T07:19:28
A-08282,ORG-010,high,malware,ASSET-ORG-010-063,,2025-06-28T00:55:46,2025-06-28T21:30:39
A-08283,ORG-010,medium,data_exfil,ASSET-ORG-010-188,,2025-05-23T21:34:28,2025-05-24T21:44:58
A-08284,ORG-010,medium,data_exfil,ASSET-ORG-010-030,,2025-06-26T08:03:16,2025-06-29T00:34:20
A-08285,ORG-010,high,lateral_movement,ASSET-ORG-010-201,CASE-02111,2025-02-23T02:53:48,2025-02-24T02:39:16
A-08286,ORG-010,medium,malware,ASSET-ORG-010-227,,2025-02-10T01:40:02,2025-02-11T12:48:16
A-08287,ORG-010,medium,brute_force,ASSET-ORG-010-032,,2025-05-05T07:25:35,2025-05-08T03:47:57
A-08288,ORG-010,high,brute_force,ASSET-ORG-010-015,,2025-05-30T05:26:22,2025-05-30T17:07:13
A-08289,ORG-010,medium,brute_force,ASSET-ORG-010-141,,2025-05-25T21:09:21,2025-05-28T19:47:30
A-08290,ORG-010,low,privilege_escalation,ASSET-ORG-010-212,,2025-05-28T14:49:44,2025-06-01T01:16:58
A-08291,ORG-010,low,lateral_movement,ASSET-ORG-010-097,,2025-05-19T18:59:35,2025-05-24T04:51:03
A-08292,ORG-010,medium,recon,ASSET-ORG-010-137,CASE-02021,2025-06-20T01:24:54,2025-06-21T15:10:13
A-08293,ORG-010,medium,brute_force,ASSET-ORG-010-255,,2025-03-10T10:57:01,2025-03-11T18:32:28
A-08294,ORG-010,low,privilege_escalation,ASSET-ORG-010-264,CASE-02193,2025-05-05T19:04:05,2025-05-09T12:18:56
A-08295,ORG-010,critical,recon,ASSET-ORG-010-187,,2025-05-22T10:53:07,2025-05-22T15:13:45
A-08296,ORG-010,low,phishing,ASSET-ORG-010-161,,2025-06-26T05:37:18,2025-06-29T14:10:32
A-08297,ORG-010,medium,privilege_escalation,ASSET-ORG-010-048,,2025-02-06T23:00:23,2025-02-08T22:40:15
A-08298,ORG-010,medium,recon,ASSET-ORG-010-229,CASE-02152,2025-03-10T03:59:06,2025-03-12T03:25:02
A-08299,ORG-010,high,privilege_escalation,ASSET-ORG-010-142,,2025-02-08T04:16:32,2025-02-08T12:49:26
A-08300,ORG-010,high,privilege_escalation,ASSET-ORG-010-099,,2025-06-17T14:35:35,2025-06-18T05:40:49
A-08301,ORG-010,high,brute_force,ASSET-ORG-010-149,,2025-06-25T04:25:43,2025-06-25T22:36:54
A-08302,ORG-010,medium,brute_force,ASSET-ORG-010-092,,2025-02-06T00:47:38,2025-02-07T06:09:41
A-08303,ORG-010,medium,data_exfil,ASSET-ORG-010-024,,2025-04-04T11:52:57,2025-04-05T19:44:07
A-08304,ORG-010,high,phishing,ASSET-ORG-010-187,,2025-01-08T21:22:13,2025-01-09T16:30:25
A-08305,ORG-010,high,malware,ASSET-ORG-010-119,,2025-06-14T23:21:52,2025-06-15T16:38:46
A-08306,ORG-010,medium,privilege_escalation,ASSET-ORG-010-119,,2025-01-31T22:51:53,2025-02-03T14:30:14
A-08307,ORG-010,low,privilege_escalation,ASSET-ORG-010-238,,2025-04-10T12:03:52,2025-04-13T08:16:13
A-08308,ORG-010,critical,privilege_escalation,ASSET-ORG-010-133,,2025-06-02T07:13:45,2025-06-02T10:10:52
A-08309,ORG-010,high,phishing,ASSET-ORG-010-134,,2025-03-07T06:45:08,2025-03-07T18:35:35
A-08310,ORG-010,medium,malware,ASSET-ORG-010-037,,2025-04-29T16:57:25,2025-05-02T07:42:15
A-08311,ORG-010,critical,brute_force,ASSET-ORG-010-131,CASE-02115,2025-05-22T19:58:01,2025-05-22T22:36:12
A-08312,ORG-010,low,brute_force,ASSET-ORG-010-184,,2025-06-24T18:55:08,2025-06-28T10:42:26
A-08313,ORG-010,high,lateral_movement,ASSET-ORG-010-186,,2025-05-10T21:14:23,2025-05-11T16:39:55
A-08314,ORG-010,high,privilege_escalation,ASSET-ORG-010-106,,2025-01-18T16:31:36,2025-01-19T15:18:37
A-08315,ORG-010,high,privilege_escalation,ASSET-ORG-010-251,,2025-05-27T18:02:13,2025-05-28T08:09:09
A-08316,ORG-010,high,phishing,ASSET-ORG-010-210,CASE-02163,2025-01-17T01:44:00,2025-01-17T20:32:02
A-08317,ORG-010,medium,lateral_movement,ASSET-ORG-010-019,CASE-02154,2025-01-05T12:57:23,2025-01-08T04:34:58
A-08318,ORG-010,high,privilege_escalation,ASSET-ORG-010-239,,2025-01-31T10:44:07,2025-02-01T07:50:30
A-08319,ORG-010,critical,privilege_escalation,ASSET-ORG-010-237,,2025-04-10T07:17:24,2025-04-10T14:00:47
A-08320,ORG-010,critical,data_exfil,ASSET-ORG-010-009,,2025-02-02T05:37:38,2025-02-02T13:05:17
A-08321,ORG-010,medium,recon,ASSET-ORG-010-135,CASE-02149,2025-06-02T13:00:26,2025-06-04T08:16:25
A-08322,ORG-010,critical,brute_force,ASSET-ORG-010-069,,2025-02-08T22:20:54,2025-02-09T02:53:47
A-08323,ORG-010,high,malware,ASSET-ORG-010-008,CASE-02094,2025-02-08T00:49:58,2025-02-08T15:32:45
A-08324,ORG-010,medium,privilege_escalation,ASSET-ORG-010-037,,2025-05-16T12:40:34,2025-05-19T04:12:01
A-08325,ORG-010,medium,phishing,ASSET-ORG-010-051,,2025-01-14T06:16:07,2025-01-16T12:09:25
A-08326,ORG-010,critical,malware,ASSET-ORG-010-205,,2025-05-31T03:25:10,2025-05-31T08:44:18
A-08327,ORG-010,medium,malware,ASSET-ORG-010-243,CASE-02107,2025-05-09T17:22:06,2025-05-11T22:59:08
A-08328,ORG-010,critical,malware,ASSET-ORG-010-024,,2025-06-08T08:36:47,2025-06-08T16:15:39
A-08329,ORG-010,medium,malware,ASSET-ORG-010-170,,2025-03-21T23:14:50,2025-03-24T09:40:54
A-08330,ORG-010,medium,malware,ASSET-ORG-010-256,,2025-05-01T05:21:18,2025-05-03T09:46:54
A-08331,ORG-010,high,phishing,ASSET-ORG-010-112,CASE-02023,2025-02-23T02:42:52,2025-02-23T22:45:47
A-08332,ORG-010,high,data_exfil,ASSET-ORG-010-039,CASE-02197,2025-04-07T04:23:12,2025-04-07T22:52:30
A-08333,ORG-010,high,brute_force,ASSET-ORG-010-175,,2025-02-09T01:20:26,2025-02-09T11:32:19
A-08334,ORG-010,critical,lateral_movement,ASSET-ORG-010-214,,2025-02-26T16:36:40,2025-02-26T23:43:09
A-08335,ORG-010,high,malware,ASSET-ORG-010-028,,2025-01-23T08:33:48,2025-01-24T06:33:03
A-08336,ORG-010,low,privilege_escalation,ASSET-ORG-010-085,,2025-03-18T20:33:34,2025-03-21T16:51:32
A-08337,ORG-010,critical,data_exfil,ASSET-ORG-010-148,,2025-06-18T04:18:48,2025-06-18T08:20:10
A-08338,ORG-010,low,privilege_escalation,ASSET-ORG-010-197,,2025-06-05T13:09:48,2025-06-11T07:42:26
A-08339,ORG-010,low,recon,ASSET-ORG-010-221,,2025-03-27T10:06:40,2025-04-02T08:25:54
A-08340,ORG-010,critical,recon,ASSET-ORG-010-088,,2025-03-29T08:39:25,2025-03-29T15:52:24
A-08341,ORG-010,low,privilege_escalation,ASSET-ORG-010-076,,2025-04-09T11:47:29,2025-04-15T05:46:59
A-08342,ORG-010,low,malware,ASSET-ORG-010-140,,2025-03-21T22:43:50,2025-03-25T09:40:34
A-08343,ORG-010,high,brute_force,ASSET-ORG-010-140,,2025-05-22T15:06:53,2025-05-23T10:19:29
A-08344,ORG-010,low,recon,ASSET-ORG-010-256,,2025-06-30T08:23:45,
A-08345,ORG-010,medium,malware,ASSET-ORG-010-047,,2025-02-03T19:30:32,2025-02-06T11:32:33
A-08346,ORG-010,critical,malware,ASSET-ORG-010-008,,2025-04-29T23:29:55,2025-04-30T06:06:23
A-08347,ORG-010,low,phishing,ASSET-ORG-010-110,,2025-03-02T16:12:05,2025-03-06T00:12:24
A-08348,ORG-010,medium,phishing,ASSET-ORG-010-120,,2025-03-16T11:54:03,2025-03-18T12:02:53
A-08349,ORG-010,high,lateral_movement,ASSET-ORG-010-245,,2025-01-13T06:51:08,2025-01-13T19:55:24
A-08350,ORG-010,medium,brute_force,ASSET-ORG-010-173,,2025-02-01T18:40:47,2025-02-04T08:25:27
A-08351,ORG-010,medium,phishing,ASSET-ORG-010-105,CASE-02139,2025-05-02T13:22:58,2025-05-04T18:18:38
A-08352,ORG-010,critical,brute_force,ASSET-ORG-010-233,,2025-04-24T00:16:43,2025-04-24T06:33:48
A-08353,ORG-010,low,phishing,ASSET-ORG-010-247,,2025-02-28T19:02:01,2025-03-05T07:16:43
A-08354,ORG-010,medium,brute_force,ASSET-ORG-010-162,,2025-02-10T18:29:29,2025-02-13T05:54:23
A-08355,ORG-010,high,malware,ASSET-ORG-010-126,CASE-02054,2025-05-16T10:14:25,2025-05-17T01:29:29
A-08356,ORG-010,high,recon,ASSET-ORG-010-026,,2025-05-31T23:23:47,2025-06-01T14:22:23
A-08357,ORG-010,low,recon,ASSET-ORG-010-001,CASE-02193,2025-04-06T17:21:16,2025-04-09T22:06:26
A-08358,ORG-010,high,malware,ASSET-ORG-010-217,,2025-01-22T12:53:59,2025-01-22T23:42:16
A-08359,ORG-010,high,brute_force,ASSET-ORG-010-151,,2025-03-13T20:09:38,2025-03-14T19:17:49
A-08360,ORG-010,critical,phishing,ASSET-ORG-010-112,,2025-02-24T09:01:44,2025-02-24T14:01:49
A-08361,ORG-010,medium,data_exfil,ASSET-ORG-010-058,,2025-02-16T17:24:09,2025-02-19T14:17:07
A-08362,ORG-010,high,privilege_escalation,ASSET-ORG-010-265,CASE-02100,2025-05-05T02:45:02,2025-05-05T23:56:50
A-08363,ORG-010,critical,malware,ASSET-ORG-010-218,,2025-02-03T01:02:08,2025-02-03T05:52:49
A-08364,ORG-010,critical,malware,ASSET-ORG-010-261,,2025-05-08T06:28:43,2025-05-08T12:23:01
A-08365,ORG-010,low,recon,ASSET-ORG-010-132,,2025-03-18T17:20:02,2025-03-21T04:56:09
A-08366,ORG-010,high,malware,ASSET-ORG-010-220,,2025-03-12T22:05:44,2025-03-13T13:40:40
A-08367,ORG-010,medium,data_exfil,ASSET-ORG-010-126,,2025-04-12T07:58:59,2025-04-15T06:07:56
A-08368,ORG-010,medium,privilege_escalation,ASSET-ORG-010-108,,2025-02-10T19:46:28,2025-02-12T03:28:18
A-08369,ORG-010,medium,phishing,ASSET-ORG-010-062,,2025-06-22T19:11:23,2025-06-24T21:05:06
A-08370,ORG-010,high,brute_force,ASSET-ORG-010-074,,2025-06-08T17:12:10,2025-06-09T05:00:00
A-08371,ORG-010,high,lateral_movement,ASSET-ORG-010-234,CASE-02070,2025-02-26T17:17:39,2025-02-27T12:36:28
A-08372,ORG-010,low,data_exfil,ASSET-ORG-010-096,,2025-02-22T05:57:42,2025-02-25T13:57:37
A-08373,ORG-010,critical,data_exfil,ASSET-ORG-010-008,CASE-02225,2025-02-16T15:07:01,2025-02-16T19:24:42
A-08374,ORG-010,high,brute_force,ASSET-ORG-010-053,,2025-01-29T21:12:52,2025-01-30T19:33:21
A-08375,ORG-010,high,malware,ASSET-ORG-010-016,,2025-04-26T04:23:47,2025-04-26T17:57:18
A-08376,ORG-010,high,phishing,ASSET-ORG-010-114,,2025-04-26T00:56:35,2025-04-26T14:57:05
A-08377,ORG-010,critical,phishing,ASSET-ORG-010-132,CASE-02138,2025-03-26T08:07:42,2025-03-26T16:05:15
A-08378,ORG-010,critical,data_exfil,ASSET-ORG-010-088,,2025-06-27T22:50:38,2025-06-28T02:57:56
A-08379,ORG-010,medium,recon,ASSET-ORG-010-134,,2025-01-23T20:45:11,2025-01-25T10:30:18
A-08380,ORG-010,low,lateral_movement,ASSET-ORG-010-008,,2025-06-25T17:35:14,
A-08381,ORG-010,medium,lateral_movement,ASSET-ORG-010-201,,2025-04-27T23:25:40,2025-04-29T08:42:45
A-08382,ORG-010,high,lateral_movement,ASSET-ORG-010-247,,2025-05-31T17:01:36,2025-06-01T07:00:49
A-08383,ORG-010,critical,malware,ASSET-ORG-010-141,,2025-06-04T21:56:56,2025-06-05T04:10:42
A-08384,ORG-010,high,lateral_movement,ASSET-ORG-010-185,,2025-01-24T06:45:01,2025-01-24T21:33:58
A-08385,ORG-010,high,data_exfil,ASSET-ORG-010-210,CASE-02129,2025-01-06T13:45:59,2025-01-07T05:40:19
A-08386,ORG-010,medium,lateral_movement,ASSET-ORG-010-086,,2025-06-20T15:49:59,2025-06-23T15:38:35
A-08387,ORG-010,critical,malware,ASSET-ORG-010-078,CASE-02153,2025-02-25T08:46:11,2025-02-25T13:39:26
A-08388,ORG-010,medium,recon,ASSET-ORG-010-055,,2025-06-15T13:32:39,2025-06-17T14:49:23
A-08389,ORG-010,critical,recon,ASSET-ORG-010-253,,2025-06-06T02:14:10,2025-06-06T04:48:09
A-08390,ORG-010,medium,phishing,ASSET-ORG-010-136,,2025-01-17T18:06:32,2025-01-19T20:44:25
A-08391,ORG-010,high,lateral_movement,ASSET-ORG-010-226,,2025-06-16T13:23:20,2025-06-16T23:27:45
A-08392,ORG-010,medium,brute_force,ASSET-ORG-010-194,,2025-01-18T05:15:58,2025-01-20T12:35:02
A-08393,ORG-010,low,brute_force,ASSET-ORG-010-113,CASE-02071,2025-06-04T00:52:19,2025-06-09T09:08:01
A-08394,ORG-010,low,brute_force,ASSET-ORG-010-147,CASE-02182,2025-04-20T16:38:45,2025-04-26T00:09:42
A-08395,ORG-010,low,phishing,ASSET-ORG-010-110,,2025-05-26T06:51:48,2025-06-01T03:37:22
A-08396,ORG-010,medium,malware,ASSET-ORG-010-014,,2025-04-13T05:52:13,2025-04-15T12:18:19
A-08397,ORG-010,critical,phishing,ASSET-ORG-010-084,,2025-05-24T00:35:42,2025-05-24T06:03:59
A-08398,ORG-010,medium,phishing,ASSET-ORG-010-209,,2025-06-17T12:31:19,2025-06-19T23:03:45
A-08399,ORG-010,critical,brute_force,ASSET-ORG-010-132,,2025-01-30T18:16:14,2025-01-30T22:47:02
A-08400,ORG-010,high,recon,ASSET-ORG-010-240,CASE-02033,2025-01-10T21:56:54,2025-01-11T13:19:47
A-08401,ORG-010,high,malware,ASSET-ORG-010-064,,2025-02-27T07:31:30,2025-02-28T00:55:12
A-08402,ORG-010,medium,recon,ASSET-ORG-010-173,CASE-02183,2025-01-18T23:13:54,2025-01-21T06:39:24
A-08403,ORG-010,critical,data_exfil,ASSET-ORG-010-115,CASE-02065,2025-03-28T17:52:34,2025-03-28T21:14:21
A-08404,ORG-010,medium,brute_force,ASSET-ORG-010-130,,2025-04-12T21:04:07,2025-04-13T23:56:40
A-08405,ORG-010,critical,brute_force,ASSET-ORG-010-013,,2025-04-05T21:17:59,2025-04-05T23:30:24
A-08406,ORG-010,medium,privilege_escalation,ASSET-ORG-010-121,,2025-04-12T16:21:29,2025-04-14T00:50:31
A-08407,ORG-010,critical,lateral_movement,ASSET-ORG-010-042,,2025-02-27T11:13:40,2025-02-27T18:25:08
A-08408,ORG-010,high,privilege_escalation,ASSET-ORG-010-144,,2025-05-07T22:27:14,2025-05-08T16:23:07
A-08409,ORG-010,high,malware,ASSET-ORG-010-029,,2025-06-13T22:40:16,2025-06-14T07:03:19
A-08410,ORG-010,low,brute_force,ASSET-ORG-010-146,,2025-01-28T03:07:45,2025-02-02T15:59:02
A-08411,ORG-010,medium,brute_force,ASSET-ORG-010-255,,2025-04-12T23:42:46,2025-04-14T16:10:29
A-08412,ORG-010,medium,data_exfil,ASSET-ORG-010-059,CASE-02000,2025-03-29T13:20:24,2025-03-30T15:47:06
A-08413,ORG-010,high,phishing,ASSET-ORG-010-245,CASE-02209,2025-04-12T04:32:14,2025-04-12T12:48:30
A-08414,ORG-010,high,privilege_escalation,ASSET-ORG-010-218,,2025-06-27T19:02:09,2025-06-28T15:45:08
A-08415,ORG-010,medium,data_exfil,ASSET-ORG-010-027,CASE-02186,2025-04-15T01:11:07,2025-04-17T16:38:17
A-08416,ORG-010,medium,privilege_escalation,ASSET-ORG-010-194,,2025-03-15T05:48:44,2025-03-16T16:54:22
A-08417,ORG-010,high,phishing,ASSET-ORG-010-105,,2025-03-27T15:03:48,2025-03-28T08:07:45
A-08418,ORG-010,critical,data_exfil,ASSET-ORG-010-198,,2025-06-08T22:51:49,2025-06-09T00:54:37
A-08419,ORG-010,low,malware,ASSET-ORG-010-021,,2025-01-25T15:41:06,2025-01-29T04:52:34
A-08420,ORG-010,critical,privilege_escalation,ASSET-ORG-010-174,CASE-02019,2025-04-19T15:27:03,2025-04-19T17:31:16
A-08421,ORG-010,high,data_exfil,ASSET-ORG-010-069,,2025-05-17T02:55:25,2025-05-17T20:22:19
A-08422,ORG-010,medium,lateral_movement,ASSET-ORG-010-111,,2025-02-03T19:50:48,2025-02-05T03:38:58
A-08423,ORG-010,medium,privilege_escalation,ASSET-ORG-010-130,,2025-06-17T14:33:11,2025-06-19T09:12:59
A-08424,ORG-010,critical,brute_force,ASSET-ORG-010-171,,2025-06-08T09:12:32,2025-06-08T11:37:00
A-08425,ORG-010,low,lateral_movement,ASSET-ORG-010-239,,2025-05-11T03:20:22,2025-05-15T14:54:21
A-08426,ORG-010,medium,brute_force,ASSET-ORG-010-166,,2025-02-08T01:26:29,2025-02-09T11:57:51
A-08427,ORG-010,medium,lateral_movement,ASSET-ORG-010-048,,2025-03-25T06:23:03,2025-03-28T02:17:07
A-08428,ORG-010,high,data_exfil,ASSET-ORG-010-122,,2025-03-06T08:24:06,2025-03-07T01:13:18
A-08429,ORG-010,low,privilege_escalation,ASSET-ORG-010-003,CASE-02048,2025-06-22T07:59:46,2025-06-25T03:23:18
A-08430,ORG-010,medium,lateral_movement,ASSET-ORG-010-245,CASE-02192,2025-01-27T01:26:11,2025-01-28T03:20:42
A-08431,ORG-010,low,brute_force,ASSET-ORG-010-016,,2025-06-16T06:14:39,2025-06-20T09:26:25
A-08432,ORG-010,high,phishing,ASSET-ORG-010-033,,2025-01-10T04:28:47,2025-01-10T20:10:21
A-08433,ORG-010,low,data_exfil,ASSET-ORG-010-200,,2025-05-30T12:40:23,2025-06-01T15:05:21
A-08434,ORG-010,medium,lateral_movement,ASSET-ORG-010-177,CASE-02223,2025-06-02T11:34:25,2025-06-05T02:46:07
A-08435,ORG-010,high,data_exfil,ASSET-ORG-010-158,,2025-04-04T05:53:54,2025-04-05T01:26:51
A-08436,ORG-010,critical,lateral_movement,ASSET-ORG-010-036,,2025-06-24T09:51:00,2025-06-24T11:53:18
A-08437,ORG-010,medium,brute_force,ASSET-ORG-010-086,,2025-02-06T21:19:55,2025-02-09T02:21:16
A-08438,ORG-010,low,data_exfil,ASSET-ORG-010-107,,2025-01-14T15:58:57,2025-01-18T00:22:34
A-08439,ORG-010,critical,data_exfil,ASSET-ORG-010-069,,2025-04-20T19:04:41,2025-04-20T23:21:04
A-08440,ORG-010,medium,data_exfil,ASSET-ORG-010-034,,2025-04-02T18:08:48,2025-04-05T17:45:01
A-08441,ORG-010,critical,malware,ASSET-ORG-010-205,,2025-05-11T04:30:01,2025-05-11T07:11:39
A-08442,ORG-010,high,privilege_escalation,ASSET-ORG-010-239,,2025-06-17T03:15:04,2025-06-17T17:42:47
A-08443,ORG-010,low,brute_force,ASSET-ORG-010-194,CASE-02049,2025-03-11T09:24:41,2025-03-15T11:58:12
A-08444,ORG-010,medium,brute_force,ASSET-ORG-010-049,,2025-06-08T09:12:19,2025-06-09T09:21:33
A-08445,ORG-010,high,data_exfil,ASSET-ORG-010-076,,2025-03-05T15:30:16,2025-03-06T12:07:20
A-08446,ORG-010,medium,phishing,ASSET-ORG-010-258,,2025-01-23T16:13:35,2025-01-25T05:01:43
A-08447,ORG-010,high,phishing,ASSET-ORG-010-218,,2025-05-10T23:26:08,2025-05-11T09:42:46
A-08448,ORG-010,high,data_exfil,ASSET-ORG-010-187,,2025-02-09T00:43:39,2025-02-09T14:08:13
A-08449,ORG-010,high,lateral_movement,ASSET-ORG-010-069,,2025-02-12T09:54:22,2025-02-13T03:35:46
A-08450,ORG-010,critical,recon,ASSET-ORG-010-135,,2025-03-25T03:26:04,2025-03-25T10:26:02
A-08451,ORG-010,high,data_exfil,ASSET-ORG-010-159,,2025-06-12T04:32:21,2025-06-12T12:51:47
A-08452,ORG-010,high,recon,ASSET-ORG-010-219,,2025-06-01T18:17:30,2025-06-02T07:22:19
A-08453,ORG-010,high,malware,ASSET-ORG-010-084,,2025-01-24T17:25:19,2025-01-25T13:12:15
A-08454,ORG-010,medium,data_exfil,ASSET-ORG-010-122,,2025-04-05T05:41:54,2025-04-08T05:31:43
A-08455,ORG-010,medium,malware,ASSET-ORG-010-089,,2025-01-31T14:45:50,2025-02-03T01:21:48
A-08456,ORG-010,medium,malware,ASSET-ORG-010-116,,2025-01-24T06:54:54,2025-01-25T07:49:06
A-08457,ORG-010,medium,malware,ASSET-ORG-010-161,CASE-02151,2025-06-18T22:34:44,2025-06-20T16:37:09
A-08458,ORG-010,low,lateral_movement,ASSET-ORG-010-130,CASE-02070,2025-02-17T16:32:08,2025-02-21T00:43:53
A-08459,ORG-010,high,brute_force,ASSET-ORG-010-174,,2025-05-24T00:41:50,2025-05-24T08:54:07
A-08460,ORG-010,critical,brute_force,ASSET-ORG-010-242,,2025-03-11T01:06:12,2025-03-11T04:39:46
A-08461,ORG-010,critical,lateral_movement,ASSET-ORG-010-204,,2025-06-09T01:13:15,2025-06-09T06:53:13
A-08462,ORG-010,medium,lateral_movement,ASSET-ORG-010-085,CASE-02123,2025-01-19T19:12:08,2025-01-22T11:54:05
A-08463,ORG-010,medium,phishing,ASSET-ORG-010-172,,2025-06-15T17:14:29,2025-06-17T09:48:55
A-08464,ORG-010,high,privilege_escalation,ASSET-ORG-010-147,,2025-01-27T10:08:55,2025-01-28T05:23:24
A-08465,ORG-010,low,data_exfil,ASSET-ORG-010-150,CASE-02020,2025-04-23T08:10:17,2025-04-26T17:22:26
A-08466,ORG-010,medium,malware,ASSET-ORG-010-003,,2025-04-29T17:44:28,2025-05-02T05:50:16
A-08467,ORG-010,high,recon,ASSET-ORG-010-247,,2025-04-22T07:38:16,2025-04-22T22:50:46
A-08468,ORG-010,high,phishing,ASSET-ORG-010-109,,2025-01-17T04:29:58,2025-01-17T20:57:16
A-08469,ORG-010,low,privilege_escalation,ASSET-ORG-010-124,CASE-02114,2025-05-09T05:57:25,2025-05-11T11:01:39
A-08470,ORG-010,critical,malware,ASSET-ORG-010-182,CASE-02047,2025-06-16T02:25:39,2025-06-16T09:42:48
A-08471,ORG-010,high,brute_force,ASSET-ORG-010-014,,2025-03-12T04:04:16,2025-03-13T00:29:05
A-08472,ORG-010,medium,malware,ASSET-ORG-010-056,CASE-02171,2025-04-21T14:05:04,2025-04-24T06:35:45
A-08473,ORG-010,medium,lateral_movement,ASSET-ORG-010-008,,2025-01-03T03:12:21,2025-01-05T08:39:34
A-08474,ORG-010,medium,recon,ASSET-ORG-010-232,,2025-02-01T02:20:55,2025-02-02T19:31:28
A-08475,ORG-010,medium,phishing,ASSET-ORG-010-224,,2025-01-20T15:39:03,2025-01-22T20:45:34
A-08476,ORG-010,low,brute_force,ASSET-ORG-010-131,,2025-03-03T12:39:25,2025-03-06T12:52:19
A-08477,ORG-010,medium,lateral_movement,ASSET-ORG-010-166,,2025-06-17T04:19:34,2025-06-19T01:36:50
A-08478,ORG-010,high,privilege_escalation,ASSET-ORG-010-238,,2025-04-26T15:18:04,2025-04-27T05:28:25
A-08479,ORG-010,medium,lateral_movement,ASSET-ORG-010-053,,2025-06-01T11:59:07,2025-06-03T11:10:18
A-08480,ORG-010,low,data_exfil,ASSET-ORG-010-188,,2025-02-07T00:13:05,2025-02-09T13:04:59
A-08481,ORG-010,low,data_exfil,ASSET-ORG-010-045,CASE-02081,2025-01-28T12:52:37,2025-02-02T15:51:16
A-08482,ORG-010,high,privilege_escalation,ASSET-ORG-010-069,,2025-01-31T10:45:58,2025-02-01T01:29:21
A-08483,ORG-010,low,data_exfil,ASSET-ORG-010-141,,2025-06-17T07:52:33,2025-06-20T16:16:14
A-08484,ORG-010,medium,lateral_movement,ASSET-ORG-010-210,CASE-02037,2025-06-29T07:45:50,2025-06-30T14:50:44
A-08485,ORG-010,high,brute_force,ASSET-ORG-010-038,,2025-01-28T16:12:27,2025-01-29T14:53:48
A-08486,ORG-010,critical,malware,ASSET-ORG-010-147,,2025-01-11T19:13:41,2025-01-12T02:52:27
A-08487,ORG-010,medium,privilege_escalation,ASSET-ORG-010-164,CASE-02020,2025-02-25T04:32:49,2025-02-26T08:30:15
A-08488,ORG-010,critical,brute_force,ASSET-ORG-010-219,,2025-02-07T19:47:51,2025-02-07T23:41:40
A-08489,ORG-010,low,recon,ASSET-ORG-010-171,CASE-02048,2025-02-07T05:59:05,2025-02-12T12:07:31
A-08490,ORG-010,low,malware,ASSET-ORG-010-180,,2025-06-23T14:51:10,2025-06-25T20:39:34
A-08491,ORG-010,high,data_exfil,ASSET-ORG-010-182,,2025-03-15T20:00:19,2025-03-16T17:30:59
A-08492,ORG-010,low,brute_force,ASSET-ORG-010-233,,2025-02-13T22:43:30,2025-02-17T17:06:40
A-08493,ORG-010,critical,malware,ASSET-ORG-010-142,,2025-05-23T02:40:02,2025-05-23T09:31:07
A-08494,ORG-010,low,recon,ASSET-ORG-010-149,,2025-03-19T22:19:07,2025-03-23T20:28:27
A-08495,ORG-010,medium,data_exfil,ASSET-ORG-010-047,,2025-03-05T17:50:45,2025-03-08T01:16:27
A-08496,ORG-010,high,phishing,ASSET-ORG-010-057,,2025-05-06T21:05:07,2025-05-07T10:15:05
A-08497,ORG-010,medium,phishing,ASSET-ORG-010-118,,2025-02-26T12:52:58,2025-03-01T04:39:56
A-08498,ORG-010,low,phishing,ASSET-ORG-010-015,,2025-01-14T22:57:34,2025-01-20T03:18:51
A-08499,ORG-010,high,lateral_movement,ASSET-ORG-010-001,,2025-05-15T19:44:56,2025-05-16T06:40:57
A-08500,ORG-010,high,malware,ASSET-ORG-010-117,,2025-06-08T09:25:51,2025-06-09T08:56:17
A-08501,ORG-010,critical,privilege_escalation,ASSET-ORG-010-193,CASE-02004,2025-03-28T13:26:06,2025-03-28T17:06:57
A-08502,ORG-010,critical,phishing,ASSET-ORG-010-123,,2025-05-10T09:49:56,2025-05-10T12:39:36
A-08503,ORG-010,medium,privilege_escalation,ASSET-ORG-010-245,,2025-01-10T22:20:06,2025-01-13T18:14:10
A-08504,ORG-010,critical,recon,ASSET-ORG-010-246,,2025-05-30T02:58:33,2025-05-30T10:25:49
A-08505,ORG-010,medium,data_exfil,ASSET-ORG-010-120,CASE-02088,2025-05-20T19:31:14,2025-05-23T17:21:30
A-08506,ORG-010,medium,privilege_escalation,ASSET-ORG-010-117,CASE-02019,2025-02-04T13:43:34,2025-02-07T03:50:22
A-08507,ORG-010,medium,recon,ASSET-ORG-010-246,,2025-06-01T00:50:20,2025-06-03T18:14:10
A-08508,ORG-010,medium,recon,ASSET-ORG-010-254,,2025-06-17T11:27:21,2025-06-18T21:29:04
A-08509,ORG-010,high,privilege_escalation,ASSET-ORG-010-112,,2025-01-29T02:44:44,2025-01-29T12:02:59
A-08510,ORG-010,critical,recon,ASSET-ORG-010-072,,2025-06-09T04:47:53,2025-06-09T12:14:26
A-08511,ORG-010,high,lateral_movement,ASSET-ORG-010-052,,2025-04-25T01:44:00,2025-04-25T16:52:29
A-08512,ORG-010,low,privilege_escalation,ASSET-ORG-010-100,,2025-01-23T13:05:04,2025-01-27T01:29:36
A-08513,ORG-010,high,brute_force,ASSET-ORG-010-156,,2025-06-21T09:07:42,2025-06-22T02:34:49
A-08514,ORG-010,low,recon,ASSET-ORG-010-092,,2025-01-11T23:53:49,2025-01-14T02:23:09
A-08515,ORG-010,critical,recon,ASSET-ORG-010-124,,2025-06-18T01:39:11,2025-06-18T06:47:29
A-08516,ORG-010,low,brute_force,ASSET-ORG-010-024,,2025-06-22T19:26:37,2025-06-27T16:46:31
A-08517,ORG-010,critical,brute_force,ASSET-ORG-010-258,,2025-01-11T13:53:19,2025-01-11T18:12:52
A-08518,ORG-010,medium,brute_force,ASSET-ORG-010-105,CASE-02180,2025-06-09T23:37:22,2025-06-11T23:46:15
A-08519,ORG-010,critical,privilege_escalation,ASSET-ORG-010-257,,2025-03-24T00:16:57,2025-03-24T02:18:59
A-08520,ORG-010,critical,lateral_movement,ASSET-ORG-010-172,,2025-06-23T20:21:49,2025-06-24T00:34:49
A-08521,ORG-010,critical,privilege_escalation,ASSET-ORG-010-232,,2025-01-28T09:23:20,2025-01-28T15:18:59
A-08522,ORG-010,low,brute_force,ASSET-ORG-010-193,,2025-05-02T07:45:45,2025-05-05T10:33:19
A-08523,ORG-010,medium,brute_force,ASSET-ORG-010-031,,2025-02-10T17:02:43,2025-02-12T17:12:07
A-08524,ORG-010,high,phishing,ASSET-ORG-010-242,,2025-01-22T17:05:58,2025-01-23T01:57:19
A-08525,ORG-010,critical,phishing,ASSET-ORG-010-230,,2025-03-18T06:54:12,2025-03-18T10:54:54
A-08526,ORG-010,medium,malware,ASSET-ORG-010-045,CASE-02041,2025-02-17T11:44:27,2025-02-19T20:50:47
A-08527,ORG-010,medium,data_exfil,ASSET-ORG-010-032,CASE-02097,2025-06-20T14:45:19,2025-06-21T22:29:08
A-08528,ORG-010,high,phishing,ASSET-ORG-010-092,,2025-02-20T06:31:41,2025-02-21T00:15:59
A-08529,ORG-010,low,privilege_escalation,ASSET-ORG-010-031,,2025-02-22T00:05:44,2025-02-24T02:54:50
A-08530,ORG-010,medium,malware,ASSET-ORG-010-008,,2025-05-04T18:01:53,2025-05-07T00:07:07
A-08531,ORG-010,medium,data_exfil,ASSET-ORG-010-168,,2025-01-14T21:43:50,2025-01-16T13:22:41
A-08532,ORG-010,medium,lateral_movement,ASSET-ORG-010-116,CASE-02124,2025-02-03T02:11:37,2025-02-04T22:44:56
A-08533,ORG-010,high,privilege_escalation,ASSET-ORG-010-118,,2025-06-09T17:20:24,2025-06-10T15:29:06
A-08534,ORG-010,medium,phishing,ASSET-ORG-010-162,,2025-01-01T23:28:55,2025-01-03T10:04:57
A-08535,ORG-010,high,privilege_escalation,ASSET-ORG-010-112,,2025-03-10T05:26:42,2025-03-10T17:08:46
A-08536,ORG-010,medium,malware,ASSET-ORG-010-228,,2025-05-02T22:11:18,2025-05-04T01:04:39
A-08537,ORG-010,critical,lateral_movement,ASSET-ORG-010-086,,2025-05-31T20:53:31,2025-06-01T01:13:42
A-08538,ORG-010,high,data_exfil,ASSET-ORG-010-189,,2025-04-14T02:19:47,2025-04-14T23:59:34
A-08539,ORG-010,low,lateral_movement,ASSET-ORG-010-175,CASE-02142,2025-02-06T01:33:07,2025-02-09T02:49:22
A-08540,ORG-010,medium,malware,ASSET-ORG-010-240,,2025-01-17T19:22:04,2025-01-20T15:04:18
A-08541,ORG-010,critical,phishing,ASSET-ORG-010-143,,2025-03-19T00:42:15,2025-03-19T04:05:51
A-08542,ORG-010,high,recon,ASSET-ORG-010-013,,2025-03-11T21:00:45,2025-03-12T06:19:43
A-08543,ORG-010,medium,recon,ASSET-ORG-010-228,,2025-06-06T09:11:04,2025-06-08T20:21:05
A-08544,ORG-010,critical,lateral_movement,ASSET-ORG-010-002,,2025-06-21T14:14:25,2025-06-21T16:16:01
A-08545,ORG-010,high,phishing,ASSET-ORG-010-199,,2025-02-25T01:59:25,2025-02-25T15:01:39
A-08546,ORG-010,medium,brute_force,ASSET-ORG-010-042,,2025-01-25T08:36:30,2025-01-27T06:16:13
A-08547,ORG-010,low,phishing,ASSET-ORG-010-127,,2025-01-14T02:18:42,2025-01-19T06:11:03
A-08548,ORG-010,low,lateral_movement,ASSET-ORG-010-138,,2025-06-06T17:40:38,2025-06-09T19:08:34
A-08549,ORG-010,critical,malware,ASSET-ORG-010-111,,2025-04-02T16:20:02,2025-04-02T20:11:20
A-08550,ORG-010,medium,brute_force,ASSET-ORG-010-185,CASE-02084,2025-03-01T16:57:50,2025-03-04T06:19:03
A-08551,ORG-010,critical,privilege_escalation,ASSET-ORG-010-055,CASE-02208,2025-02-20T07:08:34,2025-02-20T09:39:55
A-08552,ORG-010,critical,phishing,ASSET-ORG-010-244,,2025-03-04T17:47:33,2025-03-04T22:28:56
A-08553,ORG-010,medium,data_exfil,ASSET-ORG-010-141,,2025-04-24T21:56:46,2025-04-27T17:07:18
A-08554,ORG-010,high,data_exfil,ASSET-ORG-010-043,CASE-02220,2025-05-21T03:04:59,2025-05-21T12:27:30
A-08555,ORG-010,medium,lateral_movement,ASSET-ORG-010-032,,2025-02-19T11:06:54,2025-02-22T05:58:09
A-08556,ORG-010,high,malware,ASSET-ORG-010-054,,2025-03-28T21:17:29,2025-03-29T08:21:23
A-08557,ORG-010,low,malware,ASSET-ORG-010-089,CASE-02070,2025-02-18T14:55:32,2025-02-20T19:57:52
A-08558,ORG-010,critical,recon,ASSET-ORG-010-258,CASE-02035,2025-04-24T16:33:59,2025-04-25T00:21:22
A-08559,ORG-010,critical,recon,ASSET-ORG-010-106,CASE-02170,2025-02-25T02:57:57,2025-02-25T05:21:24
A-08560,ORG-010,high,malware,ASSET-ORG-010-075,,2025-05-24T07:38:43,2025-05-24T23:11:05
A-08561,ORG-010,medium,malware,ASSET-ORG-010-227,,2025-05-12T00:23:18,2025-05-14T16:46:19
A-08562,ORG-010,high,data_exfil,ASSET-ORG-010-212,,2025-05-30T06:54:24,2025-05-31T02:21:54
A-08563,ORG-010,critical,malware,ASSET-ORG-010-125,,2025-02-09T02:38:31,2025-02-09T04:59:58
A-08564,ORG-010,medium,lateral_movement,ASSET-ORG-010-042,CASE-02182,2025-04-24T14:35:32,2025-04-27T14:15:45
A-08565,ORG-010,high,privilege_escalation,ASSET-ORG-010-204,,2025-02-02T23:00:18,2025-02-03T14:27:12
A-08566,ORG-010,medium,recon,ASSET-ORG-010-179,,2025-02-27T01:10:12,2025-03-01T09:56:09
A-08567,ORG-010,low,malware,ASSET-ORG-010-189,,2025-06-12T06:33:58,2025-06-17T17:47:59
A-08568,ORG-010,high,privilege_escalation,ASSET-ORG-010-040,,2025-02-16T06:24:56,2025-02-17T05:57:21
A-08569,ORG-010,high,data_exfil,ASSET-ORG-010-214,,2025-03-04T10:11:30,2025-03-04T19:27:12
A-08570,ORG-010,critical,privilege_escalation,ASSET-ORG-010-022,,2025-06-05T00:30:47,2025-06-05T02:40:38
A-08571,ORG-010,high,data_exfil,ASSET-ORG-010-207,,2025-03-31T02:29:36,2025-03-31T18:17:05
A-08572,ORG-010,high,malware,ASSET-ORG-010-015,,2025-02-26T04:07:04,2025-02-27T00:28:20
A-08573,ORG-010,high,recon,ASSET-ORG-010-092,,2025-02-08T22:17:08,2025-02-09T07:50:44
A-08574,ORG-010,medium,lateral_movement,ASSET-ORG-010-264,,2025-01-26T00:51:37,2025-01-27T23:04:43
A-08575,ORG-010,low,privilege_escalation,ASSET-ORG-010-223,,2025-02-24T02:44:19,2025-02-26T22:00:12
A-08576,ORG-010,critical,malware,ASSET-ORG-010-038,,2025-03-15T20:46:22,2025-03-15T23:33:24
A-08577,ORG-010,high,phishing,ASSET-ORG-010-127,,2025-06-30T23:46:34,
A-08578,ORG-010,low,recon,ASSET-ORG-010-099,,2025-01-29T17:57:44,2025-02-03T13:59:57
A-08579,ORG-010,high,lateral_movement,ASSET-ORG-010-158,CASE-02194,2025-01-09T22:25:53,2025-01-10T08:10:02
A-08580,ORG-010,high,malware,ASSET-ORG-010-083,,2025-02-23T05:19:29,2025-02-24T00:47:59
A-08581,ORG-010,medium,recon,ASSET-ORG-010-117,,2025-02-18T11:23:20,2025-02-19T20:28:55
A-08582,ORG-010,high,recon,ASSET-ORG-010-024,CASE-02186,2025-04-03T18:38:45,2025-04-04T14:21:50
A-08583,ORG-010,high,data_exfil,ASSET-ORG-010-080,,2025-01-22T16:21:48,2025-01-23T15:34:32
A-08584,ORG-010,low,lateral_movement,ASSET-ORG-010-097,CASE-02068,2025-05-14T02:48:41,2025-05-16T19:06:49
A-08585,ORG-010,medium,brute_force,ASSET-ORG-010-183,,2025-04-07T04:28:24,2025-04-08T13:45:20
A-08586,ORG-010,high,recon,ASSET-ORG-010-253,,2025-06-09T01:01:36,2025-06-09T22:38:47
A-08587,ORG-010,medium,phishing,ASSET-ORG-010-066,,2025-04-29T14:49:34,2025-04-30T16:05:56
A-08588,ORG-010,high,recon,ASSET-ORG-010-144,,2025-04-28T06:51:35,2025-04-28T20:39:19
A-08589,ORG-010,low,brute_force,ASSET-ORG-010-253,,2025-05-09T21:31:38,2025-05-12T23:04:50
A-08590,ORG-010,high,malware,ASSET-ORG-010-109,,2025-03-02T16:04:30,2025-03-03T06:33:44
A-08591,ORG-010,high,privilege_escalation,ASSET-ORG-010-246,,2025-05-27T04:21:28,2025-05-28T02:05:24
A-08592,ORG-010,medium,lateral_movement,ASSET-ORG-010-126,,2025-02-21T15:39:31,2025-02-22T18:11:59
A-08593,ORG-010,low,data_exfil,ASSET-ORG-010-026,,2025-05-24T12:40:49,2025-05-28T08:37:00
A-08594,ORG-010,high,privilege_escalation,ASSET-ORG-010-146,CASE-02193,2025-04-07T03:47:45,2025-04-07T13:20:16
A-08595,ORG-010,medium,recon,ASSET-ORG-010-202,CASE-02012,2025-05-19T18:37:03,2025-05-22T00:52:58
A-08596,ORG-010,critical,privilege_escalation,ASSET-ORG-010-233,,2025-05-19T03:03:31,2025-05-19T06:48:10
A-08597,ORG-010,medium,malware,ASSET-ORG-010-011,,2025-05-26T13:13:32,2025-05-28T02:14:55
A-08598,ORG-010,critical,privilege_escalation,ASSET-ORG-010-211,,2025-03-05T16:47:18,2025-03-05T21:52:04
A-08599,ORG-010,high,brute_force,ASSET-ORG-010-252,CASE-02202,2025-04-07T12:14:54,2025-04-07T23:04:40
A-08600,ORG-010,high,brute_force,ASSET-ORG-010-201,CASE-02020,2025-04-27T05:46:54,2025-04-28T01:59:53
A-08601,ORG-010,medium,phishing,ASSET-ORG-010-142,,2025-01-27T05:22:23,2025-01-29T13:27:43
A-08602,ORG-010,medium,data_exfil,ASSET-ORG-010-185,CASE-02014,2025-02-16T19:35:39,2025-02-19T06:47:28
A-08603,ORG-010,medium,phishing,ASSET-ORG-010-084,,2025-04-02T16:17:29,2025-04-04T21:28:25
A-08604,ORG-010,high,phishing,ASSET-ORG-010-118,,2025-06-08T04:35:40,2025-06-08T14:56:56
A-08605,ORG-010,medium,brute_force,ASSET-ORG-010-248,,2025-02-19T13:30:24,2025-02-22T08:14:31
A-08606,ORG-010,high,lateral_movement,ASSET-ORG-010-069,,2025-02-09T04:09:22,2025-02-09T19:57:04
A-08607,ORG-010,low,data_exfil,ASSET-ORG-010-113,,2025-06-09T20:00:49,2025-06-15T08:03:16
A-08608,ORG-010,critical,data_exfil,ASSET-ORG-010-240,,2025-01-17T15:12:53,2025-01-17T21:51:20
A-08609,ORG-010,low,malware,ASSET-ORG-010-144,CASE-02132,2025-01-11T22:43:50,2025-01-17T21:37:42
A-08610,ORG-010,high,privilege_escalation,ASSET-ORG-010-052,,2025-05-17T15:00:17,2025-05-18T11:32:49
A-08611,ORG-010,medium,malware,ASSET-ORG-010-138,,2025-03-08T22:12:05,2025-03-11T05:51:39
A-08612,ORG-010,low,brute_force,ASSET-ORG-010-129,,2025-03-31T21:08:25,2025-04-03T16:20:16
A-08613,ORG-010,high,recon,ASSET-ORG-010-256,,2025-01-08T01:43:27,2025-01-08T16:15:55
A-08614,ORG-010,critical,malware,ASSET-ORG-010-104,,2025-02-20T00:51:57,2025-02-20T06:54:09
A-08615,ORG-010,critical,recon,ASSET-ORG-010-259,,2025-06-03T00:14:15,2025-06-03T06:26:02
A-08616,ORG-010,medium,malware,ASSET-ORG-010-238,,2025-06-25T12:22:29,2025-06-27T22:52:10
A-08617,ORG-010,low,brute_force,ASSET-ORG-010-208,,2025-04-18T02:38:32,2025-04-22T00:50:32
A-08618,ORG-010,medium,recon,ASSET-ORG-010-008,,2025-03-09T13:56:15,2025-03-10T17:08:00
A-08619,ORG-010,high,brute_force,ASSET-ORG-010-013,,2025-03-19T12:36:14,2025-03-19T20:43:43
A-08620,ORG-010,medium,malware,ASSET-ORG-010-223,,2025-05-05T13:11:12,2025-05-07T05:28:03
A-08621,ORG-010,high,phishing,ASSET-ORG-010-097,CASE-02025,2025-04-02T23:31:55,2025-04-03T19:34:18
A-08622,ORG-010,low,malware,ASSET-ORG-010-225,,2025-05-02T18:38:11,2025-05-07T18:40:31
A-08623,ORG-010,high,brute_force,ASSET-ORG-010-265,,2025-05-16T23:11:29,2025-05-17T11:47:19
A-08624,ORG-010,low,data_exfil,ASSET-ORG-010-121,,2025-03-15T05:30:15,2025-03-20T08:10:39
A-08625,ORG-010,high,data_exfil,ASSET-ORG-010-174,,2025-01-18T15:17:51,2025-01-19T07:16:55
A-08626,ORG-010,high,brute_force,ASSET-ORG-010-126,,2025-01-28T00:48:14,2025-01-28T22:12:32
A-08627,ORG-010,high,privilege_escalation,ASSET-ORG-010-170,,2025-01-14T16:25:33,2025-01-15T10:59:24
A-08628,ORG-010,critical,data_exfil,ASSET-ORG-010-213,,2025-06-23T08:53:00,2025-06-23T13:03:41
A-08629,ORG-010,medium,lateral_movement,ASSET-ORG-010-244,,2025-04-08T19:36:12,2025-04-11T17:44:07
A-08630,ORG-010,high,phishing,ASSET-ORG-010-262,,2025-02-16T12:20:07,2025-02-17T02:49:47
A-08631,ORG-010,medium,privilege_escalation,ASSET-ORG-010-003,,2025-05-25T16:00:41,2025-05-27T21:14:09
A-08632,ORG-010,medium,phishing,ASSET-ORG-010-032,,2025-01-13T14:56:38,2025-01-14T20:41:31
A-08633,ORG-010,low,lateral_movement,ASSET-ORG-010-226,CASE-02137,2025-04-18T11:24:24,2025-04-21T15:27:54
A-08634,ORG-010,critical,recon,ASSET-ORG-010-174,,2025-04-03T15:39:11,2025-04-03T18:33:51
A-08635,ORG-010,low,lateral_movement,ASSET-ORG-010-179,CASE-02211,2025-06-05T06:50:38,2025-06-08T07:10:12
A-08636,ORG-010,critical,phishing,ASSET-ORG-010-109,CASE-02120,2025-04-13T10:13:53,2025-04-13T14:05:32
A-08637,ORG-010,high,recon,ASSET-ORG-010-127,,2025-02-14T04:26:09,2025-02-14T19:22:54
A-08638,ORG-010,high,brute_force,ASSET-ORG-010-183,CASE-02020,2025-02-14T01:45:04,2025-02-14T18:17:59
A-08639,ORG-010,critical,recon,ASSET-ORG-010-256,,2025-01-16T10:32:13,2025-01-16T13:26:10
A-08640,ORG-010,critical,brute_force,ASSET-ORG-010-232,,2025-03-02T20:14:58,2025-03-03T01:58:39
A-08641,ORG-010,medium,brute_force,ASSET-ORG-010-120,CASE-02068,2025-03-01T01:28:06,2025-03-03T14:30:49
A-08642,ORG-010,medium,data_exfil,ASSET-ORG-010-009,,2025-06-07T17:04:28,2025-06-10T10:41:58
A-08643,ORG-010,medium,phishing,ASSET-ORG-010-264,CASE-02047,2025-01-14T03:42:46,2025-01-15T10:03:08
A-08644,ORG-010,medium,phishing,ASSET-ORG-010-260,,2025-04-14T01:25:30,2025-04-16T10:26:11
A-08645,ORG-010,critical,brute_force,ASSET-ORG-010-245,CASE-02225,2025-02-20T02:11:41,2025-02-20T06:26:53
A-08646,ORG-010,low,data_exfil,ASSET-ORG-010-262,,2025-03-20T17:52:07,2025-03-24T02:51:15
A-08647,ORG-010,medium,data_exfil,ASSET-ORG-010-208,,2025-02-16T08:30:46,2025-02-17T15:51:51
A-08648,ORG-010,high,brute_force,ASSET-ORG-010-211,,2025-05-11T12:52:32,2025-05-12T00:32:46
A-08649,ORG-010,medium,malware,ASSET-ORG-010-068,,2025-06-05T14:11:18,2025-06-08T14:07:36
A-08650,ORG-010,critical,phishing,ASSET-ORG-010-150,,2025-06-10T06:06:13,2025-06-10T09:49:29
A-08651,ORG-010,high,lateral_movement,ASSET-ORG-010-040,,2025-03-16T23:15:37,2025-03-17T15:27:18
A-08652,ORG-010,critical,malware,ASSET-ORG-010-010,,2025-02-11T08:32:08,2025-02-11T11:50:48
A-08653,ORG-010,high,recon,ASSET-ORG-010-194,CASE-02174,2025-05-04T09:06:09,2025-05-05T00:33:03
A-08654,ORG-010,high,recon,ASSET-ORG-010-100,,2025-04-02T16:55:31,2025-04-03T12:50:31
A-08655,ORG-010,high,privilege_escalation,ASSET-ORG-010-204,,2025-04-14T13:32:26,2025-04-15T10:26:21
A-08656,ORG-010,critical,privilege_escalation,ASSET-ORG-010-131,,2025-06-19T10:16:39,2025-06-19T16:25:05
A-08657,ORG-010,low,malware,ASSET-ORG-010-126,,2025-06-23T08:16:22,2025-06-28T17:14:43
A-08658,ORG-010,high,lateral_movement,ASSET-ORG-010-129,,2025-06-01T23:44:12,2025-06-02T10:15:13
A-08659,ORG-010,low,privilege_escalation,ASSET-ORG-010-051,CASE-02075,2025-06-02T15:47:00,2025-06-07T16:57:58
A-08660,ORG-010,low,recon,ASSET-ORG-010-044,CASE-02192,2025-06-15T20:02:46,2025-06-19T09:05:20
A-08661,ORG-010,low,malware,ASSET-ORG-010-034,,2025-01-01T19:38:47,2025-01-04T00:53:25
A-08662,ORG-010,critical,privilege_escalation,ASSET-ORG-010-185,,2025-05-13T23:59:39,2025-05-14T06:26:53
A-08663,ORG-010,critical,privilege_escalation,ASSET-ORG-010-021,,2025-04-26T04:15:38,2025-04-26T12:07:33
A-08664,ORG-010,critical,phishing,ASSET-ORG-010-187,CASE-02219,2025-02-27T15:33:38,2025-02-27T20:08:08
A-08665,ORG-010,high,phishing,ASSET-ORG-010-051,,2025-06-12T04:19:56,2025-06-12T14:04:45
A-08666,ORG-010,medium,malware,ASSET-ORG-010-222,,2025-04-02T19:31:48,2025-04-05T15:08:04
A-08667,ORG-010,medium,phishing,ASSET-ORG-010-037,CASE-02072,2025-04-12T07:58:36,2025-04-14T04:47:09
A-08668,ORG-010,critical,lateral_movement,ASSET-ORG-010-105,,2025-03-28T15:56:56,2025-03-28T22:33:03
A-08669,ORG-010,critical,brute_force,ASSET-ORG-010-249,,2025-05-08T20:02:04,2025-05-09T02:30:22
A-08670,ORG-010,low,privilege_escalation,ASSET-ORG-010-029,CASE-02043,2025-04-09T01:57:22,2025-04-11T21:09:32
A-08671,ORG-010,low,recon,ASSET-ORG-010-166,,2025-04-17T06:41:44,2025-04-20T21:44:06
A-08672,ORG-010,medium,data_exfil,ASSET-ORG-010-059,,2025-01-29T14:11:43,2025-02-01T03:44:57
A-08673,ORG-010,medium,privilege_escalation,ASSET-ORG-010-041,CASE-02041,2025-03-05T22:49:21,2025-03-08T04:56:05
A-08674,ORG-010,critical,lateral_movement,ASSET-ORG-010-085,CASE-02070,2025-03-16T13:10:17,2025-03-16T17:29:21
A-08675,ORG-010,high,data_exfil,ASSET-ORG-010-249,CASE-02134,2025-02-06T14:28:23,2025-02-06T23:01:35
A-08676,ORG-010,medium,lateral_movement,ASSET-ORG-010-222,,2025-04-20T14:35:16,2025-04-21T21:33:48
A-08677,ORG-010,medium,privilege_escalation,ASSET-ORG-010-067,CASE-02155,2025-01-12T00:21:34,2025-01-13T20:54:21
A-08678,ORG-010,high,phishing,ASSET-ORG-010-241,,2025-02-21T03:18:15,2025-02-21T12:32:21
A-08679,ORG-010,high,lateral_movement,ASSET-ORG-010-222,,2025-05-31T22:37:40,2025-06-01T12:05:43
A-08680,ORG-010,medium,data_exfil,ASSET-ORG-010-103,CASE-02079,2025-01-21T17:47:37,2025-01-22T22:44:21
A-08681,ORG-010,high,data_exfil,ASSET-ORG-010-196,CASE-02027,2025-01-29T11:26:47,2025-01-30T02:27:05
A-08682,ORG-010,medium,data_exfil,ASSET-ORG-010-083,CASE-02103,2025-01-31T14:20:12,2025-02-02T16:16:22
A-08683,ORG-010,medium,privilege_escalation,ASSET-ORG-010-157,,2025-01-30T06:30:18,2025-02-01T18:10:10
A-08684,ORG-010,high,data_exfil,ASSET-ORG-010-044,,2025-03-20T09:49:44,2025-03-20T23:47:24
A-08685,ORG-010,medium,malware,ASSET-ORG-010-167,,2025-06-28T13:13:31,
A-08686,ORG-010,high,malware,ASSET-ORG-010-248,CASE-02123,2025-03-18T06:28:01,2025-03-18T17:58:19
A-08687,ORG-010,low,privilege_escalation,ASSET-ORG-010-080,CASE-02029,2025-05-24T08:27:34,2025-05-27T17:46:19
A-08688,ORG-010,medium,brute_force,ASSET-ORG-010-151,,2025-05-15T10:08:15,2025-05-17T03:55:21
A-08689,ORG-010,medium,phishing,ASSET-ORG-010-196,CASE-02111,2025-04-17T11:29:01,2025-04-20T02:06:23
A-08690,ORG-010,critical,privilege_escalation,ASSET-ORG-010-002,,2025-06-05T11:11:37,2025-06-05T17:51:58
A-08691,ORG-010,low,malware,ASSET-ORG-010-115,CASE-02010,2025-06-08T06:21:39,2025-06-14T02:48:27
A-08692,ORG-010,high,recon,ASSET-ORG-010-061,,2025-03-16T00:54:12,2025-03-16T22:26:23
A-08693,ORG-010,critical,brute_force,ASSET-ORG-010-011,CASE-02106,2025-02-26T19:22:13,2025-02-26T22:04:12
A-08694,ORG-010,medium,phishing,ASSET-ORG-010-265,,2025-02-15T16:52:41,2025-02-17T11:44:42
A-08695,ORG-010,high,lateral_movement,ASSET-ORG-010-197,,2025-05-26T04:00:23,2025-05-27T02:03:03
A-08696,ORG-010,medium,phishing,ASSET-ORG-010-196,,2025-04-10T19:01:11,2025-04-12T01:59:56
A-08697,ORG-010,medium,phishing,ASSET-ORG-010-198,,2025-06-26T18:15:13,2025-06-27T22:01:10
A-08698,ORG-010,medium,phishing,ASSET-ORG-010-108,CASE-02049,2025-06-06T22:55:21,2025-06-08T20:14:25
A-08699,ORG-010,high,data_exfil,ASSET-ORG-010-131,,2025-03-03T09:11:47,2025-03-04T04:09:26
A-08700,ORG-010,high,lateral_movement,ASSET-ORG-010-024,,2025-04-22T07:54:29,2025-04-23T03:19:45
A-08701,ORG-010,high,malware,ASSET-ORG-010-186,,2025-02-05T01:05:36,2025-02-05T12:24:15
A-08702,ORG-010,high,lateral_movement,ASSET-ORG-010-257,,2025-01-12T12:45:57,2025-01-13T10:52:44
A-08703,ORG-010,low,malware,ASSET-ORG-010-089,,2025-02-10T21:08:01,2025-02-15T02:50:44
A-08704,ORG-010,medium,malware,ASSET-ORG-010-138,,2025-05-17T22:17:50,2025-05-20T12:13:09
A-08705,ORG-010,high,recon,ASSET-ORG-010-174,,2025-02-05T07:45:50,2025-02-05T23:14:36
A-08706,ORG-010,critical,lateral_movement,ASSET-ORG-010-210,,2025-06-22T13:04:02,2025-06-22T21:03:38
A-08707,ORG-010,high,brute_force,ASSET-ORG-010-188,CASE-02124,2025-01-10T03:47:58,2025-01-11T00:47:31
A-08708,ORG-010,low,privilege_escalation,ASSET-ORG-010-213,,2025-02-03T11:24:01,2025-02-06T18:25:37
A-08709,ORG-010,medium,data_exfil,ASSET-ORG-010-063,,2025-02-14T18:30:35,2025-02-16T17:40:48
A-08710,ORG-010,low,data_exfil,ASSET-ORG-010-152,,2025-02-17T18:40:26,2025-02-21T18:01:49
A-08711,ORG-010,low,recon,ASSET-ORG-010-157,,2025-02-14T16:46:19,2025-02-18T08:21:05
A-08712,ORG-010,medium,phishing,ASSET-ORG-010-256,,2025-02-08T06:14:36,2025-02-09T22:27:17
A-08713,ORG-010,critical,data_exfil,ASSET-ORG-010-071,,2025-06-19T01:55:25,2025-06-19T08:16:24
A-08714,ORG-010,high,data_exfil,ASSET-ORG-010-142,CASE-02062,2025-06-11T09:44:43,2025-06-12T02:35:33
A-08715,ORG-010,high,phishing,ASSET-ORG-010-061,,2025-05-12T10:31:51,2025-05-12T23:07:58
A-08716,ORG-010,medium,malware,ASSET-ORG-010-004,,2025-03-24T18:15:25,2025-03-27T07:02:14
A-08717,ORG-010,medium,phishing,ASSET-ORG-010-114,,2025-01-05T08:47:16,2025-01-08T03:11:51
A-08718,ORG-010,medium,malware,ASSET-ORG-010-197,,2025-05-27T18:38:55,2025-05-29T18:37:41
A-08719,ORG-010,high,phishing,ASSET-ORG-010-022,,2025-05-06T06:47:33,2025-05-06T17:15:53
A-08720,ORG-010,high,privilege_escalation,ASSET-ORG-010-002,,2025-02-08T11:50:13,2025-02-08T20:16:05
A-08721,ORG-010,critical,recon,ASSET-ORG-010-232,,2025-03-06T11:04:28,2025-03-06T15:58:22
A-08722,ORG-010,high,malware,ASSET-ORG-010-184,,2025-05-14T23:19:44,2025-05-15T15:14:48
A-08723,ORG-010,low,phishing,ASSET-ORG-010-015,,2025-04-01T03:24:59,2025-04-05T06:15:01
A-08724,ORG-010,medium,malware,ASSET-ORG-010-163,CASE-02104,2025-03-16T19:10:21,2025-03-19T03:11:01
A-08725,ORG-010,high,recon,ASSET-ORG-010-102,,2025-01-13T01:26:52,2025-01-13T16:26:09
A-08726,ORG-010,medium,recon,ASSET-ORG-010-037,,2025-01-31T10:32:18,2025-02-03T03:23:08
A-08727,ORG-010,critical,malware,ASSET-ORG-010-095,,2025-06-18T03:38:05,2025-06-18T08:27:17
A-08728,ORG-010,low,privilege_escalation,ASSET-ORG-010-184,CASE-02163,2025-06-16T03:17:58,2025-06-21T22:16:46
A-08729,ORG-010,high,privilege_escalation,ASSET-ORG-010-132,,2025-04-04T08:42:39,2025-04-04T17:16:33
A-08730,ORG-010,high,malware,ASSET-ORG-010-090,,2025-05-15T20:31:02,2025-05-16T16:31:42
A-08731,ORG-010,critical,data_exfil,ASSET-ORG-010-093,,2025-03-08T22:49:42,2025-03-09T03:34:48
A-08732,ORG-010,low,recon,ASSET-ORG-010-251,,2025-01-06T15:21:23,2025-01-10T08:46:10
A-08733,ORG-010,low,phishing,ASSET-ORG-010-010,,2025-03-30T10:39:50,2025-04-04T11:29:00
A-08734,ORG-010,high,recon,ASSET-ORG-010-047,,2025-02-28T11:59:24,2025-03-01T08:00:45
A-08735,ORG-010,critical,brute_force,ASSET-ORG-010-188,CASE-02187,2025-06-05T12:55:54,2025-06-05T16:16:42
A-08736,ORG-010,medium,phishing,ASSET-ORG-010-013,,2025-06-27T04:19:25,2025-06-29T22:05:27
A-08737,ORG-010,medium,phishing,ASSET-ORG-010-224,,2025-06-21T00:31:43,2025-06-23T04:09:05
A-08738,ORG-010,low,privilege_escalation,ASSET-ORG-010-258,,2025-01-22T23:50:28,2025-01-26T14:54:56
A-08739,ORG-010,high,recon,ASSET-ORG-010-059,,2025-04-11T04:54:22,2025-04-12T01:10:36
A-08740,ORG-010,medium,privilege_escalation,ASSET-ORG-010-086,,2025-01-30T16:01:38,2025-02-01T04:33:54
A-08741,ORG-010,high,malware,ASSET-ORG-010-007,,2025-06-11T13:11:52,2025-06-12T03:44:28
A-08742,ORG-010,high,recon,ASSET-ORG-010-205,,2025-03-08T15:04:12,2025-03-09T07:02:23
A-08743,ORG-010,high,malware,ASSET-ORG-010-064,,2025-01-25T23:06:14,2025-01-26T20:41:00
A-08744,ORG-010,critical,privilege_escalation,ASSET-ORG-010-075,,2025-06-06T18:00:13,2025-06-07T01:43:23
A-08745,ORG-010,critical,data_exfil,ASSET-ORG-010-021,CASE-02093,2025-04-10T17:34:24,2025-04-10T22:41:36
A-08746,ORG-010,critical,phishing,ASSET-ORG-010-249,,2025-05-04T21:19:52,2025-05-05T03:20:41
A-08747,ORG-010,medium,recon,ASSET-ORG-010-044,CASE-02051,2025-05-31T18:10:09,2025-06-01T21:20:29
A-08748,ORG-010,medium,malware,ASSET-ORG-010-072,,2025-05-22T21:19:25,2025-05-23T21:58:09
A-08749,ORG-010,critical,brute_force,ASSET-ORG-010-058,CASE-02049,2025-04-17T19:08:50,2025-04-17T21:54:45
A-08750,ORG-010,low,phishing,ASSET-ORG-010-227,,2025-02-05T17:59:07,2025-02-08T21:04:34
A-08751,ORG-010,medium,malware,ASSET-ORG-010-234,,2025-01-26T01:52:13,2025-01-28T19:18:01
A-08752,ORG-010,high,recon,ASSET-ORG-010-173,,2025-03-26T02:11:29,2025-03-26T23:24:56
A-08753,ORG-010,medium,malware,ASSET-ORG-010-049,,2025-02-19T10:49:23,2025-02-22T03:31:31
A-08754,ORG-010,low,data_exfil,ASSET-ORG-010-049,,2025-06-28T05:08:35,
A-08755,ORG-010,critical,phishing,ASSET-ORG-010-212,,2025-01-26T02:37:15,2025-01-26T08:32:32
A-08756,ORG-010,critical,data_exfil,ASSET-ORG-010-181,,2025-04-22T08:09:28,2025-04-22T12:48:32
A-08757,ORG-010,medium,malware,ASSET-ORG-010-227,CASE-02143,2025-02-16T18:54:47,2025-02-19T01:39:13
A-08758,ORG-010,high,malware,ASSET-ORG-010-264,,2025-05-05T23:43:15,2025-05-06T23:12:42
A-08759,ORG-010,medium,malware,ASSET-ORG-010-186,,2025-06-11T05:20:04,2025-06-13T07:28:02
A-08760,ORG-010,critical,privilege_escalation,ASSET-ORG-010-149,,2025-06-23T23:37:55,2025-06-24T03:42:28
A-08761,ORG-010,medium,recon,ASSET-ORG-010-192,,2025-01-01T13:05:21,2025-01-04T11:40:48
A-08762,ORG-010,critical,recon,ASSET-ORG-010-055,,2025-05-23T08:07:10,2025-05-23T14:03:14
A-08763,ORG-010,critical,privilege_escalation,ASSET-ORG-010-158,CASE-02088,2025-02-02T09:20:40,2025-02-02T12:08:18
A-08764,ORG-010,critical,lateral_movement,ASSET-ORG-010-198,CASE-02032,2025-06-10T21:17:03,2025-06-11T00:36:42
A-08765,ORG-010,high,phishing,ASSET-ORG-010-002,CASE-02145,2025-03-28T19:43:24,2025-03-29T10:27:39
A-08766,ORG-010,medium,recon,ASSET-ORG-010-125,CASE-02076,2025-05-18T19:00:25,2025-05-20T04:40:18
A-08767,ORG-010,low,privilege_escalation,ASSET-ORG-010-233,,2025-01-28T21:16:49,2025-02-03T05:41:39
A-08768,ORG-010,high,lateral_movement,ASSET-ORG-010-061,,2025-06-21T23:24:23,2025-06-22T17:22:35
A-08769,ORG-010,critical,malware,ASSET-ORG-010-190,,2025-01-23T16:57:07,2025-01-23T19:40:45
A-08770,ORG-010,medium,phishing,ASSET-ORG-010-071,CASE-02093,2025-04-13T08:05:14,2025-04-14T18:47:38
A-08771,ORG-010,critical,data_exfil,ASSET-ORG-010-060,,2025-04-29T06:14:38,2025-04-29T14:04:12
A-08772,ORG-010,medium,data_exfil,ASSET-ORG-010-076,,2025-03-08T03:19:56,2025-03-10T03:03:42
A-08773,ORG-010,low,privilege_escalation,ASSET-ORG-010-017,,2025-01-11T00:46:28,2025-01-16T18:33:45
A-08774,ORG-010,low,brute_force,ASSET-ORG-010-167,,2025-01-29T05:24:29,2025-01-31T19:08:19
A-08775,ORG-010,critical,privilege_escalation,ASSET-ORG-010-169,,2025-03-13T18:34:19,2025-03-14T00:15:36
A-08776,ORG-010,medium,brute_force,ASSET-ORG-010-249,,2025-06-21T06:19:44,2025-06-23T15:30:24
A-08777,ORG-010,medium,recon,ASSET-ORG-010-075,CASE-02041,2025-03-30T15:25:56,2025-03-31T23:09:27
A-08778,ORG-010,medium,lateral_movement,ASSET-ORG-010-127,,2025-06-07T22:13:42,2025-06-09T05:14:29
A-08779,ORG-010,high,phishing,ASSET-ORG-010-110,,2025-03-17T16:20:26,2025-03-18T05:38:39
A-08780,ORG-010,critical,lateral_movement,ASSET-ORG-010-221,,2025-06-29T00:45:53,2025-06-29T02:48:36
A-08781,ORG-010,low,malware,ASSET-ORG-010-116,,2025-01-12T18:13:56,2025-01-15T23:34:00
A-08782,ORG-010,critical,brute_force,ASSET-ORG-010-007,,2025-03-19T14:41:48,2025-03-19T19:05:41
A-08783,ORG-010,critical,malware,ASSET-ORG-010-083,,2025-05-25T06:27:47,2025-05-25T09:17:22
A-08784,ORG-010,high,recon,ASSET-ORG-010-186,,2025-04-29T12:15:59,2025-04-30T00:18:52
A-08785,ORG-010,high,recon,ASSET-ORG-010-231,,2025-03-09T14:33:25,2025-03-10T03:49:04
A-08786,ORG-010,high,brute_force,ASSET-ORG-010-020,,2025-06-24T02:52:41,2025-06-25T02:31:28
A-08787,ORG-010,high,privilege_escalation,ASSET-ORG-010-121,CASE-02102,2025-06-11T05:38:41,2025-06-11T22:26:04
A-08788,ORG-010,high,phishing,ASSET-ORG-010-078,,2025-01-03T19:57:33,2025-01-04T18:38:43
A-08789,ORG-010,high,malware,ASSET-ORG-010-034,,2025-01-02T01:44:10,2025-01-03T01:36:40
A-08790,ORG-010,medium,brute_force,ASSET-ORG-010-223,,2025-05-17T04:08:39,2025-05-19T01:10:19
A-08791,ORG-010,low,brute_force,ASSET-ORG-010-251,,2025-05-17T01:12:50,2025-05-19T11:54:31
A-08792,ORG-010,high,malware,ASSET-ORG-010-093,,2025-04-08T23:55:18,2025-04-09T22:23:15
A-08793,ORG-010,high,lateral_movement,ASSET-ORG-010-110,,2025-01-23T08:27:51,2025-01-23T19:51:09
A-08794,ORG-010,medium,malware,ASSET-ORG-010-044,,2025-05-11T20:02:23,2025-05-13T00:29:01
A-08795,ORG-010,medium,phishing,ASSET-ORG-010-072,,2025-03-17T20:04:13,2025-03-18T22:41:36
A-08796,ORG-010,high,malware,ASSET-ORG-010-152,,2025-03-07T08:17:27,2025-03-08T05:49:28
A-08797,ORG-010,medium,data_exfil,ASSET-ORG-010-102,,2025-02-14T13:56:45,2025-02-16T04:32:20
A-08798,ORG-010,high,privilege_escalation,ASSET-ORG-010-195,,2025-02-27T17:11:46,2025-02-28T01:24:21
A-08799,ORG-010,medium,phishing,ASSET-ORG-010-171,,2025-05-28T06:08:58,2025-05-31T04:38:24
A-08800,ORG-010,low,malware,ASSET-ORG-010-144,CASE-02204,2025-01-10T14:50:35,2025-01-14T02:04:23
A-08801,ORG-010,medium,recon,ASSET-ORG-010-054,CASE-02172,2025-06-05T18:58:00,2025-06-06T21:03:06
A-08802,ORG-010,high,lateral_movement,ASSET-ORG-010-005,,2025-03-18T16:47:34,2025-03-19T04:01:53
A-08803,ORG-010,high,lateral_movement,ASSET-ORG-010-033,,2025-03-20T02:56:09,2025-03-20T17:44:03
A-08804,ORG-010,medium,lateral_movement,ASSET-ORG-010-193,,2025-01-09T04:14:07,2025-01-11T12:06:31
A-08805,ORG-010,critical,recon,ASSET-ORG-010-185,CASE-02109,2025-02-22T16:42:37,2025-02-23T00:40:50
A-08806,ORG-010,low,data_exfil,ASSET-ORG-010-040,,2025-01-03T03:29:35,2025-01-06T00:18:54
A-08807,ORG-010,low,lateral_movement,ASSET-ORG-010-140,,2025-01-20T18:36:59,2025-01-23T09:14:22
A-08808,ORG-010,high,data_exfil,ASSET-ORG-010-021,CASE-02061,2025-03-31T09:39:51,2025-03-31T23:26:27
A-08809,ORG-010,low,recon,ASSET-ORG-010-110,,2025-05-07T01:24:17,2025-05-11T17:27:12
A-08810,ORG-010,medium,phishing,ASSET-ORG-010-187,CASE-02178,2025-03-20T12:25:07,2025-03-21T21:47:15
A-08811,ORG-010,medium,recon,ASSET-ORG-010-178,CASE-02056,2025-01-11T06:24:27,2025-01-12T10:32:59
A-08812,ORG-010,high,malware,ASSET-ORG-010-078,,2025-01-10T01:24:26,2025-01-10T15:50:50
A-08813,ORG-010,critical,brute_force,ASSET-ORG-010-197,CASE-02153,2025-03-16T18:56:09,2025-03-16T22:01:02
A-08814,ORG-010,critical,lateral_movement,ASSET-ORG-010-242,,2025-05-16T07:32:58,2025-05-16T10:11:37
A-08815,ORG-010,critical,brute_force,ASSET-ORG-010-198,CASE-02209,2025-04-01T14:03:15,2025-04-01T18:36:52
A-08816,ORG-010,critical,lateral_movement,ASSET-ORG-010-194,,2025-01-14T21:16:37,2025-01-15T01:26:49
A-08817,ORG-010,low,recon,ASSET-ORG-010-213,,2025-06-18T20:20:04,2025-06-23T16:00:43
A-08818,ORG-010,low,recon,ASSET-ORG-010-183,,2025-06-28T13:34:34,
A-08819,ORG-010,medium,privilege_escalation,ASSET-ORG-010-063,,2025-04-03T22:28:09,2025-04-06T18:28:53
A-08820,ORG-010,medium,recon,ASSET-ORG-010-261,CASE-02055,2025-02-15T09:00:16,2025-02-17T04:57:28
A-08821,ORG-011,medium,recon,ASSET-ORG-011-092,,2025-06-21T22:16:51,2025-06-23T18:40:36
A-08822,ORG-011,critical,privilege_escalation,ASSET-ORG-011-027,CASE-02261,2025-02-28T04:48:22,2025-02-28T10:25:56
A-08823,ORG-011,critical,brute_force,ASSET-ORG-011-102,,2025-06-18T03:42:37,2025-06-18T08:07:10
A-08824,ORG-011,low,phishing,ASSET-ORG-011-152,,2025-03-04T20:05:42,2025-03-09T23:41:05
A-08825,ORG-011,critical,data_exfil,ASSET-ORG-011-090,,2025-03-27T12:03:35,2025-03-27T14:22:24
A-08826,ORG-011,medium,brute_force,ASSET-ORG-011-285,,2025-05-07T13:39:41,2025-05-09T07:20:17
A-08827,ORG-011,high,data_exfil,ASSET-ORG-011-102,,2025-05-23T09:03:07,2025-05-24T06:24:15
A-08828,ORG-011,medium,phishing,ASSET-ORG-011-176,,2025-03-13T12:40:00,2025-03-15T07:49:32
A-08829,ORG-011,high,lateral_movement,ASSET-ORG-011-205,,2025-02-01T01:11:54,2025-02-01T12:50:04
A-08830,ORG-011,medium,privilege_escalation,ASSET-ORG-011-138,,2025-03-15T01:42:46,2025-03-17T09:48:35
A-08831,ORG-011,high,brute_force,ASSET-ORG-011-073,CASE-02417,2025-05-03T18:32:06,2025-05-04T16:19:26
A-08832,ORG-011,medium,data_exfil,ASSET-ORG-011-148,,2025-03-08T20:46:33,2025-03-11T14:08:54
A-08833,ORG-011,low,data_exfil,ASSET-ORG-011-235,,2025-06-07T19:15:06,2025-06-12T01:41:40
A-08834,ORG-011,low,malware,ASSET-ORG-011-058,,2025-03-03T01:43:23,2025-03-05T20:19:53
A-08835,ORG-011,critical,lateral_movement,ASSET-ORG-011-277,,2025-03-14T19:54:01,2025-03-15T02:12:04
A-08836,ORG-011,high,recon,ASSET-ORG-011-255,,2025-06-20T15:34:36,2025-06-21T09:08:44
A-08837,ORG-011,low,phishing,ASSET-ORG-011-282,,2025-06-18T20:43:50,2025-06-23T12:08:57
A-08838,ORG-011,critical,recon,ASSET-ORG-011-282,CASE-02369,2025-04-11T20:53:06,2025-04-12T01:01:14
A-08839,ORG-011,high,recon,ASSET-ORG-011-227,,2025-01-01T21:03:07,2025-01-02T14:14:51
A-08840,ORG-011,high,privilege_escalation,ASSET-ORG-011-252,,2025-05-17T21:32:37,2025-05-18T10:41:13
A-08841,ORG-011,medium,phishing,ASSET-ORG-011-075,,2025-06-26T05:56:21,2025-06-27T16:49:55
A-08842,ORG-011,medium,data_exfil,ASSET-ORG-011-236,CASE-02304,2025-05-30T20:18:56,2025-06-02T10:52:02
A-08843,ORG-011,high,lateral_movement,ASSET-ORG-011-055,,2025-05-31T14:27:07,2025-06-01T12:51:11
A-08844,ORG-011,medium,malware,ASSET-ORG-011-195,CASE-02418,2025-02-19T20:14:40,2025-02-22T02:40:01
A-08845,ORG-011,low,phishing,ASSET-ORG-011-273,,2025-03-22T20:05:09,2025-03-25T14:26:56
A-08846,ORG-011,high,phishing,ASSET-ORG-011-084,,2025-05-15T11:21:19,2025-05-16T11:01:26
A-08847,ORG-011,medium,brute_force,ASSET-ORG-011-283,,2025-01-22T23:53:17,2025-01-25T15:49:01
A-08848,ORG-011,high,phishing,ASSET-ORG-011-254,,2025-05-11T19:50:00,2025-05-12T15:02:31
A-08849,ORG-011,critical,data_exfil,ASSET-ORG-011-123,,2025-04-08T09:51:47,2025-04-08T12:00:36
A-08850,ORG-011,high,malware,ASSET-ORG-011-207,CASE-02307,2025-04-06T01:58:26,2025-04-06T20:58:26
A-08851,ORG-011,critical,data_exfil,ASSET-ORG-011-211,,2025-02-16T15:52:37,2025-02-16T17:52:40
A-08852,ORG-011,low,data_exfil,ASSET-ORG-011-156,,2025-05-24T08:49:07,2025-05-29T07:25:53
A-08853,ORG-011,high,recon,ASSET-ORG-011-207,,2025-04-21T21:19:45,2025-04-22T07:14:34
A-08854,ORG-011,high,data_exfil,ASSET-ORG-011-100,,2025-06-22T11:28:48,2025-06-22T21:24:41
A-08855,ORG-011,high,phishing,ASSET-ORG-011-251,,2025-03-23T20:15:51,2025-03-24T12:18:43
A-08856,ORG-011,critical,malware,ASSET-ORG-011-091,CASE-02256,2025-06-17T09:12:36,2025-06-17T17:09:20
A-08857,ORG-011,medium,lateral_movement,ASSET-ORG-011-091,CASE-02436,2025-01-13T09:55:20,2025-01-15T07:16:04
A-08858,ORG-011,medium,brute_force,ASSET-ORG-011-206,,2025-01-09T19:24:49,2025-01-11T20:31:44
A-08859,ORG-011,critical,malware,ASSET-ORG-011-260,,2025-04-15T17:40:43,2025-04-15T21:19:17
A-08860,ORG-011,high,malware,ASSET-ORG-011-130,CASE-02229,2025-05-13T10:55:02,2025-05-14T08:21:00
A-08861,ORG-011,high,malware,ASSET-ORG-011-081,,2025-01-09T01:41:43,2025-01-09T20:30:48
A-08862,ORG-011,critical,privilege_escalation,ASSET-ORG-011-191,,2025-03-03T16:25:54,2025-03-03T22:27:05
A-08863,ORG-011,low,recon,ASSET-ORG-011-164,,2025-06-26T10:17:07,2025-06-30T04:23:30
A-08864,ORG-011,low,malware,ASSET-ORG-011-203,,2025-04-24T04:11:02,2025-04-28T20:16:08
A-08865,ORG-011,high,brute_force,ASSET-ORG-011-002,CASE-02328,2025-05-25T10:34:38,2025-05-26T08:10:25
A-08866,ORG-011,critical,data_exfil,ASSET-ORG-011-170,CASE-02298,2025-02-05T14:32:28,2025-02-05T20:14:58
A-08867,ORG-011,medium,privilege_escalation,ASSET-ORG-011-024,,2025-05-01T21:36:02,2025-05-02T21:43:54
A-08868,ORG-011,medium,brute_force,ASSET-ORG-011-269,,2025-05-29T19:43:02,2025-05-31T02:26:54
A-08869,ORG-011,high,data_exfil,ASSET-ORG-011-203,,2025-03-18T19:50:31,2025-03-19T08:11:57
A-08870,ORG-011,critical,data_exfil,ASSET-ORG-011-230,,2025-03-23T11:39:18,2025-03-23T19:12:29
A-08871,ORG-011,high,brute_force,ASSET-ORG-011-037,,2025-01-07T02:43:03,2025-01-07T15:36:27
A-08872,ORG-011,high,recon,ASSET-ORG-011-206,,2025-03-20T07:02:34,2025-03-20T18:17:17
A-08873,ORG-011,low,recon,ASSET-ORG-011-187,,2025-05-02T12:43:20,2025-05-06T22:16:47
A-08874,ORG-011,medium,privilege_escalation,ASSET-ORG-011-011,,2025-03-21T12:57:47,2025-03-23T09:22:43
A-08875,ORG-011,medium,recon,ASSET-ORG-011-270,,2025-03-19T12:50:20,2025-03-22T12:42:51
A-08876,ORG-011,critical,phishing,ASSET-ORG-011-117,,2025-05-01T03:45:02,2025-05-01T10:29:06
A-08877,ORG-011,critical,recon,ASSET-ORG-011-158,,2025-01-13T00:42:49,2025-01-13T06:20:09
A-08878,ORG-011,medium,lateral_movement,ASSET-ORG-011-022,,2025-03-25T16:15:49,2025-03-27T02:41:39
A-08879,ORG-011,medium,malware,ASSET-ORG-011-018,,2025-03-18T12:31:36,2025-03-20T11:39:22
A-08880,ORG-011,critical,privilege_escalation,ASSET-ORG-011-121,,2025-05-06T10:46:42,2025-05-06T17:01:32
A-08881,ORG-011,low,brute_force,ASSET-ORG-011-022,CASE-02294,2025-03-27T07:28:32,2025-04-01T20:16:47
A-08882,ORG-011,critical,lateral_movement,ASSET-ORG-011-248,CASE-02396,2025-04-29T15:25:44,2025-04-29T18:58:45
A-08883,ORG-011,high,malware,ASSET-ORG-011-082,,2025-06-10T22:47:07,2025-06-11T21:15:57
A-08884,ORG-011,medium,lateral_movement,ASSET-ORG-011-171,,2025-06-16T11:39:03,2025-06-18T01:57:41
A-08885,ORG-011,low,malware,ASSET-ORG-011-273,,2025-05-31T14:20:15,2025-06-03T18:40:46
A-08886,ORG-011,medium,brute_force,ASSET-ORG-011-178,,2025-01-28T11:27:06,2025-01-29T22:34:28
A-08887,ORG-011,high,privilege_escalation,ASSET-ORG-011-021,,2025-06-16T03:13:52,2025-06-17T00:39:54
A-08888,ORG-011,low,recon,ASSET-ORG-011-029,,2025-03-08T07:41:54,2025-03-13T03:01:31
A-08889,ORG-011,medium,phishing,ASSET-ORG-011-091,CASE-02341,2025-06-28T23:17:26,2025-06-30T05:28:39
A-08890,ORG-011,critical,phishing,ASSET-ORG-011-209,,2025-01-23T04:43:50,2025-01-23T12:15:32
A-08891,ORG-011,medium,brute_force,ASSET-ORG-011-281,,2025-04-11T03:44:44,2025-04-13T13:16:48
A-08892,ORG-011,high,privilege_escalation,ASSET-ORG-011-040,,2025-02-27T21:12:51,2025-02-28T12:24:05
A-08893,ORG-011,critical,data_exfil,ASSET-ORG-011-239,,2025-05-16T06:13:01,2025-05-16T09:19:43
A-08894,ORG-011,critical,lateral_movement,ASSET-ORG-011-057,,2025-06-22T15:10:05,2025-06-22T22:24:15
A-08895,ORG-011,medium,lateral_movement,ASSET-ORG-011-158,,2025-06-17T22:56:31,2025-06-20T00:52:42
A-08896,ORG-011,low,privilege_escalation,ASSET-ORG-011-003,CASE-02234,2025-02-10T02:10:06,2025-02-14T12:43:24
A-08897,ORG-011,medium,recon,ASSET-ORG-011-123,,2025-04-10T02:58:49,2025-04-12T11:04:02
A-08898,ORG-011,high,recon,ASSET-ORG-011-247,,2025-04-20T07:11:22,2025-04-21T01:05:24
A-08899,ORG-011,medium,lateral_movement,ASSET-ORG-011-283,,2025-05-11T19:23:28,2025-05-13T08:54:47
A-08900,ORG-011,high,recon,ASSET-ORG-011-087,CASE-02264,2025-05-13T07:15:04,2025-05-13T22:09:24
A-08901,ORG-011,high,recon,ASSET-ORG-011-279,,2025-06-04T09:54:36,2025-06-05T08:12:31
A-08902,ORG-011,high,brute_force,ASSET-ORG-011-258,,2025-01-11T18:49:03,2025-01-12T10:38:47
A-08903,ORG-011,critical,recon,ASSET-ORG-011-103,,2025-04-10T13:50:55,2025-04-10T19:04:41
A-08904,ORG-011,medium,lateral_movement,ASSET-ORG-011-255,,2025-03-04T13:44:42,2025-03-05T21:57:12
A-08905,ORG-011,critical,brute_force,ASSET-ORG-011-131,,2025-02-28T23:17:00,2025-03-01T04:19:18
A-08906,ORG-011,medium,phishing,ASSET-ORG-011-110,,2025-01-02T03:22:21,2025-01-04T07:36:57
A-08907,ORG-011,critical,brute_force,ASSET-ORG-011-010,CASE-02346,2025-02-18T00:54:05,2025-02-18T04:19:13
A-08908,ORG-011,critical,privilege_escalation,ASSET-ORG-011-019,,2025-06-02T17:30:11,2025-06-02T23:43:58
A-08909,ORG-011,medium,data_exfil,ASSET-ORG-011-047,CASE-02339,2025-05-05T16:43:55,2025-05-07T13:07:27
A-08910,ORG-011,high,malware,ASSET-ORG-011-061,,2025-01-10T14:57:11,2025-01-11T03:34:33
A-08911,ORG-011,medium,malware,ASSET-ORG-011-241,CASE-02229,2025-05-28T10:55:08,2025-05-29T15:33:58
A-08912,ORG-011,high,data_exfil,ASSET-ORG-011-074,,2025-04-17T01:08:43,2025-04-17T12:29:40
A-08913,ORG-011,high,lateral_movement,ASSET-ORG-011-189,,2025-06-06T16:46:09,2025-06-07T06:48:39
A-08914,ORG-011,medium,malware,ASSET-ORG-011-110,,2025-02-24T13:47:25,2025-02-26T19:13:20
A-08915,ORG-011,medium,privilege_escalation,ASSET-ORG-011-260,,2025-02-24T22:14:53,2025-02-27T05:58:54
A-08916,ORG-011,critical,brute_force,ASSET-ORG-011-231,,2025-05-23T19:37:12,2025-05-23T21:46:32
A-08917,ORG-011,critical,data_exfil,ASSET-ORG-011-262,,2025-01-14T13:17:27,2025-01-14T18:45:02
A-08918,ORG-011,critical,malware,ASSET-ORG-011-227,,2025-04-10T07:44:00,2025-04-10T13:08:03
A-08919,ORG-011,medium,phishing,ASSET-ORG-011-024,CASE-02438,2025-04-08T18:24:04,2025-04-09T23:30:05
A-08920,ORG-011,medium,malware,ASSET-ORG-011-049,,2025-05-21T12:06:03,2025-05-23T03:09:08
A-08921,ORG-011,critical,privilege_escalation,ASSET-ORG-011-030,,2025-04-24T06:34:02,2025-04-24T13:27:02
A-08922,ORG-011,medium,brute_force,ASSET-ORG-011-255,CASE-02372,2025-06-11T23:14:56,2025-06-13T05:52:39
A-08923,ORG-011,medium,malware,ASSET-ORG-011-059,CASE-02236,2025-03-21T02:42:17,2025-03-23T01:41:29
A-08924,ORG-011,low,data_exfil,ASSET-ORG-011-054,CASE-02304,2025-03-16T21:13:52,2025-03-20T03:09:25
A-08925,ORG-011,medium,phishing,ASSET-ORG-011-212,,2025-04-06T06:09:38,2025-04-08T14:33:09
A-08926,ORG-011,medium,phishing,ASSET-ORG-011-276,,2025-06-26T11:34:33,2025-06-28T13:41:16
A-08927,ORG-011,critical,recon,ASSET-ORG-011-041,CASE-02396,2025-04-18T20:05:49,2025-04-19T03:37:06
A-08928,ORG-011,medium,phishing,ASSET-ORG-011-116,,2025-06-03T16:25:39,2025-06-04T23:45:03
A-08929,ORG-011,critical,brute_force,ASSET-ORG-011-213,,2025-01-18T11:46:23,2025-01-18T15:04:42
A-08930,ORG-011,high,brute_force,ASSET-ORG-011-197,,2025-03-27T20:14:52,2025-03-28T11:14:03
A-08931,ORG-011,medium,data_exfil,ASSET-ORG-011-157,CASE-02323,2025-04-18T18:43:10,2025-04-20T12:21:47
A-08932,ORG-011,medium,lateral_movement,ASSET-ORG-011-224,,2025-01-31T16:57:11,2025-02-02T07:29:29
A-08933,ORG-011,low,recon,ASSET-ORG-011-159,CASE-02296,2025-06-03T10:04:04,2025-06-07T11:50:56
A-08934,ORG-011,high,privilege_escalation,ASSET-ORG-011-039,CASE-02340,2025-06-17T14:00:22,2025-06-18T02:16:58
A-08935,ORG-011,high,malware,ASSET-ORG-011-113,CASE-02425,2025-03-11T01:37:29,2025-03-11T13:14:35
A-08936,ORG-011,critical,recon,ASSET-ORG-011-032,,2025-04-29T14:03:10,2025-04-29T20:22:15
A-08937,ORG-011,medium,recon,ASSET-ORG-011-161,CASE-02355,2025-02-04T18:30:01,2025-02-07T07:56:15
A-08938,ORG-011,medium,data_exfil,ASSET-ORG-011-124,CASE-02376,2025-03-23T20:37:55,2025-03-26T06:13:42
A-08939,ORG-011,high,phishing,ASSET-ORG-011-073,,2025-02-14T06:13:30,2025-02-14T15:34:38
A-08940,ORG-011,medium,lateral_movement,ASSET-ORG-011-252,CASE-02275,2025-01-26T17:05:46,2025-01-29T03:56:40
A-08941,ORG-011,medium,data_exfil,ASSET-ORG-011-047,,2025-04-01T13:37:35,2025-04-03T12:41:08
A-08942,ORG-011,high,phishing,ASSET-ORG-011-029,,2025-06-01T21:47:16,2025-06-02T13:32:55
A-08943,ORG-011,critical,data_exfil,ASSET-ORG-011-175,,2025-04-27T18:45:54,2025-04-27T23:19:24
A-08944,ORG-011,high,phishing,ASSET-ORG-011-180,,2025-02-15T01:08:03,2025-02-15T22:26:35
A-08945,ORG-011,medium,lateral_movement,ASSET-ORG-011-045,CASE-02435,2025-03-26T12:42:02,2025-03-29T08:18:18
A-08946,ORG-011,high,brute_force,ASSET-ORG-011-257,,2025-02-08T19:20:03,2025-02-09T04:11:49
A-08947,ORG-011,medium,brute_force,ASSET-ORG-011-096,CASE-02396,2025-01-16T04:04:41,2025-01-18T18:21:18
A-08948,ORG-011,low,privilege_escalation,ASSET-ORG-011-192,,2025-05-03T13:43:12,2025-05-08T06:34:35
A-08949,ORG-011,high,recon,ASSET-ORG-011-007,,2025-04-08T06:07:45,2025-04-08T21:06:37
A-08950,ORG-011,high,privilege_escalation,ASSET-ORG-011-117,,2025-03-08T03:05:19,2025-03-08T15:17:39
A-08951,ORG-011,high,brute_force,ASSET-ORG-011-178,,2025-03-19T14:06:48,2025-03-20T10:26:45
A-08952,ORG-011,medium,privilege_escalation,ASSET-ORG-011-240,,2025-06-09T06:03:20,2025-06-11T23:39:12
A-08953,ORG-011,medium,malware,ASSET-ORG-011-149,,2025-04-20T12:09:33,2025-04-22T20:46:29
A-08954,ORG-011,critical,malware,ASSET-ORG-011-052,,2025-04-03T20:11:10,2025-04-04T00:40:58
A-08955,ORG-011,medium,privilege_escalation,ASSET-ORG-011-257,,2025-02-20T07:50:01,2025-02-22T18:50:18
A-08956,ORG-011,low,privilege_escalation,ASSET-ORG-011-181,CASE-02302,2025-05-11T11:08:36,2025-05-14T09:44:52
A-08957,ORG-011,high,privilege_escalation,ASSET-ORG-011-150,,2025-05-07T18:15:59,2025-05-08T15:04:43
A-08958,ORG-011,medium,malware,ASSET-ORG-011-044,,2025-04-11T03:54:12,2025-04-13T00:17:16
A-08959,ORG-011,medium,data_exfil,ASSET-ORG-011-014,,2025-03-08T20:54:11,2025-03-10T11:54:35
A-08960,ORG-011,low,brute_force,ASSET-ORG-011-263,,2025-05-02T02:01:10,2025-05-07T01:34:52
A-08961,ORG-011,medium,recon,ASSET-ORG-011-149,,2025-04-11T14:09:17,2025-04-13T22:12:03
A-08962,ORG-011,high,brute_force,ASSET-ORG-011-110,,2025-04-03T16:39:04,2025-04-04T02:19:50
A-08963,ORG-011,low,privilege_escalation,ASSET-ORG-011-083,CASE-02250,2025-04-24T05:23:14,2025-04-26T06:01:55
A-08964,ORG-011,critical,brute_force,ASSET-ORG-011-072,CASE-02303,2025-05-14T20:43:41,2025-05-15T01:42:42
A-08965,ORG-011,medium,malware,ASSET-ORG-011-204,CASE-02441,2025-05-03T06:27:32,2025-05-05T01:44:37
A-08966,ORG-011,medium,data_exfil,ASSET-ORG-011-128,,2025-06-04T00:22:09,2025-06-05T07:17:28
A-08967,ORG-011,medium,brute_force,ASSET-ORG-011-199,,2025-04-02T14:16:45,2025-04-05T12:34:51
A-08968,ORG-011,high,brute_force,ASSET-ORG-011-175,CASE-02233,2025-05-16T18:38:43,2025-05-17T04:03:36
A-08969,ORG-011,low,lateral_movement,ASSET-ORG-011-044,CASE-02414,2025-01-17T06:04:08,2025-01-20T23:43:44
A-08970,ORG-011,critical,privilege_escalation,ASSET-ORG-011-156,CASE-02380,2025-06-20T00:14:56,2025-06-20T07:21:44
A-08971,ORG-011,medium,brute_force,ASSET-ORG-011-226,CASE-02370,2025-01-16T13:10:08,2025-01-18T23:09:46
A-08972,ORG-011,critical,phishing,ASSET-ORG-011-100,CASE-02289,2025-03-30T19:37:29,2025-03-31T03:05:00
A-08973,ORG-011,critical,lateral_movement,ASSET-ORG-011-088,,2025-06-06T01:46:31,2025-06-06T07:26:20
A-08974,ORG-011,medium,recon,ASSET-ORG-011-196,,2025-04-09T09:39:07,2025-04-11T08:25:51
A-08975,ORG-011,critical,phishing,ASSET-ORG-011-030,,2025-06-22T01:56:36,2025-06-22T08:20:11
A-08976,ORG-011,critical,recon,ASSET-ORG-011-145,,2025-06-01T02:57:49,2025-06-01T09:32:25
A-08977,ORG-011,medium,phishing,ASSET-ORG-011-089,CASE-02260,2025-01-15T09:11:25,2025-01-17T04:02:04
A-08978,ORG-011,high,data_exfil,ASSET-ORG-011-121,,2025-01-16T12:23:32,2025-01-17T01:19:46
A-08979,ORG-011,critical,recon,ASSET-ORG-011-160,,2025-03-10T01:52:14,2025-03-10T05:32:11
A-08980,ORG-011,medium,malware,ASSET-ORG-011-251,,2025-06-25T04:13:25,2025-06-26T08:13:56
A-08981,ORG-011,medium,recon,ASSET-ORG-011-171,CASE-02296,2025-02-07T21:21:25,2025-02-09T10:28:36
A-08982,ORG-011,medium,recon,ASSET-ORG-011-190,,2025-02-23T17:58:30,2025-02-25T21:43:02
A-08983,ORG-011,high,brute_force,ASSET-ORG-011-229,,2025-03-26T12:55:20,2025-03-26T23:04:16
A-08984,ORG-011,high,recon,ASSET-ORG-011-153,CASE-02302,2025-06-16T20:24:53,2025-06-17T05:59:47
A-08985,ORG-011,medium,privilege_escalation,ASSET-ORG-011-121,,2025-02-03T11:31:17,2025-02-06T02:44:02
A-08986,ORG-011,low,data_exfil,ASSET-ORG-011-019,CASE-02310,2025-01-22T11:16:00,2025-01-26T18:31:42
A-08987,ORG-011,critical,phishing,ASSET-ORG-011-065,,2025-04-02T13:53:40,2025-04-02T18:40:32
A-08988,ORG-011,medium,phishing,ASSET-ORG-011-278,CASE-02261,2025-01-17T17:59:44,2025-01-20T09:25:28
A-08989,ORG-011,medium,privilege_escalation,ASSET-ORG-011-159,,2025-03-14T01:18:06,2025-03-16T10:01:16
A-08990,ORG-011,low,phishing,ASSET-ORG-011-021,,2025-03-27T09:23:23,2025-04-02T00:37:59
A-08991,ORG-011,critical,malware,ASSET-ORG-011-183,CASE-02410,2025-02-08T20:18:25,2025-02-09T00:36:19
A-08992,ORG-011,high,malware,ASSET-ORG-011-251,,2025-01-05T08:57:11,2025-01-06T08:05:24
A-08993,ORG-011,medium,privilege_escalation,ASSET-ORG-011-116,CASE-02249,2025-01-24T17:42:54,2025-01-26T16:37:21
A-08994,ORG-011,low,recon,ASSET-ORG-011-104,CASE-02372,2025-01-10T03:38:32,2025-01-13T03:18:15
A-08995,ORG-011,medium,recon,ASSET-ORG-011-210,CASE-02425,2025-03-01T04:46:04,2025-03-03T00:08:34
A-08996,ORG-011,medium,privilege_escalation,ASSET-ORG-011-065,,2025-02-14T01:32:59,2025-02-16T10:17:46
A-08997,ORG-011,high,malware,ASSET-ORG-011-113,,2025-03-12T18:42:38,2025-03-13T07:50:45
A-08998,ORG-011,high,malware,ASSET-ORG-011-039,,2025-03-03T23:37:04,2025-03-04T19:58:05
A-08999,ORG-011,low,phishing,ASSET-ORG-011-248,CASE-02255,2025-01-05T22:00:29,2025-01-09T18:17:23
A-09000,ORG-011,critical,phishing,ASSET-ORG-011-067,,2025-02-10T04:50:51,2025-02-10T07:47:19
A-09001,ORG-011,critical,recon,ASSET-ORG-011-186,,2025-03-17T15:21:26,2025-03-17T20:13:12
A-09002,ORG-011,critical,data_exfil,ASSET-ORG-011-260,,2025-04-25T19:06:12,2025-04-25T22:46:03
A-09003,ORG-011,high,malware,ASSET-ORG-011-145,,2025-05-06T12:20:36,2025-05-07T07:12:38
A-09004,ORG-011,high,privilege_escalation,ASSET-ORG-011-013,,2025-01-18T17:58:41,2025-01-19T11:02:05
A-09005,ORG-011,critical,recon,ASSET-ORG-011-001,,2025-03-28T20:38:52,2025-03-28T23:57:17
A-09006,ORG-011,high,phishing,ASSET-ORG-011-162,,2025-01-18T11:56:25,2025-01-19T10:24:44
A-09007,ORG-011,medium,phishing,ASSET-ORG-011-062,,2025-05-17T15:44:29,2025-05-19T22:33:15
A-09008,ORG-011,medium,data_exfil,ASSET-ORG-011-101,,2025-04-23T19:50:11,2025-04-26T00:15:14
A-09009,ORG-011,low,malware,ASSET-ORG-011-203,,2025-05-15T12:57:17,2025-05-21T09:14:39
A-09010,ORG-011,high,phishing,ASSET-ORG-011-171,,2025-04-23T01:26:10,2025-04-23T20:33:50
A-09011,ORG-011,high,phishing,ASSET-ORG-011-198,,2025-06-29T05:34:06,2025-06-29T15:01:14
A-09012,ORG-011,medium,lateral_movement,ASSET-ORG-011-262,,2025-03-21T23:53:38,2025-03-24T11:49:10
A-09013,ORG-011,high,malware,ASSET-ORG-011-128,,2025-02-09T02:11:35,2025-02-09T14:33:36
A-09014,ORG-011,critical,phishing,ASSET-ORG-011-069,,2025-06-17T02:06:40,2025-06-17T09:08:23
A-09015,ORG-011,high,brute_force,ASSET-ORG-011-026,CASE-02256,2025-03-26T20:20:08,2025-03-27T13:24:58
A-09016,ORG-011,high,lateral_movement,ASSET-ORG-011-206,CASE-02305,2025-03-03T22:14:49,2025-03-04T10:54:54
A-09017,ORG-011,critical,phishing,ASSET-ORG-011-269,CASE-02268,2025-05-10T03:44:14,2025-05-10T06:25:57
A-09018,ORG-011,high,data_exfil,ASSET-ORG-011-214,,2025-02-26T09:40:28,2025-02-26T22:42:33
A-09019,ORG-011,critical,lateral_movement,ASSET-ORG-011-264,CASE-02322,2025-01-09T14:54:58,2025-01-09T19:17:11
A-09020,ORG-011,medium,phishing,ASSET-ORG-011-068,,2025-01-28T22:14:02,2025-01-30T20:06:08
A-09021,ORG-011,medium,phishing,ASSET-ORG-011-275,,2025-03-17T18:59:03,2025-03-20T01:29:34
A-09022,ORG-011,high,lateral_movement,ASSET-ORG-011-177,,2025-01-02T19:22:15,2025-01-03T14:34:22
A-09023,ORG-011,high,privilege_escalation,ASSET-ORG-011-033,,2025-04-21T11:53:32,2025-04-22T11:32:55
A-09024,ORG-011,low,malware,ASSET-ORG-011-080,,2025-05-18T01:29:24,2025-05-22T08:11:10
A-09025,ORG-011,low,lateral_movement,ASSET-ORG-011-208,,2025-03-02T18:14:21,2025-03-06T10:45:05
A-09026,ORG-011,low,brute_force,ASSET-ORG-011-110,,2025-01-30T20:34:23,2025-02-04T03:19:21
A-09027,ORG-011,low,privilege_escalation,ASSET-ORG-011-180,,2025-01-03T11:40:21,2025-01-09T07:48:51
A-09028,ORG-011,medium,data_exfil,ASSET-ORG-011-229,,2025-03-22T19:31:37,2025-03-24T21:18:25
A-09029,ORG-011,critical,data_exfil,ASSET-ORG-011-075,CASE-02363,2025-04-08T01:12:45,2025-04-08T05:24:36
A-09030,ORG-011,medium,brute_force,ASSET-ORG-011-017,,2025-06-14T03:07:34,2025-06-15T17:08:34
A-09031,ORG-011,medium,data_exfil,ASSET-ORG-011-020,,2025-01-09T16:56:55,2025-01-10T18:24:16
A-09032,ORG-011,low,brute_force,ASSET-ORG-011-280,,2025-05-29T10:00:27,2025-06-03T22:22:34
A-09033,ORG-011,medium,recon,ASSET-ORG-011-142,CASE-02379,2025-05-31T13:44:28,2025-06-01T21:42:17
A-09034,ORG-011,medium,phishing,ASSET-ORG-011-280,CASE-02438,2025-05-10T17:03:39,2025-05-12T17:22:07
A-09035,ORG-011,high,data_exfil,ASSET-ORG-011-017,,2025-03-18T04:24:37,2025-03-18T20:34:34
A-09036,ORG-011,medium,data_exfil,ASSET-ORG-011-051,,2025-02-03T20:34:03,2025-02-05T07:13:39
A-09037,ORG-011,high,brute_force,ASSET-ORG-011-012,,2025-05-22T01:00:45,2025-05-22T20:41:57
A-09038,ORG-011,medium,phishing,ASSET-ORG-011-268,CASE-02444,2025-01-08T22:17:18,2025-01-11T07:50:54
A-09039,ORG-011,medium,recon,ASSET-ORG-011-020,,2025-01-25T03:15:04,2025-01-27T20:09:46
A-09040,ORG-011,medium,malware,ASSET-ORG-011-186,CASE-02386,2025-03-15T18:15:18,2025-03-18T10:03:01
A-09041,ORG-011,high,data_exfil,ASSET-ORG-011-052,,2025-06-07T09:06:12,2025-06-08T05:11:08
A-09042,ORG-011,medium,privilege_escalation,ASSET-ORG-011-253,,2025-05-26T07:54:39,2025-05-28T02:49:46
A-09043,ORG-011,low,lateral_movement,ASSET-ORG-011-111,,2025-03-28T06:06:13,2025-03-30T19:37:34
A-09044,ORG-011,high,data_exfil,ASSET-ORG-011-062,CASE-02421,2025-01-22T11:49:34,2025-01-22T22:25:55
A-09045,ORG-011,low,privilege_escalation,ASSET-ORG-011-148,CASE-02421,2025-05-28T01:11:57,2025-06-02T17:01:09
A-09046,ORG-011,high,lateral_movement,ASSET-ORG-011-098,,2025-06-30T09:18:17,2025-06-30T18:31:04
A-09047,ORG-011,medium,malware,ASSET-ORG-011-253,,2025-03-18T20:08:23,2025-03-20T21:21:56
A-09048,ORG-011,medium,phishing,ASSET-ORG-011-052,,2025-03-24T22:16:14,2025-03-26T22:29:37
A-09049,ORG-011,high,malware,ASSET-ORG-011-092,,2025-03-25T05:32:45,2025-03-25T14:02:55
A-09050,ORG-011,medium,brute_force,ASSET-ORG-011-196,,2025-04-19T19:23:10,2025-04-20T23:46:48
A-09051,ORG-011,medium,brute_force,ASSET-ORG-011-126,,2025-01-09T19:32:28,2025-01-11T18:19:29
A-09052,ORG-011,low,recon,ASSET-ORG-011-083,,2025-05-19T21:05:18,2025-05-25T07:19:45
A-09053,ORG-011,high,data_exfil,ASSET-ORG-011-116,CASE-02442,2025-04-25T08:17:55,2025-04-25T16:35:15
A-09054,ORG-011,high,malware,ASSET-ORG-011-081,,2025-03-12T17:48:06,2025-03-13T14:19:39
A-09055,ORG-011,low,brute_force,ASSET-ORG-011-112,CASE-02283,2025-01-28T12:07:34,2025-02-01T02:54:20
A-09056,ORG-011,high,recon,ASSET-ORG-011-127,,2025-02-10T17:25:17,2025-02-11T07:15:51
A-09057,ORG-011,high,privilege_escalation,ASSET-ORG-011-238,,2025-04-10T11:43:37,2025-04-11T05:26:11
A-09058,ORG-011,medium,data_exfil,ASSET-ORG-011-232,,2025-01-21T12:30:17,2025-01-24T08:25:26
A-09059,ORG-011,low,lateral_movement,ASSET-ORG-011-099,,2025-02-05T23:07:59,2025-02-08T00:51:28
A-09060,ORG-011,low,phishing,ASSET-ORG-011-083,,2025-04-04T05:36:08,2025-04-08T16:08:16
A-09061,ORG-011,high,phishing,ASSET-ORG-011-004,CASE-02267,2025-03-31T12:44:39,2025-04-01T02:53:03
A-09062,ORG-011,high,data_exfil,ASSET-ORG-011-229,,2025-02-24T18:48:31,2025-02-25T18:39:13
A-09063,ORG-011,critical,malware,ASSET-ORG-011-013,CASE-02382,2025-04-29T16:30:57,2025-04-30T00:23:43
A-09064,ORG-011,high,data_exfil,ASSET-ORG-011-273,CASE-02228,2025-04-05T06:27:52,2025-04-06T06:06:47
A-09065,ORG-011,high,lateral_movement,ASSET-ORG-011-051,,2025-03-18T10:42:00,2025-03-19T09:21:19
A-09066,ORG-011,critical,lateral_movement,ASSET-ORG-011-091,,2025-03-20T10:03:14,2025-03-20T12:53:40
A-09067,ORG-011,medium,data_exfil,ASSET-ORG-011-013,CASE-02326,2025-01-06T15:42:44,2025-01-07T22:20:04
A-09068,ORG-011,critical,data_exfil,ASSET-ORG-011-004,,2025-04-03T01:55:04,2025-04-03T05:32:45
A-09069,ORG-011,medium,phishing,ASSET-ORG-011-224,CASE-02377,2025-03-23T14:50:42,2025-03-26T14:29:27
A-09070,ORG-011,low,brute_force,ASSET-ORG-011-201,,2025-04-04T08:32:52,2025-04-07T19:19:52
A-09071,ORG-011,low,brute_force,ASSET-ORG-011-088,,2025-02-02T13:45:42,2025-02-06T10:53:53
A-09072,ORG-011,medium,lateral_movement,ASSET-ORG-011-166,CASE-02373,2025-06-19T15:33:54,2025-06-21T07:02:07
A-09073,ORG-011,high,privilege_escalation,ASSET-ORG-011-284,,2025-01-23T01:19:43,2025-01-23T23:36:01
A-09074,ORG-011,high,recon,ASSET-ORG-011-112,,2025-05-17T19:38:12,2025-05-18T12:12:04
A-09075,ORG-011,medium,lateral_movement,ASSET-ORG-011-093,,2025-02-10T22:39:00,2025-02-12T15:02:46
A-09076,ORG-011,medium,malware,ASSET-ORG-011-208,,2025-02-08T21:55:22,2025-02-11T13:05:15
A-09077,ORG-011,medium,malware,ASSET-ORG-011-193,,2025-02-22T11:48:16,2025-02-24T05:14:17
A-09078,ORG-011,high,recon,ASSET-ORG-011-064,CASE-02432,2025-03-20T10:09:26,2025-03-21T09:56:59
A-09079,ORG-011,critical,phishing,ASSET-ORG-011-245,,2025-03-19T07:42:44,2025-03-19T14:17:17
A-09080,ORG-011,high,privilege_escalation,ASSET-ORG-011-049,,2025-02-25T01:15:05,2025-02-25T23:29:41
A-09081,ORG-011,medium,phishing,ASSET-ORG-011-267,,2025-06-05T21:03:33,2025-06-07T21:58:25
A-09082,ORG-011,medium,data_exfil,ASSET-ORG-011-206,CASE-02444,2025-03-04T15:32:00,2025-03-07T13:46:04
A-09083,ORG-011,critical,malware,ASSET-ORG-011-284,,2025-02-14T05:31:18,2025-02-14T09:55:18
A-09084,ORG-011,high,lateral_movement,ASSET-ORG-011-099,,2025-03-27T15:11:50,2025-03-28T12:25:59
A-09085,ORG-011,high,privilege_escalation,ASSET-ORG-011-191,CASE-02259,2025-02-26T04:42:11,2025-02-26T21:33:55
A-09086,ORG-011,high,recon,ASSET-ORG-011-136,,2025-01-30T22:44:02,2025-01-31T20:32:13
A-09087,ORG-011,critical,phishing,ASSET-ORG-011-100,,2025-06-05T21:22:12,2025-06-06T04:19:48
A-09088,ORG-011,medium,privilege_escalation,ASSET-ORG-011-183,,2025-05-16T11:08:21,2025-05-18T02:15:57
A-09089,ORG-011,critical,malware,ASSET-ORG-011-105,,2025-06-14T07:13:16,2025-06-14T15:11:25
A-09090,ORG-011,high,brute_force,ASSET-ORG-011-124,,2025-05-12T21:31:00,2025-05-13T07:06:50
A-09091,ORG-011,medium,phishing,ASSET-ORG-011-069,,2025-04-02T19:18:31,2025-04-05T19:11:54
A-09092,ORG-011,medium,brute_force,ASSET-ORG-011-125,,2025-03-02T12:52:09,2025-03-03T22:25:21
A-09093,ORG-011,low,recon,ASSET-ORG-011-233,,2025-06-16T20:16:02,2025-06-21T10:50:57
A-09094,ORG-011,high,malware,ASSET-ORG-011-100,CASE-02230,2025-01-29T17:06:33,2025-01-30T14:25:49
A-09095,ORG-011,low,privilege_escalation,ASSET-ORG-011-158,CASE-02439,2025-03-04T22:11:20,2025-03-09T05:37:13
A-09096,ORG-011,low,phishing,ASSET-ORG-011-184,CASE-02274,2025-01-20T21:04:16,2025-01-26T17:09:54
A-09097,ORG-011,medium,brute_force,ASSET-ORG-011-132,CASE-02275,2025-01-06T05:01:21,2025-01-08T03:16:14
A-09098,ORG-011,low,data_exfil,ASSET-ORG-011-093,,2025-04-17T08:00:58,2025-04-22T11:15:21
A-09099,ORG-011,high,phishing,ASSET-ORG-011-273,,2025-06-17T23:40:49,2025-06-18T07:44:05
A-09100,ORG-011,critical,phishing,ASSET-ORG-011-271,,2025-02-24T15:16:55,2025-02-24T19:49:54
A-09101,ORG-011,medium,brute_force,ASSET-ORG-011-171,CASE-02272,2025-04-27T07:02:09,2025-04-28T11:03:13
A-09102,ORG-011,critical,phishing,ASSET-ORG-011-182,,2025-05-07T23:23:32,2025-05-08T03:31:15
A-09103,ORG-011,medium,malware,ASSET-ORG-011-199,,2025-03-23T03:38:47,2025-03-24T09:35:20
A-09104,ORG-011,critical,brute_force,ASSET-ORG-011-099,,2025-05-21T12:45:59,2025-05-21T16:09:01
A-09105,ORG-011,high,brute_force,ASSET-ORG-011-215,,2025-04-23T15:56:11,2025-04-24T04:15:36
A-09106,ORG-011,low,privilege_escalation,ASSET-ORG-011-217,,2025-06-15T10:04:53,2025-06-19T23:19:37
A-09107,ORG-011,critical,malware,ASSET-ORG-011-158,,2025-04-20T02:56:17,2025-04-20T08:43:58
A-09108,ORG-011,high,lateral_movement,ASSET-ORG-011-272,,2025-04-26T04:57:25,2025-04-26T13:56:21
A-09109,ORG-011,medium,malware,ASSET-ORG-011-221,,2025-05-29T08:02:45,2025-06-01T01:24:10
A-09110,ORG-011,high,privilege_escalation,ASSET-ORG-011-200,,2025-04-19T22:10:14,2025-04-20T14:05:34
A-09111,ORG-011,medium,lateral_movement,ASSET-ORG-011-075,,2025-06-11T16:34:54,2025-06-12T23:23:33
A-09112,ORG-011,critical,phishing,ASSET-ORG-011-079,,2025-02-27T00:15:49,2025-02-27T05:19:09
A-09113,ORG-011,high,privilege_escalation,ASSET-ORG-011-278,,2025-05-08T08:05:27,2025-05-09T05:42:06
A-09114,ORG-011,medium,brute_force,ASSET-ORG-011-026,CASE-02411,2025-05-12T08:27:39,2025-05-13T23:34:57
A-09115,ORG-011,high,lateral_movement,ASSET-ORG-011-241,,2025-06-21T13:06:27,2025-06-22T12:40:42
A-09116,ORG-011,critical,phishing,ASSET-ORG-011-065,,2025-01-07T02:37:11,2025-01-07T08:02:14
A-09117,ORG-011,low,privilege_escalation,ASSET-ORG-011-283,,2025-01-10T15:42:03,2025-01-14T10:57:33
A-09118,ORG-011,low,data_exfil,ASSET-ORG-011-216,CASE-02442,2025-06-15T14:32:41,2025-06-17T20:53:29
A-09119,ORG-011,critical,privilege_escalation,ASSET-ORG-011-264,,2025-06-01T20:12:04,2025-06-02T03:33:54
A-09120,ORG-011,high,privilege_escalation,ASSET-ORG-011-271,,2025-02-04T22:56:57,2025-02-05T18:44:31
A-09121,ORG-011,critical,phishing,ASSET-ORG-011-100,,2025-03-20T03:45:39,2025-03-20T07:05:02
A-09122,ORG-011,medium,malware,ASSET-ORG-011-003,,2025-01-04T20:54:39,2025-01-06T04:05:38
A-09123,ORG-011,medium,privilege_escalation,ASSET-ORG-011-209,CASE-02279,2025-05-12T02:21:35,2025-05-15T01:43:09
A-09124,ORG-011,medium,malware,ASSET-ORG-011-205,CASE-02448,2025-05-25T04:52:55,2025-05-26T19:26:35
A-09125,ORG-011,medium,privilege_escalation,ASSET-ORG-011-133,CASE-02287,2025-05-20T14:25:59,2025-05-22T16:22:02
A-09126,ORG-011,medium,brute_force,ASSET-ORG-011-029,,2025-01-21T18:27:02,2025-01-23T13:37:16
A-09127,ORG-011,medium,lateral_movement,ASSET-ORG-011-112,CASE-02400,2025-05-27T07:01:19,2025-05-28T10:46:25
A-09128,ORG-011,high,lateral_movement,ASSET-ORG-011-222,,2025-03-05T15:52:06,2025-03-06T06:39:46
A-09129,ORG-011,medium,recon,ASSET-ORG-011-172,CASE-02381,2025-04-03T00:41:51,2025-04-05T01:56:40
A-09130,ORG-011,critical,privilege_escalation,ASSET-ORG-011-096,,2025-05-04T02:51:46,2025-05-04T05:03:30
A-09131,ORG-011,critical,malware,ASSET-ORG-011-202,,2025-03-23T00:09:31,2025-03-23T03:25:44
A-09132,ORG-011,critical,privilege_escalation,ASSET-ORG-011-184,CASE-02365,2025-03-05T16:04:48,2025-03-05T21:17:52
A-09133,ORG-011,medium,lateral_movement,ASSET-ORG-011-185,CASE-02310,2025-01-04T23:28:07,2025-01-06T03:22:53
A-09134,ORG-011,medium,privilege_escalation,ASSET-ORG-011-023,,2025-03-31T21:21:54,2025-04-02T08:51:24
A-09135,ORG-011,low,malware,ASSET-ORG-011-007,,2025-06-08T16:08:35,2025-06-14T14:04:15
A-09136,ORG-011,critical,lateral_movement,ASSET-ORG-011-272,,2025-06-22T16:24:36,2025-06-22T23:37:47
A-09137,ORG-011,critical,brute_force,ASSET-ORG-011-097,,2025-05-29T12:03:38,2025-05-29T16:34:59
A-09138,ORG-011,medium,recon,ASSET-ORG-011-190,,2025-06-18T02:40:31,2025-06-19T15:29:23
A-09139,ORG-011,critical,lateral_movement,ASSET-ORG-011-126,,2025-03-01T00:04:24,2025-03-01T02:21:20
A-09140,ORG-011,medium,privilege_escalation,ASSET-ORG-011-234,CASE-02288,2025-03-02T18:58:09,2025-03-05T15:00:36
A-09141,ORG-011,medium,data_exfil,ASSET-ORG-011-253,,2025-03-15T23:04:53,2025-03-17T04:22:34
A-09142,ORG-011,high,data_exfil,ASSET-ORG-011-290,,2025-05-19T00:14:11,2025-05-19T15:40:23
A-09143,ORG-011,medium,lateral_movement,ASSET-ORG-011-069,,2025-04-30T16:14:45,2025-05-01T21:53:15
A-09144,ORG-011,medium,malware,ASSET-ORG-011-048,CASE-02400,2025-01-29T06:10:58,2025-01-30T11:24:57
A-09145,ORG-011,medium,phishing,ASSET-ORG-011-071,,2025-03-05T04:00:08,2025-03-07T11:16:03
A-09146,ORG-011,high,recon,ASSET-ORG-011-141,,2025-05-19T08:42:51,2025-05-20T07:27:29
A-09147,ORG-011,low,malware,ASSET-ORG-011-202,,2025-04-11T19:51:34,2025-04-15T19:36:48
A-09148,ORG-011,medium,brute_force,ASSET-ORG-011-122,,2025-06-26T23:53:28,2025-06-28T21:43:12
A-09149,ORG-011,medium,phishing,ASSET-ORG-011-077,,2025-06-10T01:43:48,2025-06-11T23:25:26
A-09150,ORG-011,high,phishing,ASSET-ORG-011-001,,2025-04-17T00:18:43,2025-04-17T20:34:42
A-09151,ORG-011,low,malware,ASSET-ORG-011-008,,2025-03-18T16:53:57,2025-03-23T07:44:02
A-09152,ORG-011,medium,privilege_escalation,ASSET-ORG-011-195,CASE-02368,2025-02-23T14:06:33,2025-02-24T23:00:41
A-09153,ORG-011,low,lateral_movement,ASSET-ORG-011-164,,2025-04-16T12:59:58,2025-04-21T07:26:31
A-09154,ORG-011,low,phishing,ASSET-ORG-011-169,,2025-04-30T08:12:20,2025-05-02T20:57:07
A-09155,ORG-011,low,recon,ASSET-ORG-011-281,CASE-02286,2025-06-08T01:11:24,2025-06-13T15:45:26
A-09156,ORG-011,critical,lateral_movement,ASSET-ORG-011-244,,2025-06-20T09:37:08,2025-06-20T14:19:03
A-09157,ORG-011,critical,malware,ASSET-ORG-011-275,,2025-06-13T02:15:38,2025-06-13T08:20:52
A-09158,ORG-011,high,malware,ASSET-ORG-011-006,CASE-02271,2025-02-05T06:42:49,2025-02-05T23:14:51
A-09159,ORG-011,critical,malware,ASSET-ORG-011-045,,2025-01-09T14:38:16,2025-01-09T22:06:41
A-09160,ORG-011,medium,recon,ASSET-ORG-011-261,,2025-05-10T17:53:37,2025-05-12T21:40:56
A-09161,ORG-011,medium,phishing,ASSET-ORG-011-071,CASE-02425,2025-01-26T10:37:43,2025-01-29T10:11:27
A-09162,ORG-011,high,data_exfil,ASSET-ORG-011-105,CASE-02233,2025-01-15T03:05:32,2025-01-15T22:25:26
A-09163,ORG-011,low,data_exfil,ASSET-ORG-011-113,,2025-05-17T04:15:58,2025-05-21T22:27:18
A-09164,ORG-011,high,brute_force,ASSET-ORG-011-239,,2025-01-28T11:19:29,2025-01-29T09:12:47
A-09165,ORG-011,medium,data_exfil,ASSET-ORG-011-274,CASE-02369,2025-05-31T13:55:13,2025-06-03T03:28:18
A-09166,ORG-011,critical,phishing,ASSET-ORG-011-166,,2025-05-12T06:56:39,2025-05-12T14:08:25
A-09167,ORG-011,low,data_exfil,ASSET-ORG-011-261,,2025-02-19T18:46:42,2025-02-22T14:07:54
A-09168,ORG-011,medium,recon,ASSET-ORG-011-150,,2025-05-12T04:19:28,2025-05-15T02:17:10
A-09169,ORG-011,medium,phishing,ASSET-ORG-011-069,,2025-03-31T08:36:38,2025-04-03T00:15:42
A-09170,ORG-011,critical,malware,ASSET-ORG-011-032,,2025-04-23T12:03:23,2025-04-23T14:44:25
A-09171,ORG-011,critical,lateral_movement,ASSET-ORG-011-279,CASE-02266,2025-03-04T21:17:23,2025-03-05T00:18:43
A-09172,ORG-011,critical,recon,ASSET-ORG-011-276,,2025-03-28T14:23:12,2025-03-28T21:17:24
A-09173,ORG-011,high,recon,ASSET-ORG-011-059,,2025-05-31T23:35:37,2025-06-01T20:59:30
A-09174,ORG-011,high,data_exfil,ASSET-ORG-011-256,CASE-02361,2025-06-08T05:17:47,2025-06-09T04:30:14
A-09175,ORG-011,critical,data_exfil,ASSET-ORG-011-146,,2025-01-28T13:19:58,2025-01-28T16:36:52
A-09176,ORG-011,critical,privilege_escalation,ASSET-ORG-011-112,CASE-02401,2025-04-23T08:32:22,2025-04-23T12:00:02
A-09177,ORG-011,critical,malware,ASSET-ORG-011-007,CASE-02249,2025-06-09T16:25:18,2025-06-09T23:43:14
A-09178,ORG-011,medium,brute_force,ASSET-ORG-011-266,,2025-03-26T11:25:47,2025-03-29T06:12:52
A-09179,ORG-011,high,lateral_movement,ASSET-ORG-011-258,,2025-05-08T09:17:59,2025-05-09T00:46:22
A-09180,ORG-011,critical,brute_force,ASSET-ORG-011-276,CASE-02383,2025-02-04T15:23:32,2025-02-04T22:19:07
A-09181,ORG-011,medium,data_exfil,ASSET-ORG-011-008,CASE-02439,2025-06-29T22:41:29,
A-09182,ORG-011,medium,brute_force,ASSET-ORG-011-233,,2025-04-17T21:11:42,2025-04-19T11:20:15
A-09183,ORG-011,high,privilege_escalation,ASSET-ORG-011-221,,2025-01-20T16:55:54,2025-01-21T06:47:32
A-09184,ORG-011,medium,data_exfil,ASSET-ORG-011-036,,2025-03-21T23:57:52,2025-03-23T09:54:27
A-09185,ORG-011,high,recon,ASSET-ORG-011-053,,2025-03-16T23:41:28,2025-03-17T14:24:16
A-09186,ORG-011,critical,privilege_escalation,ASSET-ORG-011-071,CASE-02297,2025-05-14T10:59:37,2025-05-14T13:55:03
A-09187,ORG-011,critical,recon,ASSET-ORG-011-060,,2025-03-12T22:10:51,2025-03-13T04:36:41
A-09188,ORG-011,critical,brute_force,ASSET-ORG-011-107,,2025-04-21T07:20:23,2025-04-21T12:02:57
A-09189,ORG-011,high,lateral_movement,ASSET-ORG-011-177,,2025-05-18T02:53:57,2025-05-18T20:42:40
A-09190,ORG-011,high,recon,ASSET-ORG-011-033,,2025-05-13T01:18:21,2025-05-13T18:28:48
A-09191,ORG-011,low,brute_force,ASSET-ORG-011-285,,2025-01-07T18:29:57,2025-01-10T00:53:30
A-09192,ORG-011,critical,data_exfil,ASSET-ORG-011-044,,2025-05-14T23:46:28,2025-05-15T03:11:10
A-09193,ORG-011,medium,malware,ASSET-ORG-011-061,,2025-06-01T03:48:19,2025-06-03T12:04:15
A-09194,ORG-011,low,brute_force,ASSET-ORG-011-037,,2025-03-28T23:53:32,2025-04-01T07:10:04
A-09195,ORG-011,low,privilege_escalation,ASSET-ORG-011-265,,2025-05-06T07:17:53,2025-05-09T23:46:06
A-09196,ORG-011,high,recon,ASSET-ORG-011-115,,2025-05-10T03:02:19,2025-05-10T12:55:23
A-09197,ORG-011,medium,recon,ASSET-ORG-011-088,,2025-05-08T08:16:35,2025-05-09T20:40:45
A-09198,ORG-011,medium,privilege_escalation,ASSET-ORG-011-056,CASE-02269,2025-01-26T19:02:09,2025-01-28T02:28:37
A-09199,ORG-011,critical,recon,ASSET-ORG-011-154,,2025-03-05T01:07:12,2025-03-05T06:13:57
A-09200,ORG-011,critical,data_exfil,ASSET-ORG-011-286,,2025-01-29T04:27:41,2025-01-29T06:42:58
A-09201,ORG-011,low,brute_force,ASSET-ORG-011-062,,2025-06-26T17:42:12,
A-09202,ORG-011,medium,malware,ASSET-ORG-011-084,,2025-01-23T21:18:15,2025-01-25T18:25:16
A-09203,ORG-011,medium,data_exfil,ASSET-ORG-011-213,,2025-02-24T22:09:46,2025-02-26T12:39:30
A-09204,ORG-011,medium,brute_force,ASSET-ORG-011-142,,2025-06-23T06:30:17,2025-06-24T06:44:14
A-09205,ORG-011,low,privilege_escalation,ASSET-ORG-011-277,CASE-02386,2025-05-05T02:51:34,2025-05-09T23:38:22
A-09206,ORG-011,high,phishing,ASSET-ORG-011-071,,2025-03-04T14:59:43,2025-03-05T09:13:51
A-09207,ORG-011,low,lateral_movement,ASSET-ORG-011-174,,2025-03-06T00:35:23,2025-03-10T22:27:43
A-09208,ORG-011,low,data_exfil,ASSET-ORG-011-135,,2025-03-29T21:04:43,2025-04-03T09:05:11
A-09209,ORG-011,medium,recon,ASSET-ORG-011-108,,2025-05-13T20:29:43,2025-05-16T12:13:21
A-09210,ORG-011,high,lateral_movement,ASSET-ORG-011-217,CASE-02297,2025-01-18T14:58:41,2025-01-19T00:12:15
A-09211,ORG-011,medium,brute_force,ASSET-ORG-011-130,,2025-03-24T07:43:52,2025-03-27T00:31:03
A-09212,ORG-011,low,privilege_escalation,ASSET-ORG-011-162,,2025-01-31T17:32:35,2025-02-06T10:43:56
A-09213,ORG-011,high,data_exfil,ASSET-ORG-011-217,,2025-05-17T21:28:29,2025-05-18T12:04:08
A-09214,ORG-011,medium,lateral_movement,ASSET-ORG-011-148,,2025-04-28T03:03:20,2025-04-30T07:46:36
A-09215,ORG-011,medium,recon,ASSET-ORG-011-073,,2025-01-15T12:14:48,2025-01-17T10:57:43
A-09216,ORG-011,medium,malware,ASSET-ORG-011-082,,2025-03-18T23:40:00,2025-03-20T19:43:28
A-09217,ORG-011,medium,privilege_escalation,ASSET-ORG-011-169,,2025-06-20T05:53:32,2025-06-21T19:02:58
A-09218,ORG-011,high,malware,ASSET-ORG-011-232,,2025-04-28T22:17:48,2025-04-29T19:06:54
A-09219,ORG-011,critical,brute_force,ASSET-ORG-011-087,,2025-04-09T08:58:45,2025-04-09T13:08:24
A-09220,ORG-011,high,brute_force,ASSET-ORG-011-061,CASE-02444,2025-04-07T21:27:50,2025-04-08T08:39:18
A-09221,ORG-011,high,privilege_escalation,ASSET-ORG-011-247,,2025-03-31T07:52:46,2025-04-01T01:53:38
A-09222,ORG-011,medium,privilege_escalation,ASSET-ORG-011-242,,2025-01-11T03:04:33,2025-01-13T00:26:01
A-09223,ORG-011,medium,phishing,ASSET-ORG-011-219,CASE-02260,2025-05-04T09:35:45,2025-05-06T00:33:14
A-09224,ORG-011,high,recon,ASSET-ORG-011-143,CASE-02273,2025-03-31T08:48:57,2025-04-01T00:45:34
A-09225,ORG-011,critical,phishing,ASSET-ORG-011-163,,2025-06-02T14:05:31,2025-06-02T17:56:32
A-09226,ORG-011,medium,malware,ASSET-ORG-011-266,CASE-02251,2025-05-31T23:24:37,2025-06-01T23:54:36
A-09227,ORG-011,critical,phishing,ASSET-ORG-011-255,CASE-02350,2025-01-10T03:51:48,2025-01-10T06:07:46
A-09228,ORG-011,medium,privilege_escalation,ASSET-ORG-011-272,,2025-05-22T06:12:59,2025-05-23T18:38:07
A-09229,ORG-011,high,privilege_escalation,ASSET-ORG-011-161,,2025-03-22T17:04:44,2025-03-23T16:25:41
A-09230,ORG-011,low,phishing,ASSET-ORG-011-223,,2025-04-02T14:31:43,2025-04-05T00:50:40
A-09231,ORG-011,medium,privilege_escalation,ASSET-ORG-011-152,CASE-02272,2025-05-04T12:16:01,2025-05-05T17:08:04
A-09232,ORG-011,critical,lateral_movement,ASSET-ORG-011-133,,2025-05-15T10:01:48,2025-05-15T16:14:27
A-09233,ORG-011,low,data_exfil,ASSET-ORG-011-134,,2025-04-06T22:57:15,2025-04-09T04:01:05
A-09234,ORG-011,high,malware,ASSET-ORG-011-195,,2025-05-23T20:45:58,2025-05-24T08:08:40
A-09235,ORG-011,medium,data_exfil,ASSET-ORG-011-205,,2025-01-21T13:11:45,2025-01-24T04:53:09
A-09236,ORG-011,critical,malware,ASSET-ORG-011-088,,2025-05-29T06:08:02,2025-05-29T12:41:45
A-09237,ORG-011,medium,brute_force,ASSET-ORG-011-126,,2025-04-20T00:35:45,2025-04-21T15:12:39
A-09238,ORG-011,high,phishing,ASSET-ORG-011-137,,2025-05-25T22:00:37,2025-05-26T18:19:08
A-09239,ORG-011,medium,brute_force,ASSET-ORG-011-269,,2025-02-01T19:27:11,2025-02-04T04:33:09
A-09240,ORG-011,high,recon,ASSET-ORG-011-014,,2025-01-25T00:12:44,2025-01-25T09:29:14
A-09241,ORG-011,high,phishing,ASSET-ORG-011-087,,2025-01-08T14:30:59,2025-01-09T06:44:01
A-09242,ORG-011,high,brute_force,ASSET-ORG-011-050,,2025-02-07T14:01:31,2025-02-08T09:32:07
A-09243,ORG-011,medium,data_exfil,ASSET-ORG-011-022,,2025-05-18T06:39:31,2025-05-20T16:55:01
A-09244,ORG-011,medium,malware,ASSET-ORG-011-105,,2025-05-25T04:53:29,2025-05-27T23:39:03
A-09245,ORG-011,high,data_exfil,ASSET-ORG-011-083,,2025-01-14T03:32:06,2025-01-15T00:19:48
A-09246,ORG-011,medium,malware,ASSET-ORG-011-100,,2025-04-17T19:28:51,2025-04-20T03:40:06
A-09247,ORG-011,critical,malware,ASSET-ORG-011-011,,2025-05-20T07:13:17,2025-05-20T10:21:33
A-09248,ORG-011,medium,malware,ASSET-ORG-011-084,,2025-02-07T12:05:43,2025-02-10T01:49:51
A-09249,ORG-011,critical,phishing,ASSET-ORG-011-111,,2025-03-28T11:54:52,2025-03-28T15:07:51
A-09250,ORG-011,low,lateral_movement,ASSET-ORG-011-052,,2025-06-16T06:27:52,2025-06-18T13:44:57
A-09251,ORG-011,low,malware,ASSET-ORG-011-212,,2025-06-27T01:43:43,
A-09252,ORG-011,critical,data_exfil,ASSET-ORG-011-067,,2025-05-10T05:31:49,2025-05-10T08:16:22
A-09253,ORG-011,low,brute_force,ASSET-ORG-011-155,,2025-06-25T06:43:39,2025-06-29T15:00:42
A-09254,ORG-011,high,malware,ASSET-ORG-011-254,,2025-01-25T15:14:06,2025-01-26T07:48:54
A-09255,ORG-011,critical,brute_force,ASSET-ORG-011-201,,2025-06-23T10:09:29,2025-06-23T17:40:27
A-09256,ORG-011,medium,lateral_movement,ASSET-ORG-011-032,,2025-06-25T01:48:38,2025-06-27T00:41:46
A-09257,ORG-011,critical,recon,ASSET-ORG-011-275,CASE-02228,2025-04-30T10:53:24,2025-04-30T14:45:42
A-09258,ORG-011,medium,malware,ASSET-ORG-011-064,,2025-04-10T00:04:57,2025-04-11T22:32:17
A-09259,ORG-011,medium,phishing,ASSET-ORG-011-259,,2025-05-17T06:35:22,2025-05-20T06:12:54
A-09260,ORG-011,critical,privilege_escalation,ASSET-ORG-011-041,,2025-03-22T09:05:51,2025-03-22T13:42:04
A-09261,ORG-011,medium,recon,ASSET-ORG-011-273,,2025-06-12T09:08:43,2025-06-14T02:07:17
A-09262,ORG-011,low,phishing,ASSET-ORG-011-213,,2025-03-03T06:47:34,2025-03-06T23:45:40
A-09263,ORG-011,low,data_exfil,ASSET-ORG-011-022,,2025-04-06T21:53:58,2025-04-10T14:06:33
A-09264,ORG-011,low,recon,ASSET-ORG-011-266,,2025-02-23T05:57:24,2025-02-25T18:55:02
A-09265,ORG-011,high,malware,ASSET-ORG-011-251,,2025-03-08T12:16:57,2025-03-09T07:52:58
A-09266,ORG-011,critical,lateral_movement,ASSET-ORG-011-039,,2025-04-25T06:29:22,2025-04-25T10:25:10
A-09267,ORG-011,high,brute_force,ASSET-ORG-011-154,,2025-02-16T22:49:19,2025-02-17T17:06:12
A-09268,ORG-011,high,brute_force,ASSET-ORG-011-224,,2025-03-01T06:15:13,2025-03-01T20:03:13
A-09269,ORG-011,medium,phishing,ASSET-ORG-011-109,,2025-05-29T06:06:40,2025-05-31T22:29:25
A-09270,ORG-011,high,lateral_movement,ASSET-ORG-011-269,CASE-02256,2025-02-18T06:55:11,2025-02-19T04:42:38
A-09271,ORG-011,critical,phishing,ASSET-ORG-011-274,CASE-02274,2025-02-18T06:46:35,2025-02-18T14:44:21
A-09272,ORG-011,low,phishing,ASSET-ORG-011-139,CASE-02307,2025-05-13T08:38:30,2025-05-19T07:10:05
A-09273,ORG-011,medium,malware,ASSET-ORG-011-015,,2025-04-24T04:35:52,2025-04-25T09:28:07
A-09274,ORG-011,medium,lateral_movement,ASSET-ORG-011-131,CASE-02377,2025-03-31T22:20:53,2025-04-02T10:41:03
A-09275,ORG-011,critical,phishing,ASSET-ORG-011-053,,2025-06-02T16:04:31,2025-06-02T22:41:27
A-09276,ORG-011,high,recon,ASSET-ORG-011-165,CASE-02293,2025-03-12T18:36:41,2025-03-13T09:12:21
A-09277,ORG-011,high,privilege_escalation,ASSET-ORG-011-130,,2025-01-09T00:23:09,2025-01-09T18:37:16
A-09278,ORG-011,low,data_exfil,ASSET-ORG-011-138,CASE-02326,2025-04-26T12:50:01,2025-05-01T10:48:01
A-09279,ORG-011,high,lateral_movement,ASSET-ORG-011-114,,2025-04-04T16:57:26,2025-04-05T14:09:22
A-09280,ORG-011,critical,privilege_escalation,ASSET-ORG-011-227,,2025-06-12T03:32:24,2025-06-12T10:52:57
A-09281,ORG-011,high,privilege_escalation,ASSET-ORG-011-049,,2025-03-14T13:03:41,2025-03-15T05:55:29
A-09282,ORG-011,critical,lateral_movement,ASSET-ORG-011-252,,2025-01-21T03:20:30,2025-01-21T06:00:43
A-09283,ORG-011,low,malware,ASSET-ORG-011-276,,2025-01-12T09:25:25,2025-01-16T00:34:07
A-09284,ORG-011,medium,recon,ASSET-ORG-011-081,,2025-05-03T16:10:52,2025-05-06T03:49:41
A-09285,ORG-011,medium,brute_force,ASSET-ORG-011-112,,2025-01-22T19:21:43,2025-01-25T06:11:30
A-09286,ORG-011,low,lateral_movement,ASSET-ORG-011-005,,2025-02-06T02:22:20,2025-02-09T18:13:53
A-09287,ORG-011,high,privilege_escalation,ASSET-ORG-011-160,,2025-05-31T13:22:43,2025-06-01T10:43:09
A-09288,ORG-011,medium,recon,ASSET-ORG-011-226,,2025-03-05T22:50:13,2025-03-07T16:59:17
A-09289,ORG-011,medium,phishing,ASSET-ORG-011-125,CASE-02381,2025-03-12T14:19:32,2025-03-13T16:27:56
A-09290,ORG-011,low,data_exfil,ASSET-ORG-011-079,,2025-02-10T05:00:00,2025-02-12T05:44:02
A-09291,ORG-011,high,lateral_movement,ASSET-ORG-011-199,CASE-02237,2025-04-14T04:43:31,2025-04-14T23:34:57
A-09292,ORG-011,critical,recon,ASSET-ORG-011-025,,2025-06-21T06:21:12,2025-06-21T11:48:22
A-09293,ORG-011,medium,phishing,ASSET-ORG-011-094,,2025-05-05T07:17:10,2025-05-07T07:36:38
A-09294,ORG-011,low,privilege_escalation,ASSET-ORG-011-145,,2025-02-14T10:41:53,2025-02-16T17:06:53
A-09295,ORG-011,high,malware,ASSET-ORG-011-241,CASE-02238,2025-05-22T17:58:36,2025-05-23T17:12:26
A-09296,ORG-011,high,recon,ASSET-ORG-011-090,,2025-03-29T04:17:09,2025-03-29T16:24:54
A-09297,ORG-011,high,lateral_movement,ASSET-ORG-011-075,,2025-01-21T02:33:32,2025-01-21T20:37:34
A-09298,ORG-011,medium,malware,ASSET-ORG-011-019,,2025-05-13T15:21:13,2025-05-14T20:48:22
A-09299,ORG-011,medium,phishing,ASSET-ORG-011-115,,2025-05-27T20:25:35,2025-05-30T11:50:10
A-09300,ORG-011,critical,data_exfil,ASSET-ORG-011-287,,2025-04-08T15:07:05,2025-04-08T22:43:29
A-09301,ORG-011,critical,phishing,ASSET-ORG-011-288,CASE-02325,2025-03-27T21:35:10,2025-03-28T01:18:42
A-09302,ORG-011,critical,phishing,ASSET-ORG-011-052,,2025-04-06T18:49:47,2025-04-07T01:25:33
A-09303,ORG-011,critical,privilege_escalation,ASSET-ORG-011-208,CASE-02406,2025-05-09T22:09:45,2025-05-10T00:15:44
A-09304,ORG-011,low,brute_force,ASSET-ORG-011-256,,2025-06-22T12:37:05,2025-06-24T16:38:13
A-09305,ORG-011,medium,privilege_escalation,ASSET-ORG-011-077,,2025-02-08T20:52:41,2025-02-11T08:46:58
A-09306,ORG-011,low,lateral_movement,ASSET-ORG-011-287,CASE-02415,2025-02-07T16:55:12,2025-02-10T16:20:42
A-09307,ORG-011,medium,data_exfil,ASSET-ORG-011-269,,2025-05-22T01:03:46,2025-05-24T21:08:50
A-09308,ORG-011,medium,privilege_escalation,ASSET-ORG-011-179,,2025-06-04T04:54:14,2025-06-05T10:28:00
A-09309,ORG-011,medium,lateral_movement,ASSET-ORG-011-082,,2025-04-06T02:33:01,2025-04-08T11:25:59
A-09310,ORG-011,high,malware,ASSET-ORG-011-005,,2025-06-09T09:13:49,2025-06-09T22:13:43
A-09311,ORG-011,high,phishing,ASSET-ORG-011-117,,2025-06-12T09:08:29,2025-06-13T08:13:10
A-09312,ORG-011,medium,brute_force,ASSET-ORG-011-161,CASE-02427,2025-01-03T07:08:28,2025-01-05T03:08:28
A-09313,ORG-011,low,recon,ASSET-ORG-011-280,,2025-01-17T08:01:26,2025-01-19T22:22:51
A-09314,ORG-011,low,privilege_escalation,ASSET-ORG-011-055,,2025-04-10T02:53:22,2025-04-12T21:31:37
A-09315,ORG-011,critical,privilege_escalation,ASSET-ORG-011-184,,2025-05-02T19:39:44,2025-05-03T00:03:53
A-09316,ORG-011,high,privilege_escalation,ASSET-ORG-011-185,,2025-05-04T03:14:46,2025-05-04T22:48:35
A-09317,ORG-011,high,phishing,ASSET-ORG-011-074,,2025-06-19T22:21:11,2025-06-20T16:45:44
A-09318,ORG-011,medium,brute_force,ASSET-ORG-011-131,,2025-03-14T17:22:03,2025-03-17T07:36:50
A-09319,ORG-011,high,phishing,ASSET-ORG-011-229,CASE-02335,2025-05-19T12:53:13,2025-05-20T07:21:10
A-09320,ORG-011,medium,lateral_movement,ASSET-ORG-011-220,CASE-02377,2025-01-30T19:00:58,2025-02-01T12:42:11
A-09321,ORG-011,medium,data_exfil,ASSET-ORG-011-002,CASE-02331,2025-03-08T13:18:44,2025-03-09T13:24:26
A-09322,ORG-011,high,phishing,ASSET-ORG-011-169,CASE-02339,2025-02-05T02:45:40,2025-02-05T15:25:25
A-09323,ORG-011,high,lateral_movement,ASSET-ORG-011-074,,2025-01-17T10:52:43,2025-01-18T08:49:18
A-09324,ORG-011,critical,phishing,ASSET-ORG-011-202,,2025-05-05T10:20:11,2025-05-05T15:15:45
A-09325,ORG-011,high,malware,ASSET-ORG-011-157,,2025-04-12T17:12:55,2025-04-13T04:36:25
A-09326,ORG-011,medium,lateral_movement,ASSET-ORG-011-226,,2025-04-29T21:16:02,2025-04-30T23:49:02
A-09327,ORG-011,high,data_exfil,ASSET-ORG-011-128,CASE-02443,2025-05-23T08:42:42,2025-05-24T06:45:04
A-09328,ORG-011,low,malware,ASSET-ORG-011-040,,2025-04-27T23:35:38,2025-04-30T23:31:10
A-09329,ORG-011,medium,privilege_escalation,ASSET-ORG-011-067,CASE-02358,2025-01-08T04:14:49,2025-01-09T07:06:36
A-09330,ORG-011,medium,data_exfil,ASSET-ORG-011-047,,2025-04-08T05:57:50,2025-04-10T13:51:39
A-09331,ORG-011,medium,lateral_movement,ASSET-ORG-011-136,,2025-03-15T10:22:49,2025-03-16T23:56:21
A-09332,ORG-011,medium,lateral_movement,ASSET-ORG-011-288,,2025-01-16T21:43:28,2025-01-19T01:23:00
A-09333,ORG-011,high,privilege_escalation,ASSET-ORG-011-224,CASE-02287,2025-01-25T21:47:00,2025-01-26T19:07:05
A-09334,ORG-011,high,malware,ASSET-ORG-011-091,CASE-02241,2025-03-19T20:37:40,2025-03-20T14:04:05
A-09335,ORG-011,high,lateral_movement,ASSET-ORG-011-123,CASE-02370,2025-02-09T21:10:18,2025-02-10T20:21:48
A-09336,ORG-011,high,privilege_escalation,ASSET-ORG-011-105,,2025-01-15T22:48:06,2025-01-16T09:58:54
A-09337,ORG-011,low,lateral_movement,ASSET-ORG-011-065,,2025-03-10T01:34:51,2025-03-15T05:49:26
A-09338,ORG-011,medium,recon,ASSET-ORG-011-225,,2025-04-02T08:16:14,2025-04-03T15:20:08
A-09339,ORG-011,critical,malware,ASSET-ORG-011-119,,2025-03-02T17:06:35,2025-03-02T23:01:14
A-09340,ORG-011,high,recon,ASSET-ORG-011-121,,2025-06-14T14:34:16,2025-06-15T05:03:47
A-09341,ORG-011,high,phishing,ASSET-ORG-011-238,,2025-03-28T12:20:31,2025-03-28T20:36:09
A-09342,ORG-011,critical,brute_force,ASSET-ORG-011-262,,2025-05-29T23:56:57,2025-05-30T06:03:15
A-09343,ORG-011,high,phishing,ASSET-ORG-011-252,CASE-02317,2025-06-06T21:49:13,2025-06-07T05:59:41
A-09344,ORG-011,medium,phishing,ASSET-ORG-011-218,,2025-05-22T05:29:37,2025-05-23T20:15:25
A-09345,ORG-011,high,phishing,ASSET-ORG-011-124,,2025-05-08T04:52:01,2025-05-08T19:52:31
A-09346,ORG-011,high,lateral_movement,ASSET-ORG-011-001,,2025-03-20T04:58:52,2025-03-20T17:40:48
A-09347,ORG-011,medium,brute_force,ASSET-ORG-011-011,,2025-06-09T14:06:23,2025-06-11T22:55:42
A-09348,ORG-011,low,privilege_escalation,ASSET-ORG-011-260,,2025-04-26T22:37:39,2025-05-02T10:59:14
A-09349,ORG-011,critical,brute_force,ASSET-ORG-011-083,,2025-05-13T03:03:03,2025-05-13T05:25:27
A-09350,ORG-011,low,malware,ASSET-ORG-011-141,,2025-01-27T06:41:30,2025-02-01T16:11:18
A-09351,ORG-011,medium,recon,ASSET-ORG-011-285,,2025-04-04T03:24:21,2025-04-05T18:01:08
A-09352,ORG-011,critical,malware,ASSET-ORG-011-275,CASE-02370,2025-04-14T12:35:59,2025-04-14T14:54:20
A-09353,ORG-011,low,malware,ASSET-ORG-011-087,,2025-02-15T04:39:52,2025-02-19T18:44:32
A-09354,ORG-011,high,phishing,ASSET-ORG-011-078,,2025-04-16T21:49:39,2025-04-17T10:42:34
A-09355,ORG-011,medium,recon,ASSET-ORG-011-135,,2025-03-30T05:29:06,2025-03-31T13:40:56
A-09356,ORG-011,low,brute_force,ASSET-ORG-011-044,CASE-02317,2025-06-17T07:06:00,2025-06-20T15:07:43
A-09357,ORG-011,medium,privilege_escalation,ASSET-ORG-011-162,CASE-02446,2025-06-25T00:35:12,2025-06-27T08:20:15
A-09358,ORG-011,medium,privilege_escalation,ASSET-ORG-011-182,,2025-05-28T22:36:31,2025-05-31T04:39:37
A-09359,ORG-011,critical,privilege_escalation,ASSET-ORG-011-169,,2025-03-18T06:08:23,2025-03-18T14:08:18
A-09360,ORG-011,critical,brute_force,ASSET-ORG-011-181,,2025-06-26T14:13:08,2025-06-26T21:34:21
A-09361,ORG-011,high,data_exfil,ASSET-ORG-011-148,,2025-06-28T23:28:50,2025-06-29T12:20:37
A-09362,ORG-011,low,data_exfil,ASSET-ORG-011-240,,2025-06-03T03:28:15,2025-06-06T18:39:25
A-09363,ORG-011,high,data_exfil,ASSET-ORG-011-263,,2025-06-04T06:36:42,2025-06-04T15:50:32
A-09364,ORG-011,high,lateral_movement,ASSET-ORG-011-177,,2025-04-26T14:53:50,2025-04-27T12:33:14
A-09365,ORG-011,critical,malware,ASSET-ORG-011-223,,2025-01-17T02:59:19,2025-01-17T08:07:06
A-09366,ORG-011,medium,recon,ASSET-ORG-011-272,,2025-06-06T07:51:03,2025-06-07T13:35:29
A-09367,ORG-011,low,malware,ASSET-ORG-011-010,CASE-02339,2025-06-05T04:26:30,2025-06-10T08:31:45
A-09368,ORG-011,medium,phishing,ASSET-ORG-011-155,,2025-01-21T21:54:01,2025-01-24T10:05:41
A-09369,ORG-011,high,data_exfil,ASSET-ORG-011-085,,2025-04-29T10:01:23,2025-04-30T00:40:13
A-09370,ORG-011,low,phishing,ASSET-ORG-011-091,,2025-04-06T23:53:59,2025-04-09T01:29:53
A-09371,ORG-011,high,phishing,ASSET-ORG-011-120,,2025-01-08T21:33:26,2025-01-09T15:25:15
A-09372,ORG-011,high,phishing,ASSET-ORG-011-097,CASE-02239,2025-02-08T22:40:18,2025-02-09T17:29:46
A-09373,ORG-011,high,phishing,ASSET-ORG-011-042,,2025-03-01T09:47:14,2025-03-02T04:45:09
A-09374,ORG-011,medium,data_exfil,ASSET-ORG-011-002,,2025-02-05T05:07:44,2025-02-07T03:15:26
A-09375,ORG-011,high,phishing,ASSET-ORG-011-195,CASE-02419,2025-03-01T09:07:59,2025-03-01T17:57:46
A-09376,ORG-011,high,data_exfil,ASSET-ORG-011-021,,2025-05-29T22:03:16,2025-05-30T20:52:26
A-09377,ORG-011,low,phishing,ASSET-ORG-011-251,CASE-02248,2025-05-20T15:23:33,2025-05-25T09:52:41
A-09378,ORG-011,medium,lateral_movement,ASSET-ORG-011-103,CASE-02284,2025-05-13T00:33:55,2025-05-15T02:37:52
A-09379,ORG-011,critical,recon,ASSET-ORG-011-137,,2025-04-15T01:40:50,2025-04-15T06:39:41
A-09380,ORG-011,medium,data_exfil,ASSET-ORG-011-268,CASE-02228,2025-03-27T15:24:58,2025-03-29T07:35:12
A-09381,ORG-011,critical,brute_force,ASSET-ORG-011-194,,2025-05-29T23:30:51,2025-05-30T04:08:12
A-09382,ORG-011,high,malware,ASSET-ORG-011-258,,2025-05-11T14:08:06,2025-05-12T04:42:51
A-09383,ORG-011,critical,lateral_movement,ASSET-ORG-011-060,CASE-02360,2025-05-12T12:43:24,2025-05-12T19:33:43
A-09384,ORG-011,high,data_exfil,ASSET-ORG-011-002,,2025-05-17T03:29:20,2025-05-17T11:34:35
A-09385,ORG-011,high,data_exfil,ASSET-ORG-011-185,CASE-02410,2025-01-07T15:41:34,2025-01-08T04:37:37
A-09386,ORG-011,critical,phishing,ASSET-ORG-011-218,,2025-03-21T12:48:51,2025-03-21T19:47:30
A-09387,ORG-011,high,privilege_escalation,ASSET-ORG-011-064,,2025-05-22T19:55:16,2025-05-23T19:54:11
A-09388,ORG-011,low,phishing,ASSET-ORG-011-110,,2025-06-13T00:29:06,2025-06-18T17:41:02
A-09389,ORG-011,low,phishing,ASSET-ORG-011-081,,2025-02-15T14:47:34,2025-02-20T17:19:24
A-09390,ORG-011,critical,brute_force,ASSET-ORG-011-248,,2025-03-20T18:32:46,2025-03-20T21:49:42
A-09391,ORG-011,medium,recon,ASSET-ORG-011-253,,2025-05-10T20:14:19,2025-05-12T10:21:50
A-09392,ORG-011,medium,data_exfil,ASSET-ORG-011-003,CASE-02404,2025-06-11T16:41:05,2025-06-12T17:59:21
A-09393,ORG-011,high,malware,ASSET-ORG-011-110,,2025-02-05T13:36:54,2025-02-06T02:46:00
A-09394,ORG-011,low,data_exfil,ASSET-ORG-011-174,,2025-03-02T11:35:35,2025-03-07T17:23:14
A-09395,ORG-011,critical,malware,ASSET-ORG-011-277,,2025-04-18T22:43:41,2025-04-19T04:33:40
A-09396,ORG-011,medium,privilege_escalation,ASSET-ORG-011-174,,2025-01-28T19:09:38,2025-01-29T22:07:10
A-09397,ORG-011,medium,recon,ASSET-ORG-011-026,,2025-06-19T13:00:42,2025-06-22T11:56:00
A-09398,ORG-011,critical,lateral_movement,ASSET-ORG-011-215,CASE-02381,2025-05-22T23:38:08,2025-05-23T07:33:02
A-09399,ORG-011,medium,malware,ASSET-ORG-011-106,,2025-01-20T02:17:08,2025-01-22T20:01:32
A-09400,ORG-011,high,data_exfil,ASSET-ORG-011-160,,2025-01-23T07:24:54,2025-01-23T18:45:00
A-09401,ORG-011,critical,lateral_movement,ASSET-ORG-011-094,,2025-04-18T02:54:07,2025-04-18T09:21:38
A-09402,ORG-011,high,malware,ASSET-ORG-011-279,CASE-02250,2025-02-25T01:46:24,2025-02-25T23:14:19
A-09403,ORG-011,medium,recon,ASSET-ORG-011-175,,2025-03-25T03:52:09,2025-03-27T22:55:45
A-09404,ORG-011,high,malware,ASSET-ORG-011-274,,2025-04-27T14:19:05,2025-04-28T02:51:37
A-09405,ORG-011,high,phishing,ASSET-ORG-011-021,,2025-02-06T16:29:22,2025-02-07T06:39:35
A-09406,ORG-011,high,phishing,ASSET-ORG-011-113,,2025-02-18T11:24:45,2025-02-19T05:41:35
A-09407,ORG-011,high,lateral_movement,ASSET-ORG-011-171,CASE-02437,2025-02-08T16:27:08,2025-02-09T12:17:02
A-09408,ORG-011,low,privilege_escalation,ASSET-ORG-011-058,,2025-02-19T18:12:41,2025-02-25T15:45:18
A-09409,ORG-011,medium,lateral_movement,ASSET-ORG-011-114,CASE-02332,2025-01-08T12:15:58,2025-01-10T21:01:30
A-09410,ORG-011,medium,malware,ASSET-ORG-011-072,CASE-02319,2025-06-22T16:59:16,2025-06-24T12:50:43
A-09411,ORG-011,medium,privilege_escalation,ASSET-ORG-011-105,,2025-04-04T21:01:08,2025-04-06T10:29:20
A-09412,ORG-011,medium,lateral_movement,ASSET-ORG-011-048,,2025-06-11T14:52:12,2025-06-13T14:31:47
A-09413,ORG-011,critical,malware,ASSET-ORG-011-286,,2025-01-21T03:41:20,2025-01-21T09:39:20
A-09414,ORG-011,medium,data_exfil,ASSET-ORG-011-050,,2025-03-15T22:14:10,2025-03-18T08:03:50
A-09415,ORG-011,medium,lateral_movement,ASSET-ORG-011-108,,2025-04-29T21:00:57,2025-05-01T12:14:20
A-09416,ORG-011,low,phishing,ASSET-ORG-011-103,,2025-01-13T11:23:31,2025-01-17T20:15:30
A-09417,ORG-011,medium,brute_force,ASSET-ORG-011-202,,2025-03-23T00:50:54,2025-03-24T09:12:25
A-09418,ORG-011,medium,privilege_escalation,ASSET-ORG-011-215,CASE-02415,2025-01-30T00:30:18,2025-02-01T14:34:13
A-09419,ORG-011,medium,lateral_movement,ASSET-ORG-011-173,,2025-02-06T08:57:04,2025-02-08T12:37:23
A-09420,ORG-011,medium,phishing,ASSET-ORG-011-131,,2025-01-15T03:11:20,2025-01-17T06:59:33
A-09421,ORG-011,medium,privilege_escalation,ASSET-ORG-011-044,,2025-04-04T22:32:36,2025-04-06T18:09:22
A-09422,ORG-011,medium,data_exfil,ASSET-ORG-011-238,CASE-02264,2025-05-06T13:09:55,2025-05-08T03:57:10
A-09423,ORG-011,low,recon,ASSET-ORG-011-075,,2025-03-18T14:51:34,2025-03-22T19:28:00
A-09424,ORG-011,medium,lateral_movement,ASSET-ORG-011-104,,2025-02-03T15:59:37,2025-02-04T18:12:05
A-09425,ORG-011,medium,phishing,ASSET-ORG-011-197,CASE-02290,2025-01-18T07:03:08,2025-01-21T01:49:50
A-09426,ORG-011,low,lateral_movement,ASSET-ORG-011-246,,2025-06-05T09:05:25,2025-06-08T16:44:41
A-09427,ORG-011,medium,lateral_movement,ASSET-ORG-011-189,CASE-02246,2025-01-30T22:09:11,2025-02-02T13:50:19
A-09428,ORG-011,critical,privilege_escalation,ASSET-ORG-011-239,CASE-02426,2025-05-13T09:09:50,2025-05-13T15:02:11
A-09429,ORG-011,critical,data_exfil,ASSET-ORG-011-023,,2025-02-22T04:16:52,2025-02-22T09:43:50
A-09430,ORG-011,high,data_exfil,ASSET-ORG-011-056,,2025-05-15T08:21:24,2025-05-15T16:42:08
A-09431,ORG-011,medium,phishing,ASSET-ORG-011-181,,2025-03-06T15:07:10,2025-03-07T21:00:44
A-09432,ORG-011,medium,phishing,ASSET-ORG-011-099,CASE-02312,2025-05-21T09:49:12,2025-05-24T07:16:01
A-09433,ORG-011,high,phishing,ASSET-ORG-011-255,,2025-05-05T06:37:32,2025-05-05T16:43:06
A-09434,ORG-011,medium,malware,ASSET-ORG-011-032,,2025-03-24T04:44:20,2025-03-25T07:37:00
A-09435,ORG-011,medium,phishing,ASSET-ORG-011-263,CASE-02229,2025-03-23T00:02:43,2025-03-24T18:57:55
A-09436,ORG-011,medium,lateral_movement,ASSET-ORG-011-282,,2025-01-20T19:45:41,2025-01-23T08:10:17
A-09437,ORG-011,medium,recon,ASSET-ORG-011-138,CASE-02401,2025-02-20T17:24:34,2025-02-22T06:29:32
A-09438,ORG-011,medium,malware,ASSET-ORG-011-191,,2025-05-16T10:25:41,2025-05-18T13:55:23
A-09439,ORG-011,medium,lateral_movement,ASSET-ORG-011-256,,2025-04-17T04:03:28,2025-04-19T21:29:30
A-09440,ORG-011,medium,brute_force,ASSET-ORG-011-263,,2025-06-04T14:14:21,2025-06-05T21:07:02
A-09441,ORG-011,low,malware,ASSET-ORG-011-098,CASE-02359,2025-06-19T04:49:52,2025-06-23T09:43:20
A-09442,ORG-011,low,data_exfil,ASSET-ORG-011-134,,2025-06-23T02:10:41,2025-06-27T07:03:01
A-09443,ORG-011,medium,privilege_escalation,ASSET-ORG-011-204,,2025-01-06T07:16:37,2025-01-07T22:41:10
A-09444,ORG-011,high,lateral_movement,ASSET-ORG-011-056,,2025-01-03T17:25:52,2025-01-04T04:38:43
A-09445,ORG-011,medium,brute_force,ASSET-ORG-011-101,CASE-02341,2025-04-02T09:51:35,2025-04-04T21:45:50
A-09446,ORG-011,medium,phishing,ASSET-ORG-011-159,,2025-05-28T01:21:15,2025-05-30T21:49:15
A-09447,ORG-011,medium,brute_force,ASSET-ORG-011-175,CASE-02446,2025-03-01T12:42:15,2025-03-03T14:22:10
A-09448,ORG-011,low,privilege_escalation,ASSET-ORG-011-192,,2025-02-23T18:54:17,2025-02-27T07:02:48
A-09449,ORG-011,critical,data_exfil,ASSET-ORG-011-281,,2025-02-12T06:15:08,2025-02-12T09:40:01
A-09450,ORG-011,low,privilege_escalation,ASSET-ORG-011-029,,2025-02-16T07:00:01,2025-02-19T18:38:33
A-09451,ORG-011,high,privilege_escalation,ASSET-ORG-011-103,,2025-02-05T11:43:06,2025-02-06T04:36:39
A-09452,ORG-011,medium,malware,ASSET-ORG-011-153,,2025-04-28T18:12:35,2025-04-29T23:13:33
A-09453,ORG-011,medium,lateral_movement,ASSET-ORG-011-081,,2025-02-09T06:56:03,2025-02-10T08:41:00
A-09454,ORG-011,medium,data_exfil,ASSET-ORG-011-246,,2025-01-29T02:46:13,2025-01-31T05:59:44
A-09455,ORG-011,critical,phishing,ASSET-ORG-011-073,CASE-02352,2025-04-20T20:13:35,2025-04-21T01:21:41
A-09456,ORG-011,medium,data_exfil,ASSET-ORG-011-232,CASE-02342,2025-06-13T19:13:07,2025-06-15T03:35:12
A-09457,ORG-011,medium,recon,ASSET-ORG-011-167,,2025-04-11T23:37:50,2025-04-13T04:08:13
A-09458,ORG-011,low,data_exfil,ASSET-ORG-011-137,,2025-06-15T14:21:54,2025-06-19T19:58:17
A-09459,ORG-011,critical,phishing,ASSET-ORG-011-281,,2025-01-31T06:03:46,2025-01-31T13:42:05
A-09460,ORG-011,low,lateral_movement,ASSET-ORG-011-192,,2025-02-28T11:49:55,2025-03-03T03:33:42
A-09461,ORG-011,high,recon,ASSET-ORG-011-044,,2025-04-06T13:41:50,2025-04-06T23:32:15
A-09462,ORG-011,critical,brute_force,ASSET-ORG-011-180,,2025-04-09T08:19:56,2025-04-09T15:12:53
A-09463,ORG-011,low,phishing,ASSET-ORG-011-091,,2025-04-06T06:30:32,2025-04-09T05:12:04
A-09464,ORG-011,medium,data_exfil,ASSET-ORG-011-230,,2025-02-01T07:39:08,2025-02-03T07:28:47
A-09465,ORG-011,medium,phishing,ASSET-ORG-011-274,,2025-01-12T16:31:48,2025-01-14T07:57:53
A-09466,ORG-011,low,lateral_movement,ASSET-ORG-011-236,,2025-02-20T07:58:15,2025-02-22T11:43:14
A-09467,ORG-011,medium,brute_force,ASSET-ORG-011-218,CASE-02339,2025-02-24T16:39:40,2025-02-26T09:59:57
A-09468,ORG-011,critical,phishing,ASSET-ORG-011-129,,2025-06-02T05:53:39,2025-06-02T13:44:57
A-09469,ORG-011,medium,phishing,ASSET-ORG-011-232,,2025-02-20T03:41:59,2025-02-23T00:48:53
A-09470,ORG-011,medium,lateral_movement,ASSET-ORG-011-016,,2025-02-20T14:27:58,2025-02-23T12:14:18
A-09471,ORG-011,low,malware,ASSET-ORG-011-208,,2025-05-11T12:01:49,2025-05-16T10:03:44
A-09472,ORG-011,high,privilege_escalation,ASSET-ORG-011-095,,2025-01-03T17:57:50,2025-01-04T05:46:05
A-09473,ORG-011,high,phishing,ASSET-ORG-011-258,,2025-05-16T21:14:24,2025-05-17T10:57:52
A-09474,ORG-011,medium,recon,ASSET-ORG-011-037,,2025-05-09T01:31:11,2025-05-10T17:33:47
A-09475,ORG-011,high,lateral_movement,ASSET-ORG-011-246,,2025-06-10T18:37:26,2025-06-11T03:56:04
A-09476,ORG-011,high,privilege_escalation,ASSET-ORG-011-194,,2025-04-11T00:08:09,2025-04-11T12:21:53
A-09477,ORG-011,critical,privilege_escalation,ASSET-ORG-011-030,,2025-01-14T21:10:29,2025-01-15T01:51:52
A-09478,ORG-011,medium,lateral_movement,ASSET-ORG-011-169,CASE-02362,2025-03-21T03:06:13,2025-03-23T05:05:36
A-09479,ORG-011,critical,brute_force,ASSET-ORG-011-079,,2025-03-12T01:33:26,2025-03-12T06:32:10
A-09480,ORG-011,high,privilege_escalation,ASSET-ORG-011-009,,2025-01-16T18:42:44,2025-01-17T17:22:49
A-09481,ORG-011,medium,phishing,ASSET-ORG-011-010,,2025-04-25T05:50:59,2025-04-26T23:49:04
A-09482,ORG-011,critical,phishing,ASSET-ORG-011-255,CASE-02396,2025-04-09T21:44:20,2025-04-10T03:22:15
A-09483,ORG-011,medium,recon,ASSET-ORG-011-042,CASE-02402,2025-01-02T12:45:13,2025-01-04T00:12:22
A-09484,ORG-011,low,privilege_escalation,ASSET-ORG-011-220,,2025-01-21T02:38:38,2025-01-25T10:24:08
A-09485,ORG-011,critical,recon,ASSET-ORG-011-174,,2025-02-18T01:02:14,2025-02-18T08:41:46
A-09486,ORG-011,critical,recon,ASSET-ORG-011-246,,2025-05-13T21:27:47,2025-05-14T05:01:09
A-09487,ORG-011,medium,data_exfil,ASSET-ORG-011-102,,2025-05-18T11:31:46,2025-05-21T02:06:48
A-09488,ORG-011,medium,lateral_movement,ASSET-ORG-011-029,CASE-02405,2025-04-21T04:24:33,2025-04-24T00:39:02
A-09489,ORG-011,low,data_exfil,ASSET-ORG-011-084,,2025-02-01T22:04:44,2025-02-07T12:12:53
A-09490,ORG-011,medium,phishing,ASSET-ORG-011-206,CASE-02396,2025-02-15T10:24:47,2025-02-17T11:54:41
A-09491,ORG-011,medium,phishing,ASSET-ORG-011-030,,2025-05-05T21:18:05,2025-05-08T05:24:27
A-09492,ORG-011,low,brute_force,ASSET-ORG-011-123,,2025-05-23T09:36:59,2025-05-26T19:04:39
A-09493,ORG-011,low,malware,ASSET-ORG-011-275,,2025-06-06T11:52:05,2025-06-10T07:27:02
A-09494,ORG-011,high,brute_force,ASSET-ORG-011-157,,2025-02-10T05:58:02,2025-02-10T20:20:50
A-09495,ORG-011,high,phishing,ASSET-ORG-011-012,,2025-03-22T12:00:45,2025-03-23T02:25:53
A-09496,ORG-011,low,recon,ASSET-ORG-011-176,,2025-06-30T07:35:42,
A-09497,ORG-011,medium,brute_force,ASSET-ORG-011-205,,2025-03-23T04:32:22,2025-03-25T10:39:39
A-09498,ORG-011,low,recon,ASSET-ORG-011-018,,2025-05-06T02:07:06,2025-05-09T06:02:29
A-09499,ORG-011,low,brute_force,ASSET-ORG-011-286,CASE-02305,2025-02-08T13:52:40,2025-02-13T17:51:04
A-09500,ORG-011,high,privilege_escalation,ASSET-ORG-011-270,,2025-02-12T01:13:46,2025-02-12T09:14:37
A-09501,ORG-011,medium,malware,ASSET-ORG-011-112,,2025-04-05T19:28:00,2025-04-07T15:45:00
A-09502,ORG-011,medium,phishing,ASSET-ORG-011-278,,2025-01-26T18:53:24,2025-01-29T08:10:58
A-09503,ORG-011,medium,brute_force,ASSET-ORG-011-122,,2025-06-17T05:16:18,2025-06-19T20:28:32
A-09504,ORG-011,low,lateral_movement,ASSET-ORG-011-048,CASE-02247,2025-04-22T19:53:26,2025-04-25T05:53:06
A-09505,ORG-011,medium,brute_force,ASSET-ORG-011-096,,2025-05-15T19:39:19,2025-05-18T06:44:11
A-09506,ORG-011,medium,malware,ASSET-ORG-011-174,,2025-06-30T01:39:31,
A-09507,ORG-011,high,lateral_movement,ASSET-ORG-011-082,,2025-03-23T16:54:40,2025-03-24T13:47:44
A-09508,ORG-011,medium,lateral_movement,ASSET-ORG-011-084,CASE-02371,2025-05-14T16:23:14,2025-05-16T09:04:06
A-09509,ORG-011,medium,data_exfil,ASSET-ORG-011-053,,2025-03-27T20:43:04,2025-03-29T03:09:42
A-09510,ORG-011,critical,data_exfil,ASSET-ORG-011-289,,2025-04-02T12:28:13,2025-04-02T16:57:44
A-09511,ORG-011,low,malware,ASSET-ORG-011-193,,2025-03-28T10:06:47,2025-04-01T09:35:50
A-09512,ORG-011,high,lateral_movement,ASSET-ORG-011-069,,2025-01-23T01:09:26,2025-01-23T10:25:47
A-09513,ORG-011,medium,lateral_movement,ASSET-ORG-011-255,CASE-02267,2025-02-24T01:29:16,2025-02-26T16:21:40
A-09514,ORG-011,high,lateral_movement,ASSET-ORG-011-030,,2025-05-22T14:12:45,2025-05-23T03:29:13
A-09515,ORG-011,low,lateral_movement,ASSET-ORG-011-178,,2025-05-23T20:32:27,2025-05-28T17:15:36
A-09516,ORG-011,medium,data_exfil,ASSET-ORG-011-009,,2025-04-18T01:02:37,2025-04-19T08:32:37
A-09517,ORG-011,medium,phishing,ASSET-ORG-011-258,CASE-02341,2025-03-12T10:48:29,2025-03-13T23:01:38
A-09518,ORG-011,high,brute_force,ASSET-ORG-011-278,CASE-02315,2025-06-01T05:38:49,2025-06-02T04:58:53
A-09519,ORG-011,critical,recon,ASSET-ORG-011-038,CASE-02228,2025-02-13T13:54:42,2025-02-13T18:39:37
A-09520,ORG-011,high,brute_force,ASSET-ORG-011-076,,2025-06-01T09:28:25,2025-06-02T01:16:39
A-09521,ORG-011,high,lateral_movement,ASSET-ORG-011-025,CASE-02289,2025-02-22T23:06:01,2025-02-23T11:18:40
A-09522,ORG-011,critical,privilege_escalation,ASSET-ORG-011-048,,2025-02-04T14:05:32,2025-02-04T21:05:07
A-09523,ORG-011,high,recon,ASSET-ORG-011-265,,2025-03-07T07:02:12,2025-03-08T06:15:05
A-09524,ORG-011,medium,lateral_movement,ASSET-ORG-011-094,,2025-03-11T06:28:55,2025-03-13T04:39:17
A-09525,ORG-011,high,privilege_escalation,ASSET-ORG-011-225,,2025-06-16T12:47:19,2025-06-17T09:52:13
A-09526,ORG-011,medium,brute_force,ASSET-ORG-011-194,,2025-05-27T13:31:31,2025-05-30T00:34:21
A-09527,ORG-011,critical,malware,ASSET-ORG-011-190,,2025-04-22T14:15:59,2025-04-22T18:54:40
A-09528,ORG-011,critical,data_exfil,ASSET-ORG-011-058,,2025-06-10T21:43:44,2025-06-11T04:12:12
A-09529,ORG-011,medium,brute_force,ASSET-ORG-011-072,,2025-04-05T15:19:28,2025-04-07T23:41:50
A-09530,ORG-011,low,recon,ASSET-ORG-011-182,,2025-02-23T23:30:55,2025-02-26T07:46:33
A-09531,ORG-011,low,phishing,ASSET-ORG-011-138,,2025-04-09T22:08:42,2025-04-15T15:15:36
A-09532,ORG-011,high,phishing,ASSET-ORG-011-055,,2025-04-20T00:52:21,2025-04-20T10:12:21
A-09533,ORG-011,low,brute_force,ASSET-ORG-011-015,,2025-05-07T14:36:38,2025-05-12T11:55:55
A-09534,ORG-011,low,brute_force,ASSET-ORG-011-161,,2025-04-14T21:18:06,2025-04-20T15:59:12
A-09535,ORG-011,medium,malware,ASSET-ORG-011-208,,2025-06-04T15:03:01,2025-06-06T11:08:02
A-09536,ORG-011,critical,phishing,ASSET-ORG-011-064,CASE-02408,2025-06-26T12:56:53,2025-06-26T17:50:35
A-09537,ORG-011,medium,malware,ASSET-ORG-011-133,CASE-02423,2025-05-15T00:58:44,2025-05-17T20:54:42
A-09538,ORG-011,medium,recon,ASSET-ORG-011-238,,2025-03-11T11:07:19,2025-03-13T04:12:34
A-09539,ORG-011,high,phishing,ASSET-ORG-011-084,,2025-02-01T22:09:17,2025-02-02T20:14:00
A-09540,ORG-011,high,privilege_escalation,ASSET-ORG-011-154,CASE-02283,2025-04-01T06:40:40,2025-04-01T15:27:35
A-09541,ORG-011,medium,data_exfil,ASSET-ORG-011-222,CASE-02274,2025-05-30T22:25:48,2025-06-01T18:38:15
A-09542,ORG-011,low,privilege_escalation,ASSET-ORG-011-135,,2025-03-05T05:21:54,2025-03-07T13:17:28
A-09543,ORG-011,high,recon,ASSET-ORG-011-042,CASE-02385,2025-04-04T07:48:33,2025-04-04T23:27:36
A-09544,ORG-011,medium,phishing,ASSET-ORG-011-024,,2025-03-16T13:57:43,2025-03-19T11:42:46
A-09545,ORG-011,critical,data_exfil,ASSET-ORG-011-237,,2025-03-08T18:14:49,2025-03-09T01:07:58
A-09546,ORG-011,low,malware,ASSET-ORG-011-118,CASE-02428,2025-03-24T17:01:26,2025-03-30T09:02:43
A-09547,ORG-011,high,privilege_escalation,ASSET-ORG-011-098,,2025-04-07T02:18:44,2025-04-07T23:51:12
A-09548,ORG-011,high,data_exfil,ASSET-ORG-011-196,,2025-04-16T01:35:44,2025-04-16T16:19:16
A-09549,ORG-011,low,privilege_escalation,ASSET-ORG-011-203,,2025-03-10T22:46:08,2025-03-16T00:07:58
A-09550,ORG-011,critical,privilege_escalation,ASSET-ORG-011-171,,2025-01-31T21:23:20,2025-02-01T02:53:42
A-09551,ORG-011,high,recon,ASSET-ORG-011-244,,2025-02-20T12:12:12,2025-02-21T11:42:51
A-09552,ORG-011,medium,brute_force,ASSET-ORG-011-116,,2025-02-27T05:24:49,2025-03-01T06:06:29
A-09553,ORG-011,high,lateral_movement,ASSET-ORG-011-091,,2025-04-21T12:09:17,2025-04-22T03:38:01
A-09554,ORG-011,medium,brute_force,ASSET-ORG-011-133,,2025-02-07T14:07:48,2025-02-09T22:18:28
A-09555,ORG-011,critical,data_exfil,ASSET-ORG-011-075,,2025-06-08T08:52:10,2025-06-08T15:30:02
A-09556,ORG-011,low,privilege_escalation,ASSET-ORG-011-259,,2025-01-21T13:38:48,2025-01-24T21:25:56
A-09557,ORG-011,medium,privilege_escalation,ASSET-ORG-011-113,,2025-01-28T14:30:36,2025-01-30T11:42:34
A-09558,ORG-011,critical,recon,ASSET-ORG-011-234,CASE-02305,2025-03-25T05:21:29,2025-03-25T09:56:10
A-09559,ORG-011,high,malware,ASSET-ORG-011-224,,2025-06-04T03:57:39,2025-06-04T22:57:16
A-09560,ORG-011,critical,malware,ASSET-ORG-011-272,CASE-02256,2025-02-26T17:57:08,2025-02-26T22:29:18
A-09561,ORG-011,high,brute_force,ASSET-ORG-011-019,CASE-02285,2025-04-10T08:20:13,2025-04-10T18:20:34
A-09562,ORG-011,critical,malware,ASSET-ORG-011-054,,2025-03-18T12:05:20,2025-03-18T18:07:06
A-09563,ORG-011,low,lateral_movement,ASSET-ORG-011-177,,2025-05-22T09:11:00,2025-05-26T22:42:42
A-09564,ORG-011,critical,phishing,ASSET-ORG-011-223,,2025-04-21T08:22:58,2025-04-21T11:48:39
A-09565,ORG-011,low,lateral_movement,ASSET-ORG-011-160,,2025-03-29T02:16:33,2025-04-01T00:15:41
A-09566,ORG-011,medium,malware,ASSET-ORG-011-190,CASE-02359,2025-02-18T03:04:18,2025-02-20T06:03:50
A-09567,ORG-011,medium,phishing,ASSET-ORG-011-288,,2025-01-06T13:49:17,2025-01-09T08:31:20
A-09568,ORG-011,medium,lateral_movement,ASSET-ORG-011-252,,2025-02-01T13:19:01,2025-02-03T15:56:15
A-09569,ORG-011,low,lateral_movement,ASSET-ORG-011-065,,2025-06-04T11:03:59,2025-06-08T20:23:23
A-09570,ORG-011,critical,malware,ASSET-ORG-011-035,,2025-03-06T05:07:47,2025-03-06T07:37:06
A-09571,ORG-011,high,recon,ASSET-ORG-011-288,,2025-06-23T05:30:47,2025-06-23T16:23:29
A-09572,ORG-011,medium,brute_force,ASSET-ORG-011-091,,2025-06-27T19:16:08,2025-06-29T06:38:08
A-09573,ORG-011,low,brute_force,ASSET-ORG-011-006,,2025-03-06T07:17:10,2025-03-12T06:34:15
A-09574,ORG-011,critical,privilege_escalation,ASSET-ORG-011-290,,2025-02-16T01:32:25,2025-02-16T06:03:46
A-09575,ORG-011,low,privilege_escalation,ASSET-ORG-011-075,,2025-03-28T12:14:22,2025-03-31T10:16:19
A-09576,ORG-011,high,lateral_movement,ASSET-ORG-011-149,,2025-01-11T20:11:46,2025-01-12T19:41:33
A-09577,ORG-011,high,recon,ASSET-ORG-011-269,,2025-04-10T07:26:20,2025-04-11T04:43:39
A-09578,ORG-011,low,brute_force,ASSET-ORG-011-251,CASE-02243,2025-01-06T00:07:20,2025-01-11T05:24:24
A-09579,ORG-011,high,data_exfil,ASSET-ORG-011-223,,2025-01-14T05:20:23,2025-01-14T13:39:12
A-09580,ORG-011,high,privilege_escalation,ASSET-ORG-011-100,,2025-06-27T15:08:15,2025-06-28T04:28:47
A-09581,ORG-011,critical,privilege_escalation,ASSET-ORG-011-170,,2025-02-08T15:48:20,2025-02-08T21:18:37
A-09582,ORG-011,critical,data_exfil,ASSET-ORG-011-152,CASE-02442,2025-04-11T10:46:45,2025-04-11T14:38:31
A-09583,ORG-011,critical,recon,ASSET-ORG-011-130,,2025-06-01T00:49:23,2025-06-01T06:00:15
A-09584,ORG-011,medium,brute_force,ASSET-ORG-011-252,,2025-03-06T16:32:20,2025-03-08T02:54:51
A-09585,ORG-011,high,brute_force,ASSET-ORG-011-219,,2025-01-13T13:48:50,2025-01-14T07:22:06
A-09586,ORG-011,critical,malware,ASSET-ORG-011-070,CASE-02285,2025-02-04T08:03:04,2025-02-04T11:37:19
A-09587,ORG-011,medium,data_exfil,ASSET-ORG-011-051,CASE-02430,2025-05-14T12:53:59,2025-05-17T00:56:47
A-09588,ORG-011,medium,phishing,ASSET-ORG-011-220,,2025-04-19T19:27:32,2025-04-22T03:43:10
A-09589,ORG-011,high,data_exfil,ASSET-ORG-011-207,,2025-04-02T07:14:27,2025-04-02T21:50:44
A-09590,ORG-011,low,data_exfil,ASSET-ORG-011-149,,2025-03-07T20:07:05,2025-03-09T20:33:17
A-09591,ORG-011,medium,brute_force,ASSET-ORG-011-235,,2025-01-23T16:48:40,2025-01-24T23:44:07
A-09592,ORG-011,critical,lateral_movement,ASSET-ORG-011-029,,2025-06-21T00:07:27,2025-06-21T08:01:17
A-09593,ORG-011,low,brute_force,ASSET-ORG-011-078,,2025-02-09T20:53:32,2025-02-14T10:51:03
A-09594,ORG-011,medium,recon,ASSET-ORG-011-129,,2025-01-24T01:03:16,2025-01-25T22:49:39
A-09595,ORG-011,medium,phishing,ASSET-ORG-011-011,,2025-03-18T13:26:01,2025-03-20T18:47:03
A-09596,ORG-011,high,recon,ASSET-ORG-011-033,CASE-02243,2025-04-03T06:00:40,2025-04-03T14:23:10
A-09597,ORG-011,high,lateral_movement,ASSET-ORG-011-195,,2025-04-06T07:10:27,2025-04-06T16:46:06
A-09598,ORG-011,high,data_exfil,ASSET-ORG-011-086,,2025-06-04T12:22:31,2025-06-05T07:43:50
A-09599,ORG-011,medium,lateral_movement,ASSET-ORG-011-149,CASE-02381,2025-04-26T18:53:05,2025-04-28T06:44:59
A-09600,ORG-011,high,privilege_escalation,ASSET-ORG-011-063,,2025-04-12T03:58:23,2025-04-12T12:31:38
A-09601,ORG-011,low,recon,ASSET-ORG-011-158,,2025-05-25T23:40:31,2025-05-30T11:58:06
A-09602,ORG-011,medium,data_exfil,ASSET-ORG-011-014,,2025-04-30T04:19:33,2025-05-01T22:52:56
A-09603,ORG-011,low,lateral_movement,ASSET-ORG-011-212,,2025-02-12T13:24:33,2025-02-17T23:58:16
A-09604,ORG-011,high,brute_force,ASSET-ORG-011-094,,2025-01-15T12:59:32,2025-01-16T02:40:16
A-09605,ORG-011,low,malware,ASSET-ORG-011-256,,2025-02-01T03:30:17,2025-02-06T05:48:35
A-09606,ORG-011,high,privilege_escalation,ASSET-ORG-011-258,CASE-02285,2025-06-14T09:50:03,2025-06-14T18:48:26
A-09607,ORG-011,high,lateral_movement,ASSET-ORG-011-256,,2025-01-20T11:42:24,2025-01-21T06:30:24
A-09608,ORG-011,critical,phishing,ASSET-ORG-011-051,,2025-06-09T08:32:08,2025-06-09T12:27:33
A-09609,ORG-011,medium,data_exfil,ASSET-ORG-011-147,,2025-04-08T06:04:51,2025-04-11T00:11:50
A-09610,ORG-011,medium,lateral_movement,ASSET-ORG-011-170,,2025-02-13T08:20:56,2025-02-14T14:54:01
A-09611,ORG-011,medium,recon,ASSET-ORG-011-185,,2025-04-13T00:20:12,2025-04-15T04:38:54
A-09612,ORG-011,high,malware,ASSET-ORG-011-050,CASE-02279,2025-02-25T17:55:27,2025-02-26T03:07:16
A-09613,ORG-011,low,brute_force,ASSET-ORG-011-017,,2025-05-03T20:02:31,2025-05-08T21:33:48
A-09614,ORG-011,medium,recon,ASSET-ORG-011-179,,2025-02-13T02:08:19,2025-02-15T23:55:01
A-09615,ORG-011,medium,phishing,ASSET-ORG-011-101,,2025-01-02T19:55:08,2025-01-05T14:47:44
A-09616,ORG-011,high,recon,ASSET-ORG-011-091,,2025-04-30T15:00:40,2025-05-01T13:45:49
A-09617,ORG-011,high,data_exfil,ASSET-ORG-011-116,,2025-05-12T07:38:01,2025-05-12T16:14:32
A-09618,ORG-011,high,privilege_escalation,ASSET-ORG-011-250,,2025-01-13T09:48:16,2025-01-13T22:36:13
A-09619,ORG-011,high,phishing,ASSET-ORG-011-130,CASE-02263,2025-04-11T01:15:01,2025-04-11T22:02:38
A-09620,ORG-011,medium,lateral_movement,ASSET-ORG-011-126,,2025-05-14T03:41:49,2025-05-15T21:35:39
A-09621,ORG-011,low,phishing,ASSET-ORG-011-206,,2025-06-26T07:30:49,2025-06-30T12:59:38
A-09622,ORG-011,high,phishing,ASSET-ORG-011-057,,2025-06-06T06:18:52,2025-06-06T21:52:10
A-09623,ORG-011,critical,privilege_escalation,ASSET-ORG-011-114,,2025-05-05T01:04:08,2025-05-05T04:56:46
A-09624,ORG-011,medium,brute_force,ASSET-ORG-011-247,CASE-02230,2025-06-13T10:59:21,2025-06-15T02:36:07
A-09625,ORG-011,low,recon,ASSET-ORG-011-173,,2025-01-13T08:53:31,2025-01-17T07:34:34
A-09626,ORG-011,low,malware,ASSET-ORG-011-233,,2025-06-30T11:42:46,
A-09627,ORG-011,low,brute_force,ASSET-ORG-011-240,,2025-03-20T18:55:00,2025-03-23T00:04:21
A-09628,ORG-011,low,lateral_movement,ASSET-ORG-011-253,CASE-02370,2025-04-18T23:08:51,2025-04-22T00:49:39
A-09629,ORG-011,high,recon,ASSET-ORG-011-127,,2025-03-09T17:12:41,2025-03-10T02:16:51
A-09630,ORG-011,high,data_exfil,ASSET-ORG-011-211,CASE-02428,2025-05-05T04:13:56,2025-05-05T20:02:39
A-09631,ORG-011,critical,brute_force,ASSET-ORG-011-160,CASE-02274,2025-06-04T08:14:39,2025-06-04T12:06:11
A-09632,ORG-011,high,data_exfil,ASSET-ORG-011-053,,2025-06-09T10:13:01,2025-06-09T20:52:46
A-09633,ORG-011,high,brute_force,ASSET-ORG-011-091,,2025-04-28T09:13:22,2025-04-28T19:47:50
A-09634,ORG-011,critical,malware,ASSET-ORG-011-230,,2025-01-08T22:26:14,2025-01-09T00:42:44
A-09635,ORG-011,high,malware,ASSET-ORG-011-005,CASE-02419,2025-01-22T19:49:45,2025-01-23T17:07:05
A-09636,ORG-011,medium,recon,ASSET-ORG-011-208,,2025-05-13T01:42:07,2025-05-14T21:28:29
A-09637,ORG-011,high,data_exfil,ASSET-ORG-011-204,,2025-06-12T06:26:10,2025-06-13T00:39:30
A-09638,ORG-011,low,lateral_movement,ASSET-ORG-011-187,CASE-02421,2025-04-20T15:04:08,2025-04-25T16:08:40
A-09639,ORG-011,medium,phishing,ASSET-ORG-011-171,,2025-06-08T20:57:51,2025-06-11T14:34:48
A-09640,ORG-011,critical,lateral_movement,ASSET-ORG-011-045,,2025-06-05T02:20:29,2025-06-05T06:40:35
A-09641,ORG-011,medium,lateral_movement,ASSET-ORG-011-074,,2025-03-31T22:56:24,2025-04-03T16:38:17
A-09642,ORG-011,low,data_exfil,ASSET-ORG-011-094,,2025-04-01T02:10:42,2025-04-06T11:05:39
A-09643,ORG-011,low,recon,ASSET-ORG-011-036,,2025-02-26T03:22:45,2025-03-03T03:28:31
A-09644,ORG-011,high,data_exfil,ASSET-ORG-011-132,,2025-02-25T03:46:00,2025-02-25T14:40:37
A-09645,ORG-011,high,malware,ASSET-ORG-011-214,CASE-02230,2025-02-12T12:08:48,2025-02-12T21:35:26
A-09646,ORG-011,medium,data_exfil,ASSET-ORG-011-235,,2025-04-02T13:54:30,2025-04-03T18:27:56
A-09647,ORG-011,critical,recon,ASSET-ORG-011-198,,2025-06-22T01:35:10,2025-06-22T09:33:10
A-09648,ORG-011,critical,lateral_movement,ASSET-ORG-011-204,,2025-03-06T16:16:08,2025-03-06T18:59:53
A-09649,ORG-011,medium,data_exfil,ASSET-ORG-011-287,,2025-03-24T00:33:29,2025-03-26T06:43:51
A-09650,ORG-011,critical,recon,ASSET-ORG-011-149,,2025-01-08T07:32:48,2025-01-08T13:18:52
A-09651,ORG-011,medium,brute_force,ASSET-ORG-011-078,,2025-03-14T03:24:51,2025-03-15T11:11:57
A-09652,ORG-011,high,brute_force,ASSET-ORG-011-125,,2025-03-30T18:31:25,2025-03-31T07:40:27
A-09653,ORG-011,critical,recon,ASSET-ORG-011-151,,2025-04-05T20:45:51,2025-04-06T04:45:43
A-09654,ORG-011,high,recon,ASSET-ORG-011-034,,2025-03-13T11:35:48,2025-03-13T20:48:04
A-09655,ORG-011,medium,lateral_movement,ASSET-ORG-011-108,,2025-01-04T21:01:59,2025-01-05T22:40:52
A-09656,ORG-011,high,malware,ASSET-ORG-011-017,,2025-03-07T15:53:02,2025-03-08T09:12:39
A-09657,ORG-011,medium,brute_force,ASSET-ORG-011-108,,2025-04-12T16:22:53,2025-04-14T05:07:42
A-09658,ORG-011,high,brute_force,ASSET-ORG-011-248,,2025-01-22T21:10:24,2025-01-23T13:59:52
A-09659,ORG-011,medium,malware,ASSET-ORG-011-017,,2025-04-23T08:44:09,2025-04-24T10:38:26
A-09660,ORG-011,low,privilege_escalation,ASSET-ORG-011-230,CASE-02324,2025-04-16T06:26:49,2025-04-20T23:21:43
A-09661,ORG-011,low,phishing,ASSET-ORG-011-114,,2025-03-18T14:11:40,2025-03-23T06:40:52
A-09662,ORG-011,high,lateral_movement,ASSET-ORG-011-215,CASE-02400,2025-01-23T11:21:26,2025-01-24T02:46:20
A-09663,ORG-011,medium,malware,ASSET-ORG-011-266,,2025-03-31T04:57:08,2025-04-01T13:40:54
A-09664,ORG-011,low,data_exfil,ASSET-ORG-011-173,,2025-04-17T09:53:12,2025-04-22T09:13:50
A-09665,ORG-011,critical,data_exfil,ASSET-ORG-011-126,,2025-02-27T22:59:02,2025-02-28T04:51:10
A-09666,ORG-011,high,phishing,ASSET-ORG-011-040,CASE-02325,2025-02-11T12:36:33,2025-02-12T05:33:22
A-09667,ORG-011,low,brute_force,ASSET-ORG-011-216,,2025-02-15T03:08:37,2025-02-19T10:33:51
A-09668,ORG-011,medium,phishing,ASSET-ORG-011-125,,2025-03-23T02:49:32,2025-03-25T11:51:20
A-09669,ORG-011,high,phishing,ASSET-ORG-011-110,CASE-02284,2025-01-16T20:00:48,2025-01-17T14:57:42
A-09670,ORG-011,high,privilege_escalation,ASSET-ORG-011-264,CASE-02397,2025-04-21T04:28:30,2025-04-21T18:01:10
A-09671,ORG-011,high,phishing,ASSET-ORG-011-210,,2025-06-23T01:18:31,2025-06-23T09:32:11
A-09672,ORG-011,medium,malware,ASSET-ORG-011-265,,2025-03-26T22:15:20,2025-03-29T07:02:47
A-09673,ORG-011,medium,recon,ASSET-ORG-011-176,CASE-02296,2025-06-04T16:21:05,2025-06-07T13:45:50
A-09674,ORG-011,medium,recon,ASSET-ORG-011-113,,2025-06-21T02:31:09,2025-06-22T14:32:09
A-09675,ORG-011,low,brute_force,ASSET-ORG-011-198,,2025-01-23T20:20:39,2025-01-26T05:39:23
A-09676,ORG-011,low,brute_force,ASSET-ORG-011-235,,2025-02-02T17:01:11,2025-02-07T02:44:40
A-09677,ORG-011,low,privilege_escalation,ASSET-ORG-011-289,,2025-03-22T02:05:57,2025-03-24T02:29:54
A-09678,ORG-011,high,phishing,ASSET-ORG-011-228,,2025-05-29T09:36:05,2025-05-30T04:57:48
A-09679,ORG-011,critical,privilege_escalation,ASSET-ORG-011-145,,2025-03-13T17:03:05,2025-03-13T19:05:18
A-09680,ORG-011,low,recon,ASSET-ORG-011-050,,2025-03-18T03:07:06,2025-03-21T20:09:43
A-09681,ORG-011,critical,lateral_movement,ASSET-ORG-011-215,CASE-02435,2025-06-13T16:08:20,2025-06-13T19:09:15
A-09682,ORG-011,medium,malware,ASSET-ORG-011-120,,2025-05-03T07:59:48,2025-05-06T07:51:57
A-09683,ORG-011,high,malware,ASSET-ORG-011-248,,2025-04-27T22:56:12,2025-04-28T18:54:11
A-09684,ORG-011,medium,malware,ASSET-ORG-011-059,CASE-02423,2025-06-16T11:37:08,2025-06-19T02:31:57
A-09685,ORG-011,high,phishing,ASSET-ORG-011-147,CASE-02353,2025-03-26T09:28:26,2025-03-26T22:24:59
A-09686,ORG-011,medium,brute_force,ASSET-ORG-011-066,CASE-02330,2025-06-14T07:09:38,2025-06-16T09:12:23
A-09687,ORG-011,low,recon,ASSET-ORG-011-284,,2025-01-05T01:29:11,2025-01-09T05:12:20
A-09688,ORG-011,high,data_exfil,ASSET-ORG-011-162,,2025-01-22T23:59:31,2025-01-23T17:53:02
A-09689,ORG-011,low,recon,ASSET-ORG-011-273,,2025-06-10T20:06:37,2025-06-15T13:38:52
A-09690,ORG-011,medium,phishing,ASSET-ORG-011-265,,2025-01-12T00:46:25,2025-01-14T05:25:18
A-09691,ORG-011,high,recon,ASSET-ORG-011-063,CASE-02440,2025-03-12T08:01:44,2025-03-13T02:31:46
A-09692,ORG-011,critical,recon,ASSET-ORG-011-027,,2025-06-07T19:21:38,2025-06-08T03:17:58
A-09693,ORG-011,high,recon,ASSET-ORG-011-100,,2025-04-19T06:02:30,2025-04-19T15:50:23
A-09694,ORG-011,medium,lateral_movement,ASSET-ORG-011-117,,2025-04-03T12:30:33,2025-04-06T08:22:45
A-09695,ORG-011,high,privilege_escalation,ASSET-ORG-011-247,,2025-01-31T20:50:05,2025-02-01T06:18:02
A-09696,ORG-011,high,phishing,ASSET-ORG-011-086,,2025-01-02T21:44:36,2025-01-03T17:53:25
A-09697,ORG-011,high,malware,ASSET-ORG-011-061,,2025-05-08T17:24:27,2025-05-09T16:49:36
A-09698,ORG-011,high,privilege_escalation,ASSET-ORG-011-190,,2025-01-31T23:14:01,2025-02-01T20:07:18
A-09699,ORG-011,critical,data_exfil,ASSET-ORG-011-015,,2025-04-22T13:57:00,2025-04-22T17:24:06
A-09700,ORG-011,high,brute_force,ASSET-ORG-011-034,,2025-01-26T13:16:56,2025-01-26T22:39:59
A-09701,ORG-011,high,phishing,ASSET-ORG-011-024,CASE-02270,2025-01-04T17:11:19,2025-01-05T05:15:50
A-09702,ORG-011,medium,brute_force,ASSET-ORG-011-061,CASE-02411,2025-02-09T22:53:51,2025-02-11T04:38:33
A-09703,ORG-011,high,privilege_escalation,ASSET-ORG-011-065,CASE-02415,2025-04-05T08:05:02,2025-04-06T00:54:10
A-09704,ORG-011,medium,brute_force,ASSET-ORG-011-075,,2025-03-06T19:46:37,2025-03-08T03:39:35
A-09705,ORG-011,low,malware,ASSET-ORG-011-010,,2025-06-17T05:14:51,2025-06-22T13:01:51
A-09706,ORG-011,critical,brute_force,ASSET-ORG-011-190,,2025-06-25T08:44:12,2025-06-25T13:01:25
A-09707,ORG-011,low,malware,ASSET-ORG-011-107,CASE-02433,2025-06-05T06:12:27,2025-06-09T07:31:41
A-09708,ORG-011,high,phishing,ASSET-ORG-011-227,,2025-01-28T11:24:09,2025-01-29T02:41:38
A-09709,ORG-011,low,brute_force,ASSET-ORG-011-290,,2025-04-24T10:55:45,2025-04-30T09:40:53
A-09710,ORG-011,high,privilege_escalation,ASSET-ORG-011-203,CASE-02337,2025-03-03T01:50:46,2025-03-03T23:06:15
A-09711,ORG-012,high,privilege_escalation,ASSET-ORG-012-042,,2025-04-01T01:14:06,2025-04-01T23:31:50
A-09712,ORG-012,medium,data_exfil,ASSET-ORG-012-208,CASE-02454,2025-03-08T03:10:30,2025-03-09T08:36:11
A-09713,ORG-012,critical,lateral_movement,ASSET-ORG-012-199,,2025-02-15T17:05:35,2025-02-15T22:39:00
A-09714,ORG-012,medium,recon,ASSET-ORG-012-048,,2025-04-14T07:22:17,2025-04-17T01:10:05
A-09715,ORG-012,medium,data_exfil,ASSET-ORG-012-004,,2025-06-01T20:52:21,2025-06-03T10:56:41
A-09716,ORG-012,critical,recon,ASSET-ORG-012-175,,2025-03-15T00:32:27,2025-03-15T04:56:55
A-09717,ORG-012,critical,lateral_movement,ASSET-ORG-012-084,,2025-02-04T22:06:34,2025-02-05T04:41:20
A-09718,ORG-012,medium,brute_force,ASSET-ORG-012-207,,2025-03-25T12:33:10,2025-03-28T06:23:30
A-09719,ORG-012,low,privilege_escalation,ASSET-ORG-012-197,,2025-05-17T22:17:01,2025-05-20T05:03:28
A-09720,ORG-012,high,brute_force,ASSET-ORG-012-107,,2025-03-12T00:54:33,2025-03-12T09:21:42
A-09721,ORG-012,medium,lateral_movement,ASSET-ORG-012-026,CASE-02450,2025-04-28T01:12:32,2025-04-30T16:38:40
A-09722,ORG-012,medium,phishing,ASSET-ORG-012-171,,2025-06-10T22:43:20,2025-06-13T12:59:14
A-09723,ORG-012,high,recon,ASSET-ORG-012-024,,2025-03-13T17:16:59,2025-03-14T07:36:43
A-09724,ORG-012,high,privilege_escalation,ASSET-ORG-012-150,,2025-04-20T05:13:44,2025-04-21T02:59:08
A-09725,ORG-012,medium,recon,ASSET-ORG-012-038,,2025-03-21T11:24:25,2025-03-24T05:35:47
A-09726,ORG-012,high,lateral_movement,ASSET-ORG-012-028,,2025-05-14T02:52:12,2025-05-14T19:32:04
A-09727,ORG-012,medium,privilege_escalation,ASSET-ORG-012-006,,2025-01-04T04:45:16,2025-01-05T20:05:28
A-09728,ORG-012,low,brute_force,ASSET-ORG-012-269,,2025-01-29T18:53:47,2025-02-03T12:26:44
A-09729,ORG-012,high,privilege_escalation,ASSET-ORG-012-034,,2025-02-05T14:28:54,2025-02-06T06:55:07
A-09730,ORG-012,low,data_exfil,ASSET-ORG-012-107,,2025-03-03T10:35:38,2025-03-08T22:39:57
A-09731,ORG-012,critical,malware,ASSET-ORG-012-035,CASE-02451,2025-01-08T04:22:44,2025-01-08T07:42:49
A-09732,ORG-012,high,recon,ASSET-ORG-012-110,CASE-02464,2025-04-03T14:27:13,2025-04-04T10:37:52
A-09733,ORG-012,high,malware,ASSET-ORG-012-232,,2025-02-12T16:48:02,2025-02-13T06:36:11
A-09734,ORG-012,critical,brute_force,ASSET-ORG-012-059,,2025-03-20T21:38:50,2025-03-21T04:07:43
A-09735,ORG-012,low,data_exfil,ASSET-ORG-012-118,CASE-02469,2025-03-01T04:12:12,2025-03-06T04:48:25
A-09736,ORG-012,high,phishing,ASSET-ORG-012-256,,2025-06-22T11:35:53,2025-06-22T21:02:18
A-09737,ORG-012,medium,privilege_escalation,ASSET-ORG-012-064,,2025-03-27T07:30:36,2025-03-29T02:31:42
A-09738,ORG-012,low,data_exfil,ASSET-ORG-012-223,,2025-01-21T09:17:24,2025-01-24T07:42:31
A-09739,ORG-012,low,malware,ASSET-ORG-012-029,CASE-02468,2025-01-20T08:13:59,2025-01-24T15:09:00
A-09740,ORG-012,medium,brute_force,ASSET-ORG-012-085,,2025-04-07T02:22:12,2025-04-09T07:30:22
A-09741,ORG-012,medium,malware,ASSET-ORG-012-044,,2025-03-26T09:50:30,2025-03-28T07:25:26
A-09742,ORG-012,medium,phishing,ASSET-ORG-012-066,,2025-04-25T02:31:24,2025-04-26T22:25:17
A-09743,ORG-012,high,malware,ASSET-ORG-012-139,,2025-05-18T10:25:24,2025-05-18T21:11:11
A-09744,ORG-012,high,malware,ASSET-ORG-012-083,,2025-03-16T20:49:46,2025-03-17T11:09:59
A-09745,ORG-012,critical,brute_force,ASSET-ORG-012-171,CASE-02474,2025-06-06T23:45:33,2025-06-07T02:38:17
A-09746,ORG-012,low,malware,ASSET-ORG-012-199,CASE-02463,2025-06-16T20:48:04,2025-06-21T02:12:09
A-09747,ORG-012,high,data_exfil,ASSET-ORG-012-100,,2025-03-24T10:58:35,2025-03-24T21:35:21
A-09748,ORG-012,medium,lateral_movement,ASSET-ORG-012-075,,2025-06-30T15:13:49,
A-09749,ORG-012,medium,malware,ASSET-ORG-012-147,,2025-03-14T02:57:17,2025-03-15T07:05:59
A-09750,ORG-012,high,malware,ASSET-ORG-012-117,,2025-05-31T23:05:38,2025-06-01T11:42:33
A-09751,ORG-012,medium,lateral_movement,ASSET-ORG-012-107,,2025-02-10T04:53:57,2025-02-11T21:02:02
A-09752,ORG-012,critical,malware,ASSET-ORG-012-163,CASE-02475,2025-01-31T00:24:57,2025-01-31T06:56:16
A-09753,ORG-012,high,brute_force,ASSET-ORG-012-122,,2025-06-23T13:19:13,2025-06-24T04:51:10
A-09754,ORG-012,low,brute_force,ASSET-ORG-012-062,,2025-06-18T10:30:00,2025-06-23T21:33:11
A-09755,ORG-012,critical,malware,ASSET-ORG-012-169,,2025-04-22T05:40:02,2025-04-22T09:54:34
A-09756,ORG-012,high,brute_force,ASSET-ORG-012-156,,2025-04-15T03:08:44,2025-04-16T00:20:18
A-09757,ORG-012,medium,recon,ASSET-ORG-012-096,,2025-05-22T12:38:39,2025-05-24T04:30:46
A-09758,ORG-012,high,malware,ASSET-ORG-012-168,,2025-04-15T08:46:27,2025-04-16T01:40:03
A-09759,ORG-012,critical,lateral_movement,ASSET-ORG-012-024,,2025-05-01T05:39:15,2025-05-01T09:07:33
A-09760,ORG-012,low,brute_force,ASSET-ORG-012-238,,2025-05-05T11:27:33,2025-05-07T15:43:59
A-09761,ORG-012,medium,brute_force,ASSET-ORG-012-222,,2025-06-16T09:31:35,2025-06-18T20:13:53
A-09762,ORG-012,high,lateral_movement,ASSET-ORG-012-012,,2025-06-16T04:46:01,2025-06-16T17:12:59
A-09763,ORG-012,high,data_exfil,ASSET-ORG-012-112,,2025-04-23T11:55:58,2025-04-24T04:07:21
A-09764,ORG-012,high,phishing,ASSET-ORG-012-032,,2025-03-22T18:00:28,2025-03-23T12:05:31
A-09765,ORG-012,medium,data_exfil,ASSET-ORG-012-237,,2025-02-10T09:18:52,2025-02-12T18:31:54
A-09766,ORG-012,medium,malware,ASSET-ORG-012-002,,2025-04-24T06:08:42,2025-04-25T14:49:22
A-09767,ORG-012,high,lateral_movement,ASSET-ORG-012-086,,2025-01-29T23:05:05,2025-01-30T09:28:08
A-09768,ORG-012,high,brute_force,ASSET-ORG-012-238,,2025-06-21T16:44:52,2025-06-22T05:29:10
A-09769,ORG-012,critical,recon,ASSET-ORG-012-034,,2025-05-26T22:20:48,2025-05-27T03:16:25
A-09770,ORG-012,high,data_exfil,ASSET-ORG-012-181,,2025-05-26T11:48:20,2025-05-27T09:37:25
A-09771,ORG-012,critical,recon,ASSET-ORG-012-069,,2025-06-09T10:39:37,2025-06-09T15:05:35
A-09772,ORG-012,low,phishing,ASSET-ORG-012-094,CASE-02466,2025-04-03T02:32:49,2025-04-06T03:28:23
A-09773,ORG-012,low,phishing,ASSET-ORG-012-145,,2025-04-18T16:37:01,2025-04-21T17:32:38
A-09774,ORG-012,medium,recon,ASSET-ORG-012-153,,2025-06-26T14:56:18,2025-06-27T21:37:04
A-09775,ORG-012,critical,privilege_escalation,ASSET-ORG-012-027,,2025-04-27T09:02:46,2025-04-27T14:56:16
A-09776,ORG-012,high,data_exfil,ASSET-ORG-012-257,,2025-01-27T00:21:02,2025-01-27T20:37:27
A-09777,ORG-012,high,phishing,ASSET-ORG-012-213,,2025-02-24T04:06:48,2025-02-25T00:33:33
A-09778,ORG-012,medium,lateral_movement,ASSET-ORG-012-219,,2025-05-11T01:43:15,2025-05-13T15:52:37
A-09779,ORG-012,high,phishing,ASSET-ORG-012-082,,2025-06-04T02:06:40,2025-06-04T12:15:23
A-09780,ORG-012,medium,brute_force,ASSET-ORG-012-267,CASE-02462,2025-03-20T14:15:02,2025-03-21T15:01:31
A-09781,ORG-012,medium,lateral_movement,ASSET-ORG-012-112,,2025-01-30T09:17:20,2025-01-31T20:16:14
A-09782,ORG-012,low,malware,ASSET-ORG-012-262,,2025-05-31T16:54:37,2025-06-04T05:18:34
A-09783,ORG-012,high,phishing,ASSET-ORG-012-196,,2025-01-09T21:55:30,2025-01-10T09:14:45
A-09784,ORG-012,critical,lateral_movement,ASSET-ORG-012-197,,2025-04-08T03:13:47,2025-04-08T06:30:35
A-09785,ORG-012,low,recon,ASSET-ORG-012-199,,2025-04-28T04:21:01,2025-04-30T14:09:42
A-09786,ORG-012,medium,privilege_escalation,ASSET-ORG-012-156,,2025-01-10T03:15:11,2025-01-11T12:42:20
A-09787,ORG-012,critical,lateral_movement,ASSET-ORG-012-084,,2025-03-23T11:35:14,2025-03-23T15:10:27
A-09788,ORG-012,low,data_exfil,ASSET-ORG-012-071,,2025-03-01T19:57:42,2025-03-07T01:08:41
A-09789,ORG-012,high,brute_force,ASSET-ORG-012-203,,2025-01-24T23:26:41,2025-01-25T10:20:32
A-09790,ORG-012,critical,privilege_escalation,ASSET-ORG-012-182,CASE-02462,2025-02-20T05:57:42,2025-02-20T09:32:12
A-09791,ORG-012,low,malware,ASSET-ORG-012-064,CASE-02462,2025-04-22T18:25:37,2025-04-27T20:54:03
A-09792,ORG-012,high,brute_force,ASSET-ORG-012-109,,2025-01-07T22:20:45,2025-01-08T14:09:59
A-09793,ORG-012,low,phishing,ASSET-ORG-012-027,CASE-02475,2025-01-16T07:52:29,2025-01-20T03:47:44
A-09794,ORG-012,high,brute_force,ASSET-ORG-012-145,,2025-06-10T13:19:46,2025-06-11T04:18:35
A-09795,ORG-012,critical,lateral_movement,ASSET-ORG-012-109,,2025-03-11T16:37:52,2025-03-11T22:15:20
A-09796,ORG-012,critical,malware,ASSET-ORG-012-146,,2025-05-03T09:57:07,2025-05-03T17:46:49
A-09797,ORG-012,high,recon,ASSET-ORG-012-142,,2025-03-30T04:36:23,2025-03-31T00:29:28
A-09798,ORG-012,low,recon,ASSET-ORG-012-039,CASE-02475,2025-04-09T20:23:49,2025-04-13T13:35:33
A-09799,ORG-012,medium,phishing,ASSET-ORG-012-132,,2025-01-30T02:06:52,2025-01-31T06:54:02
A-09800,ORG-012,high,lateral_movement,ASSET-ORG-012-163,,2025-03-17T11:14:00,2025-03-17T22:50:49
A-09801,ORG-012,medium,phishing,ASSET-ORG-012-149,,2025-02-09T18:38:32,2025-02-11T02:01:16
A-09802,ORG-012,medium,malware,ASSET-ORG-012-203,,2025-02-06T04:17:34,2025-02-08T07:32:17
A-09803,ORG-012,critical,privilege_escalation,ASSET-ORG-012-145,,2025-01-01T05:46:51,2025-01-01T09:16:28
A-09804,ORG-012,critical,malware,ASSET-ORG-012-059,CASE-02453,2025-05-23T23:19:14,2025-05-24T06:27:39
A-09805,ORG-012,high,privilege_escalation,ASSET-ORG-012-242,,2025-04-10T18:23:20,2025-04-11T15:48:39
A-09806,ORG-012,high,lateral_movement,ASSET-ORG-012-017,,2025-05-02T16:05:55,2025-05-03T07:50:35
A-09807,ORG-012,medium,data_exfil,ASSET-ORG-012-080,,2025-02-05T15:18:54,2025-02-06T18:29:13
A-09808,ORG-012,high,brute_force,ASSET-ORG-012-076,,2025-05-23T22:28:16,2025-05-24T06:57:58
A-09809,ORG-012,low,recon,ASSET-ORG-012-142,,2025-03-19T15:10:50,2025-03-24T11:13:05
A-09810,ORG-012,low,phishing,ASSET-ORG-012-156,,2025-01-19T19:38:18,2025-01-21T23:27:49
A-09811,ORG-012,medium,privilege_escalation,ASSET-ORG-012-020,,2025-01-12T07:16:15,2025-01-14T07:50:29
A-09812,ORG-012,low,privilege_escalation,ASSET-ORG-012-191,,2025-01-08T08:56:50,2025-01-11T07:13:12
A-09813,ORG-012,medium,phishing,ASSET-ORG-012-030,,2025-03-02T01:57:16,2025-03-04T13:40:27
A-09814,ORG-012,low,phishing,ASSET-ORG-012-180,,2025-01-11T15:38:49,2025-01-16T06:41:14
A-09815,ORG-012,medium,lateral_movement,ASSET-ORG-012-078,,2025-03-19T09:19:30,2025-03-21T22:15:15
A-09816,ORG-012,medium,data_exfil,ASSET-ORG-012-133,,2025-06-09T23:42:45,2025-06-11T23:44:17
A-09817,ORG-012,high,phishing,ASSET-ORG-012-239,,2025-02-23T20:24:36,2025-02-24T05:38:20
A-09818,ORG-012,medium,phishing,ASSET-ORG-012-073,,2025-03-21T11:54:22,2025-03-23T07:03:29
A-09819,ORG-012,low,lateral_movement,ASSET-ORG-012-134,,2025-06-01T14:35:48,2025-06-04T12:00:46
A-09820,ORG-012,high,brute_force,ASSET-ORG-012-124,,2025-05-19T08:54:50,2025-05-20T02:41:17
A-09821,ORG-012,medium,brute_force,ASSET-ORG-012-095,,2025-02-19T16:52:24,2025-02-22T14:23:00
A-09822,ORG-012,high,brute_force,ASSET-ORG-012-216,,2025-04-17T01:39:07,2025-04-17T14:10:04
A-09823,ORG-012,medium,data_exfil,ASSET-ORG-012-211,,2025-03-09T08:47:11,2025-03-12T06:09:41
A-09824,ORG-012,critical,recon,ASSET-ORG-012-189,,2025-03-03T04:19:48,2025-03-03T09:35:56
A-09825,ORG-012,high,recon,ASSET-ORG-012-036,,2025-04-19T09:09:43,2025-04-19T20:49:19
A-09826,ORG-012,medium,phishing,ASSET-ORG-012-080,,2025-03-17T05:23:48,2025-03-19T17:39:42
A-09827,ORG-012,medium,privilege_escalation,ASSET-ORG-012-056,,2025-05-04T23:46:53,2025-05-07T04:39:12
A-09828,ORG-012,low,lateral_movement,ASSET-ORG-012-121,,2025-05-13T20:01:41,2025-05-16T09:25:23
A-09829,ORG-012,low,phishing,ASSET-ORG-012-067,,2025-03-21T06:33:25,2025-03-23T10:31:38
A-09830,ORG-012,high,recon,ASSET-ORG-012-013,,2025-01-24T13:12:24,2025-01-25T10:09:53
