case_id,organization_id,asset_id,incident_type,opened_at,closed_at,recurrence_count,remediation_evidence
CASE-00001,ORG-001,ASSET-ORG-001-041,malware,2025-01-05T20:33:30,2025-01-09T12:39:59,3,True
CASE-00002,ORG-001,ASSET-ORG-001-009,lateral_movement,2025-01-20T21:39:43,2025-01-27T20:30:41,0,True
CASE-00003,ORG-001,ASSET-ORG-001-028,malware,2025-01-06T18:51:54,2025-01-08T06:09:20,1,True
CASE-00004,ORG-001,ASSET-ORG-001-033,recon,2025-01-06T03:39:59,2025-01-08T21:34:55,1,True
CASE-00005,ORG-001,ASSET-ORG-001-045,recon,2025-03-23T11:06:14,2025-03-26T11:18:42,2,True
CASE-00006,ORG-001,ASSET-ORG-001-018,privilege_escalation,2025-06-18T19:13:59,2025-06-19T05:07:33,1,False
CASE-00007,ORG-001,ASSET-ORG-001-011,lateral_movement,2025-03-24T01:31:33,2025-03-28T12:37:51,0,True
CASE-00008,ORG-001,ASSET-ORG-001-014,privilege_escalation,2025-03-07T08:38:39,2025-03-08T22:24:54,0,True
CASE-00009,ORG-001,ASSET-ORG-001-007,brute_force,2025-06-14T13:36:36,2025-06-19T01:47:39,1,True
CASE-00010,ORG-001,ASSET-ORG-001-003,lateral_movement,2025-03-31T05:04:30,2025-04-07T01:15:45,2,True
CASE-00011,ORG-001,ASSET-ORG-001-025,malware,2025-04-18T04:41:44,2025-04-22T02:05:23,1,False
CASE-00012,ORG-001,ASSET-ORG-001-040,privilege_escalation,2025-03-12T05:20:28,2025-03-14T21:20:57,1,True
CASE-00013,ORG-001,ASSET-ORG-001-003,lateral_movement,2025-02-14T06:04:58,2025-02-18T02:22:23,0,False
CASE-00014,ORG-001,ASSET-ORG-001-015,privilege_escalation,2025-01-20T14:42:02,2025-01-25T13:25:13,1,True
CASE-00015,ORG-001,ASSET-ORG-001-041,privilege_escalation,2025-03-12T20:14:28,2025-03-15T03:37:03,0,True
CASE-00016,ORG-001,ASSET-ORG-001-014,lateral_movement,2025-02-21T20:12:24,2025-02-23T01:00:14,0,True
CASE-00017,ORG-001,ASSET-ORG-001-011,recon,2025-05-22T13:58:37,2025-05-25T21:16:59,1,True
CASE-00018,ORG-001,ASSET-ORG-001-025,brute_force,2025-06-29T16:38:07,,2,True
CASE-00019,ORG-001,ASSET-ORG-001-004,phishing,2025-06-09T13:52:39,2025-06-10T07:13:38,2,False
CASE-00020,ORG-001,ASSET-ORG-001-026,brute_force,2025-01-13T20:27:40,2025-01-16T17:54:51,0,False
CASE-00021,ORG-001,ASSET-ORG-001-037,lateral_movement,2025-03-03T02:30:18,2025-03-06T00:26:13,2,True
CASE-00022,ORG-001,ASSET-ORG-001-026,lateral_movement,2025-03-31T02:24:16,2025-04-02T04:01:07,0,True
CASE-00023,ORG-001,ASSET-ORG-001-016,lateral_movement,2025-04-20T00:09:54,2025-04-26T21:09:12,0,True
CASE-00024,ORG-001,ASSET-ORG-001-038,data_exfil,2025-06-24T08:09:28,2025-06-29T12:29:29,0,True
CASE-00025,ORG-001,ASSET-ORG-001-009,recon,2025-04-06T19:57:01,2025-04-08T06:25:46,0,False
CASE-00026,ORG-001,ASSET-ORG-001-008,phishing,2025-05-02T20:06:37,2025-05-05T02:42:30,1,False
CASE-00027,ORG-001,ASSET-ORG-001-028,recon,2025-01-13T08:03:38,2025-01-18T08:07:55,1,True
CASE-00028,ORG-001,ASSET-ORG-001-030,recon,2025-02-18T19:40:28,2025-02-19T07:01:06,2,True
CASE-00029,ORG-001,ASSET-ORG-001-008,lateral_movement,2025-06-21T19:24:46,2025-06-28T15:49:00,1,False
CASE-00030,ORG-001,ASSET-ORG-001-042,brute_force,2025-01-22T15:52:14,2025-01-26T13:21:31,2,True
CASE-00031,ORG-001,ASSET-ORG-001-030,malware,2025-05-21T05:11:34,2025-05-24T17:54:37,1,False
CASE-00032,ORG-001,ASSET-ORG-001-012,recon,2025-06-27T05:09:14,2025-06-28T20:08:53,0,False
CASE-00033,ORG-001,ASSET-ORG-001-020,privilege_escalation,2025-05-05T01:43:13,2025-05-11T13:35:16,1,True
CASE-00034,ORG-001,ASSET-ORG-001-010,brute_force,2025-05-29T01:33:28,2025-05-31T08:36:44,3,True
CASE-00035,ORG-001,ASSET-ORG-001-034,malware,2025-04-27T07:17:02,2025-05-01T13:42:04,2,True
CASE-00036,ORG-001,ASSET-ORG-001-008,brute_force,2025-06-20T15:08:26,2025-06-24T16:42:37,2,True
CASE-00037,ORG-001,ASSET-ORG-001-016,recon,2025-01-16T07:02:04,2025-01-17T15:58:58,0,True
CASE-00038,ORG-001,ASSET-ORG-001-005,privilege_escalation,2025-04-14T10:35:26,2025-04-16T07:13:15,0,True
CASE-00039,ORG-001,ASSET-ORG-001-031,recon,2025-02-02T01:32:50,2025-02-05T14:45:02,2,True
CASE-00040,ORG-001,ASSET-ORG-001-039,data_exfil,2025-02-11T03:03:04,2025-02-18T00:07:56,2,False
CASE-00041,ORG-001,ASSET-ORG-001-045,phishing,2025-05-19T10:34:58,2025-05-23T13:22:36,2,True
CASE-00042,ORG-001,ASSET-ORG-001-043,lateral_movement,2025-03-14T12:15:56,2025-03-20T03:52:17,1,False
CASE-00043,ORG-001,ASSET-ORG-001-029,malware,2025-02-18T03:19:26,2025-02-21T04:46:18,2,True
CASE-00044,ORG-001,ASSET-ORG-001-002,recon,2025-04-18T13:27:41,2025-04-21T16:29:13,1,True
CASE-00045,ORG-001,ASSET-ORG-001-001,malware,2025-05-18T10:46:40,2025-05-19T11:55:33,0,True
CASE-00046,ORG-001,ASSET-ORG-001-003,privilege_escalation,2025-03-06T03:54:30,2025-03-07T08:32:49,1,True
CASE-00047,ORG-001,ASSET-ORG-001-018,lateral_movement,2025-04-05T06:11:43,2025-04-08T04:35:46,0,True
CASE-00048,ORG-001,ASSET-ORG-001-037,recon,2025-04-02T18:48:23,2025-04-06T01:35:04,0,False
CASE-00049,ORG-001,ASSET-ORG-001-027,phishing,2025-01-19T07:35:24,2025-01-20T19:49:23,0,True
CASE-00050,ORG-001,ASSET-ORG-001-023,data_exfil,2025-03-21T19:52:31,2025-03-27T19:54:21,1,False
CASE-00051,ORG-001,ASSET-ORG-001-004,lateral_movement,2025-05-07T21:19:23,2025-05-09T09:59:21,0,True
CASE-00052,ORG-001,ASSET-ORG-001-022,privilege_escalation,2025-06-17T07:41:06,2025-06-18T23:30:42,4,True
CASE-00053,ORG-001,ASSET-ORG-001-013,recon,2025-03-29T02:41:26,2025-03-31T03:31:17,0,True
CASE-00054,ORG-001,ASSET-ORG-001-018,data_exfil,2025-02-18T12:10:56,2025-02-19T18:08:22,1,True
CASE-00055,ORG-001,ASSET-ORG-001-036,malware,2025-01-10T19:45:31,2025-01-17T17:12:58,1,False
CASE-00056,ORG-001,ASSET-ORG-001-006,privilege_escalation,2025-06-14T19:12:31,2025-06-18T00:03:32,1,True
CASE-00057,ORG-001,ASSET-ORG-001-032,data_exfil,2025-02-11T12:08:04,2025-02-16T16:56:45,0,False
CASE-00058,ORG-001,ASSET-ORG-001-011,data_exfil,2025-01-01T10:02:41,2025-01-06T11:45:47,1,True
CASE-00059,ORG-001,ASSET-ORG-001-030,brute_force,2025-03-24T03:21:27,2025-03-30T09:06:38,0,True
CASE-00060,ORG-001,ASSET-ORG-001-019,phishing,2025-01-12T08:33:06,2025-01-19T06:28:38,1,True
CASE-00061,ORG-001,ASSET-ORG-001-021,malware,2025-01-10T17:40:48,2025-01-16T20:33:16,2,True
CASE-00062,ORG-001,ASSET-ORG-001-034,phishing,2025-01-12T01:04:40,2025-01-18T12:59:36,0,True
CASE-00063,ORG-001,ASSET-ORG-001-012,malware,2025-04-26T13:03:52,2025-04-27T16:51:34,0,True
CASE-00064,ORG-001,ASSET-ORG-001-016,data_exfil,2025-01-24T06:42:43,2025-01-27T14:25:38,1,True
CASE-00065,ORG-001,ASSET-ORG-001-003,recon,2025-01-16T22:04:13,2025-01-22T08:10:42,0,True
CASE-00066,ORG-001,ASSET-ORG-001-037,recon,2025-03-03T10:23:25,2025-03-06T22:20:37,0,True
CASE-00067,ORG-001,ASSET-ORG-001-021,phishing,2025-02-21T13:51:12,2025-02-26T17:08:03,1,True
CASE-00068,ORG-001,ASSET-ORG-001-042,brute_force,2025-03-30T18:49:15,2025-04-03T22:54:50,3,False
CASE-00069,ORG-001,ASSET-ORG-001-005,malware,2025-03-30T23:45:55,2025-04-01T12:53:12,1,True
CASE-00070,ORG-001,ASSET-ORG-001-014,recon,2025-02-21T11:55:24,2025-02-23T10:30:14,1,False
CASE-00071,ORG-001,ASSET-ORG-001-005,phishing,2025-03-13T18:07:15,2025-03-17T13:07:45,0,True
CASE-00072,ORG-001,ASSET-ORG-001-035,lateral_movement,2025-02-28T17:49:55,2025-03-07T11:53:49,4,True
CASE-00073,ORG-001,ASSET-ORG-001-036,brute_force,2025-06-30T22:17:52,,0,False
CASE-00074,ORG-001,ASSET-ORG-001-009,brute_force,2025-01-23T09:56:11,2025-01-25T01:06:46,1,True
CASE-00075,ORG-001,ASSET-ORG-001-010,brute_force,2025-02-24T17:04:45,2025-02-27T14:25:46,2,True
CASE-00076,ORG-001,ASSET-ORG-001-014,lateral_movement,2025-05-04T03:45:47,2025-05-07T16:39:14,1,True
CASE-00077,ORG-001,ASSET-ORG-001-017,privilege_escalation,2025-01-10T20:44:24,2025-01-12T07:37:25,1,True
CASE-00078,ORG-001,ASSET-ORG-001-018,malware,2025-01-01T16:31:26,2025-01-06T01:40:45,3,False
CASE-00079,ORG-001,ASSET-ORG-001-041,brute_force,2025-02-01T09:01:35,2025-02-07T01:43:13,1,True
CASE-00080,ORG-001,ASSET-ORG-001-028,recon,2025-01-02T21:03:50,2025-01-04T13:38:58,1,True
CASE-00081,ORG-001,ASSET-ORG-001-045,phishing,2025-04-16T22:38:06,2025-04-17T17:07:44,2,False
CASE-00082,ORG-001,ASSET-ORG-001-038,recon,2025-01-29T18:10:01,2025-02-04T07:21:05,1,True
CASE-00083,ORG-001,ASSET-ORG-001-020,brute_force,2025-06-24T13:33:26,2025-06-25T09:10:38,2,False
CASE-00084,ORG-001,ASSET-ORG-001-014,lateral_movement,2025-02-18T10:53:34,2025-02-20T00:50:00,2,True
CASE-00085,ORG-001,ASSET-ORG-001-036,privilege_escalation,2025-03-20T21:51:21,2025-03-23T02:52:21,0,False
CASE-00086,ORG-001,ASSET-ORG-001-016,privilege_escalation,2025-02-01T13:18:47,2025-02-04T00:52:59,0,False
CASE-00087,ORG-001,ASSET-ORG-001-002,phishing,2025-05-24T00:38:21,2025-05-28T09:23:42,0,False
CASE-00088,ORG-001,ASSET-ORG-001-027,privilege_escalation,2025-05-11T01:59:36,2025-05-14T10:16:38,3,True
CASE-00089,ORG-001,ASSET-ORG-001-045,malware,2025-03-16T06:46:25,2025-03-17T02:03:10,3,False
CASE-00090,ORG-001,ASSET-ORG-001-015,phishing,2025-06-08T13:34:09,2025-06-14T11:38:31,0,True
CASE-00091,ORG-001,ASSET-ORG-001-015,phishing,2025-01-05T14:17:03,2025-01-08T06:32:14,1,True
CASE-00092,ORG-001,ASSET-ORG-001-018,privilege_escalation,2025-01-14T11:31:26,2025-01-18T04:49:29,1,True
CASE-00093,ORG-001,ASSET-ORG-001-033,data_exfil,2025-05-12T22:47:02,2025-05-19T18:58:04,1,True
CASE-00094,ORG-001,ASSET-ORG-001-002,malware,2025-06-20T07:17:42,2025-06-23T19:22:45,1,True
CASE-00095,ORG-001,ASSET-ORG-001-017,malware,2025-01-22T01:11:32,2025-01-27T15:46:05,0,True
CASE-00096,ORG-001,ASSET-ORG-001-021,data_exfil,2025-04-28T17:08:16,2025-05-05T06:06:01,0,True
CASE-00097,ORG-001,ASSET-ORG-001-037,phishing,2025-02-19T11:05:34,2025-02-20T08:01:16,0,True
CASE-00098,ORG-001,ASSET-ORG-001-001,recon,2025-06-29T17:29:34,,1,True
CASE-00099,ORG-001,ASSET-ORG-001-043,phishing,2025-03-12T17:23:42,2025-03-18T07:01:10,2,True
CASE-00100,ORG-001,ASSET-ORG-001-043,brute_force,2025-05-02T00:06:52,2025-05-06T03:32:56,0,True
CASE-00101,ORG-001,ASSET-ORG-001-008,lateral_movement,2025-06-24T18:31:20,2025-06-28T17:59:50,1,True
CASE-00102,ORG-001,ASSET-ORG-001-043,data_exfil,2025-03-05T08:07:21,2025-03-10T13:19:48,2,True
CASE-00103,ORG-001,ASSET-ORG-001-036,phishing,2025-02-07T06:02:22,2025-02-12T16:30:11,0,True
CASE-00104,ORG-001,ASSET-ORG-001-025,lateral_movement,2025-05-26T06:33:35,2025-05-28T17:14:55,0,True
CASE-00105,ORG-001,ASSET-ORG-001-020,data_exfil,2025-04-17T09:34:20,2025-04-17T17:41:25,2,True
CASE-00106,ORG-001,ASSET-ORG-001-014,data_exfil,2025-06-02T13:54:05,2025-06-06T19:45:47,3,True
CASE-00107,ORG-001,ASSET-ORG-001-029,lateral_movement,2025-02-11T11:55:14,2025-02-18T00:48:38,0,True
CASE-00108,ORG-001,ASSET-ORG-001-011,lateral_movement,2025-01-17T11:10:33,2025-01-21T05:50:04,0,True
CASE-00109,ORG-001,ASSET-ORG-001-041,recon,2025-03-07T02:05:25,2025-03-08T13:17:28,3,False
CASE-00110,ORG-001,ASSET-ORG-001-016,lateral_movement,2025-03-02T06:39:34,2025-03-05T08:05:26,2,False
CASE-00111,ORG-001,ASSET-ORG-001-010,malware,2025-01-09T23:22:17,2025-01-13T06:41:13,0,False
CASE-00112,ORG-001,ASSET-ORG-001-040,privilege_escalation,2025-05-30T05:25:11,2025-05-31T10:37:56,0,True
CASE-00113,ORG-001,ASSET-ORG-001-041,recon,2025-02-07T18:08:01,2025-02-12T17:58:31,0,True
CASE-00114,ORG-001,ASSET-ORG-001-016,phishing,2025-05-08T09:27:06,2025-05-08T19:04:00,1,False
CASE-00115,ORG-001,ASSET-ORG-001-007,privilege_escalation,2025-03-24T13:19:29,2025-03-27T13:04:00,0,True
CASE-00116,ORG-001,ASSET-ORG-001-045,recon,2025-04-01T04:57:33,2025-04-02T03:35:10,1,True
CASE-00117,ORG-001,ASSET-ORG-001-008,data_exfil,2025-01-26T21:24:18,2025-02-01T20:44:31,1,True
CASE-00118,ORG-001,ASSET-ORG-001-036,recon,2025-03-03T14:42:56,2025-03-09T07:37:27,0,True
CASE-00119,ORG-001,ASSET-ORG-001-033,data_exfil,2025-06-11T06:43:58,2025-06-18T06:18:43,0,True
CASE-00120,ORG-001,ASSET-ORG-001-011,lateral_movement,2025-06-17T06:51:26,2025-06-23T09:06:58,3,True
CASE-00121,ORG-001,ASSET-ORG-001-016,privilege_escalation,2025-05-04T19:43:03,2025-05-08T12:29:25,2,False
CASE-00122,ORG-001,ASSET-ORG-001-034,data_exfil,2025-05-02T16:51:33,2025-05-05T22:32:40,0,True
CASE-00123,ORG-001,ASSET-ORG-001-005,lateral_movement,2025-02-25T11:35:22,2025-02-28T15:53:26,2,True
CASE-00124,ORG-001,ASSET-ORG-001-021,recon,2025-01-16T15:31:08,2025-01-18T15:49:23,0,True
CASE-00125,ORG-001,ASSET-ORG-001-025,lateral_movement,2025-01-30T16:07:26,2025-02-02T14:26:31,1,True
CASE-00126,ORG-001,ASSET-ORG-001-027,brute_force,2025-04-16T08:45:04,2025-04-22T08:27:41,0,True
CASE-00127,ORG-001,ASSET-ORG-001-014,privilege_escalation,2025-03-23T14:00:38,2025-03-28T15:27:14,0,False
CASE-00128,ORG-001,ASSET-ORG-001-038,lateral_movement,2025-01-04T19:01:31,2025-01-09T17:49:09,1,True
CASE-00129,ORG-001,ASSET-ORG-001-023,brute_force,2025-05-27T07:26:54,2025-06-01T09:02:24,3,False
CASE-00130,ORG-001,ASSET-ORG-001-027,recon,2025-05-26T03:40:31,2025-06-02T02:44:52,1,False
CASE-00131,ORG-001,ASSET-ORG-001-015,data_exfil,2025-02-12T14:34:44,2025-02-16T06:04:37,2,True
CASE-00132,ORG-001,ASSET-ORG-001-002,data_exfil,2025-03-07T06:28:37,2025-03-12T12:14:33,0,True
CASE-00133,ORG-001,ASSET-ORG-001-030,phishing,2025-05-01T19:55:39,2025-05-08T15:30:08,1,True
CASE-00134,ORG-001,ASSET-ORG-001-026,recon,2025-04-20T14:15:26,2025-04-21T06:09:04,0,True
CASE-00135,ORG-001,ASSET-ORG-001-028,phishing,2025-06-18T07:49:12,2025-06-24T06:17:57,1,True
CASE-00136,ORG-001,ASSET-ORG-001-017,data_exfil,2025-03-05T13:34:26,2025-03-08T11:13:27,1,True
CASE-00137,ORG-001,ASSET-ORG-001-022,privilege_escalation,2025-06-20T19:25:10,2025-06-25T17:50:52,1,True
CASE-00138,ORG-001,ASSET-ORG-001-027,brute_force,2025-06-12T02:58:00,2025-06-13T10:49:24,4,True
CASE-00139,ORG-001,ASSET-ORG-001-035,malware,2025-03-09T22:56:00,2025-03-13T00:14:33,2,True
CASE-00140,ORG-001,ASSET-ORG-001-042,malware,2025-05-27T10:58:53,2025-05-28T04:01:10,1,False
CASE-00141,ORG-001,ASSET-ORG-001-013,privilege_escalation,2025-01-04T22:58:39,2025-01-07T03:21:43,1,True
CASE-00142,ORG-001,ASSET-ORG-001-031,lateral_movement,2025-01-23T05:05:36,2025-01-26T04:34:48,1,True
CASE-00143,ORG-001,ASSET-ORG-001-017,privilege_escalation,2025-03-13T15:10:34,2025-03-16T00:02:53,1,True
CASE-00144,ORG-001,ASSET-ORG-001-008,privilege_escalation,2025-06-09T02:13:12,2025-06-11T09:55:12,1,False
CASE-00145,ORG-001,ASSET-ORG-001-007,recon,2025-01-05T23:40:12,2025-01-10T02:32:02,2,True
CASE-00146,ORG-001,ASSET-ORG-001-025,data_exfil,2025-05-19T20:12:36,2025-05-22T13:58:39,1,True
CASE-00147,ORG-001,ASSET-ORG-001-045,privilege_escalation,2025-05-02T19:09:41,2025-05-06T01:53:47,2,True
CASE-00148,ORG-001,ASSET-ORG-001-020,privilege_escalation,2025-05-13T20:52:41,2025-05-15T16:08:16,2,False
CASE-00149,ORG-001,ASSET-ORG-001-037,privilege_escalation,2025-01-08T23:23:45,2025-01-13T12:31:34,2,True
CASE-00150,ORG-001,ASSET-ORG-001-043,brute_force,2025-01-14T09:21:42,2025-01-20T20:44:00,0,True
CASE-00151,ORG-001,ASSET-ORG-001-001,privilege_escalation,2025-03-23T13:36:56,2025-03-29T20:23:49,2,True
CASE-00152,ORG-001,ASSET-ORG-001-024,lateral_movement,2025-06-23T03:02:26,2025-06-29T00:56:57,1,True
CASE-00153,ORG-001,ASSET-ORG-001-028,phishing,2025-05-23T11:44:02,2025-05-30T03:42:13,0,False
CASE-00154,ORG-001,ASSET-ORG-001-018,recon,2025-06-06T22:28:52,2025-06-13T19:14:07,0,False
CASE-00155,ORG-001,ASSET-ORG-001-030,data_exfil,2025-06-10T08:12:07,2025-06-13T22:22:40,0,True
CASE-00156,ORG-001,ASSET-ORG-001-016,privilege_escalation,2025-01-17T19:52:42,2025-01-21T13:07:19,1,False
CASE-00157,ORG-001,ASSET-ORG-001-016,privilege_escalation,2025-04-01T05:41:54,2025-04-06T04:05:13,0,True
CASE-00158,ORG-001,ASSET-ORG-001-032,privilege_escalation,2025-03-05T02:40:32,2025-03-07T15:38:24,1,True
CASE-00159,ORG-001,ASSET-ORG-001-023,privilege_escalation,2025-02-20T04:00:34,2025-02-24T15:08:25,0,True
CASE-00160,ORG-001,ASSET-ORG-001-039,lateral_movement,2025-06-20T21:35:51,2025-06-24T14:03:59,0,True
CASE-00161,ORG-001,ASSET-ORG-001-034,phishing,2025-01-17T14:59:07,2025-01-20T21:17:07,1,True
CASE-00162,ORG-001,ASSET-ORG-001-032,recon,2025-05-28T05:18:12,2025-05-31T11:18:09,0,True
CASE-00163,ORG-001,ASSET-ORG-001-042,lateral_movement,2025-04-06T07:23:35,2025-04-12T01:56:00,0,False
CASE-00164,ORG-001,ASSET-ORG-001-006,brute_force,2025-02-13T00:42:50,2025-02-18T06:30:15,1,True
CASE-00165,ORG-001,ASSET-ORG-001-020,lateral_movement,2025-04-23T22:14:43,2025-04-28T17:43:48,2,True
CASE-00166,ORG-001,ASSET-ORG-001-034,brute_force,2025-03-24T14:59:29,2025-03-28T23:20:28,0,True
CASE-00167,ORG-001,ASSET-ORG-001-030,brute_force,2025-03-01T12:58:00,2025-03-04T22:11:35,1,True
CASE-00168,ORG-001,ASSET-ORG-001-013,brute_force,2025-01-24T05:09:55,2025-01-31T01:14:49,5,False
CASE-00169,ORG-001,ASSET-ORG-001-045,phishing,2025-02-07T04:38:44,2025-02-10T03:40:19,4,True
CASE-00170,ORG-001,ASSET-ORG-001-018,lateral_movement,2025-04-25T11:40:26,2025-05-02T04:29:07,2,True
CASE-00171,ORG-001,ASSET-ORG-001-007,privilege_escalation,2025-02-07T16:39:12,2025-02-11T14:56:28,0,True
CASE-00172,ORG-001,ASSET-ORG-001-012,brute_force,2025-01-03T17:56:10,2025-01-10T13:30:51,1,True
CASE-00173,ORG-001,ASSET-ORG-001-003,malware,2025-04-18T10:50:22,2025-04-22T07:55:49,1,True
CASE-00174,ORG-001,ASSET-ORG-001-009,lateral_movement,2025-06-18T15:19:21,2025-06-24T22:18:04,0,True
CASE-00175,ORG-001,ASSET-ORG-001-001,recon,2025-02-25T05:07:02,2025-03-03T05:50:20,2,True
CASE-00176,ORG-001,ASSET-ORG-001-022,phishing,2025-01-10T23:25:58,2025-01-14T08:58:20,1,False
CASE-00177,ORG-001,ASSET-ORG-001-031,malware,2025-06-09T15:20:11,2025-06-10T18:22:08,0,True
CASE-00178,ORG-001,ASSET-ORG-001-005,recon,2025-05-03T05:25:46,2025-05-04T05:02:39,1,True
CASE-00179,ORG-001,ASSET-ORG-001-037,brute_force,2025-01-17T12:58:18,2025-01-20T21:15:45,3,True
CASE-00180,ORG-001,ASSET-ORG-001-027,recon,2025-04-26T18:09:08,2025-04-29T19:53:18,1,False
CASE-00181,ORG-001,ASSET-ORG-001-025,data_exfil,2025-06-26T09:56:14,,0,True
CASE-00182,ORG-001,ASSET-ORG-001-038,data_exfil,2025-03-01T07:10:30,2025-03-02T08:43:06,2,True
CASE-00183,ORG-001,ASSET-ORG-001-007,privilege_escalation,2025-02-10T08:21:42,2025-02-13T05:49:37,0,True
CASE-00184,ORG-001,ASSET-ORG-001-006,phishing,2025-02-16T13:51:09,2025-02-19T00:28:45,1,True
CASE-00185,ORG-001,ASSET-ORG-001-011,malware,2025-03-21T07:49:47,2025-03-27T03:02:54,0,True
CASE-00186,ORG-001,ASSET-ORG-001-031,brute_force,2025-01-07T08:06:45,2025-01-10T11:32:05,0,True
CASE-00187,ORG-001,ASSET-ORG-001-019,lateral_movement,2025-06-16T22:03:27,2025-06-22T18:18:13,1,True
CASE-00188,ORG-002,ASSET-ORG-002-018,phishing,2025-03-27T13:36:54,2025-04-01T05:54:55,4,True
CASE-00189,ORG-002,ASSET-ORG-002-003,lateral_movement,2025-04-14T08:41:32,2025-04-17T07:39:19,1,True
CASE-00190,ORG-002,ASSET-ORG-002-004,privilege_escalation,2025-05-04T06:20:15,2025-05-10T22:38:08,2,True
CASE-00191,ORG-002,ASSET-ORG-002-007,data_exfil,2025-05-15T01:14:55,2025-05-19T03:03:16,2,True
CASE-00192,ORG-002,ASSET-ORG-002-039,malware,2025-01-10T10:47:38,2025-01-15T08:43:05,1,False
CASE-00193,ORG-002,ASSET-ORG-002-016,brute_force,2025-06-26T11:06:42,2025-06-29T16:35:29,1,True
CASE-00194,ORG-002,ASSET-ORG-002-002,data_exfil,2025-01-06T10:13:45,2025-01-06T22:28:12,1,True
CASE-00195,ORG-002,ASSET-ORG-002-013,lateral_movement,2025-05-10T21:31:49,2025-05-11T23:55:49,1,True
CASE-00196,ORG-002,ASSET-ORG-002-007,privilege_escalation,2025-06-12T05:10:35,2025-06-14T14:04:32,1,True
CASE-00197,ORG-002,ASSET-ORG-002-003,data_exfil,2025-04-10T12:25:24,2025-04-12T03:47:18,1,False
CASE-00198,ORG-002,ASSET-ORG-002-021,recon,2025-05-02T17:02:11,2025-05-05T08:14:45,0,True
CASE-00199,ORG-002,ASSET-ORG-002-035,data_exfil,2025-03-25T02:04:00,2025-03-26T21:15:12,2,True
CASE-00200,ORG-002,ASSET-ORG-002-007,brute_force,2025-03-04T19:00:11,2025-03-07T05:34:26,2,True
CASE-00201,ORG-002,ASSET-ORG-002-021,malware,2025-03-17T13:44:28,2025-03-20T11:42:51,2,True
CASE-00202,ORG-002,ASSET-ORG-002-005,lateral_movement,2025-06-08T06:34:15,2025-06-11T23:40:38,2,True
CASE-00203,ORG-002,ASSET-ORG-002-024,malware,2025-01-14T01:47:11,2025-01-17T01:26:48,0,True
CASE-00204,ORG-002,ASSET-ORG-002-039,data_exfil,2025-01-20T18:29:08,2025-01-27T14:39:35,2,False
CASE-00205,ORG-002,ASSET-ORG-002-037,phishing,2025-02-18T22:07:34,2025-02-20T09:43:20,1,True
CASE-00206,ORG-002,ASSET-ORG-002-025,lateral_movement,2025-06-29T12:43:52,,1,True
CASE-00207,ORG-002,ASSET-ORG-002-021,privilege_escalation,2025-05-10T09:30:43,2025-05-16T13:56:33,1,True
CASE-00208,ORG-002,ASSET-ORG-002-002,recon,2025-06-27T02:42:33,,0,True
CASE-00209,ORG-002,ASSET-ORG-002-015,recon,2025-04-25T01:48:06,2025-04-25T13:40:23,1,True
CASE-00210,ORG-002,ASSET-ORG-002-040,privilege_escalation,2025-06-24T03:17:42,2025-06-25T23:25:44,0,True
CASE-00211,ORG-002,ASSET-ORG-002-028,privilege_escalation,2025-02-17T07:00:19,2025-02-18T14:07:45,0,True
CASE-00212,ORG-002,ASSET-ORG-002-024,data_exfil,2025-02-27T14:19:29,2025-03-02T09:09:53,1,True
CASE-00213,ORG-002,ASSET-ORG-002-014,lateral_movement,2025-01-08T08:39:29,2025-01-11T13:59:57,3,False
CASE-00214,ORG-002,ASSET-ORG-002-039,data_exfil,2025-05-24T13:10:51,2025-05-28T20:55:07,1,True
CASE-00215,ORG-002,ASSET-ORG-002-021,lateral_movement,2025-06-02T19:33:00,2025-06-03T15:05:11,2,True
CASE-00216,ORG-002,ASSET-ORG-002-027,lateral_movement,2025-06-07T19:30:20,2025-06-11T15:31:27,2,False
CASE-00217,ORG-002,ASSET-ORG-002-015,privilege_escalation,2025-05-23T07:26:10,2025-05-27T15:55:32,0,True
CASE-00218,ORG-002,ASSET-ORG-002-014,recon,2025-01-11T12:00:10,2025-01-14T20:20:11,0,False
CASE-00219,ORG-002,ASSET-ORG-002-015,recon,2025-06-19T11:06:13,2025-06-24T10:13:09,1,True
CASE-00220,ORG-002,ASSET-ORG-002-012,data_exfil,2025-05-03T06:59:57,2025-05-03T16:45:33,1,True
CASE-00221,ORG-002,ASSET-ORG-002-032,malware,2025-02-07T08:57:14,2025-02-08T08:07:52,1,True
CASE-00222,ORG-002,ASSET-ORG-002-010,phishing,2025-01-25T09:09:24,2025-01-26T19:53:00,2,True
CASE-00223,ORG-002,ASSET-ORG-002-036,privilege_escalation,2025-06-04T10:03:17,2025-06-07T05:34:57,2,True
CASE-00224,ORG-002,ASSET-ORG-002-006,data_exfil,2025-05-21T18:41:38,2025-05-27T18:44:20,0,True
CASE-00225,ORG-002,ASSET-ORG-002-013,phishing,2025-03-24T08:03:41,2025-03-26T19:27:07,2,True
CASE-00226,ORG-002,ASSET-ORG-002-020,brute_force,2025-04-22T22:19:13,2025-04-28T16:53:19,0,False
CASE-00227,ORG-002,ASSET-ORG-002-013,brute_force,2025-06-17T11:11:39,2025-06-23T15:20:43,1,True
CASE-00228,ORG-002,ASSET-ORG-002-024,data_exfil,2025-03-15T08:17:27,2025-03-17T17:09:22,0,True
CASE-00229,ORG-002,ASSET-ORG-002-028,recon,2025-04-29T07:58:58,2025-05-04T22:13:42,2,False
CASE-00230,ORG-002,ASSET-ORG-002-031,malware,2025-05-28T22:50:52,2025-06-02T21:56:39,1,True
CASE-00231,ORG-002,ASSET-ORG-002-006,privilege_escalation,2025-06-26T00:23:45,2025-06-29T23:50:40,0,True
CASE-00232,ORG-002,ASSET-ORG-002-010,recon,2025-05-22T02:25:34,2025-05-24T13:36:08,1,True
CASE-00233,ORG-002,ASSET-ORG-002-030,brute_force,2025-03-30T01:56:37,2025-04-02T20:26:20,1,True
CASE-00234,ORG-002,ASSET-ORG-002-039,data_exfil,2025-01-14T23:15:47,2025-01-19T08:19:28,2,True
CASE-00235,ORG-002,ASSET-ORG-002-031,phishing,2025-01-31T01:04:05,2025-02-02T16:18:02,2,True
CASE-00236,ORG-002,ASSET-ORG-002-033,lateral_movement,2025-05-21T20:21:16,2025-05-26T17:21:53,1,True
CASE-00237,ORG-002,ASSET-ORG-002-027,data_exfil,2025-05-25T02:52:28,2025-05-29T23:33:38,2,True
CASE-00238,ORG-002,ASSET-ORG-002-020,lateral_movement,2025-04-25T05:43:07,2025-04-26T10:28:01,1,True
CASE-00239,ORG-002,ASSET-ORG-002-003,malware,2025-03-16T17:25:09,2025-03-19T00:42:38,1,True
CASE-00240,ORG-002,ASSET-ORG-002-028,brute_force,2025-05-30T18:22:49,2025-06-04T07:54:40,0,True
CASE-00241,ORG-002,ASSET-ORG-002-032,lateral_movement,2025-05-14T16:35:35,2025-05-19T11:50:00,0,True
CASE-00242,ORG-002,ASSET-ORG-002-025,data_exfil,2025-05-23T20:26:37,2025-05-27T04:19:36,1,True
CASE-00243,ORG-002,ASSET-ORG-002-003,privilege_escalation,2025-03-12T04:18:45,2025-03-12T20:32:33,2,True
CASE-00244,ORG-002,ASSET-ORG-002-010,brute_force,2025-04-28T13:32:04,2025-05-04T10:11:59,0,False
CASE-00245,ORG-002,ASSET-ORG-002-010,brute_force,2025-02-18T01:02:11,2025-02-20T08:03:19,2,True
CASE-00246,ORG-002,ASSET-ORG-002-006,lateral_movement,2025-05-19T04:20:25,2025-05-24T04:17:22,0,True
CASE-00247,ORG-002,ASSET-ORG-002-038,malware,2025-04-11T16:33:27,2025-04-14T07:33:22,1,False
CASE-00248,ORG-002,ASSET-ORG-002-011,privilege_escalation,2025-03-24T21:21:54,2025-03-28T07:01:08,1,True
CASE-00249,ORG-002,ASSET-ORG-002-033,recon,2025-05-08T20:46:02,2025-05-13T20:15:44,0,True
CASE-00250,ORG-002,ASSET-ORG-002-027,privilege_escalation,2025-06-20T04:19:19,2025-06-21T14:12:29,2,True
CASE-00251,ORG-002,ASSET-ORG-002-037,privilege_escalation,2025-06-04T20:46:39,2025-06-09T09:05:21,0,False
CASE-00252,ORG-002,ASSET-ORG-002-018,lateral_movement,2025-02-10T16:27:35,2025-02-15T20:22:37,0,True
CASE-00253,ORG-002,ASSET-ORG-002-001,phishing,2025-06-08T12:39:00,2025-06-14T19:52:29,2,True
CASE-00254,ORG-002,ASSET-ORG-002-005,privilege_escalation,2025-05-16T05:04:15,2025-05-21T14:46:31,1,True
CASE-00255,ORG-002,ASSET-ORG-002-019,lateral_movement,2025-03-25T16:22:14,2025-03-28T02:04:16,1,True
CASE-00256,ORG-002,ASSET-ORG-002-012,lateral_movement,2025-01-27T02:01:58,2025-01-29T19:42:37,1,True
CASE-00257,ORG-002,ASSET-ORG-002-033,malware,2025-03-29T12:13:53,2025-04-01T10:08:52,2,True
CASE-00258,ORG-002,ASSET-ORG-002-004,lateral_movement,2025-02-05T11:34:50,2025-02-08T03:28:15,3,True
CASE-00259,ORG-002,ASSET-ORG-002-027,data_exfil,2025-05-02T17:16:26,2025-05-04T09:04:45,1,False
CASE-00260,ORG-002,ASSET-ORG-002-011,malware,2025-02-26T22:03:51,2025-02-28T07:01:41,2,True
CASE-00261,ORG-002,ASSET-ORG-002-018,malware,2025-03-08T10:32:36,2025-03-09T03:11:03,1,True
CASE-00262,ORG-002,ASSET-ORG-002-031,data_exfil,2025-05-11T15:29:47,2025-05-13T04:51:33,1,True
CASE-00263,ORG-002,ASSET-ORG-002-018,privilege_escalation,2025-01-02T09:40:43,2025-01-03T05:52:15,3,True
CASE-00264,ORG-002,ASSET-ORG-002-034,privilege_escalation,2025-01-02T09:50:35,2025-01-07T07:15:49,2,True
CASE-00265,ORG-002,ASSET-ORG-002-018,data_exfil,2025-04-02T21:25:11,2025-04-07T07:35:12,0,True
CASE-00266,ORG-002,ASSET-ORG-002-022,brute_force,2025-05-13T09:41:52,2025-05-17T21:37:34,0,False
CASE-00267,ORG-002,ASSET-ORG-002-016,brute_force,2025-05-10T03:29:22,2025-05-15T07:33:09,0,True
CASE-00268,ORG-002,ASSET-ORG-002-004,brute_force,2025-06-19T12:50:08,2025-06-23T21:01:45,2,False
CASE-00269,ORG-002,ASSET-ORG-002-001,data_exfil,2025-06-19T01:01:02,2025-06-24T06:03:08,1,True
CASE-00270,ORG-002,ASSET-ORG-002-009,malware,2025-04-27T21:06:00,2025-04-29T16:53:44,2,False
CASE-00271,ORG-002,ASSET-ORG-002-018,lateral_movement,2025-05-26T21:57:46,2025-05-30T06:21:16,2,True
CASE-00272,ORG-002,ASSET-ORG-002-040,lateral_movement,2025-05-08T22:35:06,2025-05-15T00:59:48,1,True
CASE-00273,ORG-002,ASSET-ORG-002-013,malware,2025-05-04T21:38:12,2025-05-09T03:28:45,2,True
CASE-00274,ORG-002,ASSET-ORG-002-024,privilege_escalation,2025-01-09T21:13:49,2025-01-14T04:02:46,0,True
CASE-00275,ORG-002,ASSET-ORG-002-015,recon,2025-04-05T02:06:07,2025-04-10T06:39:30,2,True
CASE-00276,ORG-002,ASSET-ORG-002-006,brute_force,2025-03-25T02:14:03,2025-03-31T04:54:53,1,False
CASE-00277,ORG-002,ASSET-ORG-002-007,lateral_movement,2025-03-16T17:34:14,2025-03-20T15:09:51,0,True
CASE-00278,ORG-002,ASSET-ORG-002-010,privilege_escalation,2025-04-11T23:37:45,2025-04-18T10:36:54,2,True
CASE-00279,ORG-002,ASSET-ORG-002-032,privilege_escalation,2025-01-17T21:52:05,2025-01-21T21:38:31,0,False
CASE-00280,ORG-002,ASSET-ORG-002-036,privilege_escalation,2025-04-01T15:27:35,2025-04-04T00:24:31,0,False
CASE-00281,ORG-002,ASSET-ORG-002-008,data_exfil,2025-05-09T16:08:09,2025-05-16T13:37:00,1,True
CASE-00282,ORG-002,ASSET-ORG-002-014,phishing,2025-05-27T06:24:40,2025-05-28T16:27:36,1,True
CASE-00283,ORG-002,ASSET-ORG-002-002,phishing,2025-06-30T09:28:11,,1,False
CASE-00284,ORG-002,ASSET-ORG-002-018,phishing,2025-05-20T15:35:54,2025-05-24T02:38:17,2,True
CASE-00285,ORG-002,ASSET-ORG-002-008,lateral_movement,2025-01-27T08:40:14,2025-02-03T04:22:03,1,True
CASE-00286,ORG-002,ASSET-ORG-002-032,malware,2025-06-04T11:29:14,2025-06-08T20:25:21,2,False
CASE-00287,ORG-002,ASSET-ORG-002-037,privilege_escalation,2025-06-29T09:26:29,2025-06-30T12:16:37,0,True
CASE-00288,ORG-002,ASSET-ORG-002-025,lateral_movement,2025-05-25T06:28:51,2025-05-30T05:38:40,0,True
CASE-00289,ORG-002,ASSET-ORG-002-036,privilege_escalation,2025-03-26T20:23:30,2025-03-30T00:21:53,1,True
CASE-00290,ORG-002,ASSET-ORG-002-008,brute_force,2025-01-18T00:37:12,2025-01-19T17:03:45,1,True
CASE-00291,ORG-002,ASSET-ORG-002-038,phishing,2025-05-25T14:10:12,2025-05-27T07:59:18,2,True
CASE-00292,ORG-002,ASSET-ORG-002-009,privilege_escalation,2025-03-02T20:25:14,2025-03-07T19:09:37,1,True
CASE-00293,ORG-002,ASSET-ORG-002-001,brute_force,2025-01-13T00:24:16,2025-01-19T20:24:36,1,True
CASE-00294,ORG-002,ASSET-ORG-002-025,data_exfil,2025-03-04T01:38:39,2025-03-08T19:57:54,0,False
CASE-00295,ORG-002,ASSET-ORG-002-009,recon,2025-05-09T21:15:55,2025-05-12T21:58:07,0,True
CASE-00296,ORG-002,ASSET-ORG-002-001,recon,2025-06-15T12:17:41,2025-06-21T10:27:18,1,True
CASE-00297,ORG-002,ASSET-ORG-002-019,privilege_escalation,2025-02-12T12:10:03,2025-02-18T21:45:15,0,True
CASE-00298,ORG-002,ASSET-ORG-002-010,recon,2025-02-25T00:42:22,2025-02-27T03:11:38,1,True
CASE-00299,ORG-002,ASSET-ORG-002-003,recon,2025-03-04T03:57:27,2025-03-08T05:55:43,0,True
CASE-00300,ORG-002,ASSET-ORG-002-008,brute_force,2025-06-14T14:25:30,2025-06-20T17:44:05,1,True
CASE-00301,ORG-002,ASSET-ORG-002-014,data_exfil,2025-02-26T14:27:56,2025-03-03T12:11:23,0,True
CASE-00302,ORG-002,ASSET-ORG-002-022,phishing,2025-06-10T18:13:20,2025-06-13T15:34:03,0,False
CASE-00303,ORG-002,ASSET-ORG-002-015,lateral_movement,2025-05-23T20:43:46,2025-05-24T20:02:25,0,False
CASE-00304,ORG-002,ASSET-ORG-002-012,privilege_escalation,2025-04-05T15:56:10,2025-04-10T18:03:30,1,True
CASE-00305,ORG-002,ASSET-ORG-002-011,malware,2025-04-17T09:35:56,2025-04-22T11:51:37,1,True
CASE-00306,ORG-002,ASSET-ORG-002-031,brute_force,2025-05-28T03:12:14,2025-06-02T05:11:47,2,True
CASE-00307,ORG-002,ASSET-ORG-002-034,lateral_movement,2025-02-24T23:03:41,2025-02-28T17:18:21,0,True
CASE-00308,ORG-002,ASSET-ORG-002-013,lateral_movement,2025-06-16T06:25:28,2025-06-23T06:02:38,0,True
CASE-00309,ORG-002,ASSET-ORG-002-009,brute_force,2025-05-27T01:48:57,2025-05-28T01:34:49,1,False
CASE-00310,ORG-002,ASSET-ORG-002-020,data_exfil,2025-05-08T02:48:55,2025-05-10T10:29:41,1,True
CASE-00311,ORG-002,ASSET-ORG-002-029,lateral_movement,2025-04-04T16:20:28,2025-04-08T13:07:29,1,False
CASE-00312,ORG-002,ASSET-ORG-002-014,phishing,2025-06-06T04:34:55,2025-06-08T21:34:14,1,True
CASE-00313,ORG-002,ASSET-ORG-002-001,brute_force,2025-05-21T23:12:25,2025-05-23T12:54:05,1,True
CASE-00314,ORG-002,ASSET-ORG-002-010,data_exfil,2025-03-24T22:28:54,2025-03-27T07:28:48,0,False
CASE-00315,ORG-002,ASSET-ORG-002-007,brute_force,2025-04-03T00:25:15,2025-04-05T12:44:33,0,False
CASE-00316,ORG-002,ASSET-ORG-002-008,recon,2025-05-07T05:40:31,2025-05-11T16:15:59,1,True
CASE-00317,ORG-002,ASSET-ORG-002-010,lateral_movement,2025-05-21T07:19:44,2025-05-26T13:00:02,1,True
CASE-00318,ORG-002,ASSET-ORG-002-008,phishing,2025-03-19T00:29:55,2025-03-25T06:49:16,1,True
CASE-00319,ORG-002,ASSET-ORG-002-039,phishing,2025-05-07T18:15:15,2025-05-12T15:35:20,1,False
CASE-00320,ORG-002,ASSET-ORG-002-006,privilege_escalation,2025-04-01T00:52:35,2025-04-06T00:10:16,2,True
CASE-00321,ORG-002,ASSET-ORG-002-029,brute_force,2025-01-03T06:04:16,2025-01-05T01:01:25,2,True
CASE-00322,ORG-002,ASSET-ORG-002-008,data_exfil,2025-05-05T13:11:02,2025-05-12T01:39:32,1,True
CASE-00323,ORG-002,ASSET-ORG-002-038,recon,2025-04-22T04:39:06,2025-04-28T08:18:56,2,True
CASE-00324,ORG-002,ASSET-ORG-002-007,privilege_escalation,2025-04-26T03:00:59,2025-04-28T15:45:52,1,True
CASE-00325,ORG-002,ASSET-ORG-002-028,brute_force,2025-04-21T23:01:28,2025-04-23T19:30:07,0,True
CASE-00326,ORG-002,ASSET-ORG-002-005,lateral_movement,2025-06-26T11:41:24,,2,True
CASE-00327,ORG-002,ASSET-ORG-002-002,data_exfil,2025-04-18T23:25:41,2025-04-25T19:40:14,2,False
CASE-00328,ORG-002,ASSET-ORG-002-034,data_exfil,2025-01-13T09:56:35,2025-01-20T01:05:02,1,False
CASE-00329,ORG-002,ASSET-ORG-002-035,lateral_movement,2025-06-09T00:00:47,2025-06-10T20:09:24,2,False
CASE-00330,ORG-002,ASSET-ORG-002-014,lateral_movement,2025-06-24T07:07:47,2025-06-26T01:18:12,0,True
CASE-00331,ORG-002,ASSET-ORG-002-039,lateral_movement,2025-02-04T22:34:11,2025-02-05T08:07:13,2,True
CASE-00332,ORG-002,ASSET-ORG-002-021,malware,2025-01-08T14:25:13,2025-01-10T11:56:26,1,True
CASE-00333,ORG-002,ASSET-ORG-002-011,malware,2025-04-20T05:25:20,2025-04-23T16:12:32,0,False
CASE-00334,ORG-002,ASSET-ORG-002-003,malware,2025-01-25T05:13:26,2025-01-31T16:39:00,1,True
CASE-00335,ORG-002,ASSET-ORG-002-035,phishing,2025-03-24T03:33:43,2025-03-24T11:35:12,0,True
CASE-00336,ORG-002,ASSET-ORG-002-003,recon,2025-06-25T15:49:56,2025-06-29T13:17:24,0,True
CASE-00337,ORG-002,ASSET-ORG-002-029,phishing,2025-04-23T01:20:52,2025-04-29T08:11:58,0,True
CASE-00338,ORG-002,ASSET-ORG-002-034,brute_force,2025-04-28T16:58:00,2025-05-05T13:43:53,2,True
CASE-00339,ORG-002,ASSET-ORG-002-007,lateral_movement,2025-06-09T04:22:25,2025-06-10T01:24:13,2,True
CASE-00340,ORG-002,ASSET-ORG-002-013,phishing,2025-02-28T04:44:46,2025-03-03T03:25:53,1,False
CASE-00341,ORG-002,ASSET-ORG-002-039,recon,2025-02-11T22:49:09,2025-02-16T15:24:16,1,True
CASE-00342,ORG-002,ASSET-ORG-002-040,data_exfil,2025-01-15T10:32:28,2025-01-18T20:48:20,0,True
CASE-00343,ORG-002,ASSET-ORG-002-011,data_exfil,2025-03-30T13:25:47,2025-03-31T21:40:45,2,False
CASE-00344,ORG-002,ASSET-ORG-002-028,lateral_movement,2025-01-28T19:33:54,2025-02-04T15:39:30,0,True
CASE-00345,ORG-002,ASSET-ORG-002-018,lateral_movement,2025-05-16T07:20:13,2025-05-18T23:26:37,1,True
CASE-00346,ORG-002,ASSET-ORG-002-037,lateral_movement,2025-05-06T18:49:55,2025-05-13T07:47:45,0,True
CASE-00347,ORG-002,ASSET-ORG-002-027,privilege_escalation,2025-01-30T19:19:18,2025-02-03T23:28:05,2,False
CASE-00348,ORG-002,ASSET-ORG-002-028,data_exfil,2025-01-06T00:44:55,2025-01-09T08:50:15,0,True
CASE-00349,ORG-002,ASSET-ORG-002-008,recon,2025-01-22T08:35:28,2025-01-29T08:18:54,0,True
CASE-00350,ORG-002,ASSET-ORG-002-022,lateral_movement,2025-01-18T06:38:58,2025-01-23T00:19:41,0,False
CASE-00351,ORG-002,ASSET-ORG-002-018,phishing,2025-06-18T17:09:34,2025-06-21T18:55:06,2,True
CASE-00352,ORG-002,ASSET-ORG-002-007,data_exfil,2025-02-13T03:38:46,2025-02-18T01:55:50,2,False
CASE-00353,ORG-002,ASSET-ORG-002-008,phishing,2025-04-13T05:33:16,2025-04-17T06:50:36,1,True
CASE-00354,ORG-002,ASSET-ORG-002-032,malware,2025-04-13T17:07:58,2025-04-18T06:45:26,1,True
CASE-00355,ORG-002,ASSET-ORG-002-019,recon,2025-02-22T15:12:10,2025-02-24T04:03:28,2,False
CASE-00356,ORG-002,ASSET-ORG-002-011,brute_force,2025-05-26T23:58:54,2025-06-01T01:27:00,1,True
CASE-00357,ORG-002,ASSET-ORG-002-035,recon,2025-04-26T11:06:57,2025-05-01T16:23:47,0,True
CASE-00358,ORG-002,ASSET-ORG-002-009,brute_force,2025-01-02T20:15:41,2025-01-09T09:50:53,0,True
CASE-00359,ORG-002,ASSET-ORG-002-009,phishing,2025-03-15T13:20:20,2025-03-19T03:12:57,0,True
CASE-00360,ORG-002,ASSET-ORG-002-024,lateral_movement,2025-05-31T23:32:37,2025-06-04T08:06:09,0,True
CASE-00361,ORG-002,ASSET-ORG-002-027,lateral_movement,2025-03-30T21:26:24,2025-04-02T10:46:23,0,True
CASE-00362,ORG-002,ASSET-ORG-002-023,privilege_escalation,2025-04-02T00:08:27,2025-04-08T10:25:32,2,True
CASE-00363,ORG-002,ASSET-ORG-002-028,recon,2025-05-20T12:17:52,2025-05-23T14:55:48,2,True
CASE-00364,ORG-002,ASSET-ORG-002-006,brute_force,2025-03-20T22:29:46,2025-03-25T01:35:14,3,False
CASE-00365,ORG-002,ASSET-ORG-002-006,malware,2025-05-22T17:49:39,2025-05-25T23:44:35,0,False
CASE-00366,ORG-002,ASSET-ORG-002-011,recon,2025-01-12T03:33:25,2025-01-13T12:11:38,0,True
CASE-00367,ORG-002,ASSET-ORG-002-036,data_exfil,2025-06-06T23:10:10,2025-06-07T10:17:04,0,False
CASE-00368,ORG-002,ASSET-ORG-002-028,lateral_movement,2025-04-09T18:37:53,2025-04-11T18:22:08,2,True
CASE-00369,ORG-002,ASSET-ORG-002-033,lateral_movement,2025-05-12T09:59:46,2025-05-19T05:04:17,1,True
CASE-00370,ORG-002,ASSET-ORG-002-026,malware,2025-04-30T16:06:13,2025-05-03T07:29:55,1,False
CASE-00371,ORG-002,ASSET-ORG-002-001,lateral_movement,2025-03-24T12:32:42,2025-03-31T08:10:42,1,True
CASE-00372,ORG-002,ASSET-ORG-002-016,lateral_movement,2025-05-09T09:17:40,2025-05-16T03:07:04,1,True
CASE-00373,ORG-002,ASSET-ORG-002-003,recon,2025-03-29T02:52:12,2025-03-31T11:57:30,2,True
CASE-00374,ORG-002,ASSET-ORG-002-034,phishing,2025-02-03T22:41:35,2025-02-05T04:34:26,1,True
CASE-00375,ORG-002,ASSET-ORG-002-009,recon,2025-03-10T14:27:28,2025-03-11T13:17:07,0,True
CASE-00376,ORG-002,ASSET-ORG-002-025,phishing,2025-03-14T11:37:41,2025-03-16T04:36:34,2,True
CASE-00377,ORG-002,ASSET-ORG-002-016,privilege_escalation,2025-04-15T16:28:46,2025-04-17T10:48:36,2,True
CASE-00378,ORG-003,ASSET-ORG-003-035,privilege_escalation,2025-03-07T14:40:18,2025-03-13T19:26:37,2,True
CASE-00379,ORG-003,ASSET-ORG-003-022,data_exfil,2025-02-02T13:26:32,2025-02-04T23:29:57,2,True
CASE-00380,ORG-003,ASSET-ORG-003-038,phishing,2025-06-18T14:43:52,2025-06-21T15:28:19,3,True
CASE-00381,ORG-003,ASSET-ORG-003-024,malware,2025-02-13T09:50:07,2025-02-19T20:46:33,2,True
CASE-00382,ORG-003,ASSET-ORG-003-026,brute_force,2025-03-13T00:46:16,2025-03-13T16:14:41,0,False
CASE-00383,ORG-003,ASSET-ORG-003-032,recon,2025-02-21T00:58:00,2025-02-26T01:28:42,0,False
CASE-00384,ORG-003,ASSET-ORG-003-036,brute_force,2025-01-04T00:51:08,2025-01-08T06:11:15,3,False
CASE-00385,ORG-003,ASSET-ORG-003-019,privilege_escalation,2025-02-20T19:38:35,2025-02-23T20:56:52,1,True
CASE-00386,ORG-003,ASSET-ORG-003-020,lateral_movement,2025-05-02T00:13:50,2025-05-03T19:10:35,2,False
CASE-00387,ORG-003,ASSET-ORG-003-033,privilege_escalation,2025-04-23T00:50:59,2025-04-24T06:33:08,1,False
CASE-00388,ORG-003,ASSET-ORG-003-008,data_exfil,2025-04-27T07:32:49,2025-05-03T12:35:40,1,True
CASE-00389,ORG-003,ASSET-ORG-003-013,recon,2025-06-11T18:10:32,2025-06-16T03:20:52,0,True
CASE-00390,ORG-003,ASSET-ORG-003-018,privilege_escalation,2025-01-08T07:39:02,2025-01-09T16:42:10,0,False
CASE-00391,ORG-003,ASSET-ORG-003-014,data_exfil,2025-03-01T17:25:44,2025-03-03T03:07:16,1,True
CASE-00392,ORG-003,ASSET-ORG-003-030,malware,2025-03-05T10:50:54,2025-03-09T18:19:01,0,True
CASE-00393,ORG-003,ASSET-ORG-003-014,lateral_movement,2025-02-03T16:36:49,2025-02-08T11:15:03,1,True
CASE-00394,ORG-003,ASSET-ORG-003-014,privilege_escalation,2025-03-23T10:56:08,2025-03-29T13:32:18,1,True
CASE-00395,ORG-003,ASSET-ORG-003-034,malware,2025-02-16T05:51:14,2025-02-21T18:00:29,0,True
CASE-00396,ORG-003,ASSET-ORG-003-021,malware,2025-01-04T02:49:47,2025-01-07T16:14:10,1,False
CASE-00397,ORG-003,ASSET-ORG-003-010,lateral_movement,2025-06-17T19:44:17,2025-06-19T11:31:01,3,True
CASE-00398,ORG-003,ASSET-ORG-003-006,malware,2025-05-31T17:58:38,2025-06-05T09:02:46,0,True
CASE-00399,ORG-003,ASSET-ORG-003-025,recon,2025-04-13T18:18:25,2025-04-15T13:50:45,2,True
CASE-00400,ORG-003,ASSET-ORG-003-034,data_exfil,2025-04-20T00:42:45,2025-04-21T02:13:48,1,True
CASE-00401,ORG-003,ASSET-ORG-003-009,privilege_escalation,2025-04-03T19:42:21,2025-04-04T05:39:54,0,True
CASE-00402,ORG-003,ASSET-ORG-003-009,phishing,2025-06-14T00:35:51,2025-06-20T14:23:07,1,True
CASE-00403,ORG-003,ASSET-ORG-003-023,data_exfil,2025-02-01T14:39:14,2025-02-03T14:30:51,0,False
CASE-00404,ORG-003,ASSET-ORG-003-036,privilege_escalation,2025-06-27T06:23:20,,1,True
CASE-00405,ORG-003,ASSET-ORG-003-021,privilege_escalation,2025-05-31T02:05:38,2025-06-06T13:36:18,1,True
CASE-00406,ORG-003,ASSET-ORG-003-029,recon,2025-03-27T20:48:29,2025-03-31T14:13:45,1,True
CASE-00407,ORG-003,ASSET-ORG-003-011,phishing,2025-04-06T16:12:13,2025-04-11T02:37:16,1,True
CASE-00408,ORG-003,ASSET-ORG-003-018,recon,2025-05-03T18:08:12,2025-05-08T05:02:01,3,True
CASE-00409,ORG-003,ASSET-ORG-003-028,brute_force,2025-06-04T16:26:11,2025-06-08T20:51:52,1,False
CASE-00410,ORG-003,ASSET-ORG-003-019,phishing,2025-04-08T11:38:05,2025-04-10T09:10:43,4,True
CASE-00411,ORG-003,ASSET-ORG-003-008,malware,2025-06-07T18:08:30,2025-06-13T06:50:13,1,False
CASE-00412,ORG-003,ASSET-ORG-003-002,phishing,2025-06-15T06:00:31,2025-06-15T15:49:52,0,False
CASE-00413,ORG-003,ASSET-ORG-003-003,phishing,2025-06-05T15:49:36,2025-06-09T17:12:02,3,True
CASE-00414,ORG-003,ASSET-ORG-003-015,recon,2025-05-06T16:49:23,2025-05-09T20:25:26,3,True
CASE-00415,ORG-003,ASSET-ORG-003-016,phishing,2025-05-05T18:58:06,2025-05-07T12:40:41,2,False
CASE-00416,ORG-003,ASSET-ORG-003-021,malware,2025-02-10T10:57:11,2025-02-10T20:34:31,4,True
CASE-00417,ORG-003,ASSET-ORG-003-031,malware,2025-04-12T07:42:11,2025-04-15T03:08:56,0,True
CASE-00418,ORG-003,ASSET-ORG-003-028,recon,2025-05-24T08:03:07,2025-05-26T21:06:24,2,True
CASE-00419,ORG-003,ASSET-ORG-003-019,brute_force,2025-02-25T05:13:38,2025-03-03T20:37:57,0,True
CASE-00420,ORG-003,ASSET-ORG-003-025,data_exfil,2025-04-24T20:58:41,2025-05-01T03:53:03,2,True
CASE-00421,ORG-003,ASSET-ORG-003-015,data_exfil,2025-03-29T04:30:43,2025-04-03T20:58:51,1,True
CASE-00422,ORG-003,ASSET-ORG-003-019,lateral_movement,2025-03-22T06:01:18,2025-03-24T09:37:34,2,True
CASE-00423,ORG-003,ASSET-ORG-003-009,brute_force,2025-06-14T06:28:28,2025-06-20T20:34:13,3,False
CASE-00424,ORG-003,ASSET-ORG-003-011,brute_force,2025-02-25T21:46:23,2025-02-28T18:41:33,0,False
CASE-00425,ORG-003,ASSET-ORG-003-005,recon,2025-02-12T09:59:52,2025-02-14T20:21:03,0,True
CASE-00426,ORG-003,ASSET-ORG-003-007,lateral_movement,2025-01-26T23:12:26,2025-01-29T14:40:19,0,False
CASE-00427,ORG-003,ASSET-ORG-003-009,phishing,2025-04-28T18:51:50,2025-04-30T20:34:39,0,False
CASE-00428,ORG-003,ASSET-ORG-003-001,lateral_movement,2025-03-01T04:47:40,2025-03-02T15:46:02,3,True
CASE-00429,ORG-003,ASSET-ORG-003-001,malware,2025-04-11T21:28:03,2025-04-15T04:45:20,1,True
CASE-00430,ORG-003,ASSET-ORG-003-032,phishing,2025-02-09T14:30:31,2025-02-15T13:25:16,2,True
CASE-00431,ORG-003,ASSET-ORG-003-035,phishing,2025-05-29T22:10:34,2025-06-04T23:33:26,1,True
CASE-00432,ORG-003,ASSET-ORG-003-006,lateral_movement,2025-03-30T13:14:31,2025-04-02T00:46:47,0,False
CASE-00433,ORG-003,ASSET-ORG-003-023,data_exfil,2025-04-01T03:36:54,2025-04-05T09:04:08,2,True
CASE-00434,ORG-003,ASSET-ORG-003-024,recon,2025-05-02T21:27:17,2025-05-06T10:49:30,2,True
CASE-00435,ORG-003,ASSET-ORG-003-025,phishing,2025-06-17T12:38:57,2025-06-18T06:10:18,1,True
CASE-00436,ORG-003,ASSET-ORG-003-006,recon,2025-06-08T13:56:55,2025-06-14T10:03:41,1,True
CASE-00437,ORG-003,ASSET-ORG-003-036,phishing,2025-05-22T15:58:42,2025-05-24T05:45:38,2,True
CASE-00438,ORG-003,ASSET-ORG-003-036,privilege_escalation,2025-02-05T06:33:43,2025-02-10T22:35:10,1,False
CASE-00439,ORG-003,ASSET-ORG-003-031,phishing,2025-01-13T07:06:05,2025-01-19T04:15:39,2,True
CASE-00440,ORG-003,ASSET-ORG-003-013,data_exfil,2025-06-02T20:40:19,2025-06-05T19:57:23,1,False
CASE-00441,ORG-003,ASSET-ORG-003-038,phishing,2025-06-12T16:42:55,2025-06-13T09:14:23,2,True
CASE-00442,ORG-003,ASSET-ORG-003-012,phishing,2025-04-22T23:22:29,2025-04-25T21:44:07,0,True
CASE-00443,ORG-003,ASSET-ORG-003-011,malware,2025-05-23T07:07:09,2025-05-28T19:31:15,0,False
CASE-00444,ORG-003,ASSET-ORG-003-038,malware,2025-05-05T08:16:56,2025-05-09T08:35:42,0,True
CASE-00445,ORG-003,ASSET-ORG-003-036,phishing,2025-02-15T21:57:31,2025-02-18T06:28:25,1,True
CASE-00446,ORG-003,ASSET-ORG-003-024,lateral_movement,2025-02-17T11:33:04,2025-02-24T08:53:06,1,True
CASE-00447,ORG-003,ASSET-ORG-003-036,brute_force,2025-02-21T19:16:36,2025-02-27T04:59:30,2,True
CASE-00448,ORG-003,ASSET-ORG-003-030,lateral_movement,2025-05-25T09:42:24,2025-05-31T17:19:58,0,True
CASE-00449,ORG-003,ASSET-ORG-003-026,brute_force,2025-02-17T23:44:02,2025-02-18T13:25:52,4,True
CASE-00450,ORG-003,ASSET-ORG-003-017,privilege_escalation,2025-02-19T07:14:32,2025-02-25T16:19:45,1,True
CASE-00451,ORG-003,ASSET-ORG-003-008,phishing,2025-06-23T10:56:55,2025-06-29T05:05:46,1,True
CASE-00452,ORG-003,ASSET-ORG-003-038,data_exfil,2025-01-01T12:31:38,2025-01-04T02:56:06,0,True
CASE-00453,ORG-003,ASSET-ORG-003-029,malware,2025-02-01T11:23:31,2025-02-02T11:32:21,2,True
CASE-00454,ORG-003,ASSET-ORG-003-030,privilege_escalation,2025-04-13T07:59:53,2025-04-19T16:57:50,1,True
CASE-00455,ORG-003,ASSET-ORG-003-014,data_exfil,2025-05-18T11:08:24,2025-05-22T18:20:59,0,True
CASE-00456,ORG-003,ASSET-ORG-003-036,recon,2025-02-17T04:35:19,2025-02-19T02:38:54,0,True
CASE-00457,ORG-003,ASSET-ORG-003-007,phishing,2025-06-04T00:44:11,2025-06-08T18:50:54,2,True
CASE-00458,ORG-003,ASSET-ORG-003-004,recon,2025-02-06T14:11:46,2025-02-09T00:39:48,0,True
CASE-00459,ORG-003,ASSET-ORG-003-003,brute_force,2025-05-28T18:30:07,2025-06-04T00:55:03,1,True
CASE-00460,ORG-003,ASSET-ORG-003-030,recon,2025-04-08T18:17:49,2025-04-15T05:39:19,1,False
CASE-00461,ORG-003,ASSET-ORG-003-029,brute_force,2025-05-13T17:47:39,2025-05-16T15:07:54,0,True
CASE-00462,ORG-003,ASSET-ORG-003-024,lateral_movement,2025-04-10T20:58:21,2025-04-15T13:03:44,2,True
CASE-00463,ORG-003,ASSET-ORG-003-035,data_exfil,2025-06-29T11:33:44,2025-06-30T13:17:42,2,False
CASE-00464,ORG-003,ASSET-ORG-003-003,phishing,2025-01-04T08:47:46,2025-01-08T01:48:26,2,False
CASE-00465,ORG-003,ASSET-ORG-003-016,data_exfil,2025-05-06T07:48:50,2025-05-07T15:42:03,0,False
CASE-00466,ORG-003,ASSET-ORG-003-037,brute_force,2025-01-22T06:13:03,2025-01-28T04:15:53,1,True
CASE-00467,ORG-003,ASSET-ORG-003-011,phishing,2025-06-19T07:50:43,2025-06-20T19:05:57,1,True
CASE-00468,ORG-003,ASSET-ORG-003-010,lateral_movement,2025-04-23T01:53:35,2025-04-25T10:40:30,2,False
CASE-00469,ORG-003,ASSET-ORG-003-038,lateral_movement,2025-03-09T14:57:04,2025-03-10T05:57:01,0,True
CASE-00470,ORG-003,ASSET-ORG-003-013,data_exfil,2025-02-23T19:46:18,2025-03-02T08:43:19,0,True
CASE-00471,ORG-003,ASSET-ORG-003-013,malware,2025-04-22T22:54:50,2025-04-28T07:57:41,3,False
CASE-00472,ORG-003,ASSET-ORG-003-006,phishing,2025-05-14T08:35:47,2025-05-20T18:11:33,0,True
CASE-00473,ORG-003,ASSET-ORG-003-008,phishing,2025-03-19T05:58:23,2025-03-20T04:04:31,3,True
CASE-00474,ORG-003,ASSET-ORG-003-010,malware,2025-02-10T05:50:04,2025-02-12T11:40:54,0,True
CASE-00475,ORG-003,ASSET-ORG-003-030,data_exfil,2025-04-01T14:17:37,2025-04-03T14:57:54,2,True
CASE-00476,ORG-003,ASSET-ORG-003-006,malware,2025-01-22T21:15:53,2025-01-27T20:41:59,1,True
CASE-00477,ORG-003,ASSET-ORG-003-009,phishing,2025-01-09T03:02:25,2025-01-10T22:16:17,0,True
CASE-00478,ORG-003,ASSET-ORG-003-003,data_exfil,2025-01-27T09:44:39,2025-01-31T21:37:56,2,True
CASE-00479,ORG-003,ASSET-ORG-003-034,privilege_escalation,2025-03-26T23:32:09,2025-03-30T07:58:02,2,True
CASE-00480,ORG-003,ASSET-ORG-003-014,malware,2025-02-27T00:19:55,2025-03-01T16:23:07,2,True
CASE-00481,ORG-003,ASSET-ORG-003-022,phishing,2025-04-15T02:37:58,2025-04-15T14:32:18,1,True
CASE-00482,ORG-003,ASSET-ORG-003-030,lateral_movement,2025-06-20T06:31:19,2025-06-24T06:19:48,2,False
CASE-00483,ORG-003,ASSET-ORG-003-007,phishing,2025-05-29T10:10:34,2025-06-02T04:19:39,1,True
CASE-00484,ORG-003,ASSET-ORG-003-006,brute_force,2025-01-05T09:50:01,2025-01-10T12:49:21,0,True
CASE-00485,ORG-003,ASSET-ORG-003-009,brute_force,2025-06-16T23:09:45,2025-06-17T09:42:31,1,True
CASE-00486,ORG-003,ASSET-ORG-003-021,phishing,2025-01-30T03:38:51,2025-02-02T23:09:31,1,True
CASE-00487,ORG-003,ASSET-ORG-003-002,privilege_escalation,2025-06-09T20:34:04,2025-06-12T12:58:24,1,True
CASE-00488,ORG-003,ASSET-ORG-003-024,brute_force,2025-05-21T02:46:46,2025-05-26T01:36:24,0,False
CASE-00489,ORG-003,ASSET-ORG-003-005,privilege_escalation,2025-05-25T02:29:34,2025-05-25T10:51:10,1,False
CASE-00490,ORG-003,ASSET-ORG-003-014,lateral_movement,2025-05-10T12:12:53,2025-05-15T00:46:22,3,True
CASE-00491,ORG-003,ASSET-ORG-003-038,data_exfil,2025-06-09T21:45:30,2025-06-10T10:44:08,1,False
CASE-00492,ORG-003,ASSET-ORG-003-015,data_exfil,2025-01-24T00:57:02,2025-01-26T02:16:32,0,True
CASE-00493,ORG-003,ASSET-ORG-003-028,brute_force,2025-04-17T17:45:51,2025-04-22T00:54:16,0,True
CASE-00494,ORG-003,ASSET-ORG-003-025,brute_force,2025-05-29T01:50:37,2025-05-30T23:48:21,1,True
CASE-00495,ORG-003,ASSET-ORG-003-002,brute_force,2025-01-15T13:17:15,2025-01-17T18:46:31,1,True
CASE-00496,ORG-003,ASSET-ORG-003-031,malware,2025-03-24T00:48:19,2025-03-25T20:39:52,1,True
CASE-00497,ORG-003,ASSET-ORG-003-011,data_exfil,2025-02-14T19:38:15,2025-02-21T03:46:30,0,True
CASE-00498,ORG-003,ASSET-ORG-003-011,recon,2025-05-01T06:43:43,2025-05-02T08:38:49,0,True
CASE-00499,ORG-003,ASSET-ORG-003-006,data_exfil,2025-03-24T18:13:50,2025-03-25T08:44:57,0,True
CASE-00500,ORG-003,ASSET-ORG-003-009,phishing,2025-06-16T23:56:28,2025-06-20T17:54:16,1,True
CASE-00501,ORG-003,ASSET-ORG-003-007,brute_force,2025-03-04T00:40:32,2025-03-07T12:42:55,1,False
CASE-00502,ORG-003,ASSET-ORG-003-011,privilege_escalation,2025-06-20T14:30:46,2025-06-21T00:43:11,1,True
CASE-00503,ORG-003,ASSET-ORG-003-019,malware,2025-02-18T11:40:27,2025-02-19T12:45:23,0,True
CASE-00504,ORG-003,ASSET-ORG-003-024,data_exfil,2025-04-07T09:19:52,2025-04-13T04:49:56,2,True
CASE-00505,ORG-003,ASSET-ORG-003-020,recon,2025-01-13T14:22:25,2025-01-18T10:24:09,0,True
CASE-00506,ORG-003,ASSET-ORG-003-023,brute_force,2025-02-25T08:23:58,2025-03-02T20:14:21,0,False
CASE-00507,ORG-003,ASSET-ORG-003-016,brute_force,2025-04-04T02:57:54,2025-04-05T17:57:48,0,True
CASE-00508,ORG-003,ASSET-ORG-003-017,data_exfil,2025-03-26T07:26:53,2025-03-26T16:14:37,3,True
CASE-00509,ORG-003,ASSET-ORG-003-036,malware,2025-05-30T08:31:51,2025-06-01T03:02:57,1,False
CASE-00510,ORG-003,ASSET-ORG-003-033,malware,2025-01-08T12:29:48,2025-01-11T08:51:13,0,True
CASE-00511,ORG-003,ASSET-ORG-003-027,recon,2025-02-14T15:10:58,2025-02-16T04:25:11,0,True
CASE-00512,ORG-003,ASSET-ORG-003-018,privilege_escalation,2025-01-18T11:20:25,2025-01-24T17:46:02,2,True
CASE-00513,ORG-003,ASSET-ORG-003-034,malware,2025-04-16T16:57:37,2025-04-17T04:47:03,2,True
CASE-00514,ORG-003,ASSET-ORG-003-024,data_exfil,2025-01-21T20:31:49,2025-01-23T23:40:36,0,True
CASE-00515,ORG-003,ASSET-ORG-003-007,brute_force,2025-05-17T18:17:36,2025-05-18T20:00:11,4,True
CASE-00516,ORG-003,ASSET-ORG-003-013,recon,2025-01-09T05:50:03,2025-01-14T12:50:37,1,True
CASE-00517,ORG-003,ASSET-ORG-003-016,malware,2025-03-31T16:49:30,2025-04-03T19:34:52,2,True
CASE-00518,ORG-003,ASSET-ORG-003-004,privilege_escalation,2025-06-18T23:33:42,2025-06-22T19:22:03,1,True
CASE-00519,ORG-003,ASSET-ORG-003-034,brute_force,2025-04-06T13:02:26,2025-04-10T12:29:26,1,True
CASE-00520,ORG-003,ASSET-ORG-003-026,phishing,2025-01-23T04:14:16,2025-01-25T21:29:17,2,True
CASE-00521,ORG-003,ASSET-ORG-003-037,data_exfil,2025-02-05T06:54:14,2025-02-09T20:32:17,1,True
CASE-00522,ORG-003,ASSET-ORG-003-034,lateral_movement,2025-03-10T23:58:27,2025-03-16T18:07:11,1,True
CASE-00523,ORG-003,ASSET-ORG-003-028,recon,2025-02-19T06:36:37,2025-02-25T15:07:53,0,True
CASE-00524,ORG-003,ASSET-ORG-003-008,recon,2025-01-02T01:28:35,2025-01-06T10:41:30,0,True
CASE-00525,ORG-003,ASSET-ORG-003-013,recon,2025-03-20T04:09:29,2025-03-22T09:45:59,1,False
CASE-00526,ORG-003,ASSET-ORG-003-029,brute_force,2025-06-12T18:54:15,2025-06-18T10:19:40,0,False
CASE-00527,ORG-003,ASSET-ORG-003-028,privilege_escalation,2025-01-29T21:59:14,2025-01-31T04:58:41,1,True
CASE-00528,ORG-003,ASSET-ORG-003-005,recon,2025-02-16T17:02:02,2025-02-18T17:17:38,0,True
CASE-00529,ORG-003,ASSET-ORG-003-031,malware,2025-01-07T05:31:30,2025-01-08T06:17:47,1,False
CASE-00530,ORG-003,ASSET-ORG-003-026,data_exfil,2025-03-24T15:16:11,2025-03-26T04:26:43,2,True
CASE-00531,ORG-003,ASSET-ORG-003-022,lateral_movement,2025-04-25T10:24:11,2025-04-26T01:39:55,1,False
CASE-00532,ORG-003,ASSET-ORG-003-008,malware,2025-03-28T18:51:04,2025-04-04T00:18:28,2,True
CASE-00533,ORG-003,ASSET-ORG-003-008,brute_force,2025-01-08T06:04:01,2025-01-08T19:47:23,1,True
CASE-00534,ORG-003,ASSET-ORG-003-017,recon,2025-02-15T19:36:57,2025-02-22T18:01:54,0,False
CASE-00535,ORG-003,ASSET-ORG-003-036,malware,2025-06-09T08:01:41,2025-06-12T22:32:31,0,True
CASE-00536,ORG-003,ASSET-ORG-003-021,phishing,2025-05-10T15:45:09,2025-05-11T18:54:43,1,True
CASE-00537,ORG-003,ASSET-ORG-003-012,malware,2025-02-19T14:49:02,2025-02-26T00:59:15,1,True
CASE-00538,ORG-003,ASSET-ORG-003-038,brute_force,2025-05-06T13:18:00,2025-05-12T22:02:03,2,False
CASE-00539,ORG-003,ASSET-ORG-003-026,privilege_escalation,2025-04-28T16:40:23,2025-05-05T10:48:36,1,False
CASE-00540,ORG-003,ASSET-ORG-003-015,lateral_movement,2025-01-13T15:28:29,2025-01-16T09:20:23,0,True
CASE-00541,ORG-003,ASSET-ORG-003-029,lateral_movement,2025-01-24T08:32:08,2025-01-29T17:17:22,0,True
CASE-00542,ORG-003,ASSET-ORG-003-036,lateral_movement,2025-02-26T19:41:22,2025-02-28T09:24:54,0,True
CASE-00543,ORG-003,ASSET-ORG-003-025,malware,2025-01-29T19:46:47,2025-02-01T18:46:36,1,True
CASE-00544,ORG-003,ASSET-ORG-003-004,data_exfil,2025-04-04T04:27:29,2025-04-07T17:59:12,0,True
CASE-00545,ORG-003,ASSET-ORG-003-012,privilege_escalation,2025-03-04T14:07:04,2025-03-10T05:22:20,0,True
CASE-00546,ORG-003,ASSET-ORG-003-033,lateral_movement,2025-04-25T18:08:36,2025-04-29T14:21:05,0,True
CASE-00547,ORG-003,ASSET-ORG-003-008,recon,2025-03-28T14:49:38,2025-03-29T03:05:50,0,True
CASE-00548,ORG-003,ASSET-ORG-003-017,phishing,2025-06-21T13:03:31,2025-06-27T02:32:03,2,False
CASE-00549,ORG-003,ASSET-ORG-003-009,malware,2025-02-11T14:54:26,2025-02-17T15:00:32,3,True
CASE-00550,ORG-003,ASSET-ORG-003-030,privilege_escalation,2025-06-25T13:18:06,,0,False
CASE-00551,ORG-003,ASSET-ORG-003-007,malware,2025-03-21T18:11:45,2025-03-22T18:11:35,3,False
CASE-00552,ORG-003,ASSET-ORG-003-002,lateral_movement,2025-06-05T23:24:50,2025-06-09T10:59:46,3,True
CASE-00553,ORG-003,ASSET-ORG-003-035,privilege_escalation,2025-01-17T06:00:57,2025-01-20T10:31:33,0,True
CASE-00554,ORG-003,ASSET-ORG-003-037,recon,2025-04-26T15:06:34,2025-05-03T02:02:35,1,False
CASE-00555,ORG-003,ASSET-ORG-003-038,data_exfil,2025-06-24T22:11:00,2025-06-27T00:53:07,1,False
CASE-00556,ORG-003,ASSET-ORG-003-006,data_exfil,2025-01-05T08:27:10,2025-01-12T05:00:41,3,True
CASE-00557,ORG-003,ASSET-ORG-003-038,brute_force,2025-06-30T03:52:37,,0,True
CASE-00558,ORG-003,ASSET-ORG-003-005,recon,2025-06-30T05:08:47,,1,False
CASE-00559,ORG-003,ASSET-ORG-003-020,recon,2025-01-27T20:14:53,2025-01-30T03:03:36,0,False
CASE-00560,ORG-003,ASSET-ORG-003-029,brute_force,2025-04-12T08:26:45,2025-04-18T21:54:36,0,True
CASE-00561,ORG-003,ASSET-ORG-003-015,recon,2025-03-27T12:11:47,2025-04-02T23:49:35,2,True
CASE-00562,ORG-003,ASSET-ORG-003-001,recon,2025-02-03T12:15:28,2025-02-04T14:14:00,1,False
CASE-00563,ORG-003,ASSET-ORG-003-017,recon,2025-01-10T02:12:28,2025-01-15T12:11:18,1,True
CASE-00564,ORG-003,ASSET-ORG-003-031,lateral_movement,2025-01-19T04:39:35,2025-01-21T17:02:20,0,False
CASE-00565,ORG-004,ASSET-ORG-004-001,malware,2025-05-23T17:38:49,2025-05-28T16:44:07,3,False
CASE-00566,ORG-004,ASSET-ORG-004-001,malware,2025-05-21T04:47:37,2025-05-24T01:27:40,2,False
CASE-00567,ORG-004,ASSET-ORG-004-001,malware,2025-02-15T07:50:24,2025-02-16T11:05:39,2,False
CASE-00568,ORG-004,ASSET-ORG-004-001,malware,2025-02-20T15:01:01,2025-02-26T12:24:56,3,False
CASE-00569,ORG-004,ASSET-ORG-004-001,malware,2025-01-17T15:44:10,2025-01-21T18:37:06,1,False
CASE-00570,ORG-004,ASSET-ORG-004-001,malware,2025-02-18T13:52:46,2025-02-21T16:32:02,2,False
CASE-00571,ORG-004,ASSET-ORG-004-001,malware,2025-05-07T13:07:55,2025-05-07T21:48:06,1,False
CASE-00572,ORG-004,ASSET-ORG-004-001,phishing,2025-05-18T05:35:40,2025-05-20T22:44:05,1,False
CASE-00573,ORG-004,ASSET-ORG-004-001,phishing,2025-03-07T01:51:09,2025-03-07T15:20:52,3,False
CASE-00574,ORG-004,ASSET-ORG-004-001,phishing,2025-03-04T01:03:10,2025-03-07T04:39:32,3,False
CASE-00575,ORG-004,ASSET-ORG-004-001,phishing,2025-01-23T16:03:54,2025-01-26T14:35:39,1,False
CASE-00576,ORG-004,ASSET-ORG-004-001,phishing,2025-04-08T04:57:09,2025-04-13T09:22:53,2,False
CASE-00577,ORG-004,ASSET-ORG-004-001,phishing,2025-05-04T15:02:18,2025-05-10T16:58:14,3,False
CASE-00578,ORG-004,ASSET-ORG-004-001,brute_force,2025-03-14T00:38:30,2025-03-18T09:29:37,3,False
CASE-00579,ORG-004,ASSET-ORG-004-001,brute_force,2025-06-29T09:14:18,,2,False
CASE-00580,ORG-004,ASSET-ORG-004-001,brute_force,2025-05-26T05:38:31,2025-05-29T14:24:48,1,False
CASE-00581,ORG-004,ASSET-ORG-004-001,brute_force,2025-01-16T21:11:52,2025-01-19T02:49:35,3,False
CASE-00582,ORG-004,ASSET-ORG-004-001,brute_force,2025-01-29T13:36:19,2025-02-02T11:49:54,3,False
CASE-00583,ORG-004,ASSET-ORG-004-001,brute_force,2025-04-30T03:19:30,2025-05-05T14:42:39,2,False
CASE-00584,ORG-004,ASSET-ORG-004-001,brute_force,2025-02-23T23:26:22,2025-02-26T01:25:34,3,False
CASE-00585,ORG-004,ASSET-ORG-004-001,brute_force,2025-01-16T12:28:19,2025-01-18T04:27:51,1,False
CASE-00586,ORG-004,ASSET-ORG-004-001,data_exfil,2025-03-21T22:37:57,2025-03-24T23:56:03,1,False
CASE-00587,ORG-004,ASSET-ORG-004-001,data_exfil,2025-01-23T01:21:40,2025-01-28T06:15:48,3,False
CASE-00588,ORG-004,ASSET-ORG-004-001,data_exfil,2025-01-08T07:40:54,2025-01-09T13:12:37,2,False
CASE-00589,ORG-004,ASSET-ORG-004-001,data_exfil,2025-06-21T05:01:14,2025-06-26T14:32:50,2,False
CASE-00590,ORG-004,ASSET-ORG-004-001,data_exfil,2025-05-30T11:06:02,2025-06-02T05:31:17,2,False
CASE-00591,ORG-004,ASSET-ORG-004-001,recon,2025-01-16T12:04:10,2025-01-20T18:25:10,2,False
CASE-00592,ORG-004,ASSET-ORG-004-001,recon,2025-04-12T02:53:31,2025-04-13T12:36:03,2,False
CASE-00593,ORG-004,ASSET-ORG-004-001,recon,2025-03-25T05:54:07,2025-03-27T20:31:18,3,False
CASE-00594,ORG-004,ASSET-ORG-004-001,recon,2025-01-10T23:32:14,2025-01-16T07:14:21,3,False
CASE-00595,ORG-004,ASSET-ORG-004-001,recon,2025-03-11T16:32:22,2025-03-17T04:35:50,2,False
CASE-00596,ORG-004,ASSET-ORG-004-002,malware,2025-02-10T10:18:57,2025-02-15T04:48:37,2,False
CASE-00597,ORG-004,ASSET-ORG-004-002,malware,2025-04-03T12:14:09,2025-04-04T02:48:19,3,False
CASE-00598,ORG-004,ASSET-ORG-004-002,malware,2025-01-01T15:59:12,2025-01-06T23:56:48,2,False
CASE-00599,ORG-004,ASSET-ORG-004-002,malware,2025-04-08T09:10:10,2025-04-10T01:35:38,1,False
CASE-00600,ORG-004,ASSET-ORG-004-002,malware,2025-02-25T03:06:34,2025-02-25T14:56:44,3,False
CASE-00601,ORG-004,ASSET-ORG-004-002,malware,2025-06-01T09:59:07,2025-06-07T03:01:02,1,False
CASE-00602,ORG-004,ASSET-ORG-004-002,malware,2025-05-10T02:40:51,2025-05-14T19:21:32,2,False
CASE-00603,ORG-004,ASSET-ORG-004-002,malware,2025-03-05T23:14:50,2025-03-09T05:54:18,2,False
CASE-00604,ORG-004,ASSET-ORG-004-002,phishing,2025-01-05T09:11:49,2025-01-10T09:29:22,1,False
CASE-00605,ORG-004,ASSET-ORG-004-002,phishing,2025-05-31T02:56:55,2025-06-01T20:33:49,3,False
CASE-00606,ORG-004,ASSET-ORG-004-002,phishing,2025-03-25T11:35:51,2025-03-26T09:49:22,3,False
CASE-00607,ORG-004,ASSET-ORG-004-002,phishing,2025-04-19T18:26:09,2025-04-20T22:33:58,2,False
CASE-00608,ORG-004,ASSET-ORG-004-002,phishing,2025-06-12T14:23:52,2025-06-18T23:42:43,1,False
CASE-00609,ORG-004,ASSET-ORG-004-002,phishing,2025-02-03T19:24:22,2025-02-06T17:19:40,2,False
CASE-00610,ORG-004,ASSET-ORG-004-002,brute_force,2025-03-16T14:22:28,2025-03-19T01:05:23,2,False
CASE-00611,ORG-004,ASSET-ORG-004-002,brute_force,2025-06-30T18:23:23,,1,False
CASE-00612,ORG-004,ASSET-ORG-004-002,brute_force,2025-04-28T11:58:27,2025-05-04T02:42:04,2,False
CASE-00613,ORG-004,ASSET-ORG-004-002,brute_force,2025-06-24T17:35:29,2025-06-29T23:52:56,2,False
CASE-00614,ORG-004,ASSET-ORG-004-002,brute_force,2025-01-02T11:22:17,2025-01-05T01:14:27,1,False
CASE-00615,ORG-004,ASSET-ORG-004-039,data_exfil,2025-01-17T10:58:33,2025-01-18T12:58:28,0,True
CASE-00616,ORG-004,ASSET-ORG-004-042,malware,2025-02-05T16:36:11,2025-02-10T04:05:55,1,True
CASE-00617,ORG-004,ASSET-ORG-004-025,phishing,2025-02-05T18:27:41,2025-02-10T05:38:33,2,True
CASE-00618,ORG-004,ASSET-ORG-004-018,lateral_movement,2025-04-06T13:57:19,2025-04-07T16:35:37,0,True
CASE-00619,ORG-004,ASSET-ORG-004-024,brute_force,2025-04-27T10:48:51,2025-05-01T12:50:50,0,True
CASE-00620,ORG-004,ASSET-ORG-004-029,recon,2025-05-01T17:05:40,2025-05-03T18:38:14,1,True
CASE-00621,ORG-004,ASSET-ORG-004-019,privilege_escalation,2025-06-01T09:22:02,2025-06-05T21:36:07,0,True
CASE-00622,ORG-004,ASSET-ORG-004-014,phishing,2025-05-25T06:09:51,2025-05-28T10:25:06,0,True
CASE-00623,ORG-004,ASSET-ORG-004-025,lateral_movement,2025-05-02T20:28:36,2025-05-08T21:00:07,3,True
CASE-00624,ORG-004,ASSET-ORG-004-035,privilege_escalation,2025-01-15T15:42:35,2025-01-19T10:40:56,0,True
CASE-00625,ORG-004,ASSET-ORG-004-019,data_exfil,2025-05-23T12:18:02,2025-05-27T08:10:08,1,False
CASE-00626,ORG-004,ASSET-ORG-004-029,malware,2025-06-01T22:06:52,2025-06-03T16:33:46,2,True
CASE-00627,ORG-004,ASSET-ORG-004-023,phishing,2025-05-12T14:12:49,2025-05-14T04:37:30,2,False
CASE-00628,ORG-004,ASSET-ORG-004-029,data_exfil,2025-03-25T02:11:48,2025-03-30T12:44:25,1,True
CASE-00629,ORG-004,ASSET-ORG-004-022,malware,2025-03-08T21:57:22,2025-03-11T09:27:05,3,True
CASE-00630,ORG-004,ASSET-ORG-004-042,privilege_escalation,2025-03-23T04:26:34,2025-03-24T07:55:40,1,True
CASE-00631,ORG-004,ASSET-ORG-004-037,phishing,2025-04-18T12:46:31,2025-04-19T21:58:55,1,False
CASE-00632,ORG-004,ASSET-ORG-004-042,brute_force,2025-04-03T14:00:10,2025-04-10T13:27:22,1,True
CASE-00633,ORG-004,ASSET-ORG-004-005,privilege_escalation,2025-05-21T01:47:13,2025-05-22T03:13:35,0,True
CASE-00634,ORG-004,ASSET-ORG-004-016,malware,2025-05-12T02:31:53,2025-05-13T19:42:01,1,True
CASE-00635,ORG-004,ASSET-ORG-004-041,recon,2025-05-12T23:52:37,2025-05-18T16:33:36,1,True
CASE-00636,ORG-004,ASSET-ORG-004-041,privilege_escalation,2025-04-03T18:49:05,2025-04-09T07:21:33,1,True
CASE-00637,ORG-004,ASSET-ORG-004-016,phishing,2025-01-30T08:29:48,2025-02-02T02:17:29,4,True
CASE-00638,ORG-004,ASSET-ORG-004-008,recon,2025-03-11T01:50:55,2025-03-13T07:05:11,2,True
CASE-00639,ORG-004,ASSET-ORG-004-009,data_exfil,2025-06-08T23:35:01,2025-06-15T14:07:02,0,True
CASE-00640,ORG-004,ASSET-ORG-004-042,recon,2025-03-13T09:17:59,2025-03-18T17:54:38,0,True
CASE-00641,ORG-004,ASSET-ORG-004-032,malware,2025-01-17T03:23:49,2025-01-20T22:43:11,2,False
CASE-00642,ORG-004,ASSET-ORG-004-039,brute_force,2025-02-07T09:25:06,2025-02-07T23:42:07,1,True
CASE-00643,ORG-004,ASSET-ORG-004-016,data_exfil,2025-06-11T04:54:37,2025-06-15T14:58:02,2,False
CASE-00644,ORG-004,ASSET-ORG-004-016,recon,2025-05-27T02:09:55,2025-06-02T22:49:56,1,True
CASE-00645,ORG-004,ASSET-ORG-004-010,privilege_escalation,2025-02-17T05:48:44,2025-02-18T11:07:06,2,True
CASE-00646,ORG-004,ASSET-ORG-004-017,data_exfil,2025-03-08T21:51:26,2025-03-15T08:08:05,1,False
CASE-00647,ORG-004,ASSET-ORG-004-025,recon,2025-02-10T12:34:27,2025-02-12T09:30:36,2,False
CASE-00648,ORG-004,ASSET-ORG-004-035,lateral_movement,2025-02-20T01:41:24,2025-02-21T15:46:22,3,True
CASE-00649,ORG-004,ASSET-ORG-004-036,phishing,2025-06-05T15:00:55,2025-06-11T23:45:26,0,True
CASE-00650,ORG-004,ASSET-ORG-004-037,malware,2025-06-21T08:12:37,2025-06-25T19:29:00,1,False
CASE-00651,ORG-004,ASSET-ORG-004-034,phishing,2025-01-09T00:12:41,2025-01-10T11:39:46,0,True
CASE-00652,ORG-004,ASSET-ORG-004-018,lateral_movement,2025-06-19T02:12:49,2025-06-19T19:02:56,2,False
CASE-00653,ORG-004,ASSET-ORG-004-023,phishing,2025-05-16T23:46:16,2025-05-22T12:25:35,1,True
CASE-00654,ORG-004,ASSET-ORG-004-012,data_exfil,2025-03-28T10:23:34,2025-03-31T10:34:05,0,False
CASE-00655,ORG-004,ASSET-ORG-004-024,malware,2025-06-06T09:49:07,2025-06-08T11:54:26,2,True
CASE-00656,ORG-004,ASSET-ORG-004-018,brute_force,2025-03-09T01:48:10,2025-03-12T02:03:33,0,False
CASE-00657,ORG-004,ASSET-ORG-004-016,data_exfil,2025-06-12T00:41:30,2025-06-16T19:07:52,2,True
CASE-00658,ORG-004,ASSET-ORG-004-021,privilege_escalation,2025-03-16T22:26:15,2025-03-22T23:07:11,1,False
CASE-00659,ORG-004,ASSET-ORG-004-017,recon,2025-03-27T16:32:44,2025-04-03T05:28:30,2,True
CASE-00660,ORG-004,ASSET-ORG-004-028,phishing,2025-02-01T23:29:44,2025-02-05T16:40:03,1,False
CASE-00661,ORG-004,ASSET-ORG-004-037,brute_force,2025-05-18T12:15:16,2025-05-23T07:19:41,2,False
CASE-00662,ORG-004,ASSET-ORG-004-027,lateral_movement,2025-01-27T19:32:42,2025-01-31T23:16:00,0,True
CASE-00663,ORG-004,ASSET-ORG-004-027,recon,2025-01-26T04:02:39,2025-01-31T14:01:49,0,True
CASE-00664,ORG-004,ASSET-ORG-004-035,brute_force,2025-06-16T18:03:25,2025-06-18T10:03:18,1,True
CASE-00665,ORG-004,ASSET-ORG-004-004,privilege_escalation,2025-03-23T21:16:15,2025-03-25T18:04:47,1,False
CASE-00666,ORG-004,ASSET-ORG-004-027,lateral_movement,2025-04-06T13:46:18,2025-04-09T02:00:11,1,True
CASE-00667,ORG-004,ASSET-ORG-004-015,lateral_movement,2025-03-04T01:20:07,2025-03-04T15:40:50,1,True
CASE-00668,ORG-004,ASSET-ORG-004-038,privilege_escalation,2025-02-11T20:21:12,2025-02-15T07:19:36,1,True
CASE-00669,ORG-004,ASSET-ORG-004-018,privilege_escalation,2025-01-27T21:22:39,2025-01-29T02:37:31,0,True
CASE-00670,ORG-004,ASSET-ORG-004-008,brute_force,2025-03-26T20:58:10,2025-03-31T17:06:11,1,False
CASE-00671,ORG-004,ASSET-ORG-004-012,phishing,2025-06-02T21:39:10,2025-06-05T14:42:28,1,True
CASE-00672,ORG-004,ASSET-ORG-004-032,data_exfil,2025-04-17T19:40:11,2025-04-18T05:29:27,0,True
CASE-00673,ORG-004,ASSET-ORG-004-023,data_exfil,2025-05-21T09:36:30,2025-05-27T08:39:12,2,False
CASE-00674,ORG-004,ASSET-ORG-004-009,brute_force,2025-01-23T13:36:44,2025-01-30T05:00:03,0,True
CASE-00675,ORG-004,ASSET-ORG-004-042,malware,2025-03-31T02:53:15,2025-03-31T17:56:39,2,True
CASE-00676,ORG-004,ASSET-ORG-004-042,recon,2025-04-13T20:34:47,2025-04-15T19:35:48,1,True
CASE-00677,ORG-004,ASSET-ORG-004-029,recon,2025-05-13T03:59:08,2025-05-15T05:56:02,1,False
CASE-00678,ORG-004,ASSET-ORG-004-013,data_exfil,2025-05-06T06:25:10,2025-05-08T11:52:30,1,True
CASE-00679,ORG-004,ASSET-ORG-004-037,lateral_movement,2025-05-17T12:57:50,2025-05-21T03:31:38,0,True
CASE-00680,ORG-004,ASSET-ORG-004-026,data_exfil,2025-03-19T17:04:19,2025-03-25T10:45:55,0,True
CASE-00681,ORG-004,ASSET-ORG-004-013,data_exfil,2025-05-03T08:39:57,2025-05-06T08:39:39,1,True
CASE-00682,ORG-004,ASSET-ORG-004-034,data_exfil,2025-02-08T22:13:01,2025-02-09T07:28:56,0,True
CASE-00683,ORG-004,ASSET-ORG-004-009,privilege_escalation,2025-06-10T06:50:07,2025-06-12T10:58:37,0,True
CASE-00684,ORG-004,ASSET-ORG-004-004,lateral_movement,2025-05-12T05:52:16,2025-05-18T20:44:50,1,True
CASE-00685,ORG-004,ASSET-ORG-004-018,phishing,2025-03-17T06:48:17,2025-03-20T16:32:00,1,False
CASE-00686,ORG-004,ASSET-ORG-004-035,phishing,2025-02-09T17:28:16,2025-02-12T15:22:15,4,True
CASE-00687,ORG-004,ASSET-ORG-004-029,lateral_movement,2025-04-22T21:33:11,2025-04-27T20:32:05,0,True
CASE-00688,ORG-004,ASSET-ORG-004-033,phishing,2025-05-15T05:52:04,2025-05-22T03:13:44,1,True
CASE-00689,ORG-004,ASSET-ORG-004-032,lateral_movement,2025-05-24T16:57:29,2025-05-26T01:56:50,2,True
CASE-00690,ORG-004,ASSET-ORG-004-025,malware,2025-06-15T09:46:30,2025-06-19T19:30:58,0,True
CASE-00691,ORG-004,ASSET-ORG-004-017,recon,2025-06-28T03:10:54,,1,False
CASE-00692,ORG-004,ASSET-ORG-004-039,phishing,2025-01-05T15:58:23,2025-01-10T11:52:50,1,False
CASE-00693,ORG-004,ASSET-ORG-004-018,recon,2025-05-19T21:02:15,2025-05-20T20:10:59,1,True
CASE-00694,ORG-004,ASSET-ORG-004-013,phishing,2025-02-20T18:54:57,2025-02-25T14:34:01,0,False
CASE-00695,ORG-004,ASSET-ORG-004-006,recon,2025-06-30T16:34:36,,0,True
CASE-00696,ORG-004,ASSET-ORG-004-042,privilege_escalation,2025-01-01T04:15:41,2025-01-02T10:49:08,0,True
CASE-00697,ORG-004,ASSET-ORG-004-022,brute_force,2025-03-18T00:32:34,2025-03-19T16:30:08,1,True
CASE-00698,ORG-004,ASSET-ORG-004-034,lateral_movement,2025-05-15T03:56:06,2025-05-16T05:24:55,1,True
CASE-00699,ORG-004,ASSET-ORG-004-004,phishing,2025-04-12T17:39:23,2025-04-19T06:04:47,2,True
CASE-00700,ORG-004,ASSET-ORG-004-003,brute_force,2025-02-19T13:41:42,2025-02-20T17:32:29,1,True
CASE-00701,ORG-004,ASSET-ORG-004-004,brute_force,2025-02-16T23:45:23,2025-02-18T02:21:40,2,True
CASE-00702,ORG-004,ASSET-ORG-004-025,recon,2025-03-08T00:11:26,2025-03-09T06:16:58,1,True
CASE-00703,ORG-004,ASSET-ORG-004-022,phishing,2025-04-12T10:45:00,2025-04-14T00:45:32,0,True
CASE-00704,ORG-004,ASSET-ORG-004-042,phishing,2025-04-03T16:26:03,2025-04-07T18:48:50,0,True
CASE-00705,ORG-004,ASSET-ORG-004-023,recon,2025-01-10T16:43:52,2025-01-13T10:08:10,1,True
CASE-00706,ORG-004,ASSET-ORG-004-041,malware,2025-01-21T00:31:26,2025-01-26T05:59:53,0,True
CASE-00707,ORG-004,ASSET-ORG-004-021,data_exfil,2025-02-24T17:26:00,2025-03-02T11:44:30,0,True
CASE-00708,ORG-004,ASSET-ORG-004-029,recon,2025-02-20T22:14:20,2025-02-21T16:45:04,2,True
CASE-00709,ORG-004,ASSET-ORG-004-039,malware,2025-01-31T01:16:11,2025-02-06T00:00:31,0,False
CASE-00710,ORG-004,ASSET-ORG-004-007,data_exfil,2025-06-24T06:27:22,2025-06-30T23:59:22,1,True
CASE-00711,ORG-004,ASSET-ORG-004-042,lateral_movement,2025-02-09T15:40:07,2025-02-15T20:33:57,1,True
CASE-00712,ORG-004,ASSET-ORG-004-028,malware,2025-01-21T17:16:20,2025-01-26T11:49:23,1,True
CASE-00713,ORG-004,ASSET-ORG-004-025,data_exfil,2025-06-05T02:49:56,2025-06-11T17:31:26,0,False
CASE-00714,ORG-004,ASSET-ORG-004-008,malware,2025-04-21T10:34:05,2025-04-27T11:28:19,2,False
CASE-00715,ORG-004,ASSET-ORG-004-025,data_exfil,2025-03-11T04:14:07,2025-03-17T20:04:46,0,True
CASE-00716,ORG-004,ASSET-ORG-004-013,phishing,2025-03-22T08:33:21,2025-03-23T11:41:04,0,True
CASE-00717,ORG-004,ASSET-ORG-004-003,lateral_movement,2025-03-04T07:15:29,2025-03-04T23:26:17,2,True
CASE-00718,ORG-004,ASSET-ORG-004-035,phishing,2025-03-14T19:16:20,2025-03-17T10:29:40,1,True
CASE-00719,ORG-004,ASSET-ORG-004-042,recon,2025-01-14T00:07:14,2025-01-18T13:25:05,2,True
CASE-00720,ORG-004,ASSET-ORG-004-029,lateral_movement,2025-01-30T02:49:23,2025-02-06T01:41:30,0,True
CASE-00721,ORG-004,ASSET-ORG-004-024,phishing,2025-02-18T01:16:15,2025-02-24T13:34:48,0,True
CASE-00722,ORG-004,ASSET-ORG-004-011,data_exfil,2025-03-19T16:58:21,2025-03-21T18:20:26,1,True
CASE-00723,ORG-004,ASSET-ORG-004-031,brute_force,2025-04-19T15:43:46,2025-04-20T12:20:44,2,True
CASE-00724,ORG-004,ASSET-ORG-004-022,recon,2025-06-08T03:18:15,2025-06-11T17:16:22,0,False
CASE-00725,ORG-004,ASSET-ORG-004-028,recon,2025-04-05T03:41:32,2025-04-08T00:16:54,3,True
CASE-00726,ORG-004,ASSET-ORG-004-013,malware,2025-01-30T10:37:23,2025-02-06T00:45:19,0,True
CASE-00727,ORG-004,ASSET-ORG-004-011,privilege_escalation,2025-03-31T17:11:48,2025-04-03T05:16:01,1,True
CASE-00728,ORG-004,ASSET-ORG-004-025,data_exfil,2025-04-26T01:22:32,2025-04-29T02:01:53,0,True
CASE-00729,ORG-004,ASSET-ORG-004-005,lateral_movement,2025-03-14T00:52:13,2025-03-15T02:42:17,1,True
CASE-00730,ORG-004,ASSET-ORG-004-009,privilege_escalation,2025-04-11T13:23:51,2025-04-16T09:20:50,0,False
CASE-00731,ORG-004,ASSET-ORG-004-028,malware,2025-02-16T07:44:18,2025-02-16T17:01:30,0,False
CASE-00732,ORG-004,ASSET-ORG-004-030,privilege_escalation,2025-02-06T23:31:50,2025-02-07T09:45:35,2,True
CASE-00733,ORG-004,ASSET-ORG-004-037,data_exfil,2025-01-25T06:49:46,2025-01-25T17:09:06,0,True
CASE-00734,ORG-004,ASSET-ORG-004-015,recon,2025-06-17T23:19:41,2025-06-20T07:56:46,0,False
CASE-00735,ORG-004,ASSET-ORG-004-031,data_exfil,2025-03-30T12:33:26,2025-04-01T06:19:52,3,True
CASE-00736,ORG-004,ASSET-ORG-004-033,brute_force,2025-01-28T05:25:09,2025-02-01T10:20:46,1,True
CASE-00737,ORG-004,ASSET-ORG-004-031,lateral_movement,2025-04-08T20:35:50,2025-04-13T22:10:27,2,True
CASE-00738,ORG-004,ASSET-ORG-004-039,malware,2025-01-02T16:10:21,2025-01-08T09:05:05,0,False
CASE-00739,ORG-004,ASSET-ORG-004-010,malware,2025-01-10T07:55:44,2025-01-12T09:09:36,0,True
CASE-00740,ORG-004,ASSET-ORG-004-018,phishing,2025-02-07T13:35:55,2025-02-11T11:34:58,0,True
CASE-00741,ORG-004,ASSET-ORG-004-032,phishing,2025-06-22T12:28:03,2025-06-23T11:33:49,1,True
CASE-00742,ORG-004,ASSET-ORG-004-031,privilege_escalation,2025-06-09T13:10:12,2025-06-15T07:22:42,0,False
CASE-00743,ORG-004,ASSET-ORG-004-007,privilege_escalation,2025-05-01T04:57:07,2025-05-06T17:22:51,0,False
CASE-00744,ORG-004,ASSET-ORG-004-038,recon,2025-05-03T12:11:32,2025-05-09T14:28:09,4,True
CASE-00745,ORG-004,ASSET-ORG-004-024,lateral_movement,2025-04-29T10:24:17,2025-05-05T00:57:45,2,True
CASE-00746,ORG-004,ASSET-ORG-004-026,data_exfil,2025-05-30T10:53:59,2025-06-05T07:30:12,2,True
CASE-00747,ORG-004,ASSET-ORG-004-003,recon,2025-04-29T08:00:35,2025-05-04T06:00:06,0,True
CASE-00748,ORG-004,ASSET-ORG-004-016,phishing,2025-02-25T20:10:58,2025-03-01T09:39:54,2,True
CASE-00749,ORG-004,ASSET-ORG-004-040,lateral_movement,2025-03-13T04:41:30,2025-03-15T09:03:49,0,True
CASE-00750,ORG-004,ASSET-ORG-004-019,phishing,2025-05-11T23:13:51,2025-05-16T21:52:25,2,True
CASE-00751,ORG-004,ASSET-ORG-004-024,phishing,2025-06-01T12:36:27,2025-06-07T10:16:11,3,True
CASE-00752,ORG-004,ASSET-ORG-004-012,phishing,2025-06-12T16:22:39,2025-06-14T02:04:49,1,True
CASE-00753,ORG-004,ASSET-ORG-004-017,phishing,2025-05-02T02:57:52,2025-05-02T14:50:02,0,True
CASE-00754,ORG-004,ASSET-ORG-004-024,lateral_movement,2025-02-25T05:55:51,2025-03-03T09:13:42,1,True
CASE-00755,ORG-004,ASSET-ORG-004-027,malware,2025-05-29T00:24:11,2025-05-30T17:36:47,0,True
CASE-00756,ORG-004,ASSET-ORG-004-041,recon,2025-01-23T04:37:37,2025-01-24T12:41:26,1,False
CASE-00757,ORG-004,ASSET-ORG-004-022,malware,2025-05-25T16:59:04,2025-05-27T04:59:58,1,True
CASE-00758,ORG-004,ASSET-ORG-004-026,lateral_movement,2025-06-10T22:30:24,2025-06-13T02:36:10,0,True
CASE-00759,ORG-004,ASSET-ORG-004-002,recon,2025-01-07T08:22:39,2025-01-09T07:34:05,2,True
CASE-00760,ORG-004,ASSET-ORG-004-036,recon,2025-05-20T09:02:25,2025-05-23T05:53:49,0,True
CASE-00761,ORG-004,ASSET-ORG-004-030,brute_force,2025-04-27T02:17:30,2025-05-02T23:01:41,0,False
CASE-00762,ORG-004,ASSET-ORG-004-014,phishing,2025-03-03T20:59:27,2025-03-07T17:10:28,2,True
CASE-00763,ORG-004,ASSET-ORG-004-014,brute_force,2025-04-06T12:52:13,2025-04-07T22:52:07,0,True
CASE-00764,ORG-004,ASSET-ORG-004-007,brute_force,2025-04-21T18:30:47,2025-04-26T23:52:18,2,True
CASE-00765,ORG-004,ASSET-ORG-004-006,privilege_escalation,2025-02-18T23:06:00,2025-02-23T23:03:56,0,True
CASE-00766,ORG-004,ASSET-ORG-004-033,data_exfil,2025-05-04T00:39:05,2025-05-09T01:28:18,0,False
CASE-00767,ORG-004,ASSET-ORG-004-016,privilege_escalation,2025-01-31T05:55:25,2025-01-31T20:36:25,2,False
CASE-00768,ORG-004,ASSET-ORG-004-006,data_exfil,2025-05-15T12:05:29,2025-05-17T12:29:35,0,False
CASE-00769,ORG-004,ASSET-ORG-004-027,data_exfil,2025-03-12T20:24:15,2025-03-14T23:00:12,1,False
CASE-00770,ORG-004,ASSET-ORG-004-010,brute_force,2025-03-18T06:47:31,2025-03-25T03:42:26,1,True
CASE-00771,ORG-004,ASSET-ORG-004-038,phishing,2025-05-20T22:15:32,2025-05-27T07:19:45,4,True
CASE-00772,ORG-004,ASSET-ORG-004-019,malware,2025-01-08T15:36:23,2025-01-09T09:37:15,1,True
CASE-00773,ORG-004,ASSET-ORG-004-010,malware,2025-04-17T01:01:50,2025-04-22T02:57:12,1,True
CASE-00774,ORG-004,ASSET-ORG-004-006,brute_force,2025-05-10T10:18:00,2025-05-15T08:06:22,0,False
CASE-00775,ORG-004,ASSET-ORG-004-021,malware,2025-04-25T10:00:10,2025-04-26T01:01:07,3,True
CASE-00776,ORG-005,ASSET-ORG-005-110,data_exfil,2025-01-19T09:13:34,2025-01-26T07:05:18,1,True
CASE-00777,ORG-005,ASSET-ORG-005-048,recon,2025-01-11T15:22:54,2025-01-16T15:27:11,1,True
CASE-00778,ORG-005,ASSET-ORG-005-084,privilege_escalation,2025-01-18T14:18:10,2025-01-22T12:17:13,1,True
CASE-00779,ORG-005,ASSET-ORG-005-099,recon,2025-01-23T12:17:59,2025-01-26T03:33:06,2,False
CASE-00780,ORG-005,ASSET-ORG-005-081,privilege_escalation,2025-05-21T14:11:36,2025-05-26T11:02:04,2,True
CASE-00781,ORG-005,ASSET-ORG-005-046,brute_force,2025-01-24T11:02:04,2025-01-25T22:40:22,1,True
CASE-00782,ORG-005,ASSET-ORG-005-095,privilege_escalation,2025-04-26T04:07:08,2025-04-29T04:57:32,2,False
CASE-00783,ORG-005,ASSET-ORG-005-074,data_exfil,2025-04-14T08:29:13,2025-04-20T00:04:12,0,True
CASE-00784,ORG-005,ASSET-ORG-005-056,privilege_escalation,2025-05-09T05:03:16,2025-05-15T12:29:32,1,True
CASE-00785,ORG-005,ASSET-ORG-005-001,recon,2025-01-03T05:26:43,2025-01-07T08:05:08,2,True
CASE-00786,ORG-005,ASSET-ORG-005-019,recon,2025-06-15T04:30:06,2025-06-17T23:55:23,0,True
CASE-00787,ORG-005,ASSET-ORG-005-097,privilege_escalation,2025-06-14T23:28:14,2025-06-19T17:58:15,3,True
CASE-00788,ORG-005,ASSET-ORG-005-118,lateral_movement,2025-01-20T16:37:10,2025-01-26T03:42:00,1,True
CASE-00789,ORG-005,ASSET-ORG-005-076,phishing,2025-02-10T07:11:11,2025-02-12T08:06:32,0,True
CASE-00790,ORG-005,ASSET-ORG-005-025,brute_force,2025-04-22T22:37:35,2025-04-27T13:26:57,2,True
CASE-00791,ORG-005,ASSET-ORG-005-018,malware,2025-04-20T05:36:54,2025-04-23T18:51:22,2,True
CASE-00792,ORG-005,ASSET-ORG-005-007,privilege_escalation,2025-02-11T09:34:18,2025-02-17T12:47:57,1,False
CASE-00793,ORG-005,ASSET-ORG-005-010,data_exfil,2025-04-07T07:39:07,2025-04-12T01:26:46,2,True
CASE-00794,ORG-005,ASSET-ORG-005-045,data_exfil,2025-01-31T00:01:11,2025-02-05T18:47:25,1,True
CASE-00795,ORG-005,ASSET-ORG-005-001,data_exfil,2025-03-19T13:27:45,2025-03-21T04:24:01,2,True
CASE-00796,ORG-005,ASSET-ORG-005-118,phishing,2025-06-25T18:08:36,,0,False
CASE-00797,ORG-005,ASSET-ORG-005-095,phishing,2025-05-20T23:14:25,2025-05-21T16:48:04,0,True
CASE-00798,ORG-005,ASSET-ORG-005-118,malware,2025-03-17T09:44:51,2025-03-22T05:41:31,1,False
CASE-00799,ORG-005,ASSET-ORG-005-055,brute_force,2025-04-06T05:22:02,2025-04-07T16:32:36,1,True
CASE-00800,ORG-005,ASSET-ORG-005-016,recon,2025-03-25T19:30:09,2025-03-26T17:30:10,0,False
CASE-00801,ORG-005,ASSET-ORG-005-009,recon,2025-01-16T21:32:10,2025-01-18T16:54:27,3,True
CASE-00802,ORG-005,ASSET-ORG-005-017,privilege_escalation,2025-05-10T17:55:10,2025-05-13T20:55:05,3,False
CASE-00803,ORG-005,ASSET-ORG-005-079,privilege_escalation,2025-04-29T04:45:00,2025-05-02T05:18:38,1,True
CASE-00804,ORG-005,ASSET-ORG-005-024,brute_force,2025-03-11T08:33:59,2025-03-17T20:31:22,4,False
CASE-00805,ORG-005,ASSET-ORG-005-075,lateral_movement,2025-06-27T17:29:32,2025-06-29T17:00:19,1,True
CASE-00806,ORG-005,ASSET-ORG-005-101,phishing,2025-02-12T22:41:18,2025-02-14T16:11:27,0,False
CASE-00807,ORG-005,ASSET-ORG-005-105,lateral_movement,2025-03-08T04:26:47,2025-03-13T17:49:52,0,True
CASE-00808,ORG-005,ASSET-ORG-005-089,recon,2025-05-17T03:25:38,2025-05-18T18:08:36,2,False
CASE-00809,ORG-005,ASSET-ORG-005-113,recon,2025-05-17T16:22:40,2025-05-22T17:04:17,0,True
CASE-00810,ORG-005,ASSET-ORG-005-074,privilege_escalation,2025-03-20T13:23:33,2025-03-27T12:53:04,1,True
CASE-00811,ORG-005,ASSET-ORG-005-037,brute_force,2025-01-06T23:43:55,2025-01-11T11:51:54,0,True
CASE-00812,ORG-005,ASSET-ORG-005-009,phishing,2025-05-27T12:23:06,2025-05-28T10:38:37,0,False
CASE-00813,ORG-005,ASSET-ORG-005-102,data_exfil,2025-01-02T03:25:46,2025-01-08T18:33:37,1,True
CASE-00814,ORG-005,ASSET-ORG-005-101,brute_force,2025-05-31T16:18:04,2025-06-02T06:21:56,1,False
CASE-00815,ORG-005,ASSET-ORG-005-114,recon,2025-05-30T06:18:19,2025-05-30T18:11:15,1,True
CASE-00816,ORG-005,ASSET-ORG-005-096,privilege_escalation,2025-06-06T18:09:53,2025-06-12T00:43:56,0,False
CASE-00817,ORG-005,ASSET-ORG-005-113,recon,2025-05-17T05:05:01,2025-05-18T11:02:19,3,True
CASE-00818,ORG-005,ASSET-ORG-005-064,malware,2025-02-19T20:05:45,2025-02-20T15:12:18,1,False
CASE-00819,ORG-005,ASSET-ORG-005-071,privilege_escalation,2025-02-15T20:14:22,2025-02-19T11:48:26,1,True
CASE-00820,ORG-005,ASSET-ORG-005-042,brute_force,2025-02-24T11:10:32,2025-03-01T01:49:06,1,True
CASE-00821,ORG-005,ASSET-ORG-005-052,malware,2025-04-25T16:30:02,2025-04-30T01:19:26,1,False
CASE-00822,ORG-005,ASSET-ORG-005-117,recon,2025-01-07T17:51:38,2025-01-13T02:26:17,1,False
CASE-00823,ORG-005,ASSET-ORG-005-089,data_exfil,2025-02-20T22:17:36,2025-02-25T09:27:55,2,True
CASE-00824,ORG-005,ASSET-ORG-005-077,recon,2025-02-12T19:19:05,2025-02-19T18:27:48,0,False
CASE-00825,ORG-005,ASSET-ORG-005-045,recon,2025-05-07T23:12:51,2025-05-08T19:02:45,1,True
CASE-00826,ORG-005,ASSET-ORG-005-019,recon,2025-02-23T05:46:10,2025-02-24T12:32:21,1,True
CASE-00827,ORG-005,ASSET-ORG-005-086,recon,2025-05-08T18:09:14,2025-05-09T06:50:11,1,True
CASE-00828,ORG-005,ASSET-ORG-005-046,data_exfil,2025-06-30T13:42:26,,0,False
CASE-00829,ORG-005,ASSET-ORG-005-023,brute_force,2025-06-14T15:50:09,2025-06-17T07:19:58,1,True
CASE-00830,ORG-005,ASSET-ORG-005-081,recon,2025-02-25T20:34:06,2025-03-03T16:50:45,1,True
CASE-00831,ORG-005,ASSET-ORG-005-050,recon,2025-01-17T14:48:35,2025-01-22T03:24:49,1,True
CASE-00832,ORG-005,ASSET-ORG-005-013,data_exfil,2025-06-16T08:25:14,2025-06-20T03:38:02,3,True
CASE-00833,ORG-005,ASSET-ORG-005-068,lateral_movement,2025-03-19T20:06:57,2025-03-21T16:04:37,0,True
CASE-00834,ORG-005,ASSET-ORG-005-038,lateral_movement,2025-05-19T07:05:29,2025-05-24T04:24:45,0,False
CASE-00835,ORG-005,ASSET-ORG-005-041,recon,2025-06-26T01:13:58,2025-06-26T13:24:17,0,True
CASE-00836,ORG-005,ASSET-ORG-005-101,lateral_movement,2025-03-17T05:30:37,2025-03-19T03:13:23,1,True
CASE-00837,ORG-005,ASSET-ORG-005-058,data_exfil,2025-01-17T11:12:27,2025-01-19T06:26:22,1,False
CASE-00838,ORG-005,ASSET-ORG-005-050,phishing,2025-05-30T06:31:56,2025-06-06T03:51:37,0,True
CASE-00839,ORG-005,ASSET-ORG-005-002,privilege_escalation,2025-02-06T19:47:27,2025-02-10T21:37:51,7,True
CASE-00840,ORG-005,ASSET-ORG-005-017,brute_force,2025-06-06T21:09:02,2025-06-12T01:39:54,2,False
CASE-00841,ORG-005,ASSET-ORG-005-077,lateral_movement,2025-06-02T15:29:37,2025-06-07T23:48:26,4,True
CASE-00842,ORG-005,ASSET-ORG-005-006,malware,2025-03-18T20:43:13,2025-03-23T16:22:03,0,True
CASE-00843,ORG-005,ASSET-ORG-005-108,data_exfil,2025-05-25T20:39:56,2025-06-01T03:42:01,1,False
CASE-00844,ORG-005,ASSET-ORG-005-038,malware,2025-01-31T16:58:20,2025-02-01T19:17:41,0,False
CASE-00845,ORG-005,ASSET-ORG-005-106,data_exfil,2025-01-26T15:48:08,2025-01-29T11:53:10,1,True
CASE-00846,ORG-005,ASSET-ORG-005-019,brute_force,2025-01-29T17:32:22,2025-02-02T09:12:24,1,True
CASE-00847,ORG-005,ASSET-ORG-005-026,brute_force,2025-01-30T09:26:33,2025-02-03T20:55:56,3,False
CASE-00848,ORG-005,ASSET-ORG-005-050,privilege_escalation,2025-01-07T13:44:09,2025-01-07T21:56:10,0,True
CASE-00849,ORG-005,ASSET-ORG-005-096,privilege_escalation,2025-04-12T10:56:08,2025-04-16T12:54:32,1,True
CASE-00850,ORG-005,ASSET-ORG-005-113,malware,2025-03-29T21:20:39,2025-04-01T09:42:03,2,True
CASE-00851,ORG-005,ASSET-ORG-005-109,malware,2025-03-07T22:05:15,2025-03-10T01:50:09,0,True
CASE-00852,ORG-005,ASSET-ORG-005-047,lateral_movement,2025-06-24T04:45:41,2025-06-27T07:04:21,1,True
CASE-00853,ORG-005,ASSET-ORG-005-099,malware,2025-02-06T14:05:26,2025-02-08T08:45:34,0,True
CASE-00854,ORG-005,ASSET-ORG-005-048,data_exfil,2025-01-04T05:37:59,2025-01-08T13:34:26,0,True
CASE-00855,ORG-005,ASSET-ORG-005-107,recon,2025-02-14T15:34:38,2025-02-18T11:30:30,1,True
CASE-00856,ORG-005,ASSET-ORG-005-032,phishing,2025-01-25T15:16:55,2025-01-27T11:16:37,1,True
CASE-00857,ORG-005,ASSET-ORG-005-011,phishing,2025-06-28T21:50:02,,1,False
CASE-00858,ORG-005,ASSET-ORG-005-114,lateral_movement,2025-02-13T22:15:55,2025-02-15T14:00:52,2,False
CASE-00859,ORG-005,ASSET-ORG-005-036,lateral_movement,2025-05-05T09:45:46,2025-05-06T15:38:19,2,True
CASE-00860,ORG-005,ASSET-ORG-005-004,privilege_escalation,2025-06-25T09:54:09,,3,False
CASE-00861,ORG-005,ASSET-ORG-005-063,recon,2025-02-13T04:40:16,2025-02-16T17:55:39,0,True
CASE-00862,ORG-005,ASSET-ORG-005-103,privilege_escalation,2025-02-08T05:18:54,2025-02-14T04:55:26,0,False
CASE-00863,ORG-005,ASSET-ORG-005-062,recon,2025-05-28T23:27:10,2025-06-04T21:54:06,0,True
CASE-00864,ORG-005,ASSET-ORG-005-112,brute_force,2025-01-09T18:19:56,2025-01-11T21:36:41,0,True
CASE-00865,ORG-005,ASSET-ORG-005-015,data_exfil,2025-06-30T16:43:27,,1,True
CASE-00866,ORG-005,ASSET-ORG-005-012,phishing,2025-04-06T13:17:16,2025-04-13T03:53:16,1,True
CASE-00867,ORG-005,ASSET-ORG-005-014,lateral_movement,2025-01-04T00:12:02,2025-01-04T20:37:07,3,False
CASE-00868,ORG-005,ASSET-ORG-005-073,data_exfil,2025-01-30T05:51:52,2025-02-03T08:22:18,2,True
CASE-00869,ORG-005,ASSET-ORG-005-053,brute_force,2025-03-31T22:30:04,2025-04-07T13:45:48,1,False
CASE-00870,ORG-005,ASSET-ORG-005-097,privilege_escalation,2025-03-26T12:16:06,2025-03-29T11:29:13,0,True
CASE-00871,ORG-005,ASSET-ORG-005-047,recon,2025-04-02T22:32:11,2025-04-08T18:05:29,0,False
CASE-00872,ORG-005,ASSET-ORG-005-100,privilege_escalation,2025-03-09T08:19:59,2025-03-11T05:28:08,0,True
CASE-00873,ORG-005,ASSET-ORG-005-099,lateral_movement,2025-02-28T08:28:02,2025-03-06T18:45:48,1,True
CASE-00874,ORG-005,ASSET-ORG-005-069,phishing,2025-02-07T22:43:51,2025-02-14T06:36:57,0,False
CASE-00875,ORG-005,ASSET-ORG-005-020,brute_force,2025-03-02T08:30:33,2025-03-06T06:33:31,1,True
CASE-00876,ORG-005,ASSET-ORG-005-017,lateral_movement,2025-03-04T12:18:05,2025-03-07T07:18:45,0,True
CASE-00877,ORG-005,ASSET-ORG-005-009,data_exfil,2025-04-13T05:08:22,2025-04-15T19:28:50,1,True
CASE-00878,ORG-005,ASSET-ORG-005-043,malware,2025-02-18T10:53:05,2025-02-21T20:13:00,1,True
CASE-00879,ORG-005,ASSET-ORG-005-030,recon,2025-05-23T23:01:06,2025-05-30T16:35:45,2,True
CASE-00880,ORG-005,ASSET-ORG-005-061,phishing,2025-01-02T09:09:35,2025-01-05T21:28:17,0,True
CASE-00881,ORG-005,ASSET-ORG-005-061,data_exfil,2025-03-15T17:29:16,2025-03-20T15:50:23,1,True
CASE-00882,ORG-005,ASSET-ORG-005-069,phishing,2025-04-15T22:08:47,2025-04-22T21:10:30,1,False
CASE-00883,ORG-005,ASSET-ORG-005-039,brute_force,2025-05-18T05:47:00,2025-05-24T15:34:48,0,True
CASE-00884,ORG-005,ASSET-ORG-005-093,lateral_movement,2025-01-26T02:57:48,2025-01-27T03:09:45,1,True
CASE-00885,ORG-005,ASSET-ORG-005-041,phishing,2025-01-15T00:44:01,2025-01-17T23:24:00,1,True
CASE-00886,ORG-005,ASSET-ORG-005-050,recon,2025-03-11T21:17:29,2025-03-14T12:30:40,1,True
CASE-00887,ORG-005,ASSET-ORG-005-100,privilege_escalation,2025-05-18T17:48:03,2025-05-20T17:29:26,3,True
CASE-00888,ORG-005,ASSET-ORG-005-013,lateral_movement,2025-05-08T03:46:28,2025-05-08T21:48:48,2,True
CASE-00889,ORG-005,ASSET-ORG-005-038,lateral_movement,2025-06-24T11:12:37,2025-06-25T19:09:09,2,True
CASE-00890,ORG-005,ASSET-ORG-005-034,phishing,2025-01-01T17:40:30,2025-01-03T13:08:46,1,True
CASE-00891,ORG-005,ASSET-ORG-005-050,malware,2025-02-23T20:36:18,2025-02-27T15:57:14,0,True
CASE-00892,ORG-005,ASSET-ORG-005-076,privilege_escalation,2025-06-18T09:44:49,2025-06-23T08:59:53,0,False
CASE-00893,ORG-005,ASSET-ORG-005-046,lateral_movement,2025-03-31T14:05:50,2025-04-04T16:56:28,0,True
CASE-00894,ORG-005,ASSET-ORG-005-027,phishing,2025-01-14T10:09:27,2025-01-20T13:37:31,1,True
CASE-00895,ORG-005,ASSET-ORG-005-016,lateral_movement,2025-06-15T07:18:51,2025-06-20T00:52:40,0,True
CASE-00896,ORG-005,ASSET-ORG-005-105,phishing,2025-06-22T06:29:02,2025-06-25T23:03:26,3,False
CASE-00897,ORG-005,ASSET-ORG-005-120,data_exfil,2025-02-01T23:13:13,2025-02-07T13:05:20,1,False
CASE-00898,ORG-005,ASSET-ORG-005-060,malware,2025-01-18T21:50:44,2025-01-19T13:10:16,0,False
CASE-00899,ORG-005,ASSET-ORG-005-096,phishing,2025-06-03T18:09:52,2025-06-07T18:17:12,0,True
CASE-00900,ORG-005,ASSET-ORG-005-039,recon,2025-04-27T10:34:23,2025-05-03T19:08:27,2,True
CASE-00901,ORG-005,ASSET-ORG-005-092,recon,2025-05-17T02:58:15,2025-05-21T18:38:50,2,False
CASE-00902,ORG-005,ASSET-ORG-005-092,data_exfil,2025-05-02T17:33:38,2025-05-03T21:36:20,0,True
CASE-00903,ORG-005,ASSET-ORG-005-068,recon,2025-01-18T22:14:37,2025-01-25T00:56:09,0,True
CASE-00904,ORG-005,ASSET-ORG-005-007,lateral_movement,2025-06-30T15:54:42,,2,True
CASE-00905,ORG-005,ASSET-ORG-005-074,recon,2025-01-30T19:06:43,2025-02-06T04:29:50,0,True
CASE-00906,ORG-005,ASSET-ORG-005-028,data_exfil,2025-03-26T21:03:23,2025-03-29T21:01:00,0,True
CASE-00907,ORG-005,ASSET-ORG-005-063,brute_force,2025-04-24T06:42:29,2025-04-25T03:49:32,1,False
CASE-00908,ORG-005,ASSET-ORG-005-027,phishing,2025-01-23T19:42:20,2025-01-26T02:21:38,0,True
CASE-00909,ORG-005,ASSET-ORG-005-030,privilege_escalation,2025-04-27T21:54:18,2025-05-02T03:32:47,1,True
CASE-00910,ORG-005,ASSET-ORG-005-006,data_exfil,2025-01-03T16:13:11,2025-01-07T12:38:27,2,True
CASE-00911,ORG-005,ASSET-ORG-005-088,malware,2025-03-02T14:56:32,2025-03-09T07:57:52,0,True
CASE-00912,ORG-005,ASSET-ORG-005-051,recon,2025-03-31T23:14:41,2025-04-05T01:26:16,2,True
CASE-00913,ORG-005,ASSET-ORG-005-093,privilege_escalation,2025-04-07T09:14:58,2025-04-10T19:46:03,0,True
CASE-00914,ORG-005,ASSET-ORG-005-003,phishing,2025-03-20T04:40:05,2025-03-25T04:48:22,0,True
CASE-00915,ORG-005,ASSET-ORG-005-098,brute_force,2025-03-20T02:27:56,2025-03-20T14:06:45,1,True
CASE-00916,ORG-005,ASSET-ORG-005-058,data_exfil,2025-05-20T05:41:19,2025-05-22T06:14:52,0,True
CASE-00917,ORG-005,ASSET-ORG-005-071,privilege_escalation,2025-01-31T00:44:42,2025-02-01T19:44:24,0,False
CASE-00918,ORG-005,ASSET-ORG-005-024,privilege_escalation,2025-05-14T11:42:12,2025-05-21T08:37:49,1,True
CASE-00919,ORG-005,ASSET-ORG-005-075,privilege_escalation,2025-06-30T04:28:23,,2,False
CASE-00920,ORG-005,ASSET-ORG-005-065,data_exfil,2025-06-18T00:10:43,2025-06-24T20:38:42,0,True
CASE-00921,ORG-005,ASSET-ORG-005-072,privilege_escalation,2025-02-20T19:05:37,2025-02-26T11:21:32,1,True
CASE-00922,ORG-005,ASSET-ORG-005-034,lateral_movement,2025-06-03T11:44:10,2025-06-06T10:30:11,0,True
CASE-00923,ORG-005,ASSET-ORG-005-026,privilege_escalation,2025-01-03T03:41:56,2025-01-07T02:53:42,1,True
CASE-00924,ORG-005,ASSET-ORG-005-047,lateral_movement,2025-04-24T20:01:39,2025-04-30T09:31:58,0,True
CASE-00925,ORG-005,ASSET-ORG-005-085,privilege_escalation,2025-01-08T02:57:35,2025-01-13T08:08:13,0,True
CASE-00926,ORG-005,ASSET-ORG-005-051,malware,2025-06-22T07:47:24,2025-06-25T23:21:17,0,True
CASE-00927,ORG-005,ASSET-ORG-005-030,malware,2025-02-05T06:48:03,2025-02-08T01:44:58,2,True
CASE-00928,ORG-005,ASSET-ORG-005-118,brute_force,2025-02-09T22:05:26,2025-02-14T09:08:16,0,True
CASE-00929,ORG-005,ASSET-ORG-005-094,brute_force,2025-04-23T06:58:15,2025-04-24T17:38:35,1,True
CASE-00930,ORG-005,ASSET-ORG-005-067,lateral_movement,2025-03-02T01:22:53,2025-03-07T15:30:03,2,True
CASE-00931,ORG-005,ASSET-ORG-005-020,brute_force,2025-02-05T04:59:30,2025-02-06T23:27:50,0,True
CASE-00932,ORG-005,ASSET-ORG-005-050,lateral_movement,2025-02-15T15:21:39,2025-02-21T15:34:59,0,True
CASE-00933,ORG-005,ASSET-ORG-005-012,data_exfil,2025-05-28T00:32:17,2025-05-28T14:03:55,0,True
CASE-00934,ORG-005,ASSET-ORG-005-091,lateral_movement,2025-02-13T19:01:17,2025-02-18T16:36:59,1,True
CASE-00935,ORG-005,ASSET-ORG-005-068,malware,2025-01-17T03:34:11,2025-01-22T11:12:54,1,True
CASE-00936,ORG-005,ASSET-ORG-005-075,brute_force,2025-06-29T18:09:02,,0,True
CASE-00937,ORG-005,ASSET-ORG-005-105,recon,2025-06-06T14:31:04,2025-06-11T10:56:59,0,True
CASE-00938,ORG-005,ASSET-ORG-005-034,phishing,2025-01-15T05:22:36,2025-01-18T13:14:45,3,True
CASE-00939,ORG-005,ASSET-ORG-005-097,phishing,2025-06-28T22:01:01,2025-06-30T12:25:33,0,True
CASE-00940,ORG-005,ASSET-ORG-005-110,data_exfil,2025-02-07T13:24:30,2025-02-12T16:08:00,0,True
CASE-00941,ORG-005,ASSET-ORG-005-064,phishing,2025-04-05T22:15:29,2025-04-11T02:41:36,0,True
CASE-00942,ORG-005,ASSET-ORG-005-067,data_exfil,2025-04-03T11:26:37,2025-04-09T17:37:03,0,True
CASE-00943,ORG-005,ASSET-ORG-005-027,brute_force,2025-06-03T01:48:17,2025-06-08T13:38:14,2,True
CASE-00944,ORG-005,ASSET-ORG-005-107,privilege_escalation,2025-03-01T22:10:22,2025-03-03T08:10:58,2,True
CASE-00945,ORG-005,ASSET-ORG-005-077,malware,2025-04-24T13:28:42,2025-04-29T02:16:17,1,True
CASE-00946,ORG-005,ASSET-ORG-005-105,recon,2025-01-05T13:27:23,2025-01-12T12:59:35,2,True
CASE-00947,ORG-005,ASSET-ORG-005-103,brute_force,2025-02-04T18:55:42,2025-02-10T08:51:37,0,False
CASE-00948,ORG-005,ASSET-ORG-005-110,phishing,2025-02-07T06:43:54,2025-02-10T01:07:36,1,True
CASE-00949,ORG-005,ASSET-ORG-005-002,lateral_movement,2025-06-07T13:27:01,2025-06-13T20:10:32,1,False
CASE-00950,ORG-005,ASSET-ORG-005-015,brute_force,2025-06-18T03:19:25,2025-06-18T19:21:12,0,True
CASE-00951,ORG-005,ASSET-ORG-005-010,malware,2025-02-13T11:39:14,2025-02-15T02:36:18,1,True
CASE-00952,ORG-005,ASSET-ORG-005-068,malware,2025-03-01T18:32:03,2025-03-05T12:58:51,1,True
CASE-00953,ORG-005,ASSET-ORG-005-026,data_exfil,2025-02-18T18:16:38,2025-02-25T03:44:07,0,True
CASE-00954,ORG-005,ASSET-ORG-005-098,malware,2025-02-20T18:54:15,2025-02-21T06:37:21,1,True
CASE-00955,ORG-005,ASSET-ORG-005-111,lateral_movement,2025-04-12T20:41:39,2025-04-17T23:23:27,1,True
CASE-00956,ORG-005,ASSET-ORG-005-120,data_exfil,2025-05-31T22:39:17,2025-06-04T07:29:54,0,False
CASE-00957,ORG-005,ASSET-ORG-005-091,recon,2025-01-04T14:26:26,2025-01-08T17:16:41,1,False
CASE-00958,ORG-005,ASSET-ORG-005-103,lateral_movement,2025-04-28T01:11:23,2025-04-29T11:16:36,1,True
CASE-00959,ORG-005,ASSET-ORG-005-116,data_exfil,2025-02-13T12:42:57,2025-02-20T07:10:53,0,True
CASE-00960,ORG-005,ASSET-ORG-005-004,data_exfil,2025-03-30T04:40:33,2025-04-04T03:37:05,0,True
CASE-00961,ORG-005,ASSET-ORG-005-030,data_exfil,2025-03-29T18:53:41,2025-04-01T07:45:45,3,False
CASE-00962,ORG-005,ASSET-ORG-005-075,lateral_movement,2025-03-18T14:03:12,2025-03-20T08:28:23,1,True
CASE-00963,ORG-005,ASSET-ORG-005-024,privilege_escalation,2025-02-07T14:34:29,2025-02-13T11:59:49,0,True
CASE-00964,ORG-005,ASSET-ORG-005-040,phishing,2025-05-11T23:59:18,2025-05-14T10:30:34,1,True
CASE-00965,ORG-005,ASSET-ORG-005-066,privilege_escalation,2025-03-17T03:20:09,2025-03-22T19:09:17,1,False
CASE-00966,ORG-005,ASSET-ORG-005-115,brute_force,2025-06-26T22:22:01,,1,True
CASE-00967,ORG-005,ASSET-ORG-005-061,malware,2025-05-10T01:08:05,2025-05-14T19:10:04,0,True
CASE-00968,ORG-005,ASSET-ORG-005-088,data_exfil,2025-05-01T00:22:48,2025-05-03T17:18:52,0,True
CASE-00969,ORG-005,ASSET-ORG-005-113,data_exfil,2025-04-01T15:56:07,2025-04-02T02:00:25,2,True
CASE-00970,ORG-005,ASSET-ORG-005-088,brute_force,2025-03-01T20:34:11,2025-03-03T08:29:43,0,False
CASE-00971,ORG-005,ASSET-ORG-005-060,lateral_movement,2025-04-07T22:08:57,2025-04-10T18:02:06,0,True
CASE-00972,ORG-005,ASSET-ORG-005-024,lateral_movement,2025-06-12T11:16:19,2025-06-17T19:46:24,0,True
CASE-00973,ORG-005,ASSET-ORG-005-076,data_exfil,2025-04-09T15:20:30,2025-04-14T02:28:13,0,True
CASE-00974,ORG-005,ASSET-ORG-005-071,lateral_movement,2025-04-15T02:07:51,2025-04-20T12:29:38,1,False
CASE-00975,ORG-005,ASSET-ORG-005-005,privilege_escalation,2025-04-12T16:49:51,2025-04-17T04:44:36,2,True
CASE-00976,ORG-005,ASSET-ORG-005-061,phishing,2025-03-09T08:03:36,2025-03-15T17:58:24,1,True
CASE-00977,ORG-005,ASSET-ORG-005-062,privilege_escalation,2025-06-11T03:51:46,2025-06-15T01:18:18,3,False
CASE-00978,ORG-005,ASSET-ORG-005-090,phishing,2025-06-16T02:25:26,2025-06-21T10:03:19,1,True
CASE-00979,ORG-005,ASSET-ORG-005-114,data_exfil,2025-01-10T21:57:30,2025-01-13T06:57:17,0,True
CASE-00980,ORG-005,ASSET-ORG-005-020,data_exfil,2025-03-18T19:41:30,2025-03-25T03:13:42,1,True
CASE-00981,ORG-005,ASSET-ORG-005-114,privilege_escalation,2025-05-29T14:09:38,2025-06-03T04:17:41,1,True
CASE-00982,ORG-005,ASSET-ORG-005-104,privilege_escalation,2025-06-05T01:15:42,2025-06-08T14:06:35,0,True
CASE-00983,ORG-005,ASSET-ORG-005-067,data_exfil,2025-05-08T08:21:18,2025-05-13T09:08:54,4,True
CASE-00984,ORG-005,ASSET-ORG-005-034,privilege_escalation,2025-04-24T06:41:21,2025-04-27T19:53:55,1,False
CASE-00985,ORG-005,ASSET-ORG-005-096,malware,2025-03-09T17:51:15,2025-03-14T08:50:33,1,False
CASE-00986,ORG-005,ASSET-ORG-005-104,lateral_movement,2025-02-16T08:01:08,2025-02-20T00:08:26,0,False
CASE-00987,ORG-005,ASSET-ORG-005-117,brute_force,2025-06-17T16:21:42,2025-06-21T21:29:08,1,True
CASE-00988,ORG-005,ASSET-ORG-005-092,lateral_movement,2025-01-26T04:29:06,2025-01-29T14:13:52,2,True
CASE-00989,ORG-005,ASSET-ORG-005-047,phishing,2025-03-27T23:03:17,2025-04-03T07:16:44,1,True
CASE-00990,ORG-005,ASSET-ORG-005-083,malware,2025-04-19T13:51:57,2025-04-23T05:21:06,1,True
CASE-00991,ORG-005,ASSET-ORG-005-096,recon,2025-04-29T16:07:31,2025-05-04T20:09:25,0,True
CASE-00992,ORG-005,ASSET-ORG-005-030,lateral_movement,2025-05-02T02:51:18,2025-05-05T14:12:22,0,True
CASE-00993,ORG-005,ASSET-ORG-005-004,phishing,2025-03-27T14:51:55,2025-04-01T04:38:04,0,True
CASE-00994,ORG-005,ASSET-ORG-005-111,malware,2025-05-31T01:45:09,2025-06-06T06:09:23,3,True
CASE-00995,ORG-005,ASSET-ORG-005-048,phishing,2025-04-14T07:44:45,2025-04-17T06:38:05,1,True
CASE-00996,ORG-005,ASSET-ORG-005-069,brute_force,2025-06-29T14:24:22,,3,True
CASE-00997,ORG-005,ASSET-ORG-005-024,lateral_movement,2025-04-28T21:34:57,2025-04-30T16:47:13,2,True
CASE-00998,ORG-005,ASSET-ORG-005-077,data_exfil,2025-02-28T19:49:14,2025-03-07T12:41:51,2,True
CASE-00999,ORG-005,ASSET-ORG-005-118,brute_force,2025-06-07T13:30:09,2025-06-08T06:00:01,0,True
CASE-01000,ORG-005,ASSET-ORG-005-059,phishing,2025-01-11T18:00:29,2025-01-15T10:03:35,1,True
CASE-01001,ORG-005,ASSET-ORG-005-001,lateral_movement,2025-06-20T20:41:00,2025-06-25T21:12:29,0,True
CASE-01002,ORG-005,ASSET-ORG-005-104,lateral_movement,2025-02-20T00:21:11,2025-02-20T16:53:29,2,True
CASE-01003,ORG-005,ASSET-ORG-005-006,privilege_escalation,2025-05-24T07:46:11,2025-05-26T08:52:59,1,True
CASE-01004,ORG-005,ASSET-ORG-005-067,phishing,2025-06-18T19:27:40,2025-06-25T14:41:52,1,True
CASE-01005,ORG-005,ASSET-ORG-005-075,data_exfil,2025-02-09T23:54:54,2025-02-12T18:46:41,0,False
CASE-01006,ORG-005,ASSET-ORG-005-119,data_exfil,2025-04-01T17:40:42,2025-04-05T11:33:50,0,True
CASE-01007,ORG-005,ASSET-ORG-005-035,lateral_movement,2025-06-03T03:31:38,2025-06-08T06:18:57,3,False
CASE-01008,ORG-005,ASSET-ORG-005-096,malware,2025-02-18T02:05:10,2025-02-21T01:42:10,1,False
CASE-01009,ORG-005,ASSET-ORG-005-018,data_exfil,2025-02-08T04:03:50,2025-02-14T06:16:58,1,True
CASE-01010,ORG-005,ASSET-ORG-005-043,recon,2025-01-29T11:22:33,2025-01-30T11:00:46,0,True
CASE-01011,ORG-005,ASSET-ORG-005-098,recon,2025-02-25T02:01:52,2025-02-26T06:21:59,0,True
CASE-01012,ORG-005,ASSET-ORG-005-012,malware,2025-02-04T18:23:00,2025-02-11T00:52:58,1,True
CASE-01013,ORG-005,ASSET-ORG-005-062,privilege_escalation,2025-04-14T13:27:03,2025-04-16T05:32:29,1,True
CASE-01014,ORG-005,ASSET-ORG-005-077,brute_force,2025-01-23T07:52:02,2025-01-28T09:58:11,0,True
CASE-01015,ORG-005,ASSET-ORG-005-067,brute_force,2025-04-25T22:26:59,2025-05-01T20:51:59,0,True
CASE-01016,ORG-005,ASSET-ORG-005-082,data_exfil,2025-02-09T06:14:54,2025-02-15T21:14:03,1,True
CASE-01017,ORG-005,ASSET-ORG-005-031,privilege_escalation,2025-06-12T01:10:36,2025-06-12T15:30:19,1,True
CASE-01018,ORG-005,ASSET-ORG-005-034,brute_force,2025-02-11T17:47:58,2025-02-15T23:25:23,0,True
CASE-01019,ORG-005,ASSET-ORG-005-084,brute_force,2025-02-22T08:23:17,2025-02-28T10:10:34,1,True
CASE-01020,ORG-005,ASSET-ORG-005-027,privilege_escalation,2025-03-08T07:00:32,2025-03-08T21:41:12,3,False
CASE-01021,ORG-005,ASSET-ORG-005-117,brute_force,2025-05-10T20:16:52,2025-05-13T09:42:25,2,True
CASE-01022,ORG-005,ASSET-ORG-005-024,privilege_escalation,2025-04-01T17:58:20,2025-04-02T10:25:01,0,True
CASE-01023,ORG-005,ASSET-ORG-005-111,recon,2025-04-02T08:05:19,2025-04-06T17:24:29,3,True
CASE-01024,ORG-005,ASSET-ORG-005-061,malware,2025-04-04T09:05:17,2025-04-05T17:54:11,3,True
CASE-01025,ORG-005,ASSET-ORG-005-118,lateral_movement,2025-04-16T04:44:42,2025-04-17T23:37:29,1,False
CASE-01026,ORG-006,ASSET-ORG-006-008,brute_force,2025-05-11T20:37:51,2025-05-13T12:36:53,1,False
CASE-01027,ORG-006,ASSET-ORG-006-020,brute_force,2025-01-18T05:14:49,2025-01-19T23:47:16,3,False
CASE-01028,ORG-006,ASSET-ORG-006-025,malware,2025-05-07T19:20:30,2025-05-14T14:04:49,1,True
CASE-01029,ORG-006,ASSET-ORG-006-017,malware,2025-04-03T14:20:16,2025-04-08T05:46:34,3,True
CASE-01030,ORG-006,ASSET-ORG-006-036,brute_force,2025-06-10T21:53:21,2025-06-15T18:36:58,0,True
CASE-01031,ORG-006,ASSET-ORG-006-010,recon,2025-03-21T06:15:58,2025-03-26T11:28:49,2,True
CASE-01032,ORG-006,ASSET-ORG-006-088,data_exfil,2025-06-04T14:33:51,2025-06-05T01:20:47,1,False
CASE-01033,ORG-006,ASSET-ORG-006-093,brute_force,2025-01-11T14:25:05,2025-01-15T05:09:13,0,True
CASE-01034,ORG-006,ASSET-ORG-006-001,privilege_escalation,2025-01-16T18:18:34,2025-01-17T02:36:11,1,False
CASE-01035,ORG-006,ASSET-ORG-006-051,lateral_movement,2025-03-14T05:49:45,2025-03-18T17:29:30,0,True
CASE-01036,ORG-006,ASSET-ORG-006-089,brute_force,2025-03-31T14:27:23,2025-04-05T10:16:05,0,True
CASE-01037,ORG-006,ASSET-ORG-006-083,privilege_escalation,2025-05-30T11:19:05,2025-06-04T14:18:52,1,True
CASE-01038,ORG-006,ASSET-ORG-006-059,phishing,2025-05-21T19:17:32,2025-05-23T19:51:24,0,True
CASE-01039,ORG-006,ASSET-ORG-006-062,data_exfil,2025-02-28T10:06:42,2025-03-01T18:27:31,1,False
CASE-01040,ORG-006,ASSET-ORG-006-044,malware,2025-03-26T02:57:16,2025-04-01T18:18:50,1,True
CASE-01041,ORG-006,ASSET-ORG-006-003,privilege_escalation,2025-05-27T02:02:05,2025-05-29T06:16:34,2,True
CASE-01042,ORG-006,ASSET-ORG-006-007,recon,2025-06-02T03:00:26,2025-06-06T01:30:15,1,False
CASE-01043,ORG-006,ASSET-ORG-006-055,privilege_escalation,2025-05-17T10:36:38,2025-05-20T00:44:03,1,True
CASE-01044,ORG-006,ASSET-ORG-006-090,data_exfil,2025-05-04T14:09:19,2025-05-05T04:58:42,1,False
CASE-01045,ORG-006,ASSET-ORG-006-108,malware,2025-06-12T15:56:32,2025-06-17T13:13:45,0,False
CASE-01046,ORG-006,ASSET-ORG-006-043,phishing,2025-06-15T00:11:19,2025-06-20T23:00:18,1,True
CASE-01047,ORG-006,ASSET-ORG-006-107,privilege_escalation,2025-01-03T11:09:07,2025-01-07T16:56:05,0,True
CASE-01048,ORG-006,ASSET-ORG-006-038,phishing,2025-04-16T11:21:59,2025-04-16T19:23:12,3,False
CASE-01049,ORG-006,ASSET-ORG-006-091,recon,2025-01-14T15:37:49,2025-01-20T01:20:27,0,True
CASE-01050,ORG-006,ASSET-ORG-006-026,malware,2025-04-22T18:01:43,2025-04-27T16:04:48,1,True
CASE-01051,ORG-006,ASSET-ORG-006-008,data_exfil,2025-01-22T15:52:31,2025-01-23T14:34:44,3,True
CASE-01052,ORG-006,ASSET-ORG-006-016,data_exfil,2025-04-28T06:22:51,2025-04-29T06:16:44,2,True
CASE-01053,ORG-006,ASSET-ORG-006-109,privilege_escalation,2025-03-31T06:04:38,2025-04-01T06:52:39,1,True
CASE-01054,ORG-006,ASSET-ORG-006-008,brute_force,2025-01-23T23:50:48,2025-01-25T18:41:23,2,True
CASE-01055,ORG-006,ASSET-ORG-006-108,recon,2025-05-05T05:36:58,2025-05-11T06:18:15,2,True
CASE-01056,ORG-006,ASSET-ORG-006-056,lateral_movement,2025-02-09T08:47:54,2025-02-10T23:03:50,1,True
CASE-01057,ORG-006,ASSET-ORG-006-037,data_exfil,2025-03-28T01:17:44,2025-03-28T18:41:51,4,True
CASE-01058,ORG-006,ASSET-ORG-006-080,data_exfil,2025-05-11T16:52:18,2025-05-12T15:03:13,0,True
CASE-01059,ORG-006,ASSET-ORG-006-035,recon,2025-03-23T14:13:56,2025-03-24T18:23:45,2,False
CASE-01060,ORG-006,ASSET-ORG-006-020,recon,2025-06-17T13:01:56,2025-06-24T01:57:03,1,True
CASE-01061,ORG-006,ASSET-ORG-006-066,lateral_movement,2025-05-26T19:43:26,2025-06-02T02:28:20,0,True
CASE-01062,ORG-006,ASSET-ORG-006-040,lateral_movement,2025-04-02T02:07:24,2025-04-07T21:52:14,2,False
CASE-01063,ORG-006,ASSET-ORG-006-070,recon,2025-06-25T23:46:15,,3,True
CASE-01064,ORG-006,ASSET-ORG-006-100,phishing,2025-03-30T09:42:31,2025-04-03T23:08:01,1,True
CASE-01065,ORG-006,ASSET-ORG-006-068,lateral_movement,2025-03-18T01:29:38,2025-03-24T22:09:58,2,True
CASE-01066,ORG-006,ASSET-ORG-006-023,data_exfil,2025-02-19T06:01:39,2025-02-25T16:18:36,1,True
CASE-01067,ORG-006,ASSET-ORG-006-090,phishing,2025-01-03T08:54:12,2025-01-04T03:19:03,2,True
CASE-01068,ORG-006,ASSET-ORG-006-057,malware,2025-06-24T15:25:21,2025-06-28T21:55:34,1,True
CASE-01069,ORG-006,ASSET-ORG-006-105,brute_force,2025-04-25T15:30:28,2025-04-30T06:53:21,3,True
CASE-01070,ORG-006,ASSET-ORG-006-104,phishing,2025-06-15T10:43:41,2025-06-18T09:39:58,1,True
CASE-01071,ORG-006,ASSET-ORG-006-110,phishing,2025-05-22T03:14:30,2025-05-23T12:49:46,0,True
CASE-01072,ORG-006,ASSET-ORG-006-042,data_exfil,2025-03-28T14:52:23,2025-04-04T06:52:56,1,False
CASE-01073,ORG-006,ASSET-ORG-006-036,malware,2025-04-15T00:33:00,2025-04-17T06:58:22,0,False
CASE-01074,ORG-006,ASSET-ORG-006-024,brute_force,2025-05-27T02:09:11,2025-06-01T08:19:33,1,True
CASE-01075,ORG-006,ASSET-ORG-006-078,lateral_movement,2025-06-11T03:24:45,2025-06-12T22:04:47,0,True
CASE-01076,ORG-006,ASSET-ORG-006-058,malware,2025-03-23T13:59:45,2025-03-27T20:57:55,0,True
CASE-01077,ORG-006,ASSET-ORG-006-036,lateral_movement,2025-05-05T06:02:01,2025-05-07T14:52:16,0,True
CASE-01078,ORG-006,ASSET-ORG-006-101,phishing,2025-05-09T06:54:38,2025-05-10T21:44:11,3,True
CASE-01079,ORG-006,ASSET-ORG-006-073,data_exfil,2025-05-05T00:29:29,2025-05-08T05:10:33,0,True
CASE-01080,ORG-006,ASSET-ORG-006-069,malware,2025-06-04T15:03:30,2025-06-07T15:55:39,0,True
CASE-01081,ORG-006,ASSET-ORG-006-084,privilege_escalation,2025-04-29T16:38:45,2025-04-30T18:55:07,0,True
CASE-01082,ORG-006,ASSET-ORG-006-066,lateral_movement,2025-01-15T11:28:43,2025-01-18T17:45:53,0,True
CASE-01083,ORG-006,ASSET-ORG-006-075,privilege_escalation,2025-01-05T13:12:22,2025-01-06T04:52:34,0,True
CASE-01084,ORG-006,ASSET-ORG-006-057,recon,2025-01-10T08:26:13,2025-01-14T08:56:37,1,True
CASE-01085,ORG-006,ASSET-ORG-006-040,brute_force,2025-04-27T04:51:47,2025-04-30T17:05:39,1,True
CASE-01086,ORG-006,ASSET-ORG-006-045,lateral_movement,2025-06-06T09:28:57,2025-06-13T08:36:46,0,True
CASE-01087,ORG-006,ASSET-ORG-006-013,recon,2025-05-28T16:34:57,2025-05-31T17:27:35,1,True
CASE-01088,ORG-006,ASSET-ORG-006-020,data_exfil,2025-04-19T16:30:21,2025-04-21T03:37:47,1,False
CASE-01089,ORG-006,ASSET-ORG-006-091,lateral_movement,2025-01-15T02:32:53,2025-01-17T09:18:25,1,True
CASE-01090,ORG-006,ASSET-ORG-006-108,recon,2025-04-26T20:00:39,2025-04-27T19:50:26,0,True
CASE-01091,ORG-006,ASSET-ORG-006-065,privilege_escalation,2025-03-24T17:04:49,2025-03-25T15:38:17,0,True
CASE-01092,ORG-006,ASSET-ORG-006-106,recon,2025-01-15T02:24:34,2025-01-18T23:18:56,2,True
CASE-01093,ORG-006,ASSET-ORG-006-011,data_exfil,2025-06-24T01:53:56,2025-06-29T14:10:01,1,False
CASE-01094,ORG-006,ASSET-ORG-006-050,malware,2025-01-20T23:12:22,2025-01-27T02:06:55,1,False
CASE-01095,ORG-006,ASSET-ORG-006-088,phishing,2025-06-12T04:35:31,2025-06-15T21:39:16,2,True
CASE-01096,ORG-006,ASSET-ORG-006-001,data_exfil,2025-06-22T13:03:52,2025-06-28T13:36:33,0,True
CASE-01097,ORG-006,ASSET-ORG-006-004,brute_force,2025-05-24T18:25:04,2025-05-31T09:33:07,1,True
CASE-01098,ORG-006,ASSET-ORG-006-045,recon,2025-01-30T19:43:15,2025-02-03T13:18:53,1,False
CASE-01099,ORG-006,ASSET-ORG-006-002,brute_force,2025-05-01T23:44:43,2025-05-08T03:26:40,2,True
CASE-01100,ORG-006,ASSET-ORG-006-088,recon,2025-05-17T08:37:55,2025-05-21T14:30:29,1,True
CASE-01101,ORG-006,ASSET-ORG-006-023,brute_force,2025-01-02T07:30:58,2025-01-03T01:16:06,0,True
CASE-01102,ORG-006,ASSET-ORG-006-026,malware,2025-03-12T23:21:15,2025-03-14T02:08:28,1,True
CASE-01103,ORG-006,ASSET-ORG-006-067,privilege_escalation,2025-03-22T07:38:15,2025-03-23T18:32:25,0,True
CASE-01104,ORG-006,ASSET-ORG-006-076,recon,2025-04-29T05:29:58,2025-05-04T20:15:42,0,True
CASE-01105,ORG-006,ASSET-ORG-006-020,lateral_movement,2025-03-02T05:14:36,2025-03-06T05:43:00,2,True
CASE-01106,ORG-006,ASSET-ORG-006-060,data_exfil,2025-02-21T06:10:54,2025-02-22T19:27:58,2,True
CASE-01107,ORG-006,ASSET-ORG-006-076,privilege_escalation,2025-03-09T05:34:38,2025-03-15T16:58:35,0,False
CASE-01108,ORG-006,ASSET-ORG-006-024,brute_force,2025-01-15T14:50:44,2025-01-16T09:53:03,0,True
CASE-01109,ORG-006,ASSET-ORG-006-018,privilege_escalation,2025-06-17T05:29:34,2025-06-22T11:01:30,0,True
CASE-01110,ORG-006,ASSET-ORG-006-034,recon,2025-06-12T03:39:52,2025-06-14T02:39:49,1,False
CASE-01111,ORG-006,ASSET-ORG-006-057,privilege_escalation,2025-04-05T10:26:52,2025-04-11T12:21:26,1,True
CASE-01112,ORG-006,ASSET-ORG-006-042,recon,2025-03-01T09:48:06,2025-03-03T17:59:06,1,True
CASE-01113,ORG-006,ASSET-ORG-006-023,phishing,2025-04-30T19:26:05,2025-05-05T12:24:42,0,True
CASE-01114,ORG-006,ASSET-ORG-006-034,phishing,2025-05-15T18:51:21,2025-05-19T11:54:15,2,True
CASE-01115,ORG-006,ASSET-ORG-006-101,phishing,2025-01-18T17:58:13,2025-01-22T00:10:43,0,True
CASE-01116,ORG-006,ASSET-ORG-006-001,malware,2025-01-24T10:34:21,2025-01-28T13:50:31,0,True
CASE-01117,ORG-006,ASSET-ORG-006-044,data_exfil,2025-03-20T17:18:00,2025-03-24T09:49:33,1,False
CASE-01118,ORG-006,ASSET-ORG-006-087,brute_force,2025-06-18T22:56:11,2025-06-20T12:50:16,1,True
CASE-01119,ORG-006,ASSET-ORG-006-070,privilege_escalation,2025-06-23T09:16:53,2025-06-28T02:52:04,2,False
CASE-01120,ORG-006,ASSET-ORG-006-104,phishing,2025-01-31T12:06:42,2025-02-03T07:45:31,1,True
CASE-01121,ORG-006,ASSET-ORG-006-002,recon,2025-05-28T04:58:33,2025-05-31T03:48:19,1,True
CASE-01122,ORG-006,ASSET-ORG-006-032,malware,2025-03-31T21:00:59,2025-04-05T02:06:41,2,False
CASE-01123,ORG-006,ASSET-ORG-006-105,brute_force,2025-01-30T01:26:08,2025-02-02T01:37:17,0,True
CASE-01124,ORG-006,ASSET-ORG-006-031,brute_force,2025-05-16T16:02:02,2025-05-18T18:11:38,0,True
CASE-01125,ORG-006,ASSET-ORG-006-027,recon,2025-03-09T20:29:07,2025-03-16T01:02:20,2,False
CASE-01126,ORG-006,ASSET-ORG-006-056,brute_force,2025-03-26T21:22:59,2025-03-29T05:40:12,1,True
CASE-01127,ORG-006,ASSET-ORG-006-063,phishing,2025-06-22T03:17:42,2025-06-25T04:09:30,2,True
CASE-01128,ORG-006,ASSET-ORG-006-002,data_exfil,2025-05-18T18:18:43,2025-05-22T05:45:34,3,False
CASE-01129,ORG-006,ASSET-ORG-006-042,privilege_escalation,2025-03-05T07:35:53,2025-03-11T23:59:29,2,True
CASE-01130,ORG-006,ASSET-ORG-006-040,privilege_escalation,2025-04-11T16:29:51,2025-04-14T02:12:53,1,True
CASE-01131,ORG-006,ASSET-ORG-006-038,malware,2025-04-03T09:38:55,2025-04-10T07:14:31,2,True
CASE-01132,ORG-006,ASSET-ORG-006-049,phishing,2025-03-12T22:29:14,2025-03-17T11:38:43,1,True
CASE-01133,ORG-006,ASSET-ORG-006-096,phishing,2025-04-22T22:52:18,2025-04-25T14:00:06,0,False
CASE-01134,ORG-006,ASSET-ORG-006-096,data_exfil,2025-01-05T12:34:36,2025-01-11T01:10:28,0,False
CASE-01135,ORG-006,ASSET-ORG-006-021,lateral_movement,2025-05-05T05:39:33,2025-05-09T22:52:00,1,False
CASE-01136,ORG-006,ASSET-ORG-006-060,lateral_movement,2025-02-12T06:01:22,2025-02-17T04:51:35,0,True
CASE-01137,ORG-006,ASSET-ORG-006-008,brute_force,2025-03-10T08:43:10,2025-03-17T05:33:59,2,True
CASE-01138,ORG-006,ASSET-ORG-006-087,phishing,2025-03-23T04:19:29,2025-03-25T06:09:10,0,False
CASE-01139,ORG-006,ASSET-ORG-006-091,lateral_movement,2025-01-17T01:23:11,2025-01-22T08:26:55,0,False
CASE-01140,ORG-006,ASSET-ORG-006-048,privilege_escalation,2025-01-04T21:36:43,2025-01-06T00:06:44,0,True
CASE-01141,ORG-006,ASSET-ORG-006-026,privilege_escalation,2025-01-27T08:18:33,2025-02-02T03:09:32,0,True
CASE-01142,ORG-006,ASSET-ORG-006-100,phishing,2025-06-12T05:55:15,2025-06-16T05:31:04,1,False
CASE-01143,ORG-006,ASSET-ORG-006-107,privilege_escalation,2025-02-25T10:58:55,2025-03-03T04:15:22,1,True
CASE-01144,ORG-006,ASSET-ORG-006-044,privilege_escalation,2025-03-15T17:40:04,2025-03-22T16:21:29,0,True
CASE-01145,ORG-006,ASSET-ORG-006-087,data_exfil,2025-02-11T01:51:59,2025-02-17T07:52:36,1,True
CASE-01146,ORG-006,ASSET-ORG-006-057,recon,2025-04-25T03:34:59,2025-05-02T00:01:57,1,True
CASE-01147,ORG-006,ASSET-ORG-006-068,malware,2025-06-17T07:55:46,2025-06-21T16:51:21,1,True
CASE-01148,ORG-006,ASSET-ORG-006-024,recon,2025-04-24T06:29:18,2025-04-25T12:24:29,1,False
CASE-01149,ORG-006,ASSET-ORG-006-091,phishing,2025-05-08T03:12:05,2025-05-11T04:09:21,1,False
CASE-01150,ORG-006,ASSET-ORG-006-079,data_exfil,2025-06-05T13:10:22,2025-06-09T21:19:11,1,True
CASE-01151,ORG-006,ASSET-ORG-006-096,brute_force,2025-06-14T02:09:41,2025-06-16T19:01:58,0,False
CASE-01152,ORG-006,ASSET-ORG-006-063,privilege_escalation,2025-05-28T12:18:06,2025-06-02T13:34:59,2,True
CASE-01153,ORG-006,ASSET-ORG-006-037,brute_force,2025-01-23T02:13:07,2025-01-25T08:23:40,1,True
CASE-01154,ORG-006,ASSET-ORG-006-050,phishing,2025-02-02T19:44:50,2025-02-05T00:22:03,2,True
CASE-01155,ORG-006,ASSET-ORG-006-085,phishing,2025-06-02T10:01:14,2025-06-06T03:45:33,3,False
CASE-01156,ORG-006,ASSET-ORG-006-107,brute_force,2025-05-12T09:13:05,2025-05-15T23:31:11,0,False
CASE-01157,ORG-006,ASSET-ORG-006-017,recon,2025-04-20T20:42:48,2025-04-25T21:19:53,0,True
CASE-01158,ORG-006,ASSET-ORG-006-067,malware,2025-03-28T21:49:05,2025-03-30T03:42:48,1,True
CASE-01159,ORG-006,ASSET-ORG-006-049,malware,2025-06-27T20:04:07,,1,True
CASE-01160,ORG-006,ASSET-ORG-006-103,lateral_movement,2025-02-09T07:20:12,2025-02-12T19:56:20,1,True
CASE-01161,ORG-006,ASSET-ORG-006-005,data_exfil,2025-05-08T18:36:38,2025-05-15T12:46:29,4,True
CASE-01162,ORG-006,ASSET-ORG-006-093,phishing,2025-04-30T16:24:44,2025-05-02T17:26:57,1,True
CASE-01163,ORG-006,ASSET-ORG-006-019,recon,2025-04-11T06:07:00,2025-04-16T04:08:00,2,True
CASE-01164,ORG-006,ASSET-ORG-006-089,phishing,2025-04-05T03:04:08,2025-04-11T14:41:56,0,True
CASE-01165,ORG-006,ASSET-ORG-006-064,privilege_escalation,2025-06-05T02:31:20,2025-06-06T17:20:29,1,False
CASE-01166,ORG-006,ASSET-ORG-006-032,data_exfil,2025-05-07T09:32:47,2025-05-10T01:04:38,0,True
CASE-01167,ORG-006,ASSET-ORG-006-047,data_exfil,2025-04-27T05:11:50,2025-05-01T14:12:23,1,True
CASE-01168,ORG-006,ASSET-ORG-006-084,privilege_escalation,2025-03-22T14:49:19,2025-03-25T02:08:45,1,True
CASE-01169,ORG-006,ASSET-ORG-006-005,lateral_movement,2025-04-23T20:55:00,2025-04-28T20:33:59,2,True
CASE-01170,ORG-006,ASSET-ORG-006-010,phishing,2025-02-11T14:30:42,2025-02-15T19:27:26,1,True
CASE-01171,ORG-006,ASSET-ORG-006-068,recon,2025-04-30T07:33:15,2025-04-30T16:02:27,1,True
CASE-01172,ORG-006,ASSET-ORG-006-071,recon,2025-05-28T12:26:19,2025-06-04T03:36:21,3,False
CASE-01173,ORG-006,ASSET-ORG-006-098,malware,2025-04-13T00:00:17,2025-04-14T03:58:58,1,True
CASE-01174,ORG-006,ASSET-ORG-006-001,data_exfil,2025-01-20T07:31:39,2025-01-24T01:45:58,3,True
CASE-01175,ORG-006,ASSET-ORG-006-023,phishing,2025-05-17T16:49:59,2025-05-22T21:24:55,3,True
CASE-01176,ORG-006,ASSET-ORG-006-100,data_exfil,2025-04-10T07:00:40,2025-04-10T23:33:30,0,True
CASE-01177,ORG-006,ASSET-ORG-006-043,recon,2025-05-09T14:45:04,2025-05-16T02:00:52,2,True
CASE-01178,ORG-006,ASSET-ORG-006-101,privilege_escalation,2025-02-22T19:35:20,2025-02-25T16:35:12,1,False
CASE-01179,ORG-006,ASSET-ORG-006-063,phishing,2025-06-01T09:03:58,2025-06-03T01:57:33,0,False
CASE-01180,ORG-006,ASSET-ORG-006-023,data_exfil,2025-06-16T18:41:08,2025-06-23T02:40:32,1,False
CASE-01181,ORG-006,ASSET-ORG-006-110,data_exfil,2025-02-11T05:55:13,2025-02-14T07:03:49,0,False
CASE-01182,ORG-006,ASSET-ORG-006-010,lateral_movement,2025-04-25T01:12:05,2025-04-26T07:18:56,1,True
CASE-01183,ORG-006,ASSET-ORG-006-065,malware,2025-06-05T13:04:44,2025-06-09T13:45:01,1,True
CASE-01184,ORG-006,ASSET-ORG-006-039,lateral_movement,2025-02-16T17:42:01,2025-02-17T15:17:24,1,False
CASE-01185,ORG-006,ASSET-ORG-006-061,recon,2025-04-05T19:13:59,2025-04-10T03:11:32,2,False
CASE-01186,ORG-006,ASSET-ORG-006-049,recon,2025-05-20T00:39:44,2025-05-23T12:48:24,2,True
CASE-01187,ORG-006,ASSET-ORG-006-072,malware,2025-04-18T23:47:50,2025-04-19T17:23:37,1,True
CASE-01188,ORG-006,ASSET-ORG-006-068,privilege_escalation,2025-05-26T00:40:59,2025-06-01T02:18:56,2,True
CASE-01189,ORG-006,ASSET-ORG-006-022,recon,2025-01-18T18:24:09,2025-01-21T20:55:41,1,True
CASE-01190,ORG-006,ASSET-ORG-006-021,data_exfil,2025-03-11T06:49:55,2025-03-16T23:12:50,2,True
CASE-01191,ORG-006,ASSET-ORG-006-001,phishing,2025-01-12T02:51:34,2025-01-14T01:03:29,0,True
CASE-01192,ORG-006,ASSET-ORG-006-014,phishing,2025-01-15T00:19:11,2025-01-21T06:50:41,1,True
CASE-01193,ORG-006,ASSET-ORG-006-058,privilege_escalation,2025-05-26T20:49:33,2025-05-27T09:45:58,1,True
CASE-01194,ORG-006,ASSET-ORG-006-091,phishing,2025-06-18T16:15:43,2025-06-20T17:12:06,2,True
CASE-01195,ORG-006,ASSET-ORG-006-041,recon,2025-04-16T17:17:30,2025-04-18T04:03:26,3,False
CASE-01196,ORG-006,ASSET-ORG-006-069,brute_force,2025-04-29T15:37:17,2025-05-02T00:11:34,1,True
CASE-01197,ORG-006,ASSET-ORG-006-028,malware,2025-06-16T10:04:28,2025-06-19T22:18:13,1,True
CASE-01198,ORG-006,ASSET-ORG-006-045,phishing,2025-06-18T01:29:17,2025-06-23T21:35:15,2,True
CASE-01199,ORG-006,ASSET-ORG-006-051,malware,2025-04-18T10:15:38,2025-04-20T00:14:19,0,True
CASE-01200,ORG-006,ASSET-ORG-006-045,phishing,2025-01-19T19:25:05,2025-01-20T15:48:12,2,True
CASE-01201,ORG-006,ASSET-ORG-006-106,malware,2025-03-31T06:16:51,2025-04-02T18:57:49,0,False
CASE-01202,ORG-006,ASSET-ORG-006-009,phishing,2025-03-19T01:57:19,2025-03-21T11:26:29,2,True
CASE-01203,ORG-006,ASSET-ORG-006-070,lateral_movement,2025-01-04T11:54:31,2025-01-05T17:48:03,1,True
CASE-01204,ORG-006,ASSET-ORG-006-058,malware,2025-02-04T07:08:29,2025-02-04T23:51:00,0,False
CASE-01205,ORG-006,ASSET-ORG-006-084,recon,2025-06-22T08:46:48,2025-06-23T19:16:39,2,False
CASE-01206,ORG-006,ASSET-ORG-006-040,malware,2025-01-15T12:21:24,2025-01-19T05:06:40,0,True
CASE-01207,ORG-006,ASSET-ORG-006-050,malware,2025-06-18T00:37:07,2025-06-21T05:25:22,2,False
CASE-01208,ORG-006,ASSET-ORG-006-005,data_exfil,2025-04-07T04:24:37,2025-04-09T06:00:40,0,False
CASE-01209,ORG-006,ASSET-ORG-006-021,malware,2025-05-03T20:54:55,2025-05-07T15:09:08,1,True
CASE-01210,ORG-006,ASSET-ORG-006-090,lateral_movement,2025-04-21T22:57:30,2025-04-22T09:03:20,2,True
CASE-01211,ORG-006,ASSET-ORG-006-108,phishing,2025-05-14T23:08:22,2025-05-19T13:19:34,0,True
CASE-01212,ORG-006,ASSET-ORG-006-027,brute_force,2025-01-06T06:51:56,2025-01-07T23:29:53,0,False
CASE-01213,ORG-006,ASSET-ORG-006-091,phishing,2025-03-23T18:59:40,2025-03-25T17:27:21,3,True
CASE-01214,ORG-006,ASSET-ORG-006-009,malware,2025-03-02T15:27:58,2025-03-06T06:43:21,1,True
CASE-01215,ORG-006,ASSET-ORG-006-016,data_exfil,2025-02-17T10:18:14,2025-02-18T04:38:33,1,False
CASE-01216,ORG-006,ASSET-ORG-006-047,lateral_movement,2025-01-15T11:44:46,2025-01-19T22:10:27,0,True
CASE-01217,ORG-006,ASSET-ORG-006-029,lateral_movement,2025-01-25T09:13:24,2025-01-26T01:45:46,0,True
CASE-01218,ORG-006,ASSET-ORG-006-057,phishing,2025-01-11T16:49:55,2025-01-13T20:28:22,1,True
CASE-01219,ORG-006,ASSET-ORG-006-001,data_exfil,2025-03-02T01:54:21,2025-03-03T13:05:59,0,True
CASE-01220,ORG-006,ASSET-ORG-006-026,brute_force,2025-04-21T02:42:21,2025-04-26T12:55:31,1,True
CASE-01221,ORG-006,ASSET-ORG-006-031,phishing,2025-04-20T09:56:13,2025-04-21T08:28:04,1,True
CASE-01222,ORG-006,ASSET-ORG-006-050,phishing,2025-05-09T08:10:56,2025-05-15T22:54:31,0,False
CASE-01223,ORG-006,ASSET-ORG-006-047,data_exfil,2025-02-23T23:20:34,2025-02-26T17:46:31,2,True
CASE-01224,ORG-006,ASSET-ORG-006-013,recon,2025-03-04T03:42:07,2025-03-10T14:36:37,0,True
CASE-01225,ORG-006,ASSET-ORG-006-002,malware,2025-06-04T10:52:09,2025-06-08T09:47:50,0,True
CASE-01226,ORG-006,ASSET-ORG-006-019,lateral_movement,2025-03-15T05:51:02,2025-03-21T12:01:56,0,True
CASE-01227,ORG-006,ASSET-ORG-006-012,lateral_movement,2025-03-02T05:04:40,2025-03-07T18:28:37,1,True
CASE-01228,ORG-006,ASSET-ORG-006-083,malware,2025-02-22T00:55:26,2025-02-27T02:54:23,4,True
CASE-01229,ORG-006,ASSET-ORG-006-107,privilege_escalation,2025-01-04T10:54:52,2025-01-07T12:29:37,0,True
CASE-01230,ORG-006,ASSET-ORG-006-099,lateral_movement,2025-06-25T13:02:54,2025-06-30T08:52:03,0,False
CASE-01231,ORG-006,ASSET-ORG-006-047,recon,2025-05-20T03:38:39,2025-05-24T00:14:41,1,True
CASE-01232,ORG-006,ASSET-ORG-006-096,brute_force,2025-05-05T19:49:05,2025-05-08T02:48:38,1,True
CASE-01233,ORG-006,ASSET-ORG-006-065,malware,2025-05-29T02:47:55,2025-05-29T16:59:24,0,True
CASE-01234,ORG-006,ASSET-ORG-006-022,malware,2025-01-19T10:22:12,2025-01-24T07:41:04,1,False
CASE-01235,ORG-006,ASSET-ORG-006-014,recon,2025-04-12T10:06:10,2025-04-19T09:35:14,1,False
CASE-01236,ORG-006,ASSET-ORG-006-001,data_exfil,2025-05-25T11:53:40,2025-05-26T00:30:11,1,False
CASE-01237,ORG-006,ASSET-ORG-006-015,privilege_escalation,2025-04-05T11:44:19,2025-04-10T01:24:34,1,True
CASE-01238,ORG-006,ASSET-ORG-006-044,malware,2025-06-28T11:30:15,2025-06-30T18:32:57,0,True
CASE-01239,ORG-006,ASSET-ORG-006-060,data_exfil,2025-05-04T02:38:35,2025-05-08T17:50:45,0,False
CASE-01240,ORG-006,ASSET-ORG-006-036,data_exfil,2025-01-19T06:44:30,2025-01-24T08:45:37,0,True
CASE-01241,ORG-006,ASSET-ORG-006-085,phishing,2025-05-11T19:23:13,2025-05-18T09:27:01,1,True
CASE-01242,ORG-006,ASSET-ORG-006-037,phishing,2025-05-23T09:44:42,2025-05-28T23:21:54,0,True
CASE-01243,ORG-006,ASSET-ORG-006-069,lateral_movement,2025-06-19T00:19:54,2025-06-25T09:41:12,0,False
CASE-01244,ORG-006,ASSET-ORG-006-022,malware,2025-01-28T14:37:12,2025-01-28T23:38:17,1,True
CASE-01245,ORG-006,ASSET-ORG-006-072,data_exfil,2025-01-16T14:22:40,2025-01-17T07:04:47,0,False
CASE-01246,ORG-006,ASSET-ORG-006-050,privilege_escalation,2025-05-11T19:19:30,2025-05-16T06:10:14,1,True
CASE-01247,ORG-006,ASSET-ORG-006-063,data_exfil,2025-05-27T00:56:57,2025-05-30T22:58:38,2,True
CASE-01248,ORG-006,ASSET-ORG-006-038,privilege_escalation,2025-01-28T16:49:33,2025-02-03T17:26:11,3,True
CASE-01249,ORG-006,ASSET-ORG-006-075,data_exfil,2025-02-27T08:49:23,2025-03-03T19:00:54,2,True
CASE-01250,ORG-006,ASSET-ORG-006-038,brute_force,2025-04-23T17:10:38,2025-04-28T12:25:26,0,True
CASE-01251,ORG-006,ASSET-ORG-006-072,malware,2025-01-10T15:48:27,2025-01-12T18:05:05,2,True
CASE-01252,ORG-006,ASSET-ORG-006-003,data_exfil,2025-05-20T14:18:45,2025-05-25T04:17:02,0,True
CASE-01253,ORG-006,ASSET-ORG-006-026,brute_force,2025-03-24T11:21:48,2025-03-27T21:25:36,2,True
CASE-01254,ORG-006,ASSET-ORG-006-058,lateral_movement,2025-01-27T23:46:41,2025-01-31T09:49:15,0,True
CASE-01255,ORG-006,ASSET-ORG-006-081,malware,2025-01-08T09:11:28,2025-01-09T00:24:57,2,True
CASE-01256,ORG-006,ASSET-ORG-006-021,brute_force,2025-03-04T19:09:38,2025-03-05T19:40:18,2,True
CASE-01257,ORG-006,ASSET-ORG-006-015,brute_force,2025-05-18T19:44:52,2025-05-24T09:10:15,1,True
CASE-01258,ORG-006,ASSET-ORG-006-057,malware,2025-01-30T07:05:54,2025-02-02T00:48:07,0,True
CASE-01259,ORG-006,ASSET-ORG-006-057,brute_force,2025-01-22T19:34:08,2025-01-29T02:52:10,1,True
CASE-01260,ORG-006,ASSET-ORG-006-055,malware,2025-02-02T12:10:49,2025-02-04T22:42:15,2,True
CASE-01261,ORG-006,ASSET-ORG-006-043,brute_force,2025-06-26T07:53:44,2025-06-29T02:46:37,0,True
CASE-01262,ORG-006,ASSET-ORG-006-011,phishing,2025-02-19T10:32:56,2025-02-20T21:43:34,0,True
CASE-01263,ORG-006,ASSET-ORG-006-024,phishing,2025-04-17T00:29:45,2025-04-17T16:41:58,1,False
CASE-01264,ORG-006,ASSET-ORG-006-045,brute_force,2025-06-29T19:57:46,,1,True
CASE-01265,ORG-006,ASSET-ORG-006-035,lateral_movement,2025-01-07T03:10:28,2025-01-08T15:11:56,1,True
CASE-01266,ORG-006,ASSET-ORG-006-058,recon,2025-01-08T00:34:28,2025-01-12T14:48:33,1,False
CASE-01267,ORG-006,ASSET-ORG-006-035,recon,2025-02-01T23:39:57,2025-02-03T16:45:27,0,True
CASE-01268,ORG-006,ASSET-ORG-006-079,phishing,2025-02-11T00:40:03,2025-02-16T06:57:13,3,True
CASE-01269,ORG-006,ASSET-ORG-006-014,malware,2025-05-28T17:46:23,2025-06-04T15:59:07,1,True
CASE-01270,ORG-006,ASSET-ORG-006-075,data_exfil,2025-05-07T13:15:07,2025-05-12T04:20:50,1,True
CASE-01271,ORG-006,ASSET-ORG-006-014,phishing,2025-06-07T17:03:47,2025-06-08T18:48:12,1,False
CASE-01272,ORG-006,ASSET-ORG-006-049,brute_force,2025-03-17T01:03:03,2025-03-20T17:57:32,2,True
CASE-01273,ORG-007,ASSET-ORG-007-052,lateral_movement,2025-02-01T15:35:06,2025-02-05T20:21:31,0,True
CASE-01274,ORG-007,ASSET-ORG-007-051,phishing,2025-01-14T09:22:41,2025-01-15T09:54:30,0,False
CASE-01275,ORG-007,ASSET-ORG-007-093,lateral_movement,2025-04-26T13:17:20,2025-04-27T07:05:46,0,True
CASE-01276,ORG-007,ASSET-ORG-007-004,brute_force,2025-03-30T02:04:40,2025-04-03T14:06:33,0,True
CASE-01277,ORG-007,ASSET-ORG-007-004,privilege_escalation,2025-01-11T15:25:26,2025-01-15T02:13:33,1,True
CASE-01278,ORG-007,ASSET-ORG-007-010,brute_force,2025-03-24T19:20:22,2025-03-29T18:40:25,1,True
CASE-01279,ORG-007,ASSET-ORG-007-006,brute_force,2025-05-22T04:23:21,2025-05-27T23:07:08,2,False
CASE-01280,ORG-007,ASSET-ORG-007-064,brute_force,2025-03-26T05:40:33,2025-03-28T10:45:07,0,False
CASE-01281,ORG-007,ASSET-ORG-007-024,malware,2025-02-01T19:11:51,2025-02-03T12:17:23,0,True
CASE-01282,ORG-007,ASSET-ORG-007-070,recon,2025-02-04T17:36:36,2025-02-07T15:23:32,1,True
CASE-01283,ORG-007,ASSET-ORG-007-003,brute_force,2025-02-07T15:33:57,2025-02-13T13:24:00,0,True
CASE-01284,ORG-007,ASSET-ORG-007-096,phishing,2025-05-05T16:15:35,2025-05-11T19:31:08,2,True
CASE-01285,ORG-007,ASSET-ORG-007-090,lateral_movement,2025-01-06T14:33:08,2025-01-12T11:29:12,2,True
CASE-01286,ORG-007,ASSET-ORG-007-086,privilege_escalation,2025-02-12T01:09:19,2025-02-14T05:37:11,0,False
CASE-01287,ORG-007,ASSET-ORG-007-036,recon,2025-04-29T00:43:52,2025-05-01T17:01:59,1,False
CASE-01288,ORG-007,ASSET-ORG-007-019,phishing,2025-05-06T20:08:14,2025-05-12T19:43:35,2,False
CASE-01289,ORG-007,ASSET-ORG-007-062,brute_force,2025-03-23T15:24:37,2025-03-29T22:34:46,2,True
CASE-01290,ORG-007,ASSET-ORG-007-035,data_exfil,2025-03-17T08:03:37,2025-03-24T06:53:15,1,True
CASE-01291,ORG-007,ASSET-ORG-007-024,brute_force,2025-01-23T16:07:37,2025-01-27T13:37:33,1,True
CASE-01292,ORG-007,ASSET-ORG-007-020,data_exfil,2025-05-07T03:03:46,2025-05-13T15:06:48,0,False
CASE-01293,ORG-007,ASSET-ORG-007-094,malware,2025-06-22T08:05:29,2025-06-28T13:51:22,1,True
CASE-01294,ORG-007,ASSET-ORG-007-061,privilege_escalation,2025-05-04T00:38:56,2025-05-07T19:53:13,0,True
CASE-01295,ORG-007,ASSET-ORG-007-045,recon,2025-03-07T18:44:40,2025-03-13T10:36:32,0,True
CASE-01296,ORG-007,ASSET-ORG-007-051,privilege_escalation,2025-02-28T02:49:59,2025-03-04T21:38:17,0,True
CASE-01297,ORG-007,ASSET-ORG-007-090,recon,2025-02-04T20:27:52,2025-02-08T13:09:27,3,True
CASE-01298,ORG-007,ASSET-ORG-007-073,phishing,2025-02-21T12:41:16,2025-02-26T13:05:41,1,True
CASE-01299,ORG-007,ASSET-ORG-007-017,privilege_escalation,2025-05-07T16:55:57,2025-05-12T10:43:27,1,True
CASE-01300,ORG-007,ASSET-ORG-007-045,phishing,2025-02-05T15:35:23,2025-02-12T07:27:00,1,True
CASE-01301,ORG-007,ASSET-ORG-007-027,brute_force,2025-01-21T22:41:28,2025-01-23T07:52:52,1,True
CASE-01302,ORG-007,ASSET-ORG-007-062,recon,2025-03-18T08:56:17,2025-03-21T14:59:52,1,True
CASE-01303,ORG-007,ASSET-ORG-007-081,malware,2025-02-23T03:43:12,2025-02-26T22:37:47,0,True
CASE-01304,ORG-007,ASSET-ORG-007-062,lateral_movement,2025-04-05T05:17:38,2025-04-10T21:50:14,1,True
CASE-01305,ORG-007,ASSET-ORG-007-053,privilege_escalation,2025-02-08T05:19:51,2025-02-13T23:10:17,1,True
CASE-01306,ORG-007,ASSET-ORG-007-010,malware,2025-02-07T12:41:20,2025-02-08T16:17:43,3,True
CASE-01307,ORG-007,ASSET-ORG-007-057,privilege_escalation,2025-05-31T16:41:10,2025-06-03T04:50:23,0,True
CASE-01308,ORG-007,ASSET-ORG-007-073,data_exfil,2025-01-11T15:14:22,2025-01-16T22:36:19,0,True
CASE-01309,ORG-007,ASSET-ORG-007-065,privilege_escalation,2025-04-12T08:23:34,2025-04-17T07:39:49,1,True
CASE-01310,ORG-007,ASSET-ORG-007-092,privilege_escalation,2025-02-24T21:35:41,2025-02-27T08:29:05,1,False
CASE-01311,ORG-007,ASSET-ORG-007-043,lateral_movement,2025-05-17T11:46:22,2025-05-18T04:37:49,1,True
CASE-01312,ORG-007,ASSET-ORG-007-042,data_exfil,2025-04-14T21:13:29,2025-04-18T19:26:57,1,True
CASE-01313,ORG-007,ASSET-ORG-007-019,privilege_escalation,2025-01-14T12:41:56,2025-01-19T18:44:11,3,True
CASE-01314,ORG-007,ASSET-ORG-007-099,data_exfil,2025-03-06T04:03:07,2025-03-07T15:02:10,0,True
CASE-01315,ORG-007,ASSET-ORG-007-052,privilege_escalation,2025-03-03T17:56:37,2025-03-05T10:56:25,2,True
CASE-01316,ORG-007,ASSET-ORG-007-011,phishing,2025-01-13T08:46:19,2025-01-17T06:08:08,1,False
CASE-01317,ORG-007,ASSET-ORG-007-087,privilege_escalation,2025-02-15T07:55:04,2025-02-21T23:44:52,1,True
CASE-01318,ORG-007,ASSET-ORG-007-079,recon,2025-05-05T14:14:37,2025-05-11T19:18:05,1,True
CASE-01319,ORG-007,ASSET-ORG-007-069,lateral_movement,2025-06-11T08:01:52,2025-06-16T21:19:36,0,True
CASE-01320,ORG-007,ASSET-ORG-007-055,brute_force,2025-06-02T23:35:57,2025-06-04T15:04:10,1,False
CASE-01321,ORG-007,ASSET-ORG-007-033,data_exfil,2025-06-12T17:54:58,2025-06-18T01:17:46,2,False
CASE-01322,ORG-007,ASSET-ORG-007-101,privilege_escalation,2025-01-20T21:36:45,2025-01-27T05:32:33,0,True
CASE-01323,ORG-007,ASSET-ORG-007-099,lateral_movement,2025-03-09T22:49:25,2025-03-13T03:50:01,2,True
CASE-01324,ORG-007,ASSET-ORG-007-060,malware,2025-01-21T18:44:10,2025-01-26T04:14:45,0,True
CASE-01325,ORG-007,ASSET-ORG-007-022,phishing,2025-03-17T06:37:03,2025-03-21T08:23:58,1,True
CASE-01326,ORG-007,ASSET-ORG-007-018,brute_force,2025-03-16T22:09:33,2025-03-21T19:06:40,2,True
CASE-01327,ORG-007,ASSET-ORG-007-089,lateral_movement,2025-05-23T19:58:10,2025-05-28T13:12:14,1,True
CASE-01328,ORG-007,ASSET-ORG-007-072,data_exfil,2025-06-04T03:54:44,2025-06-06T20:54:04,1,False
CASE-01329,ORG-007,ASSET-ORG-007-015,data_exfil,2025-04-16T10:33:07,2025-04-19T16:00:55,0,True
CASE-01330,ORG-007,ASSET-ORG-007-105,phishing,2025-01-31T21:30:11,2025-02-06T20:23:52,3,True
CASE-01331,ORG-007,ASSET-ORG-007-011,phishing,2025-05-07T16:54:59,2025-05-09T00:25:48,3,True
CASE-01332,ORG-007,ASSET-ORG-007-008,phishing,2025-01-16T23:22:35,2025-01-20T16:21:22,2,True
CASE-01333,ORG-007,ASSET-ORG-007-007,malware,2025-05-20T18:35:12,2025-05-27T14:00:05,2,True
CASE-01334,ORG-007,ASSET-ORG-007-088,brute_force,2025-06-08T08:41:51,2025-06-12T17:39:06,0,True
CASE-01335,ORG-007,ASSET-ORG-007-088,data_exfil,2025-02-17T21:14:09,2025-02-21T17:44:14,1,True
CASE-01336,ORG-007,ASSET-ORG-007-028,phishing,2025-04-19T19:39:33,2025-04-22T08:13:31,1,True
CASE-01337,ORG-007,ASSET-ORG-007-078,malware,2025-02-06T13:14:21,2025-02-08T10:20:43,1,False
CASE-01338,ORG-007,ASSET-ORG-007-091,malware,2025-04-17T18:14:15,2025-04-21T00:26:48,2,True
CASE-01339,ORG-007,ASSET-ORG-007-075,privilege_escalation,2025-05-22T01:16:20,2025-05-25T13:46:12,0,True
CASE-01340,ORG-007,ASSET-ORG-007-032,brute_force,2025-04-25T02:30:58,2025-05-01T15:55:40,1,True
CASE-01341,ORG-007,ASSET-ORG-007-068,brute_force,2025-03-17T17:43:47,2025-03-24T08:00:37,0,False
CASE-01342,ORG-007,ASSET-ORG-007-064,phishing,2025-01-27T20:06:07,2025-02-02T16:05:35,2,False
CASE-01343,ORG-007,ASSET-ORG-007-066,brute_force,2025-05-27T23:38:01,2025-06-01T09:10:52,0,True
CASE-01344,ORG-007,ASSET-ORG-007-061,malware,2025-06-24T21:36:47,2025-06-27T12:49:33,1,True
CASE-01345,ORG-007,ASSET-ORG-007-081,phishing,2025-02-20T08:59:20,2025-02-24T08:02:14,3,True
CASE-01346,ORG-007,ASSET-ORG-007-079,recon,2025-02-23T17:06:13,2025-02-28T06:22:35,1,True
CASE-01347,ORG-007,ASSET-ORG-007-079,lateral_movement,2025-01-06T15:38:17,2025-01-07T17:29:18,0,True
CASE-01348,ORG-007,ASSET-ORG-007-105,malware,2025-04-22T09:29:34,2025-04-26T07:58:33,1,True
CASE-01349,ORG-007,ASSET-ORG-007-026,malware,2025-06-08T12:35:31,2025-06-13T21:57:23,2,True
CASE-01350,ORG-007,ASSET-ORG-007-055,brute_force,2025-03-20T17:41:11,2025-03-25T02:16:17,0,True
CASE-01351,ORG-007,ASSET-ORG-007-069,recon,2025-04-25T14:47:04,2025-05-02T00:19:57,2,True
CASE-01352,ORG-007,ASSET-ORG-007-035,brute_force,2025-05-28T09:52:22,2025-06-01T09:24:30,1,True
CASE-01353,ORG-007,ASSET-ORG-007-032,malware,2025-01-28T15:12:30,2025-02-04T09:33:34,0,True
CASE-01354,ORG-007,ASSET-ORG-007-102,phishing,2025-05-14T11:11:56,2025-05-15T07:41:17,2,True
CASE-01355,ORG-007,ASSET-ORG-007-023,data_exfil,2025-03-01T08:44:10,2025-03-04T16:17:30,2,True
CASE-01356,ORG-007,ASSET-ORG-007-006,recon,2025-04-11T03:12:35,2025-04-12T14:01:14,1,True
CASE-01357,ORG-007,ASSET-ORG-007-019,phishing,2025-01-08T09:22:32,2025-01-10T22:17:25,0,False
CASE-01358,ORG-007,ASSET-ORG-007-010,brute_force,2025-05-08T08:21:53,2025-05-09T20:25:39,2,False
CASE-01359,ORG-007,ASSET-ORG-007-083,lateral_movement,2025-04-09T14:33:49,2025-04-14T05:39:38,1,True
CASE-01360,ORG-007,ASSET-ORG-007-050,recon,2025-02-24T03:42:45,2025-02-24T21:02:50,0,True
CASE-01361,ORG-007,ASSET-ORG-007-014,lateral_movement,2025-03-17T06:50:32,2025-03-21T15:31:06,3,True
CASE-01362,ORG-007,ASSET-ORG-007-030,data_exfil,2025-01-02T12:35:13,2025-01-02T20:56:35,2,False
CASE-01363,ORG-007,ASSET-ORG-007-058,data_exfil,2025-04-03T10:48:42,2025-04-08T07:06:11,0,True
CASE-01364,ORG-007,ASSET-ORG-007-007,privilege_escalation,2025-01-09T23:29:54,2025-01-12T19:23:45,0,True
CASE-01365,ORG-007,ASSET-ORG-007-093,data_exfil,2025-01-06T03:53:24,2025-01-12T06:28:47,0,True
CASE-01366,ORG-007,ASSET-ORG-007-098,privilege_escalation,2025-04-01T03:46:03,2025-04-07T16:09:48,1,True
CASE-01367,ORG-007,ASSET-ORG-007-031,phishing,2025-03-24T18:01:38,2025-03-30T18:15:19,0,False
CASE-01368,ORG-007,ASSET-ORG-007-069,brute_force,2025-03-23T23:38:58,2025-03-27T14:55:23,1,False
CASE-01369,ORG-007,ASSET-ORG-007-029,malware,2025-05-31T18:30:09,2025-06-01T20:31:19,3,False
CASE-01370,ORG-007,ASSET-ORG-007-027,phishing,2025-02-12T09:12:34,2025-02-15T12:46:12,0,True
CASE-01371,ORG-007,ASSET-ORG-007-085,privilege_escalation,2025-03-10T17:40:53,2025-03-14T04:41:44,2,True
CASE-01372,ORG-007,ASSET-ORG-007-092,data_exfil,2025-06-22T16:56:42,2025-06-28T21:04:36,0,True
CASE-01373,ORG-007,ASSET-ORG-007-096,brute_force,2025-04-17T09:46:42,2025-04-21T21:38:30,1,True
CASE-01374,ORG-007,ASSET-ORG-007-010,recon,2025-03-24T02:31:03,2025-03-27T19:22:51,2,False
CASE-01375,ORG-007,ASSET-ORG-007-078,recon,2025-03-23T11:19:02,2025-03-30T10:12:48,0,True
CASE-01376,ORG-007,ASSET-ORG-007-035,phishing,2025-01-19T02:13:24,2025-01-21T01:53:30,0,True
CASE-01377,ORG-007,ASSET-ORG-007-011,phishing,2025-03-11T01:44:37,2025-03-15T20:15:30,1,False
CASE-01378,ORG-007,ASSET-ORG-007-065,recon,2025-04-11T21:58:21,2025-04-14T14:54:04,0,True
CASE-01379,ORG-007,ASSET-ORG-007-022,lateral_movement,2025-02-10T00:02:30,2025-02-10T14:08:48,1,True
CASE-01380,ORG-007,ASSET-ORG-007-016,brute_force,2025-01-22T13:36:48,2025-01-24T10:46:53,0,False
CASE-01381,ORG-007,ASSET-ORG-007-099,brute_force,2025-04-01T18:05:36,2025-04-02T08:08:00,2,True
CASE-01382,ORG-007,ASSET-ORG-007-058,malware,2025-03-30T19:01:19,2025-04-06T04:08:19,1,False
CASE-01383,ORG-007,ASSET-ORG-007-091,lateral_movement,2025-05-22T20:22:33,2025-05-25T10:41:09,0,False
CASE-01384,ORG-007,ASSET-ORG-007-039,brute_force,2025-06-24T07:19:35,2025-06-28T19:23:28,2,True
CASE-01385,ORG-007,ASSET-ORG-007-061,brute_force,2025-05-08T00:15:48,2025-05-13T15:52:19,0,True
CASE-01386,ORG-007,ASSET-ORG-007-030,privilege_escalation,2025-01-22T09:27:25,2025-01-27T06:21:09,2,False
CASE-01387,ORG-007,ASSET-ORG-007-089,data_exfil,2025-06-05T10:12:07,2025-06-12T03:32:06,2,False
CASE-01388,ORG-007,ASSET-ORG-007-027,malware,2025-05-11T20:01:21,2025-05-12T16:06:29,1,True
CASE-01389,ORG-007,ASSET-ORG-007-021,data_exfil,2025-06-06T04:26:02,2025-06-10T02:33:18,1,True
CASE-01390,ORG-007,ASSET-ORG-007-093,privilege_escalation,2025-03-25T08:28:00,2025-03-28T11:42:05,2,True
CASE-01391,ORG-007,ASSET-ORG-007-036,data_exfil,2025-04-13T14:09:19,2025-04-17T09:40:00,2,True
CASE-01392,ORG-007,ASSET-ORG-007-028,lateral_movement,2025-01-20T07:55:01,2025-01-20T19:34:31,0,False
CASE-01393,ORG-007,ASSET-ORG-007-002,phishing,2025-06-16T09:24:07,2025-06-20T22:14:19,2,True
CASE-01394,ORG-007,ASSET-ORG-007-045,recon,2025-05-19T06:14:06,2025-05-25T08:56:51,1,True
CASE-01395,ORG-007,ASSET-ORG-007-025,lateral_movement,2025-02-06T09:33:33,2025-02-12T11:29:19,1,True
CASE-01396,ORG-007,ASSET-ORG-007-024,data_exfil,2025-05-04T01:55:51,2025-05-05T06:35:42,1,True
CASE-01397,ORG-007,ASSET-ORG-007-050,brute_force,2025-02-05T18:42:18,2025-02-07T10:52:26,2,True
CASE-01398,ORG-007,ASSET-ORG-007-023,phishing,2025-04-17T18:13:41,2025-04-23T10:03:22,1,False
CASE-01399,ORG-007,ASSET-ORG-007-067,privilege_escalation,2025-04-17T06:50:36,2025-04-17T23:52:33,0,True
CASE-01400,ORG-007,ASSET-ORG-007-056,data_exfil,2025-05-24T04:29:10,2025-05-28T06:04:14,1,True
CASE-01401,ORG-007,ASSET-ORG-007-064,malware,2025-03-15T13:08:52,2025-03-19T16:17:07,2,True
CASE-01402,ORG-007,ASSET-ORG-007-080,malware,2025-05-22T09:25:01,2025-05-24T03:29:44,1,True
CASE-01403,ORG-007,ASSET-ORG-007-052,lateral_movement,2025-05-03T10:45:52,2025-05-07T00:33:44,1,True
CASE-01404,ORG-007,ASSET-ORG-007-085,lateral_movement,2025-02-16T13:00:03,2025-02-21T01:37:57,0,True
CASE-01405,ORG-007,ASSET-ORG-007-025,recon,2025-03-06T17:20:18,2025-03-07T09:05:30,3,True
CASE-01406,ORG-007,ASSET-ORG-007-010,privilege_escalation,2025-01-24T10:38:02,2025-01-30T22:49:31,0,True
CASE-01407,ORG-007,ASSET-ORG-007-088,malware,2025-01-01T19:13:08,2025-01-02T14:53:43,2,True
CASE-01408,ORG-007,ASSET-ORG-007-018,phishing,2025-01-25T19:43:26,2025-01-26T19:45:39,3,True
CASE-01409,ORG-007,ASSET-ORG-007-017,lateral_movement,2025-02-02T09:23:37,2025-02-03T05:46:37,2,True
CASE-01410,ORG-007,ASSET-ORG-007-031,recon,2025-05-20T12:28:07,2025-05-25T05:08:23,0,True
CASE-01411,ORG-007,ASSET-ORG-007-099,malware,2025-04-13T17:57:26,2025-04-20T11:50:49,3,True
CASE-01412,ORG-007,ASSET-ORG-007-055,data_exfil,2025-01-14T18:20:37,2025-01-20T12:32:14,1,True
CASE-01413,ORG-007,ASSET-ORG-007-002,privilege_escalation,2025-01-18T21:29:37,2025-01-22T16:47:58,0,True
CASE-01414,ORG-007,ASSET-ORG-007-069,phishing,2025-02-21T04:16:58,2025-02-27T03:57:09,0,False
CASE-01415,ORG-007,ASSET-ORG-007-073,recon,2025-05-21T00:06:14,2025-05-22T13:07:15,0,False
CASE-01416,ORG-007,ASSET-ORG-007-063,phishing,2025-04-21T05:48:20,2025-04-22T02:36:57,0,False
CASE-01417,ORG-007,ASSET-ORG-007-054,brute_force,2025-01-12T07:38:34,2025-01-17T12:59:35,1,True
CASE-01418,ORG-007,ASSET-ORG-007-081,lateral_movement,2025-04-08T14:33:33,2025-04-13T08:53:32,1,True
CASE-01419,ORG-007,ASSET-ORG-007-055,privilege_escalation,2025-01-08T12:29:46,2025-01-11T01:44:35,0,True
CASE-01420,ORG-007,ASSET-ORG-007-026,malware,2025-03-24T11:19:33,2025-03-25T01:07:16,0,True
CASE-01421,ORG-007,ASSET-ORG-007-045,malware,2025-01-30T20:25:54,2025-02-03T21:22:40,3,False
CASE-01422,ORG-007,ASSET-ORG-007-044,malware,2025-03-18T11:48:10,2025-03-21T05:50:11,1,True
CASE-01423,ORG-007,ASSET-ORG-007-060,privilege_escalation,2025-06-12T04:45:42,2025-06-13T06:28:15,0,False
CASE-01424,ORG-007,ASSET-ORG-007-089,lateral_movement,2025-03-09T20:39:17,2025-03-12T01:39:04,1,False
CASE-01425,ORG-007,ASSET-ORG-007-036,malware,2025-05-09T08:39:14,2025-05-14T21:09:43,0,True
CASE-01426,ORG-007,ASSET-ORG-007-033,privilege_escalation,2025-05-29T20:27:32,2025-06-02T23:54:27,0,True
CASE-01427,ORG-007,ASSET-ORG-007-039,data_exfil,2025-04-15T05:56:53,2025-04-20T15:01:28,0,True
CASE-01428,ORG-007,ASSET-ORG-007-051,privilege_escalation,2025-05-04T09:32:33,2025-05-07T19:37:29,1,True
CASE-01429,ORG-007,ASSET-ORG-007-016,brute_force,2025-02-02T04:47:41,2025-02-08T15:53:40,0,True
CASE-01430,ORG-007,ASSET-ORG-007-003,malware,2025-06-25T12:56:15,2025-06-26T00:52:24,0,False
CASE-01431,ORG-007,ASSET-ORG-007-015,phishing,2025-05-28T14:03:07,2025-06-03T07:15:34,0,True
CASE-01432,ORG-007,ASSET-ORG-007-058,recon,2025-02-22T15:58:51,2025-02-28T22:26:33,0,True
CASE-01433,ORG-007,ASSET-ORG-007-003,privilege_escalation,2025-04-03T04:16:27,2025-04-06T10:15:08,1,True
CASE-01434,ORG-007,ASSET-ORG-007-023,phishing,2025-02-05T00:55:33,2025-02-07T03:49:16,2,True
CASE-01435,ORG-007,ASSET-ORG-007-093,lateral_movement,2025-05-14T00:51:30,2025-05-20T22:46:55,2,True
CASE-01436,ORG-007,ASSET-ORG-007-029,data_exfil,2025-03-25T00:17:14,2025-03-27T08:10:55,4,True
CASE-01437,ORG-007,ASSET-ORG-007-019,privilege_escalation,2025-02-10T14:22:08,2025-02-13T18:54:30,1,True
CASE-01438,ORG-007,ASSET-ORG-007-006,malware,2025-03-08T11:17:19,2025-03-12T03:39:46,0,True
CASE-01439,ORG-007,ASSET-ORG-007-064,data_exfil,2025-03-13T16:01:40,2025-03-19T14:32:33,2,True
CASE-01440,ORG-007,ASSET-ORG-007-054,privilege_escalation,2025-03-26T20:59:13,2025-03-28T03:51:13,0,True
CASE-01441,ORG-007,ASSET-ORG-007-084,malware,2025-01-07T22:33:31,2025-01-08T12:05:31,3,False
CASE-01442,ORG-007,ASSET-ORG-007-077,malware,2025-06-15T12:42:37,2025-06-17T08:24:52,1,True
CASE-01443,ORG-007,ASSET-ORG-007-049,phishing,2025-05-06T01:49:15,2025-05-09T15:55:09,0,True
CASE-01444,ORG-007,ASSET-ORG-007-097,phishing,2025-05-02T00:05:06,2025-05-04T22:46:48,2,True
CASE-01445,ORG-007,ASSET-ORG-007-027,brute_force,2025-04-09T16:23:31,2025-04-11T01:13:13,2,True
CASE-01446,ORG-007,ASSET-ORG-007-017,data_exfil,2025-04-25T08:11:58,2025-04-30T09:28:41,2,False
CASE-01447,ORG-007,ASSET-ORG-007-029,malware,2025-03-04T03:27:19,2025-03-08T16:42:47,0,True
CASE-01448,ORG-007,ASSET-ORG-007-087,recon,2025-01-10T06:57:25,2025-01-10T20:27:05,0,True
CASE-01449,ORG-007,ASSET-ORG-007-048,data_exfil,2025-05-30T23:17:23,2025-06-04T09:52:30,2,True
CASE-01450,ORG-007,ASSET-ORG-007-013,lateral_movement,2025-02-11T03:56:42,2025-02-12T19:52:55,1,True
CASE-01451,ORG-007,ASSET-ORG-007-098,phishing,2025-05-23T19:12:14,2025-05-25T18:45:43,1,False
CASE-01452,ORG-007,ASSET-ORG-007-063,malware,2025-05-10T04:30:40,2025-05-17T01:04:13,0,True
CASE-01453,ORG-007,ASSET-ORG-007-033,data_exfil,2025-04-15T01:54:41,2025-04-19T07:01:33,2,True
CASE-01454,ORG-007,ASSET-ORG-007-086,phishing,2025-05-03T12:44:07,2025-05-10T10:30:32,0,True
CASE-01455,ORG-007,ASSET-ORG-007-065,brute_force,2025-05-19T19:43:17,2025-05-23T18:37:04,0,False
CASE-01456,ORG-007,ASSET-ORG-007-071,brute_force,2025-02-04T08:43:18,2025-02-07T10:28:55,2,True
CASE-01457,ORG-007,ASSET-ORG-007-052,lateral_movement,2025-02-24T08:04:19,2025-02-28T14:12:17,0,True
CASE-01458,ORG-007,ASSET-ORG-007-009,data_exfil,2025-06-17T08:16:46,2025-06-23T03:00:05,1,True
CASE-01459,ORG-007,ASSET-ORG-007-063,lateral_movement,2025-01-08T09:09:42,2025-01-09T12:36:42,4,True
CASE-01460,ORG-007,ASSET-ORG-007-047,phishing,2025-03-19T23:43:41,2025-03-20T20:36:31,0,True
CASE-01461,ORG-007,ASSET-ORG-007-102,lateral_movement,2025-06-10T10:28:56,2025-06-16T16:09:13,0,True
CASE-01462,ORG-007,ASSET-ORG-007-061,recon,2025-02-15T05:38:50,2025-02-16T12:39:42,2,True
CASE-01463,ORG-007,ASSET-ORG-007-069,phishing,2025-06-20T13:40:36,2025-06-25T14:42:34,3,True
CASE-01464,ORG-007,ASSET-ORG-007-083,data_exfil,2025-04-01T20:28:05,2025-04-05T23:47:46,0,True
CASE-01465,ORG-007,ASSET-ORG-007-100,lateral_movement,2025-04-27T02:15:39,2025-04-27T10:20:16,0,True
CASE-01466,ORG-007,ASSET-ORG-007-003,brute_force,2025-01-23T11:48:03,2025-01-29T23:01:09,3,True
CASE-01467,ORG-007,ASSET-ORG-007-050,malware,2025-04-29T14:11:05,2025-05-04T06:52:23,3,True
CASE-01468,ORG-007,ASSET-ORG-007-013,malware,2025-06-09T04:49:19,2025-06-11T19:15:07,0,True
CASE-01469,ORG-007,ASSET-ORG-007-017,privilege_escalation,2025-01-17T21:13:58,2025-01-18T10:18:05,0,False
CASE-01470,ORG-007,ASSET-ORG-007-041,recon,2025-03-25T15:32:41,2025-03-29T16:09:19,0,True
CASE-01471,ORG-007,ASSET-ORG-007-072,privilege_escalation,2025-02-16T02:36:27,2025-02-16T17:07:14,0,True
CASE-01472,ORG-007,ASSET-ORG-007-042,phishing,2025-02-08T11:40:24,2025-02-13T09:36:19,2,True
CASE-01473,ORG-007,ASSET-ORG-007-034,recon,2025-06-17T22:31:13,2025-06-19T21:44:10,1,True
CASE-01474,ORG-007,ASSET-ORG-007-076,data_exfil,2025-04-23T09:42:32,2025-04-24T21:13:05,1,True
CASE-01475,ORG-007,ASSET-ORG-007-052,malware,2025-05-09T00:24:00,2025-05-15T02:42:53,4,True
CASE-01476,ORG-007,ASSET-ORG-007-051,recon,2025-03-25T21:09:22,2025-03-28T20:38:15,1,True
CASE-01477,ORG-007,ASSET-ORG-007-041,lateral_movement,2025-02-23T08:56:28,2025-02-28T08:13:13,1,False
CASE-01478,ORG-007,ASSET-ORG-007-086,lateral_movement,2025-02-02T22:18:09,2025-02-05T08:33:33,3,True
CASE-01479,ORG-007,ASSET-ORG-007-104,privilege_escalation,2025-05-30T02:17:20,2025-06-01T06:54:11,0,True
CASE-01480,ORG-007,ASSET-ORG-007-044,recon,2025-05-31T06:09:40,2025-06-03T12:14:29,2,True
CASE-01481,ORG-007,ASSET-ORG-007-026,privilege_escalation,2025-06-11T18:30:31,2025-06-16T08:21:51,0,True
CASE-01482,ORG-007,ASSET-ORG-007-085,lateral_movement,2025-05-18T11:22:01,2025-05-24T09:21:21,1,True
CASE-01483,ORG-007,ASSET-ORG-007-081,phishing,2025-02-19T07:32:27,2025-02-23T03:57:51,1,True
CASE-01484,ORG-007,ASSET-ORG-007-093,privilege_escalation,2025-06-17T10:29:27,2025-06-18T05:54:18,1,True
CASE-01485,ORG-007,ASSET-ORG-007-045,privilege_escalation,2025-02-15T03:34:15,2025-02-19T00:06:55,0,False
CASE-01486,ORG-007,ASSET-ORG-007-070,phishing,2025-06-28T21:34:42,2025-06-30T06:27:55,1,False
CASE-01487,ORG-007,ASSET-ORG-007-097,phishing,2025-03-27T13:35:19,2025-03-29T21:14:09,0,False
CASE-01488,ORG-007,ASSET-ORG-007-104,data_exfil,2025-04-09T06:28:34,2025-04-12T03:33:28,1,True
CASE-01489,ORG-007,ASSET-ORG-007-064,recon,2025-06-12T04:52:09,2025-06-14T19:36:08,2,True
CASE-01490,ORG-007,ASSET-ORG-007-065,malware,2025-04-19T03:24:26,2025-04-20T13:18:40,0,True
CASE-01491,ORG-007,ASSET-ORG-007-061,malware,2025-06-24T11:47:49,2025-06-30T18:50:00,1,True
CASE-01492,ORG-007,ASSET-ORG-007-013,malware,2025-01-02T07:32:06,2025-01-05T09:20:07,0,True
CASE-01493,ORG-007,ASSET-ORG-007-023,malware,2025-06-27T22:45:27,,0,False
CASE-01494,ORG-007,ASSET-ORG-007-056,malware,2025-04-07T17:20:29,2025-04-11T19:53:54,2,True
CASE-01495,ORG-007,ASSET-ORG-007-097,brute_force,2025-01-21T11:35:36,2025-01-27T13:34:32,3,True
CASE-01496,ORG-007,ASSET-ORG-007-009,recon,2025-02-22T19:35:14,2025-03-01T13:30:49,2,True
CASE-01497,ORG-007,ASSET-ORG-007-102,malware,2025-01-06T11:44:57,2025-01-07T00:13:24,1,False
CASE-01498,ORG-007,ASSET-ORG-007-012,phishing,2025-02-16T08:52:51,2025-02-17T10:03:36,0,False
CASE-01499,ORG-007,ASSET-ORG-007-088,lateral_movement,2025-02-02T17:19:22,2025-02-04T11:31:38,2,True
CASE-01500,ORG-007,ASSET-ORG-007-071,recon,2025-01-04T13:54:04,2025-01-08T00:15:09,2,False
CASE-01501,ORG-007,ASSET-ORG-007-011,malware,2025-05-22T02:23:34,2025-05-25T10:24:19,0,False
CASE-01502,ORG-007,ASSET-ORG-007-099,lateral_movement,2025-04-21T19:44:29,2025-04-24T02:49:46,0,True
CASE-01503,ORG-007,ASSET-ORG-007-085,lateral_movement,2025-04-19T11:08:14,2025-04-20T17:51:36,1,True
CASE-01504,ORG-007,ASSET-ORG-007-060,privilege_escalation,2025-04-06T12:58:59,2025-04-08T15:52:27,0,True
CASE-01505,ORG-007,ASSET-ORG-007-032,lateral_movement,2025-03-29T01:10:42,2025-04-03T11:39:34,1,False
CASE-01506,ORG-007,ASSET-ORG-007-042,data_exfil,2025-01-15T15:51:19,2025-01-22T06:38:55,0,True
CASE-01507,ORG-007,ASSET-ORG-007-095,brute_force,2025-03-24T18:36:12,2025-03-26T07:20:22,2,True
CASE-01508,ORG-007,ASSET-ORG-007-089,lateral_movement,2025-04-16T21:27:13,2025-04-19T14:33:40,2,True
CASE-01509,ORG-007,ASSET-ORG-007-051,brute_force,2025-05-01T14:14:49,2025-05-07T07:19:03,1,True
CASE-01510,ORG-007,ASSET-ORG-007-006,lateral_movement,2025-04-25T16:10:05,2025-04-27T06:32:17,2,True
CASE-01511,ORG-007,ASSET-ORG-007-060,lateral_movement,2025-05-14T12:34:47,2025-05-16T07:09:13,1,True
CASE-01512,ORG-007,ASSET-ORG-007-090,lateral_movement,2025-04-29T06:00:51,2025-04-29T18:21:51,2,False
CASE-01513,ORG-007,ASSET-ORG-007-101,phishing,2025-02-13T06:13:54,2025-02-19T22:19:30,1,False
CASE-01514,ORG-007,ASSET-ORG-007-096,data_exfil,2025-03-09T11:40:00,2025-03-14T22:36:03,2,True
CASE-01515,ORG-007,ASSET-ORG-007-061,recon,2025-05-04T07:34:40,2025-05-09T05:51:10,0,True
CASE-01516,ORG-007,ASSET-ORG-007-010,phishing,2025-03-15T04:55:51,2025-03-20T10:21:42,0,True
CASE-01517,ORG-007,ASSET-ORG-007-079,recon,2025-01-23T22:45:28,2025-01-28T22:54:26,1,True
CASE-01518,ORG-007,ASSET-ORG-007-074,privilege_escalation,2025-04-21T00:12:57,2025-04-23T06:11:11,0,True
CASE-01519,ORG-007,ASSET-ORG-007-059,privilege_escalation,2025-03-29T23:11:35,2025-03-30T15:00:10,0,True
CASE-01520,ORG-007,ASSET-ORG-007-065,privilege_escalation,2025-05-04T02:57:12,2025-05-09T14:32:52,0,True
CASE-01521,ORG-007,ASSET-ORG-007-049,brute_force,2025-03-30T12:53:11,2025-04-03T11:13:57,0,False
CASE-01522,ORG-007,ASSET-ORG-007-094,data_exfil,2025-03-14T01:43:03,2025-03-19T20:45:57,1,True
CASE-01523,ORG-007,ASSET-ORG-007-041,recon,2025-06-26T10:25:29,,1,True
CASE-01524,ORG-007,ASSET-ORG-007-062,phishing,2025-05-15T08:19:44,2025-05-21T19:59:31,2,True
CASE-01525,ORG-008,ASSET-ORG-008-018,recon,2025-06-27T23:42:07,2025-06-29T08:06:37,3,True
CASE-01526,ORG-008,ASSET-ORG-008-107,data_exfil,2025-04-30T20:50:10,2025-05-06T11:40:04,1,True
CASE-01527,ORG-008,ASSET-ORG-008-012,data_exfil,2025-02-17T01:26:01,2025-02-19T18:45:05,1,False
CASE-01528,ORG-008,ASSET-ORG-008-026,privilege_escalation,2025-04-19T17:14:16,2025-04-24T07:47:05,0,True
CASE-01529,ORG-008,ASSET-ORG-008-081,phishing,2025-03-18T14:21:58,2025-03-22T23:29:00,2,True
CASE-01530,ORG-008,ASSET-ORG-008-094,lateral_movement,2025-05-03T20:41:39,2025-05-04T22:09:27,0,False
CASE-01531,ORG-008,ASSET-ORG-008-043,lateral_movement,2025-01-07T13:54:16,2025-01-10T20:30:50,1,True
CASE-01532,ORG-008,ASSET-ORG-008-016,privilege_escalation,2025-03-25T04:31:12,2025-03-27T09:14:54,2,True
CASE-01533,ORG-008,ASSET-ORG-008-026,lateral_movement,2025-03-04T11:22:31,2025-03-09T17:22:27,1,True
CASE-01534,ORG-008,ASSET-ORG-008-110,phishing,2025-02-20T20:27:48,2025-02-23T13:04:21,3,True
CASE-01535,ORG-008,ASSET-ORG-008-058,malware,2025-05-31T09:01:29,2025-06-02T19:25:18,0,True
CASE-01536,ORG-008,ASSET-ORG-008-042,data_exfil,2025-03-02T05:09:02,2025-03-04T02:39:31,0,False
CASE-01537,ORG-008,ASSET-ORG-008-029,lateral_movement,2025-04-14T20:21:53,2025-04-20T08:06:03,0,True
CASE-01538,ORG-008,ASSET-ORG-008-065,phishing,2025-04-14T01:30:45,2025-04-19T20:49:40,0,False
CASE-01539,ORG-008,ASSET-ORG-008-101,lateral_movement,2025-05-09T21:03:48,2025-05-16T09:56:47,1,True
CASE-01540,ORG-008,ASSET-ORG-008-019,brute_force,2025-03-13T20:32:39,2025-03-19T01:27:16,2,True
CASE-01541,ORG-008,ASSET-ORG-008-089,brute_force,2025-06-21T00:26:12,2025-06-24T04:22:51,2,False
CASE-01542,ORG-008,ASSET-ORG-008-087,privilege_escalation,2025-01-10T17:31:15,2025-01-16T18:32:22,1,True
CASE-01543,ORG-008,ASSET-ORG-008-075,lateral_movement,2025-01-11T19:21:00,2025-01-17T22:28:07,1,True
CASE-01544,ORG-008,ASSET-ORG-008-099,lateral_movement,2025-04-23T01:43:15,2025-04-28T02:02:41,1,True
CASE-01545,ORG-008,ASSET-ORG-008-074,data_exfil,2025-04-01T06:26:45,2025-04-05T07:34:51,0,True
CASE-01546,ORG-008,ASSET-ORG-008-083,brute_force,2025-06-07T00:26:48,2025-06-10T02:14:17,1,True
CASE-01547,ORG-008,ASSET-ORG-008-084,data_exfil,2025-06-28T15:48:52,2025-06-29T20:29:50,2,True
CASE-01548,ORG-008,ASSET-ORG-008-087,malware,2025-06-17T02:59:55,2025-06-21T20:38:18,0,False
CASE-01549,ORG-008,ASSET-ORG-008-083,privilege_escalation,2025-03-24T15:54:32,2025-03-27T12:06:38,2,True
CASE-01550,ORG-008,ASSET-ORG-008-003,data_exfil,2025-05-12T19:53:30,2025-05-14T03:30:52,2,True
CASE-01551,ORG-008,ASSET-ORG-008-090,lateral_movement,2025-01-16T06:56:37,2025-01-19T13:35:58,0,True
CASE-01552,ORG-008,ASSET-ORG-008-028,malware,2025-02-04T22:01:05,2025-02-07T13:20:27,0,True
CASE-01553,ORG-008,ASSET-ORG-008-114,data_exfil,2025-04-07T12:11:54,2025-04-09T18:40:01,1,True
CASE-01554,ORG-008,ASSET-ORG-008-037,data_exfil,2025-02-14T10:09:31,2025-02-15T05:35:53,2,True
CASE-01555,ORG-008,ASSET-ORG-008-053,recon,2025-01-09T04:51:48,2025-01-11T22:27:19,0,True
CASE-01556,ORG-008,ASSET-ORG-008-027,lateral_movement,2025-05-25T23:46:49,2025-05-29T14:57:22,3,False
CASE-01557,ORG-008,ASSET-ORG-008-006,data_exfil,2025-01-29T07:29:25,2025-02-04T19:20:42,0,True
CASE-01558,ORG-008,ASSET-ORG-008-044,lateral_movement,2025-04-13T09:10:10,2025-04-13T19:44:43,2,True
CASE-01559,ORG-008,ASSET-ORG-008-038,recon,2025-03-06T02:20:54,2025-03-07T15:23:15,2,True
CASE-01560,ORG-008,ASSET-ORG-008-085,data_exfil,2025-04-13T00:33:02,2025-04-16T01:26:42,2,True
CASE-01561,ORG-008,ASSET-ORG-008-010,privilege_escalation,2025-01-13T15:49:48,2025-01-17T18:50:11,0,False
CASE-01562,ORG-008,ASSET-ORG-008-082,data_exfil,2025-04-07T05:29:14,2025-04-11T18:18:57,2,True
CASE-01563,ORG-008,ASSET-ORG-008-030,phishing,2025-06-05T20:17:48,2025-06-09T09:18:14,3,True
CASE-01564,ORG-008,ASSET-ORG-008-062,data_exfil,2025-05-23T20:11:38,2025-05-29T00:28:38,1,True
CASE-01565,ORG-008,ASSET-ORG-008-079,phishing,2025-01-11T13:47:22,2025-01-12T05:27:32,2,True
CASE-01566,ORG-008,ASSET-ORG-008-027,data_exfil,2025-01-03T20:08:07,2025-01-07T02:03:29,3,False
CASE-01567,ORG-008,ASSET-ORG-008-058,privilege_escalation,2025-04-06T22:44:44,2025-04-10T19:23:57,2,False
CASE-01568,ORG-008,ASSET-ORG-008-109,brute_force,2025-02-15T02:09:59,2025-02-21T14:00:28,2,True
CASE-01569,ORG-008,ASSET-ORG-008-003,recon,2025-04-11T15:03:04,2025-04-13T23:42:55,1,True
CASE-01570,ORG-008,ASSET-ORG-008-058,malware,2025-02-24T20:26:24,2025-02-28T09:48:57,2,False
CASE-01571,ORG-008,ASSET-ORG-008-097,brute_force,2025-06-01T14:36:41,2025-06-06T04:05:05,0,True
CASE-01572,ORG-008,ASSET-ORG-008-072,phishing,2025-03-13T07:22:55,2025-03-19T20:28:34,3,True
CASE-01573,ORG-008,ASSET-ORG-008-062,lateral_movement,2025-02-19T07:44:17,2025-02-21T17:49:21,0,True
CASE-01574,ORG-008,ASSET-ORG-008-075,brute_force,2025-02-15T07:45:06,2025-02-22T06:11:08,1,True
CASE-01575,ORG-008,ASSET-ORG-008-100,brute_force,2025-05-14T05:10:36,2025-05-20T01:46:33,0,False
CASE-01576,ORG-008,ASSET-ORG-008-076,lateral_movement,2025-05-22T08:08:33,2025-05-25T21:02:06,1,True
CASE-01577,ORG-008,ASSET-ORG-008-076,recon,2025-02-15T03:01:11,2025-02-15T12:56:27,2,False
CASE-01578,ORG-008,ASSET-ORG-008-067,privilege_escalation,2025-06-11T03:56:40,2025-06-16T15:54:06,0,False
CASE-01579,ORG-008,ASSET-ORG-008-069,malware,2025-05-30T19:37:59,2025-06-05T20:09:44,1,True
CASE-01580,ORG-008,ASSET-ORG-008-092,phishing,2025-04-22T08:39:35,2025-04-25T11:27:32,0,True
CASE-01581,ORG-008,ASSET-ORG-008-094,recon,2025-04-18T06:39:02,2025-04-22T23:42:30,1,False
CASE-01582,ORG-008,ASSET-ORG-008-058,privilege_escalation,2025-05-29T02:14:16,2025-06-03T13:38:32,1,False
CASE-01583,ORG-008,ASSET-ORG-008-004,privilege_escalation,2025-05-28T01:12:27,2025-05-31T10:38:30,1,True
CASE-01584,ORG-008,ASSET-ORG-008-006,recon,2025-04-10T23:00:49,2025-04-14T04:49:21,1,True
CASE-01585,ORG-008,ASSET-ORG-008-053,privilege_escalation,2025-03-07T03:41:06,2025-03-11T00:38:41,0,True
CASE-01586,ORG-008,ASSET-ORG-008-110,recon,2025-06-20T09:24:17,2025-06-24T08:43:51,2,True
CASE-01587,ORG-008,ASSET-ORG-008-088,privilege_escalation,2025-02-11T23:37:00,2025-02-18T13:18:18,4,True
CASE-01588,ORG-008,ASSET-ORG-008-002,lateral_movement,2025-03-13T07:04:32,2025-03-16T06:18:35,0,False
CASE-01589,ORG-008,ASSET-ORG-008-053,phishing,2025-02-18T21:21:21,2025-02-24T14:35:52,1,False
CASE-01590,ORG-008,ASSET-ORG-008-081,malware,2025-05-14T17:48:06,2025-05-19T18:35:51,2,True
CASE-01591,ORG-008,ASSET-ORG-008-006,brute_force,2025-06-01T14:18:04,2025-06-07T07:38:32,0,True
CASE-01592,ORG-008,ASSET-ORG-008-103,recon,2025-01-13T00:06:37,2025-01-17T12:30:56,0,True
CASE-01593,ORG-008,ASSET-ORG-008-103,lateral_movement,2025-03-02T04:51:12,2025-03-05T13:46:46,1,True
CASE-01594,ORG-008,ASSET-ORG-008-017,recon,2025-02-03T07:20:41,2025-02-08T03:18:01,0,True
CASE-01595,ORG-008,ASSET-ORG-008-034,recon,2025-01-21T21:13:35,2025-01-25T16:49:20,0,True
CASE-01596,ORG-008,ASSET-ORG-008-072,data_exfil,2025-02-20T06:32:46,2025-02-24T13:36:10,1,True
CASE-01597,ORG-008,ASSET-ORG-008-013,lateral_movement,2025-04-09T09:22:14,2025-04-12T04:20:10,1,True
CASE-01598,ORG-008,ASSET-ORG-008-092,malware,2025-03-09T07:07:03,2025-03-15T22:56:42,2,False
CASE-01599,ORG-008,ASSET-ORG-008-050,privilege_escalation,2025-04-12T01:57:04,2025-04-17T06:24:04,2,False
CASE-01600,ORG-008,ASSET-ORG-008-094,brute_force,2025-06-05T21:38:23,2025-06-10T20:17:59,0,True
CASE-01601,ORG-008,ASSET-ORG-008-036,privilege_escalation,2025-01-17T01:43:01,2025-01-22T01:36:54,0,True
CASE-01602,ORG-008,ASSET-ORG-008-064,malware,2025-02-20T12:09:16,2025-02-22T02:21:51,1,True
CASE-01603,ORG-008,ASSET-ORG-008-071,lateral_movement,2025-03-29T21:08:29,2025-04-03T00:04:34,2,False
CASE-01604,ORG-008,ASSET-ORG-008-099,lateral_movement,2025-05-20T04:30:55,2025-05-21T22:59:40,1,True
CASE-01605,ORG-008,ASSET-ORG-008-052,data_exfil,2025-02-07T16:12:54,2025-02-09T13:59:35,0,True
CASE-01606,ORG-008,ASSET-ORG-008-023,privilege_escalation,2025-02-23T16:57:20,2025-03-01T04:07:23,2,True
CASE-01607,ORG-008,ASSET-ORG-008-005,phishing,2025-05-30T02:27:59,2025-06-03T13:31:59,0,False
CASE-01608,ORG-008,ASSET-ORG-008-095,lateral_movement,2025-05-04T21:49:41,2025-05-11T05:23:56,1,True
CASE-01609,ORG-008,ASSET-ORG-008-054,brute_force,2025-06-14T13:16:57,2025-06-17T17:03:54,1,True
CASE-01610,ORG-008,ASSET-ORG-008-071,data_exfil,2025-03-23T09:05:00,2025-03-28T10:59:46,1,True
CASE-01611,ORG-008,ASSET-ORG-008-028,data_exfil,2025-06-12T21:00:53,2025-06-13T13:12:19,1,True
CASE-01612,ORG-008,ASSET-ORG-008-019,privilege_escalation,2025-01-19T17:31:30,2025-01-21T09:55:02,1,True
CASE-01613,ORG-008,ASSET-ORG-008-092,phishing,2025-02-23T20:12:53,2025-02-28T01:52:13,1,True
CASE-01614,ORG-008,ASSET-ORG-008-011,brute_force,2025-06-20T20:29:02,2025-06-24T12:30:09,1,True
CASE-01615,ORG-008,ASSET-ORG-008-074,recon,2025-06-16T13:00:41,2025-06-20T11:55:48,1,False
CASE-01616,ORG-008,ASSET-ORG-008-089,lateral_movement,2025-01-20T16:03:18,2025-01-27T14:44:37,2,True
CASE-01617,ORG-008,ASSET-ORG-008-009,recon,2025-04-26T09:48:42,2025-05-01T17:32:46,1,True
CASE-01618,ORG-008,ASSET-ORG-008-089,phishing,2025-04-04T08:57:16,2025-04-09T18:59:20,0,False
CASE-01619,ORG-008,ASSET-ORG-008-102,privilege_escalation,2025-06-28T05:12:57,,1,True
CASE-01620,ORG-008,ASSET-ORG-008-008,recon,2025-01-28T22:09:02,2025-01-31T22:04:27,2,True
CASE-01621,ORG-008,ASSET-ORG-008-004,brute_force,2025-04-25T23:54:01,2025-05-01T09:52:48,2,True
CASE-01622,ORG-008,ASSET-ORG-008-022,phishing,2025-02-13T20:37:13,2025-02-20T09:02:59,1,True
CASE-01623,ORG-008,ASSET-ORG-008-058,lateral_movement,2025-02-17T16:06:29,2025-02-19T20:28:47,1,False
CASE-01624,ORG-008,ASSET-ORG-008-101,phishing,2025-01-26T00:41:58,2025-01-29T16:07:06,2,True
CASE-01625,ORG-008,ASSET-ORG-008-097,data_exfil,2025-06-29T05:36:42,,1,False
CASE-01626,ORG-008,ASSET-ORG-008-096,lateral_movement,2025-05-20T11:04:56,2025-05-21T23:35:25,0,True
CASE-01627,ORG-008,ASSET-ORG-008-018,brute_force,2025-04-22T07:58:11,2025-04-27T09:43:33,2,False
CASE-01628,ORG-008,ASSET-ORG-008-079,privilege_escalation,2025-05-25T14:20:05,2025-05-31T08:18:28,1,False
CASE-01629,ORG-008,ASSET-ORG-008-065,brute_force,2025-01-14T16:35:36,2025-01-16T11:15:28,0,True
CASE-01630,ORG-008,ASSET-ORG-008-057,data_exfil,2025-04-01T10:21:41,2025-04-03T05:04:54,1,True
CASE-01631,ORG-008,ASSET-ORG-008-015,lateral_movement,2025-03-03T08:10:12,2025-03-06T01:56:50,2,True
CASE-01632,ORG-008,ASSET-ORG-008-077,privilege_escalation,2025-03-19T23:22:58,2025-03-22T00:50:19,3,True
CASE-01633,ORG-008,ASSET-ORG-008-060,recon,2025-05-26T19:53:31,2025-05-31T22:46:40,1,False
CASE-01634,ORG-008,ASSET-ORG-008-015,malware,2025-04-11T16:14:11,2025-04-12T19:18:43,1,True
CASE-01635,ORG-008,ASSET-ORG-008-072,phishing,2025-05-14T06:20:40,2025-05-18T00:02:42,1,False
CASE-01636,ORG-008,ASSET-ORG-008-092,lateral_movement,2025-02-22T03:16:07,2025-02-22T21:56:51,2,False
CASE-01637,ORG-008,ASSET-ORG-008-056,lateral_movement,2025-05-19T13:02:31,2025-05-20T10:16:45,1,True
CASE-01638,ORG-008,ASSET-ORG-008-114,phishing,2025-03-06T15:19:58,2025-03-13T13:15:16,3,True
CASE-01639,ORG-008,ASSET-ORG-008-060,brute_force,2025-05-04T03:26:20,2025-05-07T01:16:55,1,True
CASE-01640,ORG-008,ASSET-ORG-008-040,malware,2025-06-15T07:09:04,2025-06-21T19:25:44,0,False
CASE-01641,ORG-008,ASSET-ORG-008-100,recon,2025-02-26T08:20:17,2025-02-28T14:41:38,3,False
CASE-01642,ORG-008,ASSET-ORG-008-039,recon,2025-05-28T20:05:04,2025-06-02T13:38:26,1,True
CASE-01643,ORG-008,ASSET-ORG-008-079,phishing,2025-04-08T19:26:53,2025-04-15T03:43:57,1,True
CASE-01644,ORG-008,ASSET-ORG-008-060,lateral_movement,2025-03-07T19:59:06,2025-03-13T10:14:42,3,True
CASE-01645,ORG-008,ASSET-ORG-008-030,privilege_escalation,2025-04-12T02:46:55,2025-04-17T10:00:28,1,True
CASE-01646,ORG-008,ASSET-ORG-008-067,malware,2025-03-02T13:27:36,2025-03-07T01:13:35,2,False
CASE-01647,ORG-008,ASSET-ORG-008-028,privilege_escalation,2025-04-25T21:27:56,2025-04-27T19:21:45,3,True
CASE-01648,ORG-008,ASSET-ORG-008-105,malware,2025-06-17T08:10:12,2025-06-20T02:23:43,1,True
CASE-01649,ORG-008,ASSET-ORG-008-026,data_exfil,2025-02-09T13:23:53,2025-02-12T04:11:09,2,False
CASE-01650,ORG-008,ASSET-ORG-008-051,lateral_movement,2025-02-28T20:15:05,2025-03-01T19:22:37,1,True
CASE-01651,ORG-008,ASSET-ORG-008-077,lateral_movement,2025-02-28T02:27:49,2025-03-04T04:47:54,2,True
CASE-01652,ORG-008,ASSET-ORG-008-074,malware,2025-05-30T02:49:25,2025-06-01T05:18:06,1,True
CASE-01653,ORG-008,ASSET-ORG-008-038,phishing,2025-06-04T14:45:37,2025-06-10T14:56:57,1,True
CASE-01654,ORG-008,ASSET-ORG-008-079,recon,2025-01-22T04:40:17,2025-01-24T01:53:37,0,True
CASE-01655,ORG-008,ASSET-ORG-008-061,lateral_movement,2025-04-09T10:03:25,2025-04-14T22:43:17,0,False
CASE-01656,ORG-008,ASSET-ORG-008-033,lateral_movement,2025-02-23T14:35:06,2025-03-02T09:11:07,1,False
CASE-01657,ORG-008,ASSET-ORG-008-021,recon,2025-03-26T02:56:18,2025-03-27T10:02:00,1,False
CASE-01658,ORG-008,ASSET-ORG-008-002,privilege_escalation,2025-03-02T19:17:37,2025-03-04T22:27:35,0,True
CASE-01659,ORG-008,ASSET-ORG-008-066,data_exfil,2025-01-06T07:31:40,2025-01-07T01:53:39,2,True
CASE-01660,ORG-008,ASSET-ORG-008-007,data_exfil,2025-01-31T15:32:44,2025-02-04T10:50:25,1,True
CASE-01661,ORG-008,ASSET-ORG-008-097,brute_force,2025-01-30T13:15:25,2025-01-31T16:23:22,1,True
CASE-01662,ORG-008,ASSET-ORG-008-101,phishing,2025-06-19T05:38:59,2025-06-21T09:44:28,0,True
CASE-01663,ORG-008,ASSET-ORG-008-020,brute_force,2025-02-26T09:29:44,2025-03-01T09:15:14,1,True
CASE-01664,ORG-008,ASSET-ORG-008-103,phishing,2025-06-12T19:03:14,2025-06-15T00:33:45,2,True
CASE-01665,ORG-008,ASSET-ORG-008-005,data_exfil,2025-03-23T07:04:26,2025-03-27T21:06:50,2,True
CASE-01666,ORG-008,ASSET-ORG-008-054,lateral_movement,2025-06-30T13:51:40,,1,False
CASE-01667,ORG-008,ASSET-ORG-008-007,phishing,2025-03-27T12:19:51,2025-03-28T10:18:25,0,True
CASE-01668,ORG-008,ASSET-ORG-008-009,privilege_escalation,2025-01-10T22:02:17,2025-01-15T19:10:56,1,False
CASE-01669,ORG-008,ASSET-ORG-008-113,brute_force,2025-04-04T21:38:35,2025-04-09T12:32:53,0,True
CASE-01670,ORG-008,ASSET-ORG-008-065,recon,2025-05-22T01:31:00,2025-05-23T23:07:50,2,False
CASE-01671,ORG-008,ASSET-ORG-008-100,lateral_movement,2025-03-29T23:38:29,2025-04-02T09:53:17,1,True
CASE-01672,ORG-008,ASSET-ORG-008-059,malware,2025-01-20T23:11:49,2025-01-27T01:43:03,2,True
CASE-01673,ORG-008,ASSET-ORG-008-010,privilege_escalation,2025-05-12T07:41:31,2025-05-16T21:46:00,1,False
CASE-01674,ORG-008,ASSET-ORG-008-090,lateral_movement,2025-03-20T08:19:10,2025-03-21T23:27:21,0,True
CASE-01675,ORG-008,ASSET-ORG-008-092,lateral_movement,2025-04-02T17:42:14,2025-04-09T16:52:46,1,True
CASE-01676,ORG-008,ASSET-ORG-008-072,data_exfil,2025-06-05T16:17:15,2025-06-10T00:07:20,0,False
CASE-01677,ORG-008,ASSET-ORG-008-065,privilege_escalation,2025-01-18T04:03:25,2025-01-22T20:44:46,1,True
CASE-01678,ORG-008,ASSET-ORG-008-101,malware,2025-04-13T14:54:35,2025-04-19T03:57:47,0,True
CASE-01679,ORG-008,ASSET-ORG-008-078,phishing,2025-04-01T14:02:13,2025-04-08T05:00:59,0,True
CASE-01680,ORG-008,ASSET-ORG-008-065,lateral_movement,2025-03-31T21:23:13,2025-04-02T01:05:48,1,True
CASE-01681,ORG-008,ASSET-ORG-008-062,malware,2025-03-08T22:22:10,2025-03-14T03:32:44,1,False
CASE-01682,ORG-008,ASSET-ORG-008-113,phishing,2025-05-28T21:10:43,2025-05-30T12:05:49,0,True
CASE-01683,ORG-008,ASSET-ORG-008-007,privilege_escalation,2025-01-04T14:45:01,2025-01-08T02:00:09,2,False
CASE-01684,ORG-008,ASSET-ORG-008-091,privilege_escalation,2025-01-14T14:06:18,2025-01-18T10:58:49,2,True
CASE-01685,ORG-008,ASSET-ORG-008-084,brute_force,2025-06-23T22:29:03,2025-06-29T12:41:46,1,True
CASE-01686,ORG-008,ASSET-ORG-008-103,recon,2025-01-08T11:11:28,2025-01-09T11:13:57,0,True
CASE-01687,ORG-008,ASSET-ORG-008-057,malware,2025-06-22T13:55:44,2025-06-29T11:46:39,2,False
CASE-01688,ORG-008,ASSET-ORG-008-113,malware,2025-06-29T20:36:53,,0,True
CASE-01689,ORG-008,ASSET-ORG-008-027,recon,2025-01-16T23:30:02,2025-01-17T23:15:03,0,True
CASE-01690,ORG-008,ASSET-ORG-008-111,data_exfil,2025-05-03T23:49:00,2025-05-07T21:16:50,0,True
CASE-01691,ORG-008,ASSET-ORG-008-061,privilege_escalation,2025-04-09T07:30:46,2025-04-12T00:02:50,3,True
CASE-01692,ORG-008,ASSET-ORG-008-084,data_exfil,2025-01-27T18:31:12,2025-01-30T23:33:06,0,True
CASE-01693,ORG-008,ASSET-ORG-008-112,brute_force,2025-04-02T14:18:58,2025-04-02T23:31:06,2,False
CASE-01694,ORG-008,ASSET-ORG-008-019,data_exfil,2025-05-14T02:14:21,2025-05-14T15:28:59,4,True
CASE-01695,ORG-008,ASSET-ORG-008-114,data_exfil,2025-06-25T12:36:32,2025-06-27T18:18:33,1,False
CASE-01696,ORG-008,ASSET-ORG-008-017,data_exfil,2025-03-17T06:49:55,2025-03-19T14:07:32,0,False
CASE-01697,ORG-008,ASSET-ORG-008-050,phishing,2025-01-11T03:16:39,2025-01-12T14:37:57,1,False
CASE-01698,ORG-008,ASSET-ORG-008-030,brute_force,2025-01-28T11:17:14,2025-01-30T00:55:02,0,True
CASE-01699,ORG-008,ASSET-ORG-008-066,privilege_escalation,2025-04-07T22:55:25,2025-04-13T14:14:59,1,True
CASE-01700,ORG-008,ASSET-ORG-008-019,lateral_movement,2025-04-25T23:36:04,2025-05-02T09:23:21,1,True
CASE-01701,ORG-008,ASSET-ORG-008-017,recon,2025-01-22T06:38:04,2025-01-23T14:14:45,2,True
CASE-01702,ORG-008,ASSET-ORG-008-026,malware,2025-04-25T04:39:22,2025-04-30T06:26:02,3,True
CASE-01703,ORG-008,ASSET-ORG-008-070,brute_force,2025-02-07T07:13:06,2025-02-12T01:26:59,1,True
CASE-01704,ORG-008,ASSET-ORG-008-025,lateral_movement,2025-03-09T19:08:46,2025-03-16T06:06:47,1,True
CASE-01705,ORG-008,ASSET-ORG-008-055,phishing,2025-04-07T16:14:44,2025-04-11T10:20:36,1,True
CASE-01706,ORG-008,ASSET-ORG-008-067,privilege_escalation,2025-05-16T22:44:43,2025-05-23T16:57:47,3,False
CASE-01707,ORG-008,ASSET-ORG-008-039,brute_force,2025-05-14T02:50:51,2025-05-15T23:07:47,0,True
CASE-01708,ORG-008,ASSET-ORG-008-064,recon,2025-01-22T21:43:28,2025-01-25T20:48:12,0,True
CASE-01709,ORG-008,ASSET-ORG-008-016,privilege_escalation,2025-04-06T10:55:15,2025-04-08T14:11:54,1,True
CASE-01710,ORG-008,ASSET-ORG-008-017,recon,2025-04-11T17:45:47,2025-04-13T23:42:41,2,True
CASE-01711,ORG-008,ASSET-ORG-008-029,recon,2025-02-05T13:15:28,2025-02-11T10:29:37,1,True
CASE-01712,ORG-008,ASSET-ORG-008-012,privilege_escalation,2025-02-09T12:03:09,2025-02-16T06:23:02,2,True
CASE-01713,ORG-008,ASSET-ORG-008-048,brute_force,2025-02-25T11:03:27,2025-03-01T05:02:19,1,True
CASE-01714,ORG-008,ASSET-ORG-008-043,lateral_movement,2025-02-27T17:34:51,2025-03-05T23:13:23,2,True
CASE-01715,ORG-008,ASSET-ORG-008-025,phishing,2025-02-27T06:36:42,2025-02-28T23:27:46,0,False
CASE-01716,ORG-008,ASSET-ORG-008-054,privilege_escalation,2025-05-01T07:26:53,2025-05-02T03:15:47,2,False
CASE-01717,ORG-008,ASSET-ORG-008-005,privilege_escalation,2025-06-15T00:08:07,2025-06-17T06:11:54,1,True
CASE-01718,ORG-008,ASSET-ORG-008-039,recon,2025-04-30T05:43:23,2025-05-01T23:53:11,0,True
CASE-01719,ORG-008,ASSET-ORG-008-014,malware,2025-05-14T23:54:22,2025-05-21T00:43:28,1,False
CASE-01720,ORG-008,ASSET-ORG-008-061,privilege_escalation,2025-04-17T23:50:10,2025-04-23T21:33:55,2,True
CASE-01721,ORG-008,ASSET-ORG-008-054,data_exfil,2025-05-26T19:15:01,2025-05-31T11:01:15,1,True
CASE-01722,ORG-008,ASSET-ORG-008-089,data_exfil,2025-06-27T17:14:09,2025-06-28T04:14:20,0,True
CASE-01723,ORG-008,ASSET-ORG-008-107,privilege_escalation,2025-03-02T20:32:35,2025-03-06T21:02:10,3,True
CASE-01724,ORG-008,ASSET-ORG-008-078,brute_force,2025-01-28T03:00:46,2025-02-03T11:33:08,0,False
CASE-01725,ORG-008,ASSET-ORG-008-030,data_exfil,2025-02-11T16:10:23,2025-02-17T12:37:39,0,True
CASE-01726,ORG-008,ASSET-ORG-008-051,privilege_escalation,2025-06-26T13:11:17,,1,True
CASE-01727,ORG-008,ASSET-ORG-008-019,brute_force,2025-03-02T15:30:59,2025-03-06T07:19:03,0,True
CASE-01728,ORG-008,ASSET-ORG-008-061,lateral_movement,2025-01-24T09:07:30,2025-01-26T16:43:34,2,False
CASE-01729,ORG-008,ASSET-ORG-008-049,recon,2025-03-03T01:32:17,2025-03-04T06:50:03,0,True
CASE-01730,ORG-008,ASSET-ORG-008-114,lateral_movement,2025-06-24T02:48:09,2025-06-27T09:19:44,2,True
CASE-01731,ORG-008,ASSET-ORG-008-021,malware,2025-01-12T16:13:50,2025-01-14T04:18:30,0,False
CASE-01732,ORG-008,ASSET-ORG-008-045,lateral_movement,2025-06-06T14:54:04,2025-06-13T03:43:31,3,True
CASE-01733,ORG-008,ASSET-ORG-008-111,brute_force,2025-05-25T13:27:53,2025-05-26T12:21:01,2,True
CASE-01734,ORG-008,ASSET-ORG-008-063,malware,2025-04-09T15:28:02,2025-04-14T06:45:42,2,True
CASE-01735,ORG-008,ASSET-ORG-008-101,lateral_movement,2025-04-29T07:18:21,2025-05-05T08:50:03,1,True
CASE-01736,ORG-008,ASSET-ORG-008-056,lateral_movement,2025-02-20T11:34:50,2025-02-21T05:48:40,3,True
CASE-01737,ORG-008,ASSET-ORG-008-111,data_exfil,2025-02-22T08:02:08,2025-02-27T10:13:06,0,False
CASE-01738,ORG-008,ASSET-ORG-008-072,privilege_escalation,2025-01-26T07:01:14,2025-01-31T19:49:08,0,False
CASE-01739,ORG-008,ASSET-ORG-008-063,data_exfil,2025-04-29T04:16:20,2025-05-01T01:04:35,2,True
CASE-01740,ORG-008,ASSET-ORG-008-009,malware,2025-03-06T06:14:52,2025-03-09T13:13:02,1,True
CASE-01741,ORG-008,ASSET-ORG-008-003,brute_force,2025-05-10T13:26:45,2025-05-14T12:51:39,1,False
CASE-01742,ORG-008,ASSET-ORG-008-078,brute_force,2025-01-05T23:32:44,2025-01-10T06:57:52,1,True
CASE-01743,ORG-008,ASSET-ORG-008-095,lateral_movement,2025-03-05T17:04:30,2025-03-07T07:11:40,1,True
CASE-01744,ORG-008,ASSET-ORG-008-035,recon,2025-01-03T11:28:34,2025-01-08T18:38:51,0,False
CASE-01745,ORG-008,ASSET-ORG-008-032,brute_force,2025-03-23T12:32:45,2025-03-25T19:29:44,0,True
CASE-01746,ORG-008,ASSET-ORG-008-002,data_exfil,2025-01-15T15:30:34,2025-01-16T04:40:33,0,True
CASE-01747,ORG-008,ASSET-ORG-008-006,malware,2025-05-30T16:14:11,2025-06-01T05:05:21,1,True
CASE-01748,ORG-008,ASSET-ORG-008-014,recon,2025-05-03T02:06:24,2025-05-07T19:56:06,0,True
CASE-01749,ORG-008,ASSET-ORG-008-020,recon,2025-06-22T02:51:57,2025-06-23T14:51:08,2,True
CASE-01750,ORG-008,ASSET-ORG-008-096,brute_force,2025-01-02T04:20:34,2025-01-08T21:06:20,3,True
CASE-01751,ORG-008,ASSET-ORG-008-074,data_exfil,2025-03-12T14:05:05,2025-03-15T11:53:45,0,True
CASE-01752,ORG-008,ASSET-ORG-008-088,lateral_movement,2025-01-23T19:31:06,2025-01-28T13:06:56,1,True
CASE-01753,ORG-008,ASSET-ORG-008-038,brute_force,2025-05-26T05:33:23,2025-05-27T08:13:19,4,True
CASE-01754,ORG-008,ASSET-ORG-008-028,lateral_movement,2025-02-17T08:57:41,2025-02-24T02:57:44,0,True
CASE-01755,ORG-008,ASSET-ORG-008-069,phishing,2025-03-16T21:41:56,2025-03-22T20:13:12,1,False
CASE-01756,ORG-008,ASSET-ORG-008-006,recon,2025-03-30T09:00:30,2025-04-02T18:27:04,2,False
CASE-01757,ORG-008,ASSET-ORG-008-109,privilege_escalation,2025-04-18T05:12:00,2025-04-25T04:52:23,2,True
CASE-01758,ORG-008,ASSET-ORG-008-101,phishing,2025-05-30T09:28:11,2025-06-05T16:32:24,1,True
CASE-01759,ORG-008,ASSET-ORG-008-063,malware,2025-04-25T02:23:50,2025-05-02T00:14:07,2,True
CASE-01760,ORG-008,ASSET-ORG-008-106,phishing,2025-05-04T02:07:07,2025-05-06T18:26:39,0,True
CASE-01761,ORG-008,ASSET-ORG-008-057,brute_force,2025-05-15T16:36:55,2025-05-20T05:41:43,2,False
CASE-01762,ORG-008,ASSET-ORG-008-107,recon,2025-03-21T00:04:15,2025-03-22T11:29:12,3,True
CASE-01763,ORG-008,ASSET-ORG-008-111,recon,2025-02-18T23:11:03,2025-02-20T12:23:37,1,True
CASE-01764,ORG-008,ASSET-ORG-008-026,privilege_escalation,2025-01-02T06:42:03,2025-01-03T01:28:55,0,True
CASE-01765,ORG-008,ASSET-ORG-008-080,phishing,2025-06-30T22:40:46,,1,True
CASE-01766,ORG-008,ASSET-ORG-008-053,brute_force,2025-03-20T00:40:57,2025-03-22T12:30:07,0,True
CASE-01767,ORG-008,ASSET-ORG-008-084,data_exfil,2025-04-05T18:46:11,2025-04-08T04:51:49,0,True
CASE-01768,ORG-008,ASSET-ORG-008-065,phishing,2025-03-22T22:09:01,2025-03-24T06:52:44,3,True
CASE-01769,ORG-008,ASSET-ORG-008-040,lateral_movement,2025-01-16T23:54:17,2025-01-17T16:20:31,0,True
CASE-01770,ORG-008,ASSET-ORG-008-065,lateral_movement,2025-05-10T12:59:07,2025-05-13T00:42:05,2,True
CASE-01771,ORG-008,ASSET-ORG-008-026,lateral_movement,2025-05-26T19:36:41,2025-06-02T08:25:45,2,True
CASE-01772,ORG-008,ASSET-ORG-008-023,data_exfil,2025-03-02T14:06:30,2025-03-04T18:52:04,0,False
CASE-01773,ORG-008,ASSET-ORG-008-099,recon,2025-01-11T14:10:45,2025-01-14T17:26:13,1,True
CASE-01774,ORG-008,ASSET-ORG-008-014,lateral_movement,2025-06-22T20:17:24,2025-06-25T03:14:16,2,True
CASE-01775,ORG-009,ASSET-ORG-009-103,brute_force,2025-04-05T21:21:55,2025-04-07T10:07:44,2,False
CASE-01776,ORG-009,ASSET-ORG-009-221,recon,2025-05-06T01:14:52,2025-05-12T18:46:04,0,True
CASE-01777,ORG-009,ASSET-ORG-009-242,data_exfil,2025-01-17T17:11:03,2025-01-18T18:03:44,1,False
CASE-01778,ORG-009,ASSET-ORG-009-222,recon,2025-03-18T04:48:08,2025-03-22T23:38:12,2,True
CASE-01779,ORG-009,ASSET-ORG-009-203,brute_force,2025-06-29T22:35:29,2025-06-30T14:24:15,0,True
CASE-01780,ORG-009,ASSET-ORG-009-102,brute_force,2025-03-20T04:59:58,2025-03-24T05:14:21,1,False
CASE-01781,ORG-009,ASSET-ORG-009-153,privilege_escalation,2025-01-07T13:12:44,2025-01-13T14:31:17,2,True
CASE-01782,ORG-009,ASSET-ORG-009-130,privilege_escalation,2025-01-28T19:46:57,2025-01-30T03:28:47,1,True
CASE-01783,ORG-009,ASSET-ORG-009-012,brute_force,2025-03-01T16:56:37,2025-03-05T00:18:05,0,True
CASE-01784,ORG-009,ASSET-ORG-009-044,phishing,2025-03-27T21:53:47,2025-03-29T11:06:51,3,True
CASE-01785,ORG-009,ASSET-ORG-009-134,privilege_escalation,2025-04-25T18:45:51,2025-05-02T01:46:30,1,True
CASE-01786,ORG-009,ASSET-ORG-009-077,privilege_escalation,2025-01-30T19:05:43,2025-02-01T08:47:29,0,True
CASE-01787,ORG-009,ASSET-ORG-009-280,privilege_escalation,2025-01-09T05:56:57,2025-01-14T22:28:35,0,True
CASE-01788,ORG-009,ASSET-ORG-009-191,lateral_movement,2025-04-09T11:42:52,2025-04-13T17:56:20,1,True
CASE-01789,ORG-009,ASSET-ORG-009-044,lateral_movement,2025-04-30T18:23:58,2025-05-03T05:09:34,0,True
CASE-01790,ORG-009,ASSET-ORG-009-077,malware,2025-06-01T14:57:40,2025-06-07T13:32:38,0,True
CASE-01791,ORG-009,ASSET-ORG-009-220,privilege_escalation,2025-01-12T06:31:22,2025-01-15T08:43:14,3,False
CASE-01792,ORG-009,ASSET-ORG-009-121,brute_force,2025-04-06T08:12:53,2025-04-13T01:14:34,1,True
CASE-01793,ORG-009,ASSET-ORG-009-210,brute_force,2025-03-23T22:42:11,2025-03-25T07:08:29,1,True
CASE-01794,ORG-009,ASSET-ORG-009-061,brute_force,2025-05-07T13:47:50,2025-05-08T12:59:00,0,True
CASE-01795,ORG-009,ASSET-ORG-009-211,malware,2025-03-07T12:55:47,2025-03-08T00:41:17,2,True
CASE-01796,ORG-009,ASSET-ORG-009-018,privilege_escalation,2025-06-20T01:59:42,2025-06-20T13:48:26,1,False
CASE-01797,ORG-009,ASSET-ORG-009-256,recon,2025-05-31T13:39:00,2025-06-05T19:54:31,0,True
CASE-01798,ORG-009,ASSET-ORG-009-050,lateral_movement,2025-06-15T23:25:40,2025-06-19T09:42:57,0,True
CASE-01799,ORG-009,ASSET-ORG-009-238,data_exfil,2025-03-29T18:00:17,2025-03-30T07:55:03,3,True
CASE-01800,ORG-009,ASSET-ORG-009-238,malware,2025-01-07T14:56:25,2025-01-14T02:18:12,1,True
CASE-01801,ORG-009,ASSET-ORG-009-098,data_exfil,2025-02-28T06:48:49,2025-03-05T14:11:51,0,False
CASE-01802,ORG-009,ASSET-ORG-009-193,phishing,2025-01-27T08:42:04,2025-01-31T21:53:36,1,True
CASE-01803,ORG-009,ASSET-ORG-009-230,brute_force,2025-03-30T18:59:43,2025-04-05T09:48:46,1,True
CASE-01804,ORG-009,ASSET-ORG-009-125,lateral_movement,2025-04-16T12:04:58,2025-04-19T11:10:47,0,True
CASE-01805,ORG-009,ASSET-ORG-009-164,recon,2025-02-14T13:39:03,2025-02-15T01:35:34,1,True
CASE-01806,ORG-009,ASSET-ORG-009-260,privilege_escalation,2025-02-19T11:10:36,2025-02-25T04:13:24,1,True
CASE-01807,ORG-009,ASSET-ORG-009-034,recon,2025-04-24T23:35:30,2025-04-26T20:58:42,0,True
CASE-01808,ORG-009,ASSET-ORG-009-168,malware,2025-01-21T01:41:07,2025-01-26T23:02:24,1,True
CASE-01809,ORG-009,ASSET-ORG-009-152,privilege_escalation,2025-05-15T09:26:29,2025-05-16T00:44:11,2,False
CASE-01810,ORG-009,ASSET-ORG-009-147,phishing,2025-04-15T04:58:26,2025-04-21T01:51:56,3,True
CASE-01811,ORG-009,ASSET-ORG-009-208,data_exfil,2025-02-09T02:37:46,2025-02-10T19:37:29,1,True
CASE-01812,ORG-009,ASSET-ORG-009-025,malware,2025-04-01T07:30:59,2025-04-06T07:24:58,1,True
CASE-01813,ORG-009,ASSET-ORG-009-094,data_exfil,2025-04-29T20:57:16,2025-05-01T07:39:39,2,True
CASE-01814,ORG-009,ASSET-ORG-009-213,malware,2025-03-08T18:33:24,2025-03-12T11:15:03,0,True
CASE-01815,ORG-009,ASSET-ORG-009-263,lateral_movement,2025-03-13T03:14:39,2025-03-18T07:58:54,1,True
CASE-01816,ORG-009,ASSET-ORG-009-043,malware,2025-02-14T12:42:23,2025-02-17T07:30:19,0,True
CASE-01817,ORG-009,ASSET-ORG-009-063,malware,2025-01-12T10:57:54,2025-01-15T17:33:52,1,True
CASE-01818,ORG-009,ASSET-ORG-009-175,phishing,2025-05-30T06:04:45,2025-06-01T21:06:55,0,True
CASE-01819,ORG-009,ASSET-ORG-009-244,brute_force,2025-05-21T01:26:17,2025-05-22T23:13:28,2,True
CASE-01820,ORG-009,ASSET-ORG-009-222,brute_force,2025-04-24T02:48:39,2025-04-30T12:44:16,2,True
CASE-01821,ORG-009,ASSET-ORG-009-185,lateral_movement,2025-05-24T14:07:52,2025-05-30T17:02:34,3,False
CASE-01822,ORG-009,ASSET-ORG-009-047,phishing,2025-03-17T03:36:08,2025-03-22T20:51:05,1,True
CASE-01823,ORG-009,ASSET-ORG-009-268,lateral_movement,2025-04-27T05:50:14,2025-05-01T17:20:28,1,True
CASE-01824,ORG-009,ASSET-ORG-009-227,recon,2025-01-29T05:36:07,2025-02-05T03:10:41,0,True
CASE-01825,ORG-009,ASSET-ORG-009-124,recon,2025-06-24T23:49:30,2025-06-29T23:08:00,1,True
CASE-01826,ORG-009,ASSET-ORG-009-069,brute_force,2025-04-12T08:45:55,2025-04-13T14:26:46,1,True
CASE-01827,ORG-009,ASSET-ORG-009-096,recon,2025-04-06T16:21:03,2025-04-08T06:36:15,2,True
CASE-01828,ORG-009,ASSET-ORG-009-048,lateral_movement,2025-03-05T14:03:36,2025-03-12T04:05:50,1,False
CASE-01829,ORG-009,ASSET-ORG-009-168,malware,2025-04-15T14:53:13,2025-04-19T11:48:56,0,False
CASE-01830,ORG-009,ASSET-ORG-009-143,lateral_movement,2025-02-05T17:20:48,2025-02-07T04:36:02,0,False
CASE-01831,ORG-009,ASSET-ORG-009-061,phishing,2025-01-19T09:30:44,2025-01-26T08:38:04,1,False
CASE-01832,ORG-009,ASSET-ORG-009-094,recon,2025-04-12T22:55:38,2025-04-15T07:57:58,1,True
CASE-01833,ORG-009,ASSET-ORG-009-133,brute_force,2025-03-02T07:47:23,2025-03-08T08:09:24,0,True
CASE-01834,ORG-009,ASSET-ORG-009-164,brute_force,2025-06-27T08:07:33,2025-06-30T16:27:36,0,True
CASE-01835,ORG-009,ASSET-ORG-009-048,phishing,2025-03-04T06:30:36,2025-03-08T22:55:13,2,True
CASE-01836,ORG-009,ASSET-ORG-009-151,phishing,2025-01-28T07:28:46,2025-01-31T23:54:30,1,True
CASE-01837,ORG-009,ASSET-ORG-009-111,lateral_movement,2025-04-29T09:40:42,2025-05-01T23:07:33,0,True
CASE-01838,ORG-009,ASSET-ORG-009-239,recon,2025-05-07T10:18:54,2025-05-09T02:18:21,2,False
CASE-01839,ORG-009,ASSET-ORG-009-170,lateral_movement,2025-06-23T04:39:27,2025-06-23T21:18:30,1,False
CASE-01840,ORG-009,ASSET-ORG-009-139,lateral_movement,2025-05-23T21:18:32,2025-05-24T20:38:21,2,True
CASE-01841,ORG-009,ASSET-ORG-009-043,data_exfil,2025-05-02T22:48:37,2025-05-08T21:10:43,1,True
CASE-01842,ORG-009,ASSET-ORG-009-110,data_exfil,2025-04-24T13:37:05,2025-04-27T20:50:48,2,True
CASE-01843,ORG-009,ASSET-ORG-009-023,data_exfil,2025-02-12T03:16:40,2025-02-18T16:42:00,0,True
CASE-01844,ORG-009,ASSET-ORG-009-163,privilege_escalation,2025-02-12T09:26:03,2025-02-16T05:30:41,1,True
CASE-01845,ORG-009,ASSET-ORG-009-186,data_exfil,2025-04-03T16:37:12,2025-04-07T11:46:03,3,True
CASE-01846,ORG-009,ASSET-ORG-009-148,lateral_movement,2025-01-02T04:12:03,2025-01-06T04:03:39,1,True
CASE-01847,ORG-009,ASSET-ORG-009-228,brute_force,2025-03-13T07:37:15,2025-03-17T12:34:42,0,True
CASE-01848,ORG-009,ASSET-ORG-009-251,recon,2025-05-29T02:50:00,2025-05-29T22:04:05,0,True
CASE-01849,ORG-009,ASSET-ORG-009-249,malware,2025-05-20T12:21:19,2025-05-24T19:20:45,0,True
CASE-01850,ORG-009,ASSET-ORG-009-005,malware,2025-03-18T21:40:18,2025-03-21T12:43:22,1,True
CASE-01851,ORG-009,ASSET-ORG-009-215,privilege_escalation,2025-01-19T17:57:24,2025-01-22T04:52:27,2,False
CASE-01852,ORG-009,ASSET-ORG-009-085,data_exfil,2025-06-05T19:43:37,2025-06-07T23:04:22,0,True
CASE-01853,ORG-009,ASSET-ORG-009-117,privilege_escalation,2025-03-17T04:53:44,2025-03-18T20:58:32,3,True
CASE-01854,ORG-009,ASSET-ORG-009-057,brute_force,2025-03-27T06:18:03,2025-04-02T06:15:02,2,True
CASE-01855,ORG-009,ASSET-ORG-009-148,phishing,2025-02-09T03:09:00,2025-02-15T03:16:42,3,True
CASE-01856,ORG-009,ASSET-ORG-009-257,brute_force,2025-01-08T04:22:22,2025-01-14T00:17:10,1,False
CASE-01857,ORG-009,ASSET-ORG-009-016,lateral_movement,2025-05-04T01:30:26,2025-05-08T03:06:09,0,True
CASE-01858,ORG-009,ASSET-ORG-009-179,phishing,2025-02-08T06:25:23,2025-02-08T17:11:35,1,False
CASE-01859,ORG-009,ASSET-ORG-009-107,lateral_movement,2025-05-15T22:50:22,2025-05-20T01:57:59,0,True
CASE-01860,ORG-009,ASSET-ORG-009-011,malware,2025-02-04T14:37:24,2025-02-07T16:55:07,0,True
CASE-01861,ORG-009,ASSET-ORG-009-003,privilege_escalation,2025-01-10T19:24:13,2025-01-12T09:33:00,2,False
CASE-01862,ORG-009,ASSET-ORG-009-084,privilege_escalation,2025-02-21T17:45:06,2025-02-24T22:25:56,1,True
CASE-01863,ORG-009,ASSET-ORG-009-182,lateral_movement,2025-04-09T08:53:51,2025-04-11T12:54:25,2,True
CASE-01864,ORG-009,ASSET-ORG-009-086,privilege_escalation,2025-01-17T06:43:54,2025-01-22T02:43:24,0,True
CASE-01865,ORG-009,ASSET-ORG-009-023,recon,2025-04-15T22:42:00,2025-04-16T06:46:47,1,True
CASE-01866,ORG-009,ASSET-ORG-009-278,recon,2025-03-08T17:04:51,2025-03-09T15:26:25,0,True
CASE-01867,ORG-009,ASSET-ORG-009-191,recon,2025-06-02T23:20:29,2025-06-06T01:19:42,0,True
CASE-01868,ORG-009,ASSET-ORG-009-049,lateral_movement,2025-02-22T11:50:13,2025-02-23T12:54:11,0,True
CASE-01869,ORG-009,ASSET-ORG-009-051,brute_force,2025-05-12T03:30:31,2025-05-16T17:31:37,1,True
CASE-01870,ORG-009,ASSET-ORG-009-201,malware,2025-03-20T03:34:54,2025-03-26T23:38:17,1,True
CASE-01871,ORG-009,ASSET-ORG-009-045,data_exfil,2025-05-24T11:09:42,2025-05-28T12:33:42,1,True
CASE-01872,ORG-009,ASSET-ORG-009-009,data_exfil,2025-02-18T20:04:42,2025-02-23T04:48:41,0,True
CASE-01873,ORG-009,ASSET-ORG-009-152,recon,2025-05-01T03:41:06,2025-05-04T16:34:27,0,True
CASE-01874,ORG-009,ASSET-ORG-009-280,recon,2025-03-27T23:47:28,2025-04-02T04:00:34,0,False
CASE-01875,ORG-009,ASSET-ORG-009-062,data_exfil,2025-01-06T18:48:21,2025-01-07T16:36:01,4,True
CASE-01876,ORG-009,ASSET-ORG-009-148,malware,2025-05-15T13:33:18,2025-05-20T23:19:53,0,True
CASE-01877,ORG-009,ASSET-ORG-009-238,malware,2025-05-26T08:00:51,2025-05-27T13:16:08,0,True
CASE-01878,ORG-009,ASSET-ORG-009-179,malware,2025-05-28T00:34:23,2025-06-02T10:10:45,0,True
CASE-01879,ORG-009,ASSET-ORG-009-173,brute_force,2025-01-22T09:29:20,2025-01-27T23:44:27,1,True
CASE-01880,ORG-009,ASSET-ORG-009-171,phishing,2025-01-06T02:01:00,2025-01-09T18:37:16,2,True
CASE-01881,ORG-009,ASSET-ORG-009-199,data_exfil,2025-05-31T23:50:14,2025-06-05T12:16:12,2,True
CASE-01882,ORG-009,ASSET-ORG-009-263,lateral_movement,2025-06-30T19:27:36,,1,True
CASE-01883,ORG-009,ASSET-ORG-009-207,phishing,2025-06-13T07:40:24,2025-06-15T07:16:34,0,True
CASE-01884,ORG-009,ASSET-ORG-009-108,phishing,2025-03-03T21:03:09,2025-03-04T07:36:03,0,False
CASE-01885,ORG-009,ASSET-ORG-009-181,malware,2025-06-18T21:09:58,2025-06-20T14:42:05,2,True
CASE-01886,ORG-009,ASSET-ORG-009-238,brute_force,2025-06-25T21:07:34,,1,False
CASE-01887,ORG-009,ASSET-ORG-009-052,data_exfil,2025-01-28T16:36:45,2025-02-03T03:04:28,1,True
CASE-01888,ORG-009,ASSET-ORG-009-272,brute_force,2025-02-03T16:39:42,2025-02-04T07:51:08,0,True
CASE-01889,ORG-009,ASSET-ORG-009-212,malware,2025-03-06T18:12:40,2025-03-09T10:36:01,1,True
CASE-01890,ORG-009,ASSET-ORG-009-033,recon,2025-03-31T16:49:16,2025-04-04T08:08:34,1,True
CASE-01891,ORG-009,ASSET-ORG-009-202,phishing,2025-05-03T12:16:21,2025-05-10T06:53:57,0,True
CASE-01892,ORG-009,ASSET-ORG-009-210,recon,2025-01-09T22:34:06,2025-01-12T04:25:15,2,False
CASE-01893,ORG-009,ASSET-ORG-009-228,lateral_movement,2025-03-18T10:03:46,2025-03-19T20:48:01,0,False
CASE-01894,ORG-009,ASSET-ORG-009-225,lateral_movement,2025-03-22T05:13:31,2025-03-29T01:41:05,2,True
CASE-01895,ORG-009,ASSET-ORG-009-260,recon,2025-06-17T20:46:13,2025-06-19T14:41:57,1,True
CASE-01896,ORG-009,ASSET-ORG-009-021,recon,2025-04-07T23:28:03,2025-04-12T02:11:54,0,True
CASE-01897,ORG-009,ASSET-ORG-009-273,recon,2025-04-24T00:37:42,2025-04-27T04:19:50,1,False
CASE-01898,ORG-009,ASSET-ORG-009-171,lateral_movement,2025-05-21T15:40:37,2025-05-22T04:53:11,3,True
CASE-01899,ORG-009,ASSET-ORG-009-128,malware,2025-04-29T12:15:24,2025-04-30T02:23:04,1,True
CASE-01900,ORG-009,ASSET-ORG-009-234,recon,2025-06-25T06:48:14,2025-06-27T13:09:19,4,True
CASE-01901,ORG-009,ASSET-ORG-009-139,privilege_escalation,2025-01-28T08:11:07,2025-01-30T21:50:54,2,True
CASE-01902,ORG-009,ASSET-ORG-009-194,brute_force,2025-01-25T11:46:31,2025-01-26T11:13:45,0,True
CASE-01903,ORG-009,ASSET-ORG-009-150,privilege_escalation,2025-04-12T13:15:22,2025-04-17T14:39:20,1,True
CASE-01904,ORG-009,ASSET-ORG-009-182,privilege_escalation,2025-03-20T23:48:27,2025-03-24T03:27:51,0,True
CASE-01905,ORG-009,ASSET-ORG-009-261,malware,2025-01-18T10:37:10,2025-01-23T11:38:10,0,False
CASE-01906,ORG-009,ASSET-ORG-009-028,lateral_movement,2025-04-29T01:29:39,2025-05-04T17:01:16,1,True
CASE-01907,ORG-009,ASSET-ORG-009-227,phishing,2025-02-03T09:26:05,2025-02-09T19:11:55,1,True
CASE-01908,ORG-009,ASSET-ORG-009-253,privilege_escalation,2025-03-31T15:37:39,2025-04-06T18:10:19,0,True
CASE-01909,ORG-009,ASSET-ORG-009-131,lateral_movement,2025-06-16T06:41:24,2025-06-16T14:53:41,5,True
CASE-01910,ORG-009,ASSET-ORG-009-085,privilege_escalation,2025-06-09T13:53:54,2025-06-12T02:23:38,1,True
CASE-01911,ORG-009,ASSET-ORG-009-045,recon,2025-04-13T12:22:32,2025-04-15T08:54:08,1,True
CASE-01912,ORG-009,ASSET-ORG-009-210,privilege_escalation,2025-06-10T16:50:43,2025-06-11T02:44:00,0,True
CASE-01913,ORG-009,ASSET-ORG-009-245,data_exfil,2025-04-09T21:08:36,2025-04-12T03:30:55,1,False
CASE-01914,ORG-009,ASSET-ORG-009-224,data_exfil,2025-01-29T12:20:10,2025-02-05T04:45:14,1,True
CASE-01915,ORG-009,ASSET-ORG-009-158,malware,2025-06-08T19:41:49,2025-06-14T17:58:37,1,True
CASE-01916,ORG-009,ASSET-ORG-009-207,recon,2025-06-29T01:17:55,2025-06-29T21:53:21,1,True
CASE-01917,ORG-009,ASSET-ORG-009-270,recon,2025-04-06T03:25:34,2025-04-12T16:18:22,0,True
CASE-01918,ORG-009,ASSET-ORG-009-083,brute_force,2025-06-06T03:52:45,2025-06-12T20:46:49,1,True
CASE-01919,ORG-009,ASSET-ORG-009-226,lateral_movement,2025-01-30T23:56:44,2025-02-03T22:18:04,1,True
CASE-01920,ORG-009,ASSET-ORG-009-184,brute_force,2025-06-30T06:00:42,,2,True
CASE-01921,ORG-009,ASSET-ORG-009-243,malware,2025-04-03T06:21:42,2025-04-08T21:23:01,1,True
CASE-01922,ORG-009,ASSET-ORG-009-195,data_exfil,2025-06-12T18:55:05,2025-06-15T06:05:57,1,False
CASE-01923,ORG-009,ASSET-ORG-009-071,brute_force,2025-04-05T07:18:49,2025-04-10T19:59:32,1,False
CASE-01924,ORG-009,ASSET-ORG-009-179,brute_force,2025-06-15T22:28:49,2025-06-20T08:22:11,0,False
CASE-01925,ORG-009,ASSET-ORG-009-135,data_exfil,2025-06-27T03:02:21,,0,True
CASE-01926,ORG-009,ASSET-ORG-009-259,phishing,2025-01-13T15:44:41,2025-01-17T05:58:52,3,True
CASE-01927,ORG-009,ASSET-ORG-009-030,recon,2025-06-29T13:29:34,,1,True
CASE-01928,ORG-009,ASSET-ORG-009-053,recon,2025-04-22T22:32:57,2025-04-26T03:35:12,0,True
CASE-01929,ORG-009,ASSET-ORG-009-186,lateral_movement,2025-02-18T06:47:54,2025-02-19T04:24:26,0,True
CASE-01930,ORG-009,ASSET-ORG-009-262,lateral_movement,2025-06-29T22:16:02,,1,False
CASE-01931,ORG-009,ASSET-ORG-009-189,brute_force,2025-04-16T14:41:08,2025-04-19T11:28:42,0,False
CASE-01932,ORG-009,ASSET-ORG-009-258,recon,2025-01-09T15:12:55,2025-01-15T03:04:15,0,True
CASE-01933,ORG-009,ASSET-ORG-009-054,data_exfil,2025-02-25T06:32:15,2025-02-27T17:03:15,1,True
CASE-01934,ORG-009,ASSET-ORG-009-043,recon,2025-06-16T15:51:56,2025-06-22T03:59:47,0,True
CASE-01935,ORG-009,ASSET-ORG-009-169,lateral_movement,2025-03-21T20:56:02,2025-03-26T19:03:17,0,True
CASE-01936,ORG-009,ASSET-ORG-009-243,malware,2025-06-11T17:25:05,2025-06-17T13:05:51,3,True
CASE-01937,ORG-009,ASSET-ORG-009-065,brute_force,2025-06-16T03:15:31,2025-06-17T00:33:17,2,True
CASE-01938,ORG-009,ASSET-ORG-009-180,recon,2025-03-15T01:57:31,2025-03-16T17:25:55,0,False
CASE-01939,ORG-009,ASSET-ORG-009-127,lateral_movement,2025-06-01T14:16:45,2025-06-04T17:17:37,2,True
CASE-01940,ORG-009,ASSET-ORG-009-241,brute_force,2025-05-10T05:33:24,2025-05-14T23:35:19,0,False
CASE-01941,ORG-009,ASSET-ORG-009-022,malware,2025-02-27T16:31:21,2025-03-03T17:36:03,0,False
CASE-01942,ORG-009,ASSET-ORG-009-277,privilege_escalation,2025-03-11T12:22:14,2025-03-12T12:41:15,1,True
CASE-01943,ORG-009,ASSET-ORG-009-220,malware,2025-02-07T14:27:50,2025-02-08T00:45:51,0,False
CASE-01944,ORG-009,ASSET-ORG-009-266,brute_force,2025-02-16T07:22:23,2025-02-21T05:01:11,1,True
CASE-01945,ORG-009,ASSET-ORG-009-142,recon,2025-03-19T13:37:14,2025-03-20T21:39:38,3,True
CASE-01946,ORG-009,ASSET-ORG-009-220,brute_force,2025-04-16T21:29:05,2025-04-23T10:14:45,2,False
CASE-01947,ORG-009,ASSET-ORG-009-099,brute_force,2025-06-09T13:13:18,2025-06-10T06:14:45,1,False
CASE-01948,ORG-009,ASSET-ORG-009-132,recon,2025-03-18T10:02:16,2025-03-21T18:17:43,0,True
CASE-01949,ORG-009,ASSET-ORG-009-136,malware,2025-02-08T19:12:19,2025-02-14T21:29:13,0,True
CASE-01950,ORG-009,ASSET-ORG-009-268,data_exfil,2025-01-06T14:05:32,2025-01-09T16:46:30,4,False
CASE-01951,ORG-009,ASSET-ORG-009-098,privilege_escalation,2025-01-11T00:34:31,2025-01-12T10:02:28,0,True
CASE-01952,ORG-009,ASSET-ORG-009-058,recon,2025-01-30T02:25:28,2025-02-04T03:18:42,2,True
CASE-01953,ORG-009,ASSET-ORG-009-221,lateral_movement,2025-01-09T09:48:38,2025-01-14T10:57:34,1,True
CASE-01954,ORG-009,ASSET-ORG-009-042,data_exfil,2025-05-01T05:27:39,2025-05-06T21:55:30,2,False
CASE-01955,ORG-009,ASSET-ORG-009-140,privilege_escalation,2025-05-06T00:21:28,2025-05-11T04:39:47,3,True
CASE-01956,ORG-009,ASSET-ORG-009-176,data_exfil,2025-06-04T20:11:25,2025-06-08T19:06:28,0,False
CASE-01957,ORG-009,ASSET-ORG-009-001,brute_force,2025-01-07T09:51:37,2025-01-08T11:41:19,1,True
CASE-01958,ORG-009,ASSET-ORG-009-005,malware,2025-01-13T04:00:17,2025-01-19T21:53:57,1,True
CASE-01959,ORG-009,ASSET-ORG-009-215,malware,2025-05-14T19:14:13,2025-05-19T23:34:14,0,True
CASE-01960,ORG-009,ASSET-ORG-009-061,malware,2025-04-30T10:10:32,2025-04-30T20:27:34,1,False
CASE-01961,ORG-009,ASSET-ORG-009-275,recon,2025-04-04T05:11:25,2025-04-04T14:32:53,2,True
CASE-01962,ORG-009,ASSET-ORG-009-021,recon,2025-01-11T12:21:45,2025-01-15T14:02:19,1,True
CASE-01963,ORG-009,ASSET-ORG-009-077,data_exfil,2025-05-23T21:01:43,2025-05-29T05:31:27,2,True
CASE-01964,ORG-009,ASSET-ORG-009-144,brute_force,2025-03-19T20:23:35,2025-03-23T22:18:14,0,True
CASE-01965,ORG-009,ASSET-ORG-009-136,privilege_escalation,2025-01-07T11:17:18,2025-01-13T14:43:29,1,True
CASE-01966,ORG-009,ASSET-ORG-009-151,privilege_escalation,2025-01-29T14:32:44,2025-02-03T04:50:00,0,False
CASE-01967,ORG-009,ASSET-ORG-009-073,phishing,2025-01-03T23:30:51,2025-01-06T08:01:02,0,True
CASE-01968,ORG-009,ASSET-ORG-009-117,recon,2025-05-05T20:23:22,2025-05-10T03:33:37,2,False
CASE-01969,ORG-009,ASSET-ORG-009-014,data_exfil,2025-06-09T08:50:40,2025-06-14T17:16:15,1,False
CASE-01970,ORG-009,ASSET-ORG-009-128,brute_force,2025-04-21T06:22:21,2025-04-24T05:20:35,2,True
CASE-01971,ORG-009,ASSET-ORG-009-216,malware,2025-06-29T08:34:02,,2,False
CASE-01972,ORG-009,ASSET-ORG-009-104,lateral_movement,2025-06-10T09:36:19,2025-06-16T10:25:47,0,True
CASE-01973,ORG-009,ASSET-ORG-009-176,data_exfil,2025-06-13T09:29:45,2025-06-19T13:25:34,0,True
CASE-01974,ORG-009,ASSET-ORG-009-044,lateral_movement,2025-03-23T22:03:45,2025-03-29T09:28:28,0,True
CASE-01975,ORG-009,ASSET-ORG-009-147,lateral_movement,2025-03-05T05:23:27,2025-03-11T19:16:27,0,True
CASE-01976,ORG-009,ASSET-ORG-009-265,privilege_escalation,2025-05-16T18:02:47,2025-05-20T08:27:33,0,True
CASE-01977,ORG-009,ASSET-ORG-009-041,data_exfil,2025-05-05T09:08:40,2025-05-08T10:13:17,1,True
CASE-01978,ORG-009,ASSET-ORG-009-051,data_exfil,2025-05-12T08:42:33,2025-05-16T14:29:18,2,True
CASE-01979,ORG-009,ASSET-ORG-009-088,lateral_movement,2025-06-13T18:26:06,2025-06-18T22:47:55,2,True
CASE-01980,ORG-009,ASSET-ORG-009-033,privilege_escalation,2025-02-20T03:30:28,2025-02-21T21:36:19,0,False
CASE-01981,ORG-009,ASSET-ORG-009-169,lateral_movement,2025-01-06T17:35:53,2025-01-08T02:39:17,2,True
CASE-01982,ORG-009,ASSET-ORG-009-172,privilege_escalation,2025-03-30T09:37:57,2025-03-30T21:40:25,0,True
CASE-01983,ORG-009,ASSET-ORG-009-009,privilege_escalation,2025-01-19T05:35:08,2025-01-25T10:53:45,0,False
CASE-01984,ORG-009,ASSET-ORG-009-117,data_exfil,2025-03-06T21:02:02,2025-03-08T07:25:46,0,True
CASE-01985,ORG-009,ASSET-ORG-009-088,recon,2025-05-02T12:11:59,2025-05-07T22:46:37,1,True
CASE-01986,ORG-009,ASSET-ORG-009-118,malware,2025-05-28T22:32:02,2025-06-04T14:28:01,1,True
CASE-01987,ORG-009,ASSET-ORG-009-174,brute_force,2025-03-28T21:05:10,2025-03-29T15:31:31,2,True
CASE-01988,ORG-009,ASSET-ORG-009-015,malware,2025-03-24T22:37:51,2025-03-26T07:47:23,1,True
CASE-01989,ORG-009,ASSET-ORG-009-190,privilege_escalation,2025-04-22T07:42:34,2025-04-26T06:15:35,1,False
CASE-01990,ORG-009,ASSET-ORG-009-178,lateral_movement,2025-02-18T11:21:45,2025-02-22T17:59:52,4,False
CASE-01991,ORG-009,ASSET-ORG-009-185,phishing,2025-03-29T08:10:53,2025-03-29T20:10:50,2,True
CASE-01992,ORG-009,ASSET-ORG-009-080,malware,2025-06-11T15:05:35,2025-06-16T16:08:08,1,True
CASE-01993,ORG-009,ASSET-ORG-009-166,lateral_movement,2025-05-09T01:39:36,2025-05-12T19:18:28,0,False
CASE-01994,ORG-009,ASSET-ORG-009-002,recon,2025-01-03T08:02:27,2025-01-07T12:22:17,2,True
CASE-01995,ORG-009,ASSET-ORG-009-080,lateral_movement,2025-05-09T18:03:00,2025-05-16T09:02:56,0,True
CASE-01996,ORG-009,ASSET-ORG-009-060,lateral_movement,2025-03-06T20:29:05,2025-03-10T21:47:27,0,False
CASE-01997,ORG-009,ASSET-ORG-009-219,phishing,2025-01-03T05:59:19,2025-01-09T16:58:59,1,True
CASE-01998,ORG-009,ASSET-ORG-009-246,data_exfil,2025-01-27T13:10:20,2025-01-31T23:53:10,2,True
CASE-01999,ORG-009,ASSET-ORG-009-278,recon,2025-02-14T10:17:05,2025-02-17T02:37:20,1,True
CASE-02000,ORG-010,ASSET-ORG-010-066,brute_force,2025-01-03T12:07:26,2025-01-09T01:36:56,1,True
CASE-02001,ORG-010,ASSET-ORG-010-107,lateral_movement,2025-06-13T02:16:52,2025-06-19T17:46:51,0,True
CASE-02002,ORG-010,ASSET-ORG-010-104,brute_force,2025-06-29T00:34:32,,0,False
CASE-02003,ORG-010,ASSET-ORG-010-130,data_exfil,2025-02-05T17:10:17,2025-02-09T08:30:09,1,True
CASE-02004,ORG-010,ASSET-ORG-010-021,phishing,2025-01-14T00:18:53,2025-01-20T04:29:50,1,False
CASE-02005,ORG-010,ASSET-ORG-010-230,malware,2025-01-25T22:44:42,2025-01-30T07:14:40,0,False
CASE-02006,ORG-010,ASSET-ORG-010-104,recon,2025-06-02T20:25:30,2025-06-06T02:07:11,0,True
CASE-02007,ORG-010,ASSET-ORG-010-255,privilege_escalation,2025-03-29T15:01:19,2025-03-31T04:06:24,0,False
CASE-02008,ORG-010,ASSET-ORG-010-009,recon,2025-04-28T02:47:26,2025-04-30T15:24:21,0,True
CASE-02009,ORG-010,ASSET-ORG-010-068,privilege_escalation,2025-01-02T17:27:46,2025-01-07T20:20:44,0,True
CASE-02010,ORG-010,ASSET-ORG-010-260,privilege_escalation,2025-05-22T05:08:45,2025-05-24T12:16:14,1,False
CASE-02011,ORG-010,ASSET-ORG-010-187,malware,2025-04-02T14:35:58,2025-04-06T08:39:28,0,True
CASE-02012,ORG-010,ASSET-ORG-010-137,brute_force,2025-03-13T00:07:04,2025-03-15T09:26:17,1,True
CASE-02013,ORG-010,ASSET-ORG-010-153,data_exfil,2025-01-02T20:10:27,2025-01-07T05:20:05,0,True
CASE-02014,ORG-010,ASSET-ORG-010-051,malware,2025-06-20T21:39:06,2025-06-25T01:11:27,2,True
CASE-02015,ORG-010,ASSET-ORG-010-211,malware,2025-02-16T04:02:39,2025-02-22T11:06:56,1,False
CASE-02016,ORG-010,ASSET-ORG-010-162,phishing,2025-02-27T21:39:55,2025-03-02T10:58:35,0,True
CASE-02017,ORG-010,ASSET-ORG-010-043,phishing,2025-06-20T12:25:15,2025-06-25T04:25:12,1,False
CASE-02018,ORG-010,ASSET-ORG-010-128,lateral_movement,2025-03-15T16:45:01,2025-03-22T12:14:01,0,True
CASE-02019,ORG-010,ASSET-ORG-010-217,lateral_movement,2025-02-21T23:52:19,2025-02-24T17:36:34,2,True
CASE-02020,ORG-010,ASSET-ORG-010-061,brute_force,2025-06-08T06:15:30,2025-06-13T03:00:37,4,False
CASE-02021,ORG-010,ASSET-ORG-010-112,recon,2025-05-15T17:43:28,2025-05-17T19:06:09,2,True
CASE-02022,ORG-010,ASSET-ORG-010-030,privilege_escalation,2025-05-03T04:37:11,2025-05-09T12:55:26,2,True
CASE-02023,ORG-010,ASSET-ORG-010-101,recon,2025-03-12T17:34:09,2025-03-16T09:58:20,1,True
CASE-02024,ORG-010,ASSET-ORG-010-127,brute_force,2025-01-19T22:09:57,2025-01-24T19:27:42,0,True
CASE-02025,ORG-010,ASSET-ORG-010-261,brute_force,2025-05-26T01:23:45,2025-05-27T11:57:19,3,True
CASE-02026,ORG-010,ASSET-ORG-010-129,brute_force,2025-05-15T01:39:07,2025-05-18T11:29:15,0,False
CASE-02027,ORG-010,ASSET-ORG-010-097,malware,2025-05-24T15:43:14,2025-05-27T09:09:44,2,True
CASE-02028,ORG-010,ASSET-ORG-010-032,lateral_movement,2025-03-24T04:25:28,2025-03-28T10:56:45,0,True
CASE-02029,ORG-010,ASSET-ORG-010-045,phishing,2025-04-15T00:32:03,2025-04-16T18:40:03,2,True
CASE-02030,ORG-010,ASSET-ORG-010-140,malware,2025-04-05T11:33:27,2025-04-10T12:39:46,0,True
CASE-02031,ORG-010,ASSET-ORG-010-128,lateral_movement,2025-06-28T03:35:50,2025-06-28T20:47:52,0,True
CASE-02032,ORG-010,ASSET-ORG-010-007,data_exfil,2025-04-17T06:31:35,2025-04-19T18:02:13,1,True
CASE-02033,ORG-010,ASSET-ORG-010-100,data_exfil,2025-06-09T08:34:05,2025-06-11T04:58:08,1,False
CASE-02034,ORG-010,ASSET-ORG-010-001,lateral_movement,2025-03-24T13:49:40,2025-03-27T07:53:08,1,True
CASE-02035,ORG-010,ASSET-ORG-010-090,brute_force,2025-04-18T05:08:10,2025-04-21T10:28:46,2,False
CASE-02036,ORG-010,ASSET-ORG-010-196,privilege_escalation,2025-04-17T17:43:21,2025-04-19T21:15:47,0,True
CASE-02037,ORG-010,ASSET-ORG-010-029,data_exfil,2025-05-29T11:53:01,2025-06-01T08:59:27,1,True
CASE-02038,ORG-010,ASSET-ORG-010-119,privilege_escalation,2025-02-25T11:33:52,2025-03-03T02:02:57,2,False
CASE-02039,ORG-010,ASSET-ORG-010-034,malware,2025-04-06T00:14:59,2025-04-09T19:44:15,0,False
CASE-02040,ORG-010,ASSET-ORG-010-185,phishing,2025-04-13T00:07:30,2025-04-18T16:48:15,0,True
CASE-02041,ORG-010,ASSET-ORG-010-231,lateral_movement,2025-03-21T16:36:57,2025-03-25T16:49:38,3,True
CASE-02042,ORG-010,ASSET-ORG-010-119,malware,2025-05-17T12:20:58,2025-05-19T20:43:35,0,True
CASE-02043,ORG-010,ASSET-ORG-010-251,lateral_movement,2025-03-14T19:37:18,2025-03-19T18:28:24,1,True
CASE-02044,ORG-010,ASSET-ORG-010-012,malware,2025-03-30T00:55:27,2025-04-02T02:18:10,0,True
CASE-02045,ORG-010,ASSET-ORG-010-203,phishing,2025-02-05T03:08:07,2025-02-08T21:46:57,1,True
CASE-02046,ORG-010,ASSET-ORG-010-038,recon,2025-04-15T15:56:03,2025-04-17T06:33:49,1,True
CASE-02047,ORG-010,ASSET-ORG-010-076,brute_force,2025-01-04T07:13:41,2025-01-10T14:55:28,2,False
CASE-02048,ORG-010,ASSET-ORG-010-165,phishing,2025-03-27T07:11:29,2025-03-30T05:46:06,3,True
CASE-02049,ORG-010,ASSET-ORG-010-123,brute_force,2025-01-01T22:20:02,2025-01-04T11:27:40,3,False
CASE-02050,ORG-010,ASSET-ORG-010-222,data_exfil,2025-05-21T08:52:16,2025-05-23T13:30:11,1,False
CASE-02051,ORG-010,ASSET-ORG-010-068,data_exfil,2025-04-13T16:50:25,2025-04-15T07:26:31,1,True
CASE-02052,ORG-010,ASSET-ORG-010-199,privilege_escalation,2025-04-05T21:02:34,2025-04-10T18:56:19,0,True
CASE-02053,ORG-010,ASSET-ORG-010-153,recon,2025-04-13T05:17:47,2025-04-16T12:40:24,0,True
CASE-02054,ORG-010,ASSET-ORG-010-158,recon,2025-04-17T02:37:27,2025-04-23T04:18:42,3,True
CASE-02055,ORG-010,ASSET-ORG-010-260,lateral_movement,2025-05-06T02:52:43,2025-05-12T07:10:57,1,True
CASE-02056,ORG-010,ASSET-ORG-010-101,recon,2025-01-13T13:16:42,2025-01-15T18:42:41,1,True
CASE-02057,ORG-010,ASSET-ORG-010-193,brute_force,2025-06-24T08:01:51,2025-06-30T14:49:40,1,False
CASE-02058,ORG-010,ASSET-ORG-010-018,lateral_movement,2025-06-08T03:59:49,2025-06-10T03:30:36,0,True
CASE-02059,ORG-010,ASSET-ORG-010-049,phishing,2025-06-23T21:56:34,2025-06-27T23:43:25,1,True
CASE-02060,ORG-010,ASSET-ORG-010-012,phishing,2025-03-13T03:49:13,2025-03-18T02:53:43,0,False
CASE-02061,ORG-010,ASSET-ORG-010-045,data_exfil,2025-03-24T15:46:27,2025-03-28T15:51:57,1,False
CASE-02062,ORG-010,ASSET-ORG-010-042,data_exfil,2025-02-21T20:37:06,2025-02-28T20:08:55,2,True
CASE-02063,ORG-010,ASSET-ORG-010-022,malware,2025-05-18T23:12:09,2025-05-21T22:58:00,0,True
CASE-02064,ORG-010,ASSET-ORG-010-095,recon,2025-04-05T00:24:22,2025-04-11T12:39:59,0,False
CASE-02065,ORG-010,ASSET-ORG-010-101,phishing,2025-05-06T11:14:09,2025-05-07T13:06:38,2,False
CASE-02066,ORG-010,ASSET-ORG-010-225,lateral_movement,2025-06-27T18:58:57,2025-06-29T04:13:41,0,True
CASE-02067,ORG-010,ASSET-ORG-010-246,lateral_movement,2025-06-14T08:23:34,2025-06-15T10:19:44,0,False
CASE-02068,ORG-010,ASSET-ORG-010-048,phishing,2025-04-10T05:36:58,2025-04-15T13:13:15,3,False
CASE-02069,ORG-010,ASSET-ORG-010-044,lateral_movement,2025-02-18T06:56:18,2025-02-20T08:14:18,0,True
CASE-02070,ORG-010,ASSET-ORG-010-254,lateral_movement,2025-03-08T10:01:23,2025-03-10T18:18:54,4,False
CASE-02071,ORG-010,ASSET-ORG-010-093,lateral_movement,2025-04-10T11:05:10,2025-04-14T11:11:52,2,False
CASE-02072,ORG-010,ASSET-ORG-010-219,phishing,2025-06-14T02:46:37,2025-06-16T16:46:02,1,False
CASE-02073,ORG-010,ASSET-ORG-010-074,phishing,2025-01-14T18:45:32,2025-01-20T23:07:26,1,False
CASE-02074,ORG-010,ASSET-ORG-010-179,malware,2025-03-27T20:24:11,2025-04-01T05:28:38,0,True
CASE-02075,ORG-010,ASSET-ORG-010-005,brute_force,2025-04-04T18:27:02,2025-04-08T09:25:15,2,True
CASE-02076,ORG-010,ASSET-ORG-010-194,brute_force,2025-01-25T19:25:11,2025-02-01T11:32:28,2,True
CASE-02077,ORG-010,ASSET-ORG-010-232,malware,2025-03-13T07:59:21,2025-03-16T12:41:57,0,True
CASE-02078,ORG-010,ASSET-ORG-010-264,privilege_escalation,2025-06-18T01:56:23,2025-06-23T02:01:05,0,True
CASE-02079,ORG-010,ASSET-ORG-010-032,malware,2025-03-22T11:15:16,2025-03-29T01:36:31,1,False
CASE-02080,ORG-010,ASSET-ORG-010-198,lateral_movement,2025-01-21T13:38:31,2025-01-28T12:00:36,0,True
CASE-02081,ORG-010,ASSET-ORG-010-137,data_exfil,2025-06-23T09:18:39,2025-06-28T07:52:11,2,False
CASE-02082,ORG-010,ASSET-ORG-010-070,phishing,2025-01-17T19:35:28,2025-01-21T07:21:40,0,False
CASE-02083,ORG-010,ASSET-ORG-010-233,lateral_movement,2025-01-16T07:25:54,2025-01-17T21:26:12,2,True
CASE-02084,ORG-010,ASSET-ORG-010-184,phishing,2025-03-21T10:14:35,2025-03-26T13:50:16,1,True
CASE-02085,ORG-010,ASSET-ORG-010-103,malware,2025-03-18T04:39:43,2025-03-23T20:48:26,1,False
CASE-02086,ORG-010,ASSET-ORG-010-113,recon,2025-06-19T20:09:48,2025-06-24T02:13:50,0,False
CASE-02087,ORG-010,ASSET-ORG-010-132,data_exfil,2025-05-25T14:06:58,2025-05-29T22:51:30,0,True
CASE-02088,ORG-010,ASSET-ORG-010-217,recon,2025-05-11T09:33:13,2025-05-13T09:23:37,3,False
CASE-02089,ORG-010,ASSET-ORG-010-133,phishing,2025-04-01T23:00:45,2025-04-08T04:05:54,0,False
CASE-02090,ORG-010,ASSET-ORG-010-064,recon,2025-05-28T21:22:20,2025-06-02T06:40:58,0,True
CASE-02091,ORG-010,ASSET-ORG-010-040,data_exfil,2025-04-14T12:13:49,2025-04-20T12:11:52,0,False
CASE-02092,ORG-010,ASSET-ORG-010-021,malware,2025-01-13T08:31:48,2025-01-17T00:06:57,1,True
CASE-02093,ORG-010,ASSET-ORG-010-184,data_exfil,2025-02-26T23:48:00,2025-03-05T14:08:09,3,True
CASE-02094,ORG-010,ASSET-ORG-010-115,brute_force,2025-03-20T09:23:36,2025-03-26T00:54:42,1,True
CASE-02095,ORG-010,ASSET-ORG-010-060,malware,2025-03-09T03:25:03,2025-03-14T12:44:30,0,True
CASE-02096,ORG-010,ASSET-ORG-010-029,brute_force,2025-04-15T11:06:27,2025-04-21T18:28:32,0,True
CASE-02097,ORG-010,ASSET-ORG-010-092,phishing,2025-05-15T19:21:28,2025-05-18T07:51:17,2,True
CASE-02098,ORG-010,ASSET-ORG-010-097,recon,2025-03-17T23:27:03,2025-03-19T16:55:43,0,False
CASE-02099,ORG-010,ASSET-ORG-010-064,data_exfil,2025-05-30T06:15:55,2025-06-02T14:02:24,1,True
CASE-02100,ORG-010,ASSET-ORG-010-117,malware,2025-05-01T09:13:25,2025-05-02T03:24:35,2,True
CASE-02101,ORG-010,ASSET-ORG-010-026,data_exfil,2025-04-10T01:41:45,2025-04-11T07:54:44,0,True
CASE-02102,ORG-010,ASSET-ORG-010-220,recon,2025-01-24T04:47:32,2025-01-26T02:32:01,1,True
CASE-02103,ORG-010,ASSET-ORG-010-236,privilege_escalation,2025-01-20T08:03:41,2025-01-23T15:24:11,2,False
CASE-02104,ORG-010,ASSET-ORG-010-110,recon,2025-04-16T12:29:49,2025-04-22T19:04:18,2,True
CASE-02105,ORG-010,ASSET-ORG-010-129,lateral_movement,2025-01-09T21:47:35,2025-01-10T15:02:32,0,False
CASE-02106,ORG-010,ASSET-ORG-010-153,phishing,2025-01-31T01:22:23,2025-02-03T12:14:37,1,True
CASE-02107,ORG-010,ASSET-ORG-010-176,malware,2025-05-14T18:39:35,2025-05-18T08:07:45,1,True
CASE-02108,ORG-010,ASSET-ORG-010-051,phishing,2025-06-03T13:31:46,2025-06-10T08:36:26,1,True
CASE-02109,ORG-010,ASSET-ORG-010-037,lateral_movement,2025-04-18T21:39:37,2025-04-20T04:45:26,2,True
CASE-02110,ORG-010,ASSET-ORG-010-243,recon,2025-04-01T14:43:02,2025-04-03T18:18:31,1,False
CASE-02111,ORG-010,ASSET-ORG-010-036,data_exfil,2025-02-19T10:33:54,2025-02-21T23:46:20,2,False
CASE-02112,ORG-010,ASSET-ORG-010-212,brute_force,2025-02-19T02:05:02,2025-02-25T21:51:48,1,True
CASE-02113,ORG-010,ASSET-ORG-010-028,malware,2025-01-01T04:57:52,2025-01-03T01:44:37,0,True
CASE-02114,ORG-010,ASSET-ORG-010-059,privilege_escalation,2025-02-12T19:34:02,2025-02-15T14:42:02,2,True
CASE-02115,ORG-010,ASSET-ORG-010-021,data_exfil,2025-04-09T04:41:51,2025-04-10T07:05:32,1,True
CASE-02116,ORG-010,ASSET-ORG-010-092,data_exfil,2025-05-11T17:02:55,2025-05-16T20:41:21,0,True
CASE-02117,ORG-010,ASSET-ORG-010-252,brute_force,2025-04-21T01:06:11,2025-04-23T15:44:34,1,False
CASE-02118,ORG-010,ASSET-ORG-010-136,recon,2025-04-03T00:13:52,2025-04-07T05:32:31,0,True
CASE-02119,ORG-010,ASSET-ORG-010-123,brute_force,2025-05-09T22:32:35,2025-05-14T10:27:58,0,False
CASE-02120,ORG-010,ASSET-ORG-010-254,recon,2025-05-31T06:15:54,2025-06-06T00:34:35,1,True
CASE-02121,ORG-010,ASSET-ORG-010-224,phishing,2025-01-31T21:13:33,2025-02-04T01:37:26,1,True
CASE-02122,ORG-010,ASSET-ORG-010-224,data_exfil,2025-06-16T18:29:40,2025-06-20T18:04:35,0,True
CASE-02123,ORG-010,ASSET-ORG-010-234,lateral_movement,2025-06-20T11:00:54,2025-06-23T23:00:26,2,True
CASE-02124,ORG-010,ASSET-ORG-010-080,brute_force,2025-03-02T08:29:29,2025-03-03T18:35:43,3,False
CASE-02125,ORG-010,ASSET-ORG-010-228,brute_force,2025-02-10T05:06:44,2025-02-15T16:43:17,1,False
CASE-02126,ORG-010,ASSET-ORG-010-239,brute_force,2025-02-12T15:09:52,2025-02-17T23:23:11,0,False
CASE-02127,ORG-010,ASSET-ORG-010-071,privilege_escalation,2025-01-24T03:21:27,2025-01-24T13:36:55,0,True
CASE-02128,ORG-010,ASSET-ORG-010-249,phishing,2025-05-26T01:32:40,2025-05-30T11:13:37,0,True
CASE-02129,ORG-010,ASSET-ORG-010-033,malware,2025-03-27T14:26:01,2025-03-28T16:00:43,1,True
CASE-02130,ORG-010,ASSET-ORG-010-249,privilege_escalation,2025-03-13T16:20:56,2025-03-18T23:29:05,0,True
CASE-02131,ORG-010,ASSET-ORG-010-003,lateral_movement,2025-04-02T02:18:22,2025-04-08T07:11:25,0,True
CASE-02132,ORG-010,ASSET-ORG-010-035,brute_force,2025-04-04T13:34:35,2025-04-08T01:06:52,1,False
CASE-02133,ORG-010,ASSET-ORG-010-162,privilege_escalation,2025-01-07T15:52:54,2025-01-08T23:14:08,0,True
CASE-02134,ORG-010,ASSET-ORG-010-072,phishing,2025-06-05T12:05:32,2025-06-09T04:13:21,1,True
CASE-02135,ORG-010,ASSET-ORG-010-115,malware,2025-04-14T14:41:10,2025-04-18T05:09:44,1,False
CASE-02136,ORG-010,ASSET-ORG-010-226,brute_force,2025-02-24T20:35:39,2025-02-27T11:26:25,0,True
CASE-02137,ORG-010,ASSET-ORG-010-029,data_exfil,2025-04-07T04:11:18,2025-04-09T21:36:15,1,False
CASE-02138,ORG-010,ASSET-ORG-010-249,privilege_escalation,2025-06-30T22:55:33,,1,False
CASE-02139,ORG-010,ASSET-ORG-010-201,recon,2025-03-25T06:57:05,2025-03-31T22:23:54,2,False
CASE-02140,ORG-010,ASSET-ORG-010-234,recon,2025-04-30T17:01:15,2025-05-02T13:42:41,0,False
CASE-02141,ORG-010,ASSET-ORG-010-196,phishing,2025-05-19T10:01:23,2025-05-20T08:54:53,1,True
CASE-02142,ORG-010,ASSET-ORG-010-165,privilege_escalation,2025-06-11T00:11:18,2025-06-14T00:41:54,2,True
CASE-02143,ORG-010,ASSET-ORG-010-019,malware,2025-03-10T04:05:16,2025-03-13T17:30:42,2,True
CASE-02144,ORG-010,ASSET-ORG-010-194,privilege_escalation,2025-06-09T15:39:30,2025-06-15T09:14:40,1,True
CASE-02145,ORG-010,ASSET-ORG-010-004,brute_force,2025-01-10T17:31:22,2025-01-14T06:34:30,1,False
CASE-02146,ORG-010,ASSET-ORG-010-074,phishing,2025-06-18T09:51:35,2025-06-20T17:42:27,0,True
CASE-02147,ORG-010,ASSET-ORG-010-224,privilege_escalation,2025-03-26T10:26:15,2025-03-31T20:49:47,0,True
CASE-02148,ORG-010,ASSET-ORG-010-208,brute_force,2025-01-09T17:18:09,2025-01-14T14:54:11,0,True
CASE-02149,ORG-010,ASSET-ORG-010-083,data_exfil,2025-04-13T07:31:38,2025-04-18T19:22:29,1,True
CASE-02150,ORG-010,ASSET-ORG-010-265,malware,2025-01-01T20:44:09,2025-01-04T16:10:03,0,True
CASE-02151,ORG-010,ASSET-ORG-010-099,privilege_escalation,2025-05-30T14:12:45,2025-06-05T15:31:57,1,True
CASE-02152,ORG-010,ASSET-ORG-010-235,recon,2025-01-10T05:59:19,2025-01-16T04:17:57,1,True
CASE-02153,ORG-010,ASSET-ORG-010-228,data_exfil,2025-05-10T01:57:12,2025-05-14T16:28:16,2,True
CASE-02154,ORG-010,ASSET-ORG-010-057,phishing,2025-05-11T18:09:46,2025-05-13T05:05:04,1,True
CASE-02155,ORG-010,ASSET-ORG-010-251,recon,2025-03-12T05:13:20,2025-03-16T15:02:21,1,True
CASE-02156,ORG-010,ASSET-ORG-010-219,brute_force,2025-04-12T23:20:09,2025-04-15T22:37:41,0,True
CASE-02157,ORG-010,ASSET-ORG-010-259,privilege_escalation,2025-05-14T12:10:16,2025-05-19T19:02:20,2,False
CASE-02158,ORG-010,ASSET-ORG-010-059,phishing,2025-04-25T09:01:30,2025-04-30T01:08:08,0,True
CASE-02159,ORG-010,ASSET-ORG-010-118,brute_force,2025-01-12T01:55:02,2025-01-16T08:31:06,1,True
CASE-02160,ORG-010,ASSET-ORG-010-041,data_exfil,2025-06-10T09:46:09,2025-06-12T23:33:15,0,True
CASE-02161,ORG-010,ASSET-ORG-010-185,lateral_movement,2025-04-18T10:30:13,2025-04-19T10:50:30,1,False
CASE-02162,ORG-010,ASSET-ORG-010-263,privilege_escalation,2025-06-30T03:53:22,,1,False
CASE-02163,ORG-010,ASSET-ORG-010-254,privilege_escalation,2025-05-16T20:07:27,2025-05-23T07:13:18,4,True
CASE-02164,ORG-010,ASSET-ORG-010-249,data_exfil,2025-06-26T09:47:24,2025-06-28T13:15:42,0,False
CASE-02165,ORG-010,ASSET-ORG-010-234,privilege_escalation,2025-02-13T15:34:10,2025-02-19T05:23:39,0,True
CASE-02166,ORG-010,ASSET-ORG-010-054,privilege_escalation,2025-01-15T21:47:31,2025-01-16T06:19:32,0,True
CASE-02167,ORG-010,ASSET-ORG-010-182,phishing,2025-03-11T06:07:41,2025-03-14T10:41:28,0,False
CASE-02168,ORG-010,ASSET-ORG-010-168,phishing,2025-03-04T18:30:14,2025-03-11T04:38:06,0,True
CASE-02169,ORG-010,ASSET-ORG-010-014,privilege_escalation,2025-06-17T13:04:40,2025-06-23T03:11:07,0,True
CASE-02170,ORG-010,ASSET-ORG-010-022,privilege_escalation,2025-05-26T17:48:14,2025-05-27T11:02:08,1,True
CASE-02171,ORG-010,ASSET-ORG-010-207,phishing,2025-02-08T08:25:35,2025-02-09T14:57:34,2,False
CASE-02172,ORG-010,ASSET-ORG-010-200,privilege_escalation,2025-03-09T07:54:26,2025-03-12T09:26:17,1,False
CASE-02173,ORG-010,ASSET-ORG-010-112,privilege_escalation,2025-06-23T02:19:27,2025-06-27T06:46:22,1,True
CASE-02174,ORG-010,ASSET-ORG-010-017,phishing,2025-04-11T20:16:55,2025-04-12T16:30:25,1,True
CASE-02175,ORG-010,ASSET-ORG-010-049,lateral_movement,2025-04-26T23:05:26,2025-05-01T08:42:01,0,True
CASE-02176,ORG-010,ASSET-ORG-010-243,phishing,2025-01-02T10:00:19,2025-01-04T06:20:05,0,True
CASE-02177,ORG-010,ASSET-ORG-010-154,lateral_movement,2025-02-23T21:51:43,2025-02-25T17:35:58,1,False
CASE-02178,ORG-010,ASSET-ORG-010-081,phishing,2025-02-24T05:13:26,2025-03-03T00:24:36,1,True
CASE-02179,ORG-010,ASSET-ORG-010-089,brute_force,2025-03-31T15:24:11,2025-04-01T23:49:26,0,True
CASE-02180,ORG-010,ASSET-ORG-010-167,lateral_movement,2025-01-24T04:48:59,2025-01-28T09:39:15,1,True
CASE-02181,ORG-010,ASSET-ORG-010-082,recon,2025-06-18T17:10:04,2025-06-23T10:08:12,1,True
CASE-02182,ORG-010,ASSET-ORG-010-182,recon,2025-04-12T11:40:34,2025-04-18T03:52:31,3,True
CASE-02183,ORG-010,ASSET-ORG-010-046,recon,2025-06-28T12:24:17,,1,True
CASE-02184,ORG-010,ASSET-ORG-010-016,phishing,2025-01-23T18:23:56,2025-01-26T18:07:19,1,True
CASE-02185,ORG-010,ASSET-ORG-010-203,privilege_escalation,2025-06-26T05:50:42,2025-06-27T10:12:23,0,True
CASE-02186,ORG-010,ASSET-ORG-010-053,lateral_movement,2025-05-16T00:45:05,2025-05-22T22:56:46,3,True
CASE-02187,ORG-010,ASSET-ORG-010-157,lateral_movement,2025-05-02T03:45:22,2025-05-08T13:18:41,1,False
CASE-02188,ORG-010,ASSET-ORG-010-075,lateral_movement,2025-04-06T04:59:08,2025-04-07T18:08:00,0,True
CASE-02189,ORG-010,ASSET-ORG-010-005,brute_force,2025-01-31T16:26:18,2025-02-04T12:01:31,0,True
CASE-02190,ORG-010,ASSET-ORG-010-090,data_exfil,2025-02-25T06:46:39,2025-03-02T06:05:53,0,True
CASE-02191,ORG-010,ASSET-ORG-010-063,data_exfil,2025-06-09T14:36:35,2025-06-13T17:13:11,0,True
CASE-02192,ORG-010,ASSET-ORG-010-106,lateral_movement,2025-04-02T23:48:44,2025-04-05T18:36:07,2,True
CASE-02193,ORG-010,ASSET-ORG-010-026,malware,2025-04-25T16:50:07,2025-04-26T10:11:09,3,True
CASE-02194,ORG-010,ASSET-ORG-010-043,privilege_escalation,2025-05-23T02:49:21,2025-05-26T04:43:54,1,True
CASE-02195,ORG-010,ASSET-ORG-010-133,malware,2025-01-03T13:33:39,2025-01-07T07:26:43,0,False
CASE-02196,ORG-010,ASSET-ORG-010-028,data_exfil,2025-02-15T01:23:12,2025-02-18T00:32:44,2,True
CASE-02197,ORG-010,ASSET-ORG-010-239,privilege_escalation,2025-03-18T14:17:46,2025-03-24T23:02:33,1,True
CASE-02198,ORG-010,ASSET-ORG-010-026,lateral_movement,2025-04-29T23:10:59,2025-05-01T13:23:52,0,True
CASE-02199,ORG-010,ASSET-ORG-010-196,malware,2025-06-17T06:06:42,2025-06-18T11:51:32,0,True
CASE-02200,ORG-010,ASSET-ORG-010-183,phishing,2025-06-22T23:17:02,2025-06-23T18:36:28,1,True
CASE-02201,ORG-010,ASSET-ORG-010-215,privilege_escalation,2025-06-08T05:13:59,2025-06-14T04:51:34,1,True
CASE-02202,ORG-010,ASSET-ORG-010-125,malware,2025-06-06T01:53:25,2025-06-09T22:49:07,1,True
CASE-02203,ORG-010,ASSET-ORG-010-080,privilege_escalation,2025-05-06T09:49:25,2025-05-09T03:52:36,0,True
CASE-02204,ORG-010,ASSET-ORG-010-066,malware,2025-04-28T23:38:26,2025-04-29T10:12:46,1,True
CASE-02205,ORG-010,ASSET-ORG-010-210,malware,2025-05-20T03:27:19,2025-05-25T04:37:05,1,False
CASE-02206,ORG-010,ASSET-ORG-010-138,phishing,2025-04-09T16:41:00,2025-04-13T14:54:35,0,True
CASE-02207,ORG-010,ASSET-ORG-010-067,data_exfil,2025-02-13T17:35:53,2025-02-16T00:54:17,0,True
CASE-02208,ORG-010,ASSET-ORG-010-215,phishing,2025-02-14T19:08:58,2025-02-20T22:29:35,1,True
CASE-02209,ORG-010,ASSET-ORG-010-214,phishing,2025-02-22T07:19:04,2025-02-26T14:29:28,2,False
CASE-02210,ORG-010,ASSET-ORG-010-200,privilege_escalation,2025-02-01T17:25:47,2025-02-07T07:41:06,1,True
CASE-02211,ORG-010,ASSET-ORG-010-190,privilege_escalation,2025-05-02T19:22:56,2025-05-05T15:42:49,3,True
CASE-02212,ORG-010,ASSET-ORG-010-065,lateral_movement,2025-06-11T16:00:43,2025-06-14T00:50:53,1,True
CASE-02213,ORG-010,ASSET-ORG-010-235,brute_force,2025-06-19T11:18:38,2025-06-26T04:40:59,0,False
CASE-02214,ORG-010,ASSET-ORG-010-249,data_exfil,2025-03-18T20:00:08,2025-03-24T04:15:16,1,False
CASE-02215,ORG-010,ASSET-ORG-010-024,privilege_escalation,2025-06-21T07:44:29,2025-06-26T14:21:33,0,False
CASE-02216,ORG-010,ASSET-ORG-010-157,brute_force,2025-05-18T20:09:04,2025-05-21T04:29:47,0,True
CASE-02217,ORG-010,ASSET-ORG-010-163,brute_force,2025-02-25T04:09:52,2025-03-01T14:30:27,1,True
CASE-02218,ORG-010,ASSET-ORG-010-036,data_exfil,2025-03-25T16:45:24,2025-03-29T15:15:49,0,True
CASE-02219,ORG-010,ASSET-ORG-010-153,privilege_escalation,2025-04-25T06:43:28,2025-04-28T12:47:08,1,True
CASE-02220,ORG-010,ASSET-ORG-010-123,recon,2025-02-19T21:23:48,2025-02-26T16:09:01,1,False
CASE-02221,ORG-010,ASSET-ORG-010-243,data_exfil,2025-01-15T09:55:34,2025-01-15T19:48:06,0,False
CASE-02222,ORG-010,ASSET-ORG-010-162,recon,2025-02-18T14:01:34,2025-02-25T10:43:15,0,False
CASE-02223,ORG-010,ASSET-ORG-010-243,malware,2025-05-29T08:43:49,2025-06-03T18:31:07,1,True
CASE-02224,ORG-010,ASSET-ORG-010-020,recon,2025-03-31T02:45:17,2025-04-01T19:18:32,2,False
CASE-02225,ORG-010,ASSET-ORG-010-046,lateral_movement,2025-04-30T07:21:19,2025-05-06T05:46:39,2,True
CASE-02226,ORG-010,ASSET-ORG-010-262,brute_force,2025-04-10T11:51:07,2025-04-11T11:45:01,0,True
CASE-02227,ORG-011,ASSET-ORG-011-210,phishing,2025-04-14T04:09:26,2025-04-14T20:35:03,0,True
CASE-02228,ORG-011,ASSET-ORG-011-195,recon,2025-02-01T21:22:38,2025-02-07T18:20:41,4,True
CASE-02229,ORG-011,ASSET-ORG-011-066,malware,2025-01-03T19:00:32,2025-01-10T12:08:42,3,True
CASE-02230,ORG-011,ASSET-ORG-011-243,data_exfil,2025-06-02T21:01:27,2025-06-06T19:50:41,3,True
CASE-02231,ORG-011,ASSET-ORG-011-151,brute_force,2025-06-01T20:12:10,2025-06-05T03:27:04,0,False
CASE-02232,ORG-011,ASSET-ORG-011-219,brute_force,2025-04-11T02:54:44,2025-04-11T11:34:07,0,True
CASE-02233,ORG-011,ASSET-ORG-011-131,malware,2025-03-18T11:55:18,2025-03-20T10:26:15,2,True
CASE-02234,ORG-011,ASSET-ORG-011-113,malware,2025-06-11T01:42:31,2025-06-15T11:35:43,1,True
CASE-02235,ORG-011,ASSET-ORG-011-200,brute_force,2025-02-15T03:13:28,2025-02-22T03:11:38,0,True
CASE-02236,ORG-011,ASSET-ORG-011-099,phishing,2025-02-25T07:27:01,2025-03-02T04:47:38,1,True
CASE-02237,ORG-011,ASSET-ORG-011-146,lateral_movement,2025-03-20T02:13:47,2025-03-23T19:35:26,1,True
CASE-02238,ORG-011,ASSET-ORG-011-275,data_exfil,2025-05-30T05:55:31,2025-06-01T13:45:06,1,True
CASE-02239,ORG-011,ASSET-ORG-011-114,malware,2025-06-29T08:41:12,,1,False
CASE-02240,ORG-011,ASSET-ORG-011-142,malware,2025-01-02T03:46:32,2025-01-06T13:11:54,0,False
CASE-02241,ORG-011,ASSET-ORG-011-084,lateral_movement,2025-04-30T08:05:09,2025-05-03T19:12:00,1,False
CASE-02242,ORG-011,ASSET-ORG-011-213,recon,2025-02-06T18:33:31,2025-02-11T02:25:36,0,False
CASE-02243,ORG-011,ASSET-ORG-011-153,recon,2025-03-11T16:11:11,2025-03-14T09:17:20,2,True
CASE-02244,ORG-011,ASSET-ORG-011-147,malware,2025-02-15T14:50:39,2025-02-20T05:22:01,0,True
CASE-02245,ORG-011,ASSET-ORG-011-020,phishing,2025-05-11T17:04:33,2025-05-14T02:09:57,0,True
CASE-02246,ORG-011,ASSET-ORG-011-215,lateral_movement,2025-05-24T19:22:26,2025-05-26T01:40:26,1,True
CASE-02247,ORG-011,ASSET-ORG-011-072,data_exfil,2025-02-13T02:25:12,2025-02-20T00:07:03,1,True
CASE-02248,ORG-011,ASSET-ORG-011-258,brute_force,2025-06-28T11:49:48,,1,True
CASE-02249,ORG-011,ASSET-ORG-011-043,phishing,2025-01-12T16:23:55,2025-01-13T00:56:30,2,True
CASE-02250,ORG-011,ASSET-ORG-011-180,brute_force,2025-01-18T02:16:07,2025-01-21T03:37:27,2,True
CASE-02251,ORG-011,ASSET-ORG-011-073,data_exfil,2025-01-25T10:42:32,2025-01-27T17:48:56,1,True
CASE-02252,ORG-011,ASSET-ORG-011-262,malware,2025-01-04T09:38:03,2025-01-11T09:20:45,0,True
CASE-02253,ORG-011,ASSET-ORG-011-018,malware,2025-05-23T06:22:40,2025-05-24T18:51:27,0,True
CASE-02254,ORG-011,ASSET-ORG-011-250,data_exfil,2025-03-07T03:41:03,2025-03-13T04:05:48,0,True
CASE-02255,ORG-011,ASSET-ORG-011-061,malware,2025-06-02T15:17:32,2025-06-07T09:20:08,1,True
CASE-02256,ORG-011,ASSET-ORG-011-052,recon,2025-04-06T20:13:23,2025-04-08T04:20:26,4,False
CASE-02257,ORG-011,ASSET-ORG-011-060,lateral_movement,2025-03-30T14:17:43,2025-03-31T00:12:37,0,True
CASE-02258,ORG-011,ASSET-ORG-011-250,recon,2025-05-26T01:25:18,2025-05-28T02:35:48,0,True
CASE-02259,ORG-011,ASSET-ORG-011-120,recon,2025-03-06T13:19:57,2025-03-10T22:30:37,1,True
CASE-02260,ORG-011,ASSET-ORG-011-254,data_exfil,2025-05-08T09:24:26,2025-05-14T20:47:53,2,True
CASE-02261,ORG-011,ASSET-ORG-011-195,data_exfil,2025-03-02T19:26:03,2025-03-03T13:00:41,2,True
CASE-02262,ORG-011,ASSET-ORG-011-199,phishing,2025-02-24T08:50:24,2025-02-27T18:28:20,0,True
CASE-02263,ORG-011,ASSET-ORG-011-140,brute_force,2025-02-27T22:45:01,2025-03-02T10:43:28,1,True
CASE-02264,ORG-011,ASSET-ORG-011-027,data_exfil,2025-03-20T20:53:34,2025-03-26T07:42:18,2,True
CASE-02265,ORG-011,ASSET-ORG-011-148,malware,2025-01-10T11:57:10,2025-01-15T09:53:13,0,True
CASE-02266,ORG-011,ASSET-ORG-011-086,malware,2025-04-10T14:23:07,2025-04-14T17:16:17,1,False
CASE-02267,ORG-011,ASSET-ORG-011-071,phishing,2025-01-29T17:22:31,2025-01-30T11:58:32,2,False
CASE-02268,ORG-011,ASSET-ORG-011-122,lateral_movement,2025-04-15T23:29:24,2025-04-22T07:19:37,1,True
CASE-02269,ORG-011,ASSET-ORG-011-222,data_exfil,2025-02-10T07:16:09,2025-02-17T02:58:43,1,True
CASE-02270,ORG-011,ASSET-ORG-011-071,recon,2025-05-22T17:09:23,2025-05-23T20:20:54,1,True
CASE-02271,ORG-011,ASSET-ORG-011-195,privilege_escalation,2025-01-19T11:54:44,2025-01-21T13:23:53,1,True
CASE-02272,ORG-011,ASSET-ORG-011-056,recon,2025-01-27T06:44:27,2025-01-31T05:54:01,2,True
CASE-02273,ORG-011,ASSET-ORG-011-050,lateral_movement,2025-06-27T10:53:53,,1,True
CASE-02274,ORG-011,ASSET-ORG-011-211,privilege_escalation,2025-05-30T04:15:11,2025-06-03T23:34:45,4,True
CASE-02275,ORG-011,ASSET-ORG-011-022,phishing,2025-05-01T06:20:38,2025-05-03T19:02:36,2,True
CASE-02276,ORG-011,ASSET-ORG-011-198,data_exfil,2025-06-15T00:16:37,2025-06-17T23:41:07,0,True
CASE-02277,ORG-011,ASSET-ORG-011-232,recon,2025-06-09T02:03:42,2025-06-13T15:00:57,0,True
CASE-02278,ORG-011,ASSET-ORG-011-097,data_exfil,2025-06-19T23:09:22,2025-06-23T12:06:39,0,True
CASE-02279,ORG-011,ASSET-ORG-011-036,lateral_movement,2025-04-27T03:23:38,2025-05-02T21:11:45,2,True
CASE-02280,ORG-011,ASSET-ORG-011-133,phishing,2025-02-13T13:09:03,2025-02-19T09:17:50,0,False
CASE-02281,ORG-011,ASSET-ORG-011-263,malware,2025-01-21T10:49:12,2025-01-27T18:43:57,0,True
CASE-02282,ORG-011,ASSET-ORG-011-174,lateral_movement,2025-02-03T09:34:00,2025-02-09T22:33:17,0,True
CASE-02283,ORG-011,ASSET-ORG-011-120,lateral_movement,2025-01-19T00:03:48,2025-01-20T18:02:52,2,True
CASE-02284,ORG-011,ASSET-ORG-011-271,data_exfil,2025-01-09T06:55:09,2025-01-15T03:33:13,2,True
CASE-02285,ORG-011,ASSET-ORG-011-135,recon,2025-05-17T03:27:41,2025-05-18T18:11:07,3,True
CASE-02286,ORG-011,ASSET-ORG-011-097,recon,2025-04-11T14:32:25,2025-04-13T22:04:49,1,True
CASE-02287,ORG-011,ASSET-ORG-011-039,lateral_movement,2025-01-02T06:03:41,2025-01-08T20:00:22,2,True
CASE-02288,ORG-011,ASSET-ORG-011-156,brute_force,2025-05-03T07:54:23,2025-05-04T20:52:09,1,True
CASE-02289,ORG-011,ASSET-ORG-011-115,recon,2025-03-05T19:10:25,2025-03-06T18:39:24,2,False
CASE-02290,ORG-011,ASSET-ORG-011-276,malware,2025-04-12T14:14:57,2025-04-13T17:55:59,1,True
CASE-02291,ORG-011,ASSET-ORG-011-194,lateral_movement,2025-04-21T02:20:51,2025-04-26T11:14:42,0,False
CASE-02292,ORG-011,ASSET-ORG-011-187,phishing,2025-02-16T17:34:10,2025-02-22T14:15:18,0,True
CASE-02293,ORG-011,ASSET-ORG-011-163,recon,2025-04-02T05:21:48,2025-04-05T17:45:56,1,False
CASE-02294,ORG-011,ASSET-ORG-011-118,phishing,2025-02-06T23:09:34,2025-02-10T21:59:34,1,True
CASE-02295,ORG-011,ASSET-ORG-011-140,malware,2025-01-25T02:46:23,2025-01-31T13:54:53,0,True
CASE-02296,ORG-011,ASSET-ORG-011-186,privilege_escalation,2025-05-06T01:33:48,2025-05-07T15:25:50,3,False
CASE-02297,ORG-011,ASSET-ORG-011-144,recon,2025-03-19T13:32:38,2025-03-22T22:28:16,2,True
CASE-02298,ORG-011,ASSET-ORG-011-074,phishing,2025-04-24T19:07:55,2025-04-28T07:29:26,1,True
CASE-02299,ORG-011,ASSET-ORG-011-123,malware,2025-05-15T08:26:04,2025-05-17T12:06:15,0,False
CASE-02300,ORG-011,ASSET-ORG-011-073,malware,2025-05-24T00:43:24,2025-05-28T00:51:15,0,True
CASE-02301,ORG-011,ASSET-ORG-011-087,recon,2025-03-28T23:13:56,2025-04-02T00:59:42,0,True
CASE-02302,ORG-011,ASSET-ORG-011-145,phishing,2025-05-14T22:48:47,2025-05-19T12:48:39,2,True
CASE-02303,ORG-011,ASSET-ORG-011-200,privilege_escalation,2025-01-27T04:42:24,2025-01-28T23:02:33,1,True
CASE-02304,ORG-011,ASSET-ORG-011-063,recon,2025-05-05T06:42:05,2025-05-08T21:27:08,2,True
CASE-02305,ORG-011,ASSET-ORG-011-287,privilege_escalation,2025-01-08T17:41:38,2025-01-14T20:53:18,3,True
CASE-02306,ORG-011,ASSET-ORG-011-228,recon,2025-01-10T19:24:48,2025-01-17T15:14:04,0,True
CASE-02307,ORG-011,ASSET-ORG-011-192,recon,2025-04-11T20:16:00,2025-04-16T10:51:06,2,False
CASE-02308,ORG-011,ASSET-ORG-011-037,data_exfil,2025-05-31T17:29:21,2025-06-03T13:37:51,0,True
CASE-02309,ORG-011,ASSET-ORG-011-100,brute_force,2025-05-06T14:25:45,2025-05-08T20:26:38,0,True
CASE-02310,ORG-011,ASSET-ORG-011-102,recon,2025-06-04T20:10:36,2025-06-10T11:21:12,2,True
CASE-02311,ORG-011,ASSET-ORG-011-164,lateral_movement,2025-03-03T13:17:12,2025-03-08T23:04:51,0,True
CASE-02312,ORG-011,ASSET-ORG-011-236,phishing,2025-05-06T11:02:03,2025-05-09T22:13:43,1,False
CASE-02313,ORG-011,ASSET-ORG-011-206,phishing,2025-05-24T08:31:35,2025-05-25T01:48:52,0,True
CASE-02314,ORG-011,ASSET-ORG-011-217,privilege_escalation,2025-01-20T18:56:42,2025-01-24T16:24:11,0,False
CASE-02315,ORG-011,ASSET-ORG-011-113,brute_force,2025-04-11T16:15:04,2025-04-16T13:21:34,1,True
CASE-02316,ORG-011,ASSET-ORG-011-183,recon,2025-05-28T11:46:34,2025-06-01T00:41:54,0,True
CASE-02317,ORG-011,ASSET-ORG-011-001,recon,2025-03-08T14:56:59,2025-03-12T10:35:58,2,False
CASE-02318,ORG-011,ASSET-ORG-011-038,lateral_movement,2025-01-26T01:50:46,2025-01-29T21:21:50,0,True
CASE-02319,ORG-011,ASSET-ORG-011-250,recon,2025-04-18T20:09:24,2025-04-22T16:19:56,1,True
CASE-02320,ORG-011,ASSET-ORG-011-010,lateral_movement,2025-06-04T03:43:30,2025-06-08T13:54:14,0,True
CASE-02321,ORG-011,ASSET-ORG-011-238,lateral_movement,2025-06-05T10:19:02,2025-06-08T02:14:43,0,True
CASE-02322,ORG-011,ASSET-ORG-011-168,phishing,2025-02-04T18:19:03,2025-02-08T04:50:11,1,True
CASE-02323,ORG-011,ASSET-ORG-011-129,recon,2025-01-30T04:53:43,2025-02-03T15:55:59,1,True
CASE-02324,ORG-011,ASSET-ORG-011-236,recon,2025-03-16T21:34:20,2025-03-18T14:42:11,1,True
CASE-02325,ORG-011,ASSET-ORG-011-208,malware,2025-01-11T18:53:40,2025-01-14T17:24:23,2,True
CASE-02326,ORG-011,ASSET-ORG-011-086,privilege_escalation,2025-05-07T23:12:03,2025-05-10T07:47:50,2,True
CASE-02327,ORG-011,ASSET-ORG-011-067,privilege_escalation,2025-02-23T09:56:41,2025-02-28T15:03:02,0,True
CASE-02328,ORG-011,ASSET-ORG-011-254,data_exfil,2025-03-04T13:59:21,2025-03-05T20:44:09,1,True
CASE-02329,ORG-011,ASSET-ORG-011-209,phishing,2025-01-01T08:07:10,2025-01-04T14:56:12,0,False
CASE-02330,ORG-011,ASSET-ORG-011-254,lateral_movement,2025-01-30T01:13:38,2025-01-31T18:50:43,1,False
CASE-02331,ORG-011,ASSET-ORG-011-218,phishing,2025-05-14T12:28:59,2025-05-18T12:51:31,1,True
CASE-02332,ORG-011,ASSET-ORG-011-143,phishing,2025-01-13T23:16:34,2025-01-19T08:10:10,1,True
CASE-02333,ORG-011,ASSET-ORG-011-196,malware,2025-05-12T12:41:41,2025-05-18T05:41:56,0,True
CASE-02334,ORG-011,ASSET-ORG-011-002,malware,2025-05-03T05:38:27,2025-05-07T04:44:44,0,True
CASE-02335,ORG-011,ASSET-ORG-011-274,lateral_movement,2025-06-04T06:15:40,2025-06-06T20:56:36,1,False
CASE-02336,ORG-011,ASSET-ORG-011-099,data_exfil,2025-05-12T17:27:32,2025-05-17T20:34:18,0,True
CASE-02337,ORG-011,ASSET-ORG-011-198,data_exfil,2025-05-29T03:27:41,2025-05-31T02:16:13,1,True
CASE-02338,ORG-011,ASSET-ORG-011-017,recon,2025-06-28T23:44:58,,0,True
CASE-02339,ORG-011,ASSET-ORG-011-282,recon,2025-06-14T03:12:25,2025-06-16T21:10:46,4,True
CASE-02340,ORG-011,ASSET-ORG-011-243,privilege_escalation,2025-01-24T00:29:32,2025-01-24T21:50:28,1,True
CASE-02341,ORG-011,ASSET-ORG-011-169,recon,2025-02-22T18:52:43,2025-02-27T11:06:18,3,True
CASE-02342,ORG-011,ASSET-ORG-011-256,data_exfil,2025-05-03T05:51:08,2025-05-09T09:43:25,1,False
CASE-02343,ORG-011,ASSET-ORG-011-147,malware,2025-04-01T10:30:57,2025-04-05T12:41:33,0,True
CASE-02344,ORG-011,ASSET-ORG-011-255,malware,2025-06-30T05:44:36,,0,False
CASE-02345,ORG-011,ASSET-ORG-011-071,recon,2025-01-22T20:09:22,2025-01-24T20:48:03,0,True
CASE-02346,ORG-011,ASSET-ORG-011-127,privilege_escalation,2025-06-08T12:45:42,2025-06-13T01:41:00,1,False
CASE-02347,ORG-011,ASSET-ORG-011-258,recon,2025-04-06T16:43:09,2025-04-07T08:41:49,0,False
CASE-02348,ORG-011,ASSET-ORG-011-106,phishing,2025-06-12T07:00:15,2025-06-13T01:31:38,0,False
CASE-02349,ORG-011,ASSET-ORG-011-010,lateral_movement,2025-02-21T12:35:05,2025-02-26T23:08:28,0,True
CASE-02350,ORG-011,ASSET-ORG-011-032,malware,2025-06-07T06:13:07,2025-06-13T16:20:49,1,False
CASE-02351,ORG-011,ASSET-ORG-011-222,brute_force,2025-03-25T18:15:15,2025-03-31T21:45:56,0,False
CASE-02352,ORG-011,ASSET-ORG-011-101,phishing,2025-05-25T19:09:19,2025-05-29T10:11:01,1,False
CASE-02353,ORG-011,ASSET-ORG-011-190,recon,2025-04-08T07:37:52,2025-04-11T16:43:30,1,True
CASE-02354,ORG-011,ASSET-ORG-011-248,malware,2025-05-31T12:48:27,2025-06-06T11:35:21,0,True
CASE-02355,ORG-011,ASSET-ORG-011-088,brute_force,2025-03-28T16:46:03,2025-04-03T05:00:35,1,True
CASE-02356,ORG-011,ASSET-ORG-011-283,recon,2025-03-06T00:45:45,2025-03-06T13:30:09,0,True
CASE-02357,ORG-011,ASSET-ORG-011-005,privilege_escalation,2025-06-09T10:38:39,2025-06-13T16:48:22,0,True
CASE-02358,ORG-011,ASSET-ORG-011-175,data_exfil,2025-06-05T13:10:14,2025-06-09T05:56:31,1,True
CASE-02359,ORG-011,ASSET-ORG-011-083,brute_force,2025-06-03T01:07:52,2025-06-07T11:48:26,2,True
CASE-02360,ORG-011,ASSET-ORG-011-060,phishing,2025-02-24T03:03:42,2025-03-02T00:43:24,1,True
CASE-02361,ORG-011,ASSET-ORG-011-161,brute_force,2025-01-02T07:24:33,2025-01-02T15:44:52,1,True
CASE-02362,ORG-011,ASSET-ORG-011-096,recon,2025-06-01T07:32:43,2025-06-07T21:00:57,1,True
CASE-02363,ORG-011,ASSET-ORG-011-149,phishing,2025-02-28T23:19:42,2025-03-02T18:44:45,1,True
CASE-02364,ORG-011,ASSET-ORG-011-089,brute_force,2025-03-11T12:40:13,2025-03-14T03:21:48,0,False
CASE-02365,ORG-011,ASSET-ORG-011-266,malware,2025-03-20T09:27:10,2025-03-26T08:14:29,1,False
CASE-02366,ORG-011,ASSET-ORG-011-079,phishing,2025-02-28T00:11:15,2025-03-02T18:56:15,0,True
CASE-02367,ORG-011,ASSET-ORG-011-007,data_exfil,2025-04-20T21:32:31,2025-04-25T01:30:16,0,True
CASE-02368,ORG-011,ASSET-ORG-011-157,lateral_movement,2025-01-31T17:42:51,2025-02-03T01:59:48,1,True
CASE-02369,ORG-011,ASSET-ORG-011-011,privilege_escalation,2025-01-17T16:38:23,2025-01-20T03:19:39,2,False
CASE-02370,ORG-011,ASSET-ORG-011-161,malware,2025-01-25T08:23:26,2025-01-28T08:22:00,4,True
CASE-02371,ORG-011,ASSET-ORG-011-009,lateral_movement,2025-03-27T11:29:05,2025-03-28T12:44:49,1,True
CASE-02372,ORG-011,ASSET-ORG-011-032,phishing,2025-02-04T20:17:47,2025-02-08T13:17:01,2,True
CASE-02373,ORG-011,ASSET-ORG-011-237,recon,2025-05-18T10:46:34,2025-05-21T08:54:17,1,True
CASE-02374,ORG-011,ASSET-ORG-011-202,phishing,2025-05-21T23:25:51,2025-05-24T00:41:19,0,False
CASE-02375,ORG-011,ASSET-ORG-011-044,recon,2025-01-04T17:14:00,2025-01-11T06:57:43,0,True
CASE-02376,ORG-011,ASSET-ORG-011-141,data_exfil,2025-05-31T18:57:42,2025-06-04T21:06:34,1,False
CASE-02377,ORG-011,ASSET-ORG-011-033,brute_force,2025-01-27T18:11:44,2025-01-30T22:34:55,3,True
CASE-02378,ORG-011,ASSET-ORG-011-281,phishing,2025-05-21T17:29:03,2025-05-28T03:31:51,0,True
CASE-02379,ORG-011,ASSET-ORG-011-102,malware,2025-01-26T04:50:42,2025-01-29T15:55:41,1,False
CASE-02380,ORG-011,ASSET-ORG-011-106,recon,2025-04-02T13:13:32,2025-04-03T13:13:15,1,True
CASE-02381,ORG-011,ASSET-ORG-011-204,recon,2025-02-09T21:51:41,2025-02-11T13:48:32,4,True
CASE-02382,ORG-011,ASSET-ORG-011-077,data_exfil,2025-04-15T03:25:20,2025-04-18T12:26:03,1,True
CASE-02383,ORG-011,ASSET-ORG-011-042,recon,2025-01-29T11:19:38,2025-02-01T02:40:22,1,True
CASE-02384,ORG-011,ASSET-ORG-011-087,privilege_escalation,2025-06-03T05:05:33,2025-06-08T23:08:17,0,True
CASE-02385,ORG-011,ASSET-ORG-011-118,brute_force,2025-03-09T05:11:52,2025-03-09T18:01:58,1,True
CASE-02386,ORG-011,ASSET-ORG-011-221,phishing,2025-05-27T00:55:44,2025-05-30T23:34:43,2,True
CASE-02387,ORG-011,ASSET-ORG-011-019,brute_force,2025-05-02T18:07:12,2025-05-09T01:01:34,0,True
CASE-02388,ORG-011,ASSET-ORG-011-120,malware,2025-06-07T20:05:16,2025-06-09T06:04:19,0,False
CASE-02389,ORG-011,ASSET-ORG-011-087,malware,2025-03-03T12:36:29,2025-03-05T08:29:51,0,False
CASE-02390,ORG-011,ASSET-ORG-011-136,lateral_movement,2025-05-11T07:33:26,2025-05-17T22:55:49,0,True
CASE-02391,ORG-011,ASSET-ORG-011-239,data_exfil,2025-04-17T18:56:31,2025-04-22T15:52:39,0,True
CASE-02392,ORG-011,ASSET-ORG-011-016,malware,2025-01-25T18:07:51,2025-01-31T13:28:44,0,False
CASE-02393,ORG-011,ASSET-ORG-011-246,recon,2025-06-01T08:49:19,2025-06-06T16:49:12,0,True
CASE-02394,ORG-011,ASSET-ORG-011-062,data_exfil,2025-04-05T06:16:15,2025-04-11T22:04:43,0,True
CASE-02395,ORG-011,ASSET-ORG-011-010,brute_force,2025-06-07T04:37:39,2025-06-08T22:11:53,0,True
CASE-02396,ORG-011,ASSET-ORG-011-227,malware,2025-01-17T16:02:58,2025-01-20T15:46:19,5,True
CASE-02397,ORG-011,ASSET-ORG-011-191,malware,2025-05-10T12:44:41,2025-05-17T10:22:31,1,False
CASE-02398,ORG-011,ASSET-ORG-011-018,data_exfil,2025-02-01T11:09:08,2025-02-07T06:05:46,0,True
CASE-02399,ORG-011,ASSET-ORG-011-243,brute_force,2025-01-15T03:53:56,2025-01-17T10:37:17,0,True
CASE-02400,ORG-011,ASSET-ORG-011-269,phishing,2025-06-22T10:39:33,2025-06-25T00:47:35,3,True
CASE-02401,ORG-011,ASSET-ORG-011-147,phishing,2025-02-14T13:49:16,2025-02-16T22:09:47,2,True
CASE-02402,ORG-011,ASSET-ORG-011-106,malware,2025-04-24T18:18:07,2025-04-30T16:27:58,1,False
CASE-02403,ORG-011,ASSET-ORG-011-029,lateral_movement,2025-01-18T17:00:37,2025-01-21T06:06:23,0,True
CASE-02404,ORG-011,ASSET-ORG-011-069,privilege_escalation,2025-01-20T17:27:20,2025-01-23T21:54:51,1,True
CASE-02405,ORG-011,ASSET-ORG-011-066,privilege_escalation,2025-02-07T12:33:53,2025-02-13T08:14:28,1,True
CASE-02406,ORG-011,ASSET-ORG-011-115,privilege_escalation,2025-06-06T04:37:44,2025-06-11T13:33:56,1,True
CASE-02407,ORG-011,ASSET-ORG-011-076,privilege_escalation,2025-05-27T19:35:25,2025-05-29T19:10:07,0,True
CASE-02408,ORG-011,ASSET-ORG-011-269,phishing,2025-04-04T20:14:38,2025-04-05T20:36:03,1,True
CASE-02409,ORG-011,ASSET-ORG-011-218,phishing,2025-04-30T09:11:10,2025-05-04T01:27:48,0,True
CASE-02410,ORG-011,ASSET-ORG-011-247,lateral_movement,2025-02-02T17:21:37,2025-02-06T06:40:52,2,True
CASE-02411,ORG-011,ASSET-ORG-011-225,recon,2025-02-06T18:01:17,2025-02-10T16:02:22,2,True
CASE-02412,ORG-011,ASSET-ORG-011-081,lateral_movement,2025-05-01T22:13:27,2025-05-02T17:40:03,0,True
CASE-02413,ORG-011,ASSET-ORG-011-079,phishing,2025-03-27T12:17:35,2025-04-02T16:05:34,0,True
CASE-02414,ORG-011,ASSET-ORG-011-271,recon,2025-06-16T04:18:29,2025-06-22T22:46:24,1,True
CASE-02415,ORG-011,ASSET-ORG-011-145,phishing,2025-05-14T13:22:12,2025-05-19T17:14:23,3,True
CASE-02416,ORG-011,ASSET-ORG-011-102,brute_force,2025-03-31T21:53:33,2025-04-06T22:39:12,0,True
CASE-02417,ORG-011,ASSET-ORG-011-065,recon,2025-04-15T17:39:54,2025-04-19T15:29:56,1,True
CASE-02418,ORG-011,ASSET-ORG-011-138,privilege_escalation,2025-02-26T04:55:57,2025-03-03T18:05:29,1,False
CASE-02419,ORG-011,ASSET-ORG-011-222,brute_force,2025-04-21T13:27:36,2025-04-25T16:22:23,2,True
CASE-02420,ORG-011,ASSET-ORG-011-124,privilege_escalation,2025-03-17T16:25:21,2025-03-23T19:49:31,0,True
CASE-02421,ORG-011,ASSET-ORG-011-032,recon,2025-05-01T23:29:29,2025-05-05T21:13:57,3,False
CASE-02422,ORG-011,ASSET-ORG-011-207,malware,2025-05-15T01:27:49,2025-05-17T05:45:28,0,True
CASE-02423,ORG-011,ASSET-ORG-011-012,data_exfil,2025-03-06T22:22:43,2025-03-13T01:57:33,2,False
CASE-02424,ORG-011,ASSET-ORG-011-033,lateral_movement,2025-04-18T23:33:41,2025-04-25T20:57:24,0,True
CASE-02425,ORG-011,ASSET-ORG-011-219,lateral_movement,2025-01-24T09:55:38,2025-01-30T12:15:53,3,True
CASE-02426,ORG-011,ASSET-ORG-011-115,privilege_escalation,2025-03-23T14:02:54,2025-03-26T18:24:08,1,False
CASE-02427,ORG-011,ASSET-ORG-011-115,malware,2025-01-01T08:28:25,2025-01-04T19:35:45,1,True
CASE-02428,ORG-011,ASSET-ORG-011-222,brute_force,2025-05-14T06:52:25,2025-05-16T12:31:32,2,True
CASE-02429,ORG-011,ASSET-ORG-011-229,recon,2025-02-03T10:51:52,2025-02-04T01:27:42,0,True
CASE-02430,ORG-011,ASSET-ORG-011-162,phishing,2025-03-10T22:03:23,2025-03-14T13:03:09,1,True
CASE-02431,ORG-011,ASSET-ORG-011-256,malware,2025-05-28T12:52:19,2025-06-02T11:41:01,0,True
CASE-02432,ORG-011,ASSET-ORG-011-065,malware,2025-02-14T17:39:04,2025-02-17T20:14:52,1,True
CASE-02433,ORG-011,ASSET-ORG-011-049,data_exfil,2025-03-26T04:02:04,2025-03-28T21:41:31,1,False
CASE-02434,ORG-011,ASSET-ORG-011-263,brute_force,2025-04-23T05:54:15,2025-04-26T08:49:30,0,True
CASE-02435,ORG-011,ASSET-ORG-011-100,brute_force,2025-03-13T22:59:29,2025-03-20T03:10:15,2,False
CASE-02436,ORG-011,ASSET-ORG-011-026,recon,2025-01-20T18:11:46,2025-01-27T02:10:21,1,True
CASE-02437,ORG-011,ASSET-ORG-011-112,brute_force,2025-02-10T14:23:08,2025-02-13T14:28:42,1,True
CASE-02438,ORG-011,ASSET-ORG-011-244,privilege_escalation,2025-05-01T19:58:12,2025-05-05T13:10:39,2,False
CASE-02439,ORG-011,ASSET-ORG-011-164,brute_force,2025-05-31T07:43:59,2025-06-03T08:51:10,2,True
CASE-02440,ORG-011,ASSET-ORG-011-190,phishing,2025-05-03T13:26:11,2025-05-09T15:43:25,1,True
CASE-02441,ORG-011,ASSET-ORG-011-124,recon,2025-01-01T09:39:31,2025-01-02T11:42:42,1,True
CASE-02442,ORG-011,ASSET-ORG-011-210,phishing,2025-02-20T02:11:23,2025-02-25T21:59:28,3,True
CASE-02443,ORG-011,ASSET-ORG-011-122,recon,2025-06-17T21:25:57,2025-06-20T02:06:29,1,True
CASE-02444,ORG-011,ASSET-ORG-011-257,phishing,2025-03-06T16:38:49,2025-03-12T18:11:20,3,True
CASE-02445,ORG-011,ASSET-ORG-011-156,brute_force,2025-06-04T06:14:59,2025-06-08T19:12:51,0,True
CASE-02446,ORG-011,ASSET-ORG-011-159,privilege_escalation,2025-06-29T15:25:21,,2,False
CASE-02447,ORG-011,ASSET-ORG-011-281,privilege_escalation,2025-04-05T09:33:02,2025-04-06T01:47:48,0,False
CASE-02448,ORG-011,ASSET-ORG-011-259,privilege_escalation,2025-01-11T03:17:17,2025-01-16T02:05:34,1,True
CASE-02449,ORG-012,ASSET-ORG-012-249,lateral_movement,2025-02-18T04:30:36,2025-02-22T18:39:55,0,True
CASE-02450,ORG-012,ASSET-ORG-012-005,recon,2025-02-23T16:09:11,2025-02-26T17:19:35,1,False
CASE-02451,ORG-012,ASSET-ORG-012-195,brute_force,2025-03-25T23:09:14,2025-03-30T22:03:52,1,True
CASE-02452,ORG-012,ASSET-ORG-012-020,malware,2025-04-04T02:02:27,2025-04-08T03:15:41,0,False
CASE-02453,ORG-012,ASSET-ORG-012-195,privilege_escalation,2025-03-15T03:39:16,2025-03-20T15:04:02,1,True
CASE-02454,ORG-012,ASSET-ORG-012-128,brute_force,2025-03-22T16:05:29,2025-03-24T12:56:27,1,True
CASE-02455,ORG-012,ASSET-ORG-012-231,recon,2025-01-22T23:46:42,2025-01-27T08:14:11,0,True
CASE-02456,ORG-012,ASSET-ORG-012-135,phishing,2025-01-06T02:31:35,2025-01-07T08:17:22,0,False
CASE-02457,ORG-012,ASSET-ORG-012-255,lateral_movement,2025-05-24T01:09:36,2025-05-29T19:27:08,0,False
CASE-02458,ORG-012,ASSET-ORG-012-213,lateral_movement,2025-01-01T18:01:25,2025-01-02T03:57:23,0,True
CASE-02459,ORG-012,ASSET-ORG-012-042,lateral_movement,2025-03-24T20:29:37,2025-03-26T16:14:36,0,True
CASE-02460,ORG-012,ASSET-ORG-012-219,malware,2025-01-08T01:42:24,2025-01-13T11:14:36,0,True
CASE-02461,ORG-012,ASSET-ORG-012-184,brute_force,2025-02-22T14:13:07,2025-02-23T22:17:56,0,True
CASE-02462,ORG-012,ASSET-ORG-012-096,privilege_escalation,2025-02-09T03:16:06,2025-02-15T19:39:17,3,True
CASE-02463,ORG-012,ASSET-ORG-012-069,recon,2025-05-13T07:45:59,2025-05-14T07:40:39,1,True
CASE-02464,ORG-012,ASSET-ORG-012-051,brute_force,2025-05-19T16:33:55,2025-05-20T16:56:32,1,False
CASE-02465,ORG-012,ASSET-ORG-012-011,malware,2025-03-31T06:30:02,2025-04-04T09:09:38,0,False
CASE-02466,ORG-012,ASSET-ORG-012-107,recon,2025-06-07T23:19:30,2025-06-10T22:43:28,1,True
CASE-02467,ORG-012,ASSET-ORG-012-080,lateral_movement,2025-04-11T05:41:12,2025-04-13T00:45:06,0,True
CASE-02468,ORG-012,ASSET-ORG-012-236,lateral_movement,2025-02-25T16:57:26,2025-03-04T08:42:16,1,False
CASE-02469,ORG-012,ASSET-ORG-012-254,phishing,2025-05-25T08:01:03,2025-05-25T16:46:20,1,True
CASE-02470,ORG-012,ASSET-ORG-012-213,lateral_movement,2025-02-12T13:07:08,2025-02-18T16:43:50,0,True
CASE-02471,ORG-012,ASSET-ORG-012-178,phishing,2025-02-21T08:25:40,2025-02-24T03:20:25,0,True
CASE-02472,ORG-012,ASSET-ORG-012-211,malware,2025-03-14T01:43:31,2025-03-17T13:44:06,0,True
CASE-02473,ORG-012,ASSET-ORG-012-045,brute_force,2025-01-05T03:58:13,2025-01-07T23:37:47,0,True
CASE-02474,ORG-012,ASSET-ORG-012-129,privilege_escalation,2025-05-14T21:09:58,2025-05-17T12:33:47,1,False
CASE-02475,ORG-012,ASSET-ORG-012-267,privilege_escalation,2025-05-11T06:34:52,2025-05-14T23:48:35,3,True
CASE-02476,ORG-012,ASSET-ORG-012-155,recon,2025-03-04T08:28:41,2025-03-09T16:36:48,0,True
CASE-02477,ORG-012,ASSET-ORG-012-251,recon,2025-01-12T02:05:27,2025-01-17T23:50:36,0,True
CASE-02478,ORG-012,ASSET-ORG-012-187,malware,2025-03-08T21:46:23,2025-03-14T02:11:58,0,True
