investigation_id,alert_id,organization_id,analyst_id,started_at,completed_at,notes_length,outcome
INV-00001,A-00001,ORG-001,ANALYST-05,2025-05-09T11:58:52,2025-05-09T14:31:38,236,false_positive
INV-00002,A-00002,ORG-001,ANALYST-10,2025-06-28T23:22:05,2025-06-29T06:08:11,458,resolved
INV-00003,A-00004,ORG-001,ANALYST-09,2025-02-14T11:07:33,2025-02-14T18:35:12,395,resolved
INV-00004,A-00005,ORG-001,ANALYST-16,2025-06-28T00:02:21,2025-06-28T04:30:24,273,resolved
INV-00005,A-00006,ORG-001,ANALYST-18,2025-03-22T00:23:39,2025-03-22T08:17:57,287,resolved
INV-00006,A-00007,ORG-001,ANALYST-14,2025-06-10T07:04:30,2025-06-10T11:46:48,63,resolved
INV-00007,A-00008,ORG-001,ANALYST-10,2025-05-28T16:28:43,2025-05-28T18:10:16,324,false_positive
INV-00008,A-00009,ORG-001,ANALYST-01,2025-06-05T06:39:10,2025-06-05T12:09:59,815,resolved
INV-00009,A-00010,ORG-001,ANALYST-17,2025-06-11T17:29:45,2025-06-11T20:39:08,529,resolved
INV-00010,A-00011,ORG-001,ANALYST-09,2025-02-07T01:05:47,2025-02-07T02:13:54,604,resolved
INV-00011,A-00012,ORG-001,ANALYST-05,2025-06-12T18:05:26,2025-06-12T23:02:50,707,resolved
INV-00012,A-00014,ORG-001,ANALYST-13,2025-01-09T14:47:14,2025-01-09T22:40:22,575,open
INV-00013,A-00015,ORG-001,ANALYST-04,2025-04-08T13:28:11,2025-04-08T17:58:38,788,false_positive
INV-00014,A-00016,ORG-001,ANALYST-03,2025-06-01T21:29:27,2025-06-02T01:36:31,268,resolved
INV-00015,A-00018,ORG-001,ANALYST-04,2025-02-14T04:46:38,2025-02-14T12:11:53,634,resolved
INV-00016,A-00019,ORG-001,ANALYST-19,2025-03-14T21:28:11,2025-03-15T01:43:13,449,escalated
INV-00017,A-00020,ORG-001,ANALYST-08,2025-05-13T18:27:30,2025-05-13T20:15:39,336,escalated
INV-00018,A-00021,ORG-001,ANALYST-15,2025-06-25T00:49:33,2025-06-25T01:59:53,276,open
INV-00019,A-00022,ORG-001,ANALYST-04,2025-03-30T18:55:35,2025-03-30T23:49:28,110,resolved
INV-00020,A-00023,ORG-001,ANALYST-19,2025-01-05T07:39:42,2025-01-05T08:14:07,230,false_positive
INV-00021,A-00024,ORG-001,ANALYST-09,2025-04-28T22:09:35,2025-04-29T04:18:40,223,escalated
INV-00022,A-00025,ORG-001,ANALYST-15,2025-01-19T22:23:21,2025-01-20T06:04:02,117,resolved
INV-00023,A-00026,ORG-001,ANALYST-18,2025-05-26T04:16:52,2025-05-26T11:56:24,624,resolved
INV-00024,A-00027,ORG-001,ANALYST-04,2025-06-06T16:13:00,2025-06-07T00:02:13,659,open
INV-00025,A-00029,ORG-001,ANALYST-12,2025-05-26T14:33:23,2025-05-26T20:52:06,360,escalated
INV-00026,A-00030,ORG-001,ANALYST-10,2025-02-13T03:33:43,2025-02-13T08:17:16,216,resolved
INV-00027,A-00034,ORG-001,ANALYST-02,2025-01-20T10:07:37,2025-01-20T13:53:30,151,resolved
INV-00028,A-00035,ORG-001,ANALYST-02,2025-01-18T22:06:47,2025-01-18T22:48:26,251,resolved
INV-00029,A-00036,ORG-001,ANALYST-08,2025-06-11T04:22:51,2025-06-11T12:16:53,268,escalated
INV-00030,A-00037,ORG-001,ANALYST-01,2025-01-26T06:46:04,2025-01-26T08:16:06,167,resolved
INV-00031,A-00038,ORG-001,ANALYST-17,2025-02-03T23:35:18,2025-02-04T03:55:12,296,escalated
INV-00032,A-00041,ORG-001,ANALYST-20,2025-05-19T08:33:53,2025-05-19T11:59:47,331,resolved
INV-00033,A-00042,ORG-001,ANALYST-14,2025-04-27T02:30:54,2025-04-27T08:31:32,150,escalated
INV-00034,A-00043,ORG-001,ANALYST-11,2025-05-21T00:33:49,2025-05-21T04:49:48,332,resolved
INV-00035,A-00045,ORG-001,ANALYST-05,2025-03-25T22:33:10,2025-03-26T06:26:30,819,resolved
INV-00036,A-00047,ORG-001,ANALYST-16,2025-03-10T07:55:29,2025-03-10T09:49:59,107,false_positive
INV-00037,A-00049,ORG-001,ANALYST-09,2025-04-30T06:23:48,2025-04-30T12:53:03,57,resolved
INV-00038,A-00051,ORG-001,ANALYST-11,2025-01-18T21:41:56,2025-01-19T02:19:41,411,resolved
INV-00039,A-00052,ORG-001,ANALYST-03,2025-01-31T05:26:52,2025-01-31T12:04:56,239,resolved
INV-00040,A-00053,ORG-001,ANALYST-10,2025-02-11T22:44:50,2025-02-12T00:15:23,447,escalated
INV-00041,A-00054,ORG-001,ANALYST-07,2025-03-18T19:09:28,2025-03-18T22:24:04,492,resolved
INV-00042,A-00055,ORG-001,ANALYST-08,2025-05-26T03:14:06,2025-05-26T08:34:57,692,resolved
INV-00043,A-00056,ORG-001,ANALYST-19,2025-03-26T17:27:05,2025-03-26T20:48:03,619,resolved
INV-00044,A-00057,ORG-001,ANALYST-03,2025-02-03T12:17:31,2025-02-03T16:05:08,697,false_positive
INV-00045,A-00058,ORG-001,ANALYST-03,2025-05-25T23:24:53,2025-05-26T01:26:42,361,escalated
INV-00046,A-00059,ORG-001,ANALYST-05,2025-03-10T05:29:07,2025-03-10T06:55:15,512,resolved
INV-00047,A-00060,ORG-001,ANALYST-15,2025-04-07T02:22:37,2025-04-07T08:09:05,448,false_positive
INV-00048,A-00061,ORG-001,ANALYST-16,2025-06-17T21:51:01,2025-06-17T22:58:18,326,escalated
INV-00049,A-00062,ORG-001,ANALYST-12,2025-01-15T10:05:28,2025-01-15T11:06:32,246,resolved
INV-00050,A-00063,ORG-001,ANALYST-02,2025-04-09T13:47:47,2025-04-09T21:30:13,165,false_positive
INV-00051,A-00065,ORG-001,ANALYST-15,2025-04-09T00:39:46,2025-04-09T07:36:13,162,resolved
INV-00052,A-00066,ORG-001,ANALYST-11,2025-03-21T11:53:27,2025-03-21T12:52:02,247,resolved
INV-00053,A-00068,ORG-001,ANALYST-10,2025-05-08T12:49:44,2025-05-08T14:06:00,822,resolved
INV-00054,A-00069,ORG-001,ANALYST-17,2025-06-27T07:32:00,2025-06-27T11:53:14,285,resolved
INV-00055,A-00072,ORG-001,ANALYST-20,2025-01-26T11:38:16,2025-01-26T13:47:01,419,escalated
INV-00056,A-00073,ORG-001,ANALYST-16,2025-05-27T03:39:07,2025-05-27T06:58:07,281,false_positive
INV-00057,A-00075,ORG-001,ANALYST-16,2025-06-05T15:26:35,2025-06-05T16:25:04,560,resolved
INV-00058,A-00076,ORG-001,ANALYST-08,2025-06-25T21:11:24,2025-06-25T22:31:29,330,false_positive
INV-00059,A-00077,ORG-001,ANALYST-08,2025-03-14T15:19:29,2025-03-14T19:14:14,208,resolved
INV-00060,A-00080,ORG-001,ANALYST-08,2025-01-22T14:53:21,2025-01-22T15:49:25,314,escalated
INV-00061,A-00081,ORG-001,ANALYST-08,2025-04-26T23:31:02,2025-04-27T05:15:05,397,resolved
INV-00062,A-00082,ORG-001,ANALYST-17,2025-04-12T18:10:31,2025-04-12T23:37:39,769,resolved
INV-00063,A-00083,ORG-001,ANALYST-08,2025-05-26T03:13:17,2025-05-26T06:51:35,475,escalated
INV-00064,A-00084,ORG-001,ANALYST-06,2025-01-09T18:29:17,2025-01-10T00:50:20,498,escalated
INV-00065,A-00085,ORG-001,ANALYST-10,2025-01-13T08:19:09,2025-01-13T09:09:20,386,resolved
INV-00066,A-00086,ORG-001,ANALYST-10,2025-04-03T01:18:48,2025-04-03T03:33:10,282,false_positive
INV-00067,A-00087,ORG-001,ANALYST-06,2025-03-26T22:16:01,2025-03-27T01:51:10,688,escalated
INV-00068,A-00088,ORG-001,ANALYST-18,2025-01-16T11:44:08,2025-01-16T13:52:41,480,resolved
INV-00069,A-00089,ORG-001,ANALYST-20,2025-03-28T08:14:14,2025-03-28T11:56:46,322,resolved
INV-00070,A-00090,ORG-001,ANALYST-06,2025-05-04T22:50:10,2025-05-05T06:09:42,293,resolved
INV-00071,A-00091,ORG-001,ANALYST-12,2025-01-25T15:22:38,2025-01-25T19:12:41,296,false_positive
INV-00072,A-00092,ORG-001,ANALYST-13,2025-03-28T07:28:59,2025-03-28T11:19:23,260,escalated
INV-00073,A-00094,ORG-001,ANALYST-15,2025-06-27T23:53:07,2025-06-28T01:03:33,94,false_positive
INV-00074,A-00095,ORG-001,ANALYST-10,2025-05-10T19:01:43,2025-05-11T00:27:48,557,false_positive
INV-00075,A-00096,ORG-001,ANALYST-05,2025-04-09T20:03:17,2025-04-10T03:45:51,221,escalated
INV-00076,A-00099,ORG-001,ANALYST-05,2025-01-15T12:09:18,2025-01-15T15:47:27,814,escalated
INV-00077,A-00100,ORG-001,ANALYST-08,2025-04-11T15:26:04,2025-04-11T18:52:16,138,false_positive
INV-00078,A-00102,ORG-001,ANALYST-06,2025-05-05T14:01:37,2025-05-05T15:55:49,437,escalated
INV-00079,A-00103,ORG-001,ANALYST-19,2025-06-10T06:15:11,2025-06-10T12:35:30,451,escalated
INV-00080,A-00104,ORG-001,ANALYST-08,2025-04-17T00:07:00,2025-04-17T05:00:45,450,resolved
INV-00081,A-00105,ORG-001,ANALYST-05,2025-03-22T18:39:08,2025-03-23T00:40:27,260,false_positive
INV-00082,A-00106,ORG-001,ANALYST-08,2025-01-26T10:03:50,2025-01-26T13:28:06,169,resolved
INV-00083,A-00107,ORG-001,ANALYST-11,2025-03-16T15:09:40,2025-03-16T23:03:56,841,escalated
INV-00084,A-00109,ORG-001,ANALYST-16,2025-01-10T22:40:46,2025-01-11T05:18:03,472,resolved
INV-00085,A-00110,ORG-001,ANALYST-19,2025-05-29T09:49:12,2025-05-29T10:47:08,193,resolved
INV-00086,A-00111,ORG-001,ANALYST-20,2025-05-29T13:23:03,2025-05-29T20:04:38,371,resolved
INV-00087,A-00112,ORG-001,ANALYST-02,2025-04-28T00:01:50,2025-04-28T00:56:34,320,escalated
INV-00088,A-00113,ORG-001,ANALYST-10,2025-03-05T18:23:11,2025-03-06T00:29:52,857,resolved
INV-00089,A-00114,ORG-001,ANALYST-14,2025-06-08T12:53:53,2025-06-08T14:23:44,398,resolved
INV-00090,A-00115,ORG-001,ANALYST-19,2025-04-27T00:57:02,2025-04-27T08:34:36,197,resolved
INV-00091,A-00116,ORG-001,ANALYST-02,2025-05-31T13:11:27,2025-05-31T15:53:43,836,false_positive
INV-00092,A-00117,ORG-001,ANALYST-02,2025-03-21T18:48:36,2025-03-22T02:00:27,391,resolved
INV-00093,A-00119,ORG-001,ANALYST-09,2025-05-05T23:04:45,2025-05-06T01:49:22,385,resolved
INV-00094,A-00121,ORG-001,ANALYST-13,2025-02-25T23:50:03,2025-02-26T03:47:24,533,open
INV-00095,A-00122,ORG-001,ANALYST-07,2025-03-09T09:44:19,2025-03-09T14:35:57,386,false_positive
INV-00096,A-00123,ORG-001,ANALYST-17,2025-05-24T21:11:58,2025-05-25T03:47:47,411,escalated
INV-00097,A-00125,ORG-001,ANALYST-19,2025-02-25T13:47:48,2025-02-25T15:06:39,218,resolved
INV-00098,A-00127,ORG-001,ANALYST-04,2025-06-20T08:40:14,2025-06-20T14:39:25,271,resolved
INV-00099,A-00128,ORG-001,ANALYST-04,2025-06-15T07:16:12,2025-06-15T15:07:55,269,resolved
INV-00100,A-00129,ORG-001,ANALYST-07,2025-05-24T03:38:19,2025-05-24T10:16:37,359,escalated
INV-00101,A-00130,ORG-001,ANALYST-11,2025-03-19T20:49:28,2025-03-20T01:40:13,434,resolved
INV-00102,A-00131,ORG-001,ANALYST-12,2025-04-24T03:49:14,2025-04-24T10:16:13,421,resolved
INV-00103,A-00132,ORG-001,ANALYST-20,2025-05-15T02:29:43,2025-05-15T06:20:26,213,resolved
INV-00104,A-00133,ORG-001,ANALYST-18,2025-03-22T20:17:25,2025-03-23T03:41:01,403,escalated
INV-00105,A-00134,ORG-001,ANALYST-02,2025-04-13T16:11:57,2025-04-13T17:43:13,380,false_positive
INV-00106,A-00135,ORG-001,ANALYST-16,2025-03-27T22:33:19,2025-03-28T04:21:47,343,false_positive
INV-00107,A-00136,ORG-001,ANALYST-01,2025-01-12T08:54:42,2025-01-12T12:13:00,302,resolved
INV-00108,A-00137,ORG-001,ANALYST-16,2025-03-08T22:03:42,2025-03-08T23:11:23,116,resolved
INV-00109,A-00139,ORG-001,ANALYST-06,2025-01-16T15:44:28,2025-01-16T17:19:15,187,resolved
INV-00110,A-00140,ORG-001,ANALYST-18,2025-02-28T01:07:00,2025-02-28T05:28:37,147,false_positive
INV-00111,A-00141,ORG-001,ANALYST-07,2025-01-07T06:22:52,2025-01-07T09:04:18,318,resolved
INV-00112,A-00143,ORG-001,ANALYST-17,2025-06-08T22:45:26,2025-06-09T05:15:59,406,resolved
INV-00113,A-00144,ORG-001,ANALYST-13,2025-05-02T13:43:10,2025-05-02T17:21:15,368,resolved
INV-00114,A-00145,ORG-001,ANALYST-05,2025-05-27T13:01:33,2025-05-27T16:15:47,724,false_positive
INV-00115,A-00146,ORG-001,ANALYST-15,2025-02-17T06:54:44,2025-02-17T08:07:54,289,resolved
INV-00116,A-00147,ORG-001,ANALYST-19,2025-05-11T20:02:11,2025-05-11T22:14:56,822,resolved
INV-00117,A-00149,ORG-001,ANALYST-12,2025-03-04T13:07:23,2025-03-04T18:28:49,495,resolved
INV-00118,A-00151,ORG-001,ANALYST-14,2025-01-04T06:24:52,2025-01-04T12:11:09,251,resolved
INV-00119,A-00152,ORG-001,ANALYST-09,2025-04-08T02:11:48,2025-04-08T05:46:09,680,open
INV-00120,A-00153,ORG-001,ANALYST-18,2025-02-02T23:13:27,2025-02-03T01:23:57,310,resolved
INV-00121,A-00154,ORG-001,ANALYST-01,2025-01-27T20:08:31,2025-01-27T22:00:59,473,resolved
INV-00122,A-00155,ORG-001,ANALYST-14,2025-05-09T03:04:34,2025-05-09T08:35:50,106,resolved
INV-00123,A-00157,ORG-001,ANALYST-12,2025-01-30T00:28:30,2025-01-30T03:16:21,523,escalated
INV-00124,A-00158,ORG-001,ANALYST-02,2025-05-13T22:59:21,2025-05-14T06:24:11,73,resolved
INV-00125,A-00159,ORG-001,ANALYST-11,2025-05-17T13:38:13,2025-05-17T20:00:25,277,false_positive
INV-00126,A-00161,ORG-001,ANALYST-05,2025-02-04T20:57:43,2025-02-05T02:48:18,485,false_positive
INV-00127,A-00162,ORG-001,ANALYST-18,2025-04-20T14:10:23,2025-04-20T20:50:08,134,resolved
INV-00128,A-00163,ORG-001,ANALYST-03,2025-04-08T08:01:10,2025-04-08T10:37:56,274,escalated
INV-00129,A-00164,ORG-001,ANALYST-08,2025-01-06T20:16:57,2025-01-07T01:14:53,282,resolved
INV-00130,A-00165,ORG-001,ANALYST-08,2025-03-15T20:46:41,2025-03-16T04:32:31,325,resolved
INV-00131,A-00166,ORG-001,ANALYST-05,2025-03-01T22:01:28,2025-03-01T23:27:17,269,resolved
INV-00132,A-00167,ORG-001,ANALYST-11,2025-03-10T20:14:54,2025-03-11T03:53:18,574,resolved
INV-00133,A-00168,ORG-001,ANALYST-05,2025-04-22T03:25:40,2025-04-22T05:28:14,237,resolved
INV-00134,A-00169,ORG-001,ANALYST-09,2025-03-23T18:59:44,2025-03-23T22:46:57,502,escalated
INV-00135,A-00170,ORG-001,ANALYST-11,2025-01-02T10:31:38,2025-01-02T14:29:06,630,resolved
INV-00136,A-00172,ORG-001,ANALYST-08,2025-02-26T17:02:03,2025-02-27T00:39:06,583,resolved
INV-00137,A-00173,ORG-001,ANALYST-01,2025-04-26T03:38:16,2025-04-26T09:08:41,722,false_positive
INV-00138,A-00174,ORG-001,ANALYST-14,2025-02-28T20:10:13,2025-03-01T03:10:49,293,resolved
INV-00139,A-00175,ORG-001,ANALYST-12,2025-04-09T11:37:36,2025-04-09T12:27:40,729,resolved
INV-00140,A-00176,ORG-001,ANALYST-13,2025-05-06T18:20:24,2025-05-07T01:00:23,485,resolved
INV-00141,A-00177,ORG-001,ANALYST-19,2025-02-13T05:18:22,2025-02-13T11:05:24,476,resolved
INV-00142,A-00178,ORG-001,ANALYST-03,2025-03-09T01:10:32,2025-03-09T05:27:42,159,false_positive
INV-00143,A-00179,ORG-001,ANALYST-04,2025-06-02T08:42:53,2025-06-02T13:32:55,628,escalated
INV-00144,A-00180,ORG-001,ANALYST-06,2025-06-15T00:42:50,2025-06-15T08:29:46,479,resolved
INV-00145,A-00181,ORG-001,ANALYST-14,2025-02-15T01:31:52,2025-02-15T03:43:39,585,resolved
INV-00146,A-00182,ORG-001,ANALYST-03,2025-02-10T02:52:20,2025-02-10T10:37:03,284,escalated
INV-00147,A-00183,ORG-001,ANALYST-20,2025-05-11T08:46:13,2025-05-11T12:07:22,647,escalated
INV-00148,A-00185,ORG-001,ANALYST-05,2025-02-16T09:41:42,2025-02-16T16:30:24,361,resolved
INV-00149,A-00186,ORG-001,ANALYST-18,2025-04-05T15:09:02,2025-04-05T17:13:38,185,resolved
INV-00150,A-00188,ORG-001,ANALYST-14,2025-04-09T06:47:40,2025-04-09T11:46:12,704,resolved
INV-00151,A-00189,ORG-001,ANALYST-16,2025-02-02T19:27:23,2025-02-03T02:59:17,742,resolved
INV-00152,A-00190,ORG-001,ANALYST-07,2025-06-09T19:49:12,2025-06-10T01:17:34,317,resolved
INV-00153,A-00191,ORG-001,ANALYST-15,2025-03-29T11:47:17,2025-03-29T13:04:47,160,escalated
INV-00154,A-00192,ORG-001,ANALYST-07,2025-05-03T21:43:30,2025-05-04T05:22:07,205,false_positive
INV-00155,A-00194,ORG-001,ANALYST-14,2025-06-24T22:36:28,2025-06-25T06:15:33,130,open
INV-00156,A-00195,ORG-001,ANALYST-13,2025-02-18T15:31:02,2025-02-18T18:16:13,751,resolved
INV-00157,A-00196,ORG-001,ANALYST-09,2025-06-04T09:36:39,2025-06-04T16:56:08,557,resolved
INV-00158,A-00197,ORG-001,ANALYST-03,2025-05-23T01:43:46,2025-05-23T05:29:24,253,resolved
INV-00159,A-00198,ORG-001,ANALYST-19,2025-03-04T19:27:26,2025-03-04T21:08:45,268,resolved
INV-00160,A-00199,ORG-001,ANALYST-04,2025-01-20T10:18:35,2025-01-20T10:57:28,180,resolved
INV-00161,A-00200,ORG-001,ANALYST-12,2025-06-21T08:31:12,2025-06-21T09:52:10,436,resolved
INV-00162,A-00201,ORG-001,ANALYST-04,2025-05-21T23:55:57,2025-05-22T06:50:15,251,resolved
INV-00163,A-00203,ORG-001,ANALYST-13,2025-01-21T02:28:56,2025-01-21T04:13:49,316,escalated
INV-00164,A-00204,ORG-001,ANALYST-05,2025-03-27T14:02:13,2025-03-27T21:20:52,671,escalated
INV-00165,A-00205,ORG-001,ANALYST-05,2025-05-22T20:12:36,2025-05-22T23:34:21,503,resolved
INV-00166,A-00206,ORG-001,ANALYST-02,2025-04-28T22:26:01,2025-04-29T01:37:25,250,false_positive
INV-00167,A-00207,ORG-001,ANALYST-12,2025-04-08T02:47:39,2025-04-08T03:24:14,504,resolved
INV-00168,A-00210,ORG-001,ANALYST-20,2025-03-24T08:36:44,2025-03-24T14:00:21,178,resolved
INV-00169,A-00211,ORG-001,ANALYST-03,2025-04-15T06:48:45,2025-04-15T14:15:34,258,escalated
INV-00170,A-00212,ORG-001,ANALYST-02,2025-01-17T20:44:01,2025-01-18T02:46:31,129,escalated
INV-00171,A-00213,ORG-001,ANALYST-17,2025-05-17T06:58:10,2025-05-17T12:13:47,515,resolved
INV-00172,A-00214,ORG-001,ANALYST-19,2025-06-06T17:51:08,2025-06-06T20:44:44,421,resolved
INV-00173,A-00215,ORG-001,ANALYST-19,2025-02-02T13:24:35,2025-02-02T14:50:46,298,resolved
INV-00174,A-00216,ORG-001,ANALYST-14,2025-03-16T09:08:28,2025-03-16T14:40:24,409,resolved
INV-00175,A-00217,ORG-001,ANALYST-08,2025-03-14T09:49:05,2025-03-14T11:57:01,708,open
INV-00176,A-00218,ORG-001,ANALYST-07,2025-03-05T13:32:08,2025-03-05T17:23:36,124,resolved
INV-00177,A-00223,ORG-001,ANALYST-19,2025-03-22T08:33:16,2025-03-22T09:49:38,347,resolved
INV-00178,A-00224,ORG-001,ANALYST-13,2025-05-09T16:34:00,2025-05-09T19:56:02,458,false_positive
INV-00179,A-00225,ORG-001,ANALYST-05,2025-02-09T11:32:12,2025-02-09T13:01:42,288,resolved
INV-00180,A-00226,ORG-001,ANALYST-06,2025-03-29T18:47:54,2025-03-29T20:07:16,451,resolved
INV-00181,A-00227,ORG-001,ANALYST-17,2025-01-29T21:01:28,2025-01-30T01:07:52,125,escalated
INV-00182,A-00228,ORG-001,ANALYST-04,2025-06-16T01:24:03,2025-06-16T04:10:30,168,resolved
INV-00183,A-00229,ORG-001,ANALYST-03,2025-01-26T11:02:15,2025-01-26T17:47:03,846,resolved
INV-00184,A-00230,ORG-001,ANALYST-11,2025-06-07T07:32:46,2025-06-07T15:24:31,375,resolved
INV-00185,A-00231,ORG-001,ANALYST-12,2025-04-07T10:13:29,2025-04-07T12:17:51,399,false_positive
INV-00186,A-00232,ORG-001,ANALYST-18,2025-04-30T21:45:32,2025-05-01T02:00:32,740,resolved
INV-00187,A-00234,ORG-001,ANALYST-17,2025-04-04T05:13:25,2025-04-04T10:52:20,579,resolved
INV-00188,A-00236,ORG-001,ANALYST-12,2025-05-29T12:31:31,2025-05-29T16:33:38,357,resolved
INV-00189,A-00238,ORG-001,ANALYST-02,2025-04-16T06:49:22,2025-04-16T08:08:39,219,escalated
INV-00190,A-00239,ORG-001,ANALYST-11,2025-06-06T15:16:55,2025-06-06T23:05:08,310,resolved
INV-00191,A-00241,ORG-001,ANALYST-14,2025-01-20T15:37:53,2025-01-20T17:33:54,252,escalated
INV-00192,A-00242,ORG-001,ANALYST-19,2025-05-15T17:24:29,2025-05-15T23:57:57,359,resolved
INV-00193,A-00243,ORG-001,ANALYST-02,2025-04-22T09:16:42,2025-04-22T14:56:37,436,escalated
INV-00194,A-00244,ORG-001,ANALYST-12,2025-04-07T08:54:37,2025-04-07T11:34:35,507,resolved
INV-00195,A-00245,ORG-001,ANALYST-03,2025-03-28T18:44:54,2025-03-29T01:33:27,279,resolved
INV-00196,A-00246,ORG-001,ANALYST-18,2025-02-02T09:04:59,2025-02-02T12:46:48,634,resolved
INV-00197,A-00247,ORG-001,ANALYST-01,2025-02-01T14:21:10,2025-02-01T17:32:13,263,resolved
INV-00198,A-00248,ORG-001,ANALYST-20,2025-05-23T03:53:16,2025-05-23T07:27:49,878,false_positive
INV-00199,A-00249,ORG-001,ANALYST-14,2025-01-31T13:15:31,2025-01-31T15:29:16,456,resolved
INV-00200,A-00250,ORG-001,ANALYST-18,2025-02-27T19:56:31,2025-02-28T01:38:46,351,resolved
INV-00201,A-00251,ORG-001,ANALYST-07,2025-05-02T09:44:34,2025-05-02T10:28:37,354,escalated
INV-00202,A-00252,ORG-001,ANALYST-18,2025-04-02T12:07:57,2025-04-02T13:27:43,646,resolved
INV-00203,A-00253,ORG-001,ANALYST-02,2025-04-01T08:42:57,2025-04-01T14:21:06,334,escalated
INV-00204,A-00254,ORG-001,ANALYST-17,2025-02-14T06:12:52,2025-02-14T14:09:49,314,open
INV-00205,A-00255,ORG-001,ANALYST-17,2025-04-03T14:57:38,2025-04-03T15:46:35,196,false_positive
INV-00206,A-00256,ORG-001,ANALYST-07,2025-01-24T09:28:52,2025-01-24T11:54:35,164,resolved
INV-00207,A-00257,ORG-001,ANALYST-03,2025-01-29T18:47:03,2025-01-30T01:54:08,269,resolved
INV-00208,A-00258,ORG-001,ANALYST-14,2025-06-02T20:08:10,2025-06-03T03:45:04,295,resolved
INV-00209,A-00259,ORG-001,ANALYST-16,2025-06-20T23:05:55,2025-06-21T03:05:06,835,escalated
INV-00210,A-00260,ORG-001,ANALYST-16,2025-03-18T20:55:07,2025-03-19T04:12:23,237,false_positive
INV-00211,A-00261,ORG-001,ANALYST-10,2025-06-16T16:52:04,2025-06-16T18:35:27,633,escalated
INV-00212,A-00263,ORG-001,ANALYST-10,2025-06-09T11:06:30,2025-06-09T12:12:20,698,resolved
INV-00213,A-00265,ORG-001,ANALYST-04,2025-02-23T07:17:34,2025-02-23T11:24:21,281,resolved
INV-00214,A-00266,ORG-001,ANALYST-03,2025-04-18T05:22:48,2025-04-18T08:14:03,122,resolved
INV-00215,A-00267,ORG-001,ANALYST-14,2025-05-06T18:24:00,2025-05-07T00:49:51,362,resolved
INV-00216,A-00268,ORG-001,ANALYST-01,2025-06-27T02:52:20,2025-06-27T10:39:42,214,resolved
INV-00217,A-00270,ORG-001,ANALYST-01,2025-04-12T05:10:30,2025-04-12T06:36:22,703,open
INV-00218,A-00271,ORG-001,ANALYST-11,2025-02-24T23:43:43,2025-02-25T00:48:34,241,escalated
INV-00219,A-00272,ORG-001,ANALYST-02,2025-02-28T04:07:04,2025-02-28T06:48:18,593,escalated
INV-00220,A-00273,ORG-001,ANALYST-19,2025-06-26T06:02:01,2025-06-26T06:51:18,462,open
INV-00221,A-00274,ORG-001,ANALYST-12,2025-05-14T08:48:21,2025-05-14T15:25:16,699,resolved
INV-00222,A-00276,ORG-001,ANALYST-09,2025-02-13T10:27:28,2025-02-13T14:20:27,399,resolved
INV-00223,A-00278,ORG-001,ANALYST-11,2025-01-11T12:44:19,2025-01-11T15:03:42,599,open
INV-00224,A-00279,ORG-001,ANALYST-11,2025-06-01T09:10:02,2025-06-01T11:16:36,899,resolved
INV-00225,A-00280,ORG-001,ANALYST-14,2025-06-02T13:29:17,2025-06-02T19:45:15,306,resolved
INV-00226,A-00282,ORG-001,ANALYST-12,2025-01-01T20:24:53,2025-01-02T03:13:38,259,resolved
INV-00227,A-00283,ORG-001,ANALYST-17,2025-06-10T00:52:49,2025-06-10T05:31:48,405,resolved
INV-00228,A-00284,ORG-001,ANALYST-13,2025-06-25T01:46:37,2025-06-25T03:46:39,109,resolved
INV-00229,A-00285,ORG-001,ANALYST-02,2025-04-25T14:00:10,2025-04-25T20:58:31,634,false_positive
INV-00230,A-00286,ORG-001,ANALYST-04,2025-01-22T00:13:52,2025-01-22T07:00:33,676,resolved
INV-00231,A-00287,ORG-001,ANALYST-17,2025-01-02T19:59:18,2025-01-03T02:31:06,456,escalated
INV-00232,A-00288,ORG-001,ANALYST-07,2025-01-23T21:19:59,2025-01-24T02:21:48,205,resolved
INV-00233,A-00289,ORG-001,ANALYST-16,2025-05-17T14:35:55,2025-05-17T20:05:16,206,escalated
INV-00234,A-00290,ORG-001,ANALYST-05,2025-01-18T09:59:40,2025-01-18T14:59:30,272,escalated
INV-00235,A-00291,ORG-001,ANALYST-10,2025-04-01T04:39:03,2025-04-01T05:30:35,548,false_positive
INV-00236,A-00292,ORG-001,ANALYST-12,2025-01-02T22:01:07,2025-01-03T01:30:36,698,open
INV-00237,A-00293,ORG-001,ANALYST-13,2025-01-23T04:44:23,2025-01-23T07:42:50,669,escalated
INV-00238,A-00294,ORG-001,ANALYST-19,2025-06-14T01:48:37,2025-06-14T06:42:13,698,resolved
INV-00239,A-00295,ORG-001,ANALYST-02,2025-04-04T21:21:09,2025-04-05T01:51:49,314,resolved
INV-00240,A-00296,ORG-001,ANALYST-17,2025-05-21T16:14:39,2025-05-21T19:49:24,367,escalated
INV-00241,A-00297,ORG-001,ANALYST-05,2025-04-04T17:02:26,2025-04-04T21:02:37,235,resolved
INV-00242,A-00298,ORG-001,ANALYST-09,2025-01-15T14:09:36,2025-01-15T17:40:18,231,resolved
INV-00243,A-00299,ORG-001,ANALYST-11,2025-03-28T08:30:18,2025-03-28T13:04:27,160,open
INV-00244,A-00300,ORG-001,ANALYST-20,2025-01-08T02:54:51,2025-01-08T04:14:29,883,escalated
INV-00245,A-00302,ORG-001,ANALYST-15,2025-04-27T13:47:42,2025-04-27T20:48:41,296,resolved
INV-00246,A-00303,ORG-001,ANALYST-06,2025-04-17T09:04:24,2025-04-17T09:59:24,176,resolved
INV-00247,A-00304,ORG-001,ANALYST-15,2025-04-29T16:43:49,2025-04-29T19:11:33,500,resolved
INV-00248,A-00305,ORG-001,ANALYST-19,2025-06-12T17:05:32,2025-06-12T21:45:19,358,resolved
INV-00249,A-00306,ORG-001,ANALYST-06,2025-03-26T03:31:21,2025-03-26T11:07:55,454,resolved
INV-00250,A-00307,ORG-001,ANALYST-14,2025-04-27T17:12:29,2025-04-27T21:12:33,873,false_positive
INV-00251,A-00308,ORG-001,ANALYST-17,2025-06-06T09:32:01,2025-06-06T16:24:19,126,false_positive
INV-00252,A-00309,ORG-001,ANALYST-10,2025-05-03T23:03:32,2025-05-04T06:03:40,533,false_positive
INV-00253,A-00310,ORG-001,ANALYST-14,2025-05-28T20:17:14,2025-05-29T01:58:52,445,escalated
INV-00254,A-00311,ORG-001,ANALYST-05,2025-06-06T23:15:17,2025-06-07T03:13:17,234,escalated
INV-00255,A-00312,ORG-001,ANALYST-12,2025-06-02T09:59:59,2025-06-02T10:47:37,713,resolved
INV-00256,A-00313,ORG-001,ANALYST-10,2025-04-20T03:26:47,2025-04-20T11:11:57,227,escalated
INV-00257,A-00314,ORG-001,ANALYST-07,2025-03-02T20:37:27,2025-03-02T23:24:42,633,false_positive
INV-00258,A-00315,ORG-001,ANALYST-10,2025-04-17T06:52:36,2025-04-17T09:08:16,329,resolved
INV-00259,A-00316,ORG-001,ANALYST-09,2025-01-24T05:39:56,2025-01-24T11:13:54,383,resolved
INV-00260,A-00317,ORG-001,ANALYST-20,2025-01-30T23:59:49,2025-01-31T06:11:21,438,resolved
INV-00261,A-00319,ORG-001,ANALYST-07,2025-04-16T12:41:37,2025-04-16T15:12:25,439,resolved
INV-00262,A-00321,ORG-001,ANALYST-08,2025-03-28T15:55:09,2025-03-28T22:04:22,290,escalated
INV-00263,A-00322,ORG-001,ANALYST-12,2025-04-16T00:12:26,2025-04-16T08:11:24,181,false_positive
INV-00264,A-00323,ORG-001,ANALYST-18,2025-03-04T05:22:08,2025-03-04T07:23:33,796,resolved
INV-00265,A-00324,ORG-001,ANALYST-05,2025-06-20T15:14:27,2025-06-20T22:32:21,274,resolved
INV-00266,A-00325,ORG-001,ANALYST-13,2025-01-14T17:37:39,2025-01-14T21:50:16,711,escalated
INV-00267,A-00326,ORG-001,ANALYST-02,2025-05-21T00:20:09,2025-05-21T06:09:58,324,resolved
INV-00268,A-00327,ORG-001,ANALYST-01,2025-02-24T19:52:27,2025-02-25T02:23:17,342,resolved
INV-00269,A-00328,ORG-001,ANALYST-12,2025-02-27T09:56:53,2025-02-27T17:41:04,105,resolved
INV-00270,A-00329,ORG-001,ANALYST-07,2025-04-26T21:10:01,2025-04-27T00:26:25,602,resolved
INV-00271,A-00330,ORG-001,ANALYST-19,2025-04-30T19:53:02,2025-05-01T02:29:28,305,false_positive
INV-00272,A-00331,ORG-001,ANALYST-19,2025-02-26T11:09:10,2025-02-26T13:26:58,678,open
INV-00273,A-00332,ORG-001,ANALYST-20,2025-01-14T15:33:01,2025-01-14T19:02:20,493,escalated
INV-00274,A-00333,ORG-001,ANALYST-09,2025-06-02T16:31:28,2025-06-02T20:59:38,618,resolved
INV-00275,A-00334,ORG-001,ANALYST-03,2025-04-05T16:33:20,2025-04-05T22:34:37,467,false_positive
INV-00276,A-00336,ORG-001,ANALYST-09,2025-05-30T09:03:58,2025-05-30T14:35:12,378,false_positive
INV-00277,A-00338,ORG-001,ANALYST-01,2025-04-08T09:13:32,2025-04-08T14:17:47,219,resolved
INV-00278,A-00339,ORG-001,ANALYST-19,2025-05-28T01:43:37,2025-05-28T03:51:27,292,resolved
INV-00279,A-00340,ORG-001,ANALYST-03,2025-03-11T18:29:39,2025-03-11T21:06:12,520,resolved
INV-00280,A-00341,ORG-001,ANALYST-04,2025-06-21T07:26:53,2025-06-21T10:53:52,713,escalated
INV-00281,A-00342,ORG-001,ANALYST-03,2025-03-15T06:12:06,2025-03-15T12:38:54,364,resolved
INV-00282,A-00343,ORG-001,ANALYST-20,2025-06-08T20:22:23,2025-06-09T01:15:40,186,resolved
INV-00283,A-00344,ORG-001,ANALYST-08,2025-01-31T17:13:22,2025-01-31T18:47:59,604,false_positive
INV-00284,A-00345,ORG-001,ANALYST-02,2025-02-01T07:43:50,2025-02-01T10:26:54,310,resolved
INV-00285,A-00346,ORG-001,ANALYST-19,2025-06-29T04:55:32,2025-06-29T10:52:51,269,false_positive
INV-00286,A-00348,ORG-001,ANALYST-06,2025-06-09T10:04:49,2025-06-09T12:59:16,470,escalated
INV-00287,A-00349,ORG-001,ANALYST-17,2025-03-15T10:50:04,2025-03-15T13:10:34,358,escalated
INV-00288,A-00350,ORG-001,ANALYST-17,2025-06-25T05:31:57,2025-06-25T10:52:10,485,resolved
INV-00289,A-00351,ORG-001,ANALYST-14,2025-06-10T20:13:26,2025-06-11T02:54:01,784,resolved
INV-00290,A-00352,ORG-001,ANALYST-19,2025-06-03T10:26:34,2025-06-03T18:15:59,280,resolved
INV-00291,A-00353,ORG-001,ANALYST-01,2025-04-27T05:16:15,2025-04-27T05:49:14,197,resolved
INV-00292,A-00354,ORG-001,ANALYST-14,2025-06-06T04:54:05,2025-06-06T06:48:36,439,resolved
INV-00293,A-00355,ORG-001,ANALYST-16,2025-05-27T18:09:27,2025-05-27T23:43:57,191,resolved
INV-00294,A-00356,ORG-001,ANALYST-04,2025-03-09T00:19:55,2025-03-09T02:05:19,415,resolved
INV-00295,A-00357,ORG-001,ANALYST-02,2025-06-05T15:31:51,2025-06-05T22:27:51,182,resolved
INV-00296,A-00358,ORG-001,ANALYST-08,2025-04-02T14:35:35,2025-04-02T17:29:15,289,resolved
INV-00297,A-00359,ORG-001,ANALYST-06,2025-05-08T12:53:01,2025-05-08T13:54:23,213,resolved
INV-00298,A-00361,ORG-001,ANALYST-06,2025-05-12T00:19:43,2025-05-12T00:49:52,144,open
INV-00299,A-00362,ORG-001,ANALYST-03,2025-04-24T22:51:06,2025-04-25T05:45:22,272,resolved
INV-00300,A-00364,ORG-001,ANALYST-17,2025-02-04T02:25:48,2025-02-04T03:35:19,481,resolved
INV-00301,A-00366,ORG-001,ANALYST-16,2025-05-31T17:23:22,2025-05-31T18:08:18,159,resolved
INV-00302,A-00368,ORG-001,ANALYST-13,2025-05-17T03:31:30,2025-05-17T04:52:17,530,resolved
INV-00303,A-00369,ORG-001,ANALYST-07,2025-02-05T12:52:09,2025-02-05T17:54:40,420,escalated
INV-00304,A-00371,ORG-001,ANALYST-16,2025-04-30T07:16:18,2025-04-30T08:09:22,290,escalated
INV-00305,A-00373,ORG-001,ANALYST-18,2025-01-25T23:45:43,2025-01-26T04:36:56,213,resolved
INV-00306,A-00374,ORG-001,ANALYST-07,2025-04-11T15:12:56,2025-04-11T15:49:23,638,resolved
INV-00307,A-00375,ORG-001,ANALYST-12,2025-02-16T04:06:18,2025-02-16T07:43:40,368,resolved
INV-00308,A-00376,ORG-001,ANALYST-09,2025-01-26T15:01:29,2025-01-26T16:26:01,421,resolved
INV-00309,A-00377,ORG-001,ANALYST-18,2025-03-23T23:27:55,2025-03-24T04:40:16,503,escalated
INV-00310,A-00378,ORG-001,ANALYST-16,2025-05-15T06:02:05,2025-05-15T08:50:57,422,resolved
INV-00311,A-00379,ORG-001,ANALYST-04,2025-04-19T06:21:19,2025-04-19T10:36:11,539,false_positive
INV-00312,A-00380,ORG-001,ANALYST-16,2025-06-01T15:44:03,2025-06-01T20:52:49,496,escalated
INV-00313,A-00383,ORG-001,ANALYST-12,2025-04-28T15:29:23,2025-04-28T23:05:53,482,resolved
INV-00314,A-00384,ORG-001,ANALYST-03,2025-01-25T08:02:23,2025-01-25T15:18:38,395,resolved
INV-00315,A-00385,ORG-001,ANALYST-03,2025-05-29T16:07:15,2025-05-29T18:02:03,649,resolved
INV-00316,A-00386,ORG-001,ANALYST-11,2025-06-12T22:57:44,2025-06-13T02:42:36,343,resolved
INV-00317,A-00387,ORG-001,ANALYST-19,2025-01-27T08:34:01,2025-01-27T13:13:21,161,resolved
INV-00318,A-00388,ORG-001,ANALYST-12,2025-04-15T21:12:47,2025-04-16T00:30:55,602,resolved
INV-00319,A-00390,ORG-001,ANALYST-07,2025-04-27T00:54:01,2025-04-27T04:48:04,671,false_positive
INV-00320,A-00391,ORG-001,ANALYST-17,2025-02-12T23:02:51,2025-02-13T01:43:40,491,escalated
INV-00321,A-00393,ORG-001,ANALYST-09,2025-02-26T08:35:22,2025-02-26T13:12:38,229,escalated
INV-00322,A-00394,ORG-001,ANALYST-15,2025-02-06T03:16:03,2025-02-06T10:16:38,258,resolved
INV-00323,A-00395,ORG-001,ANALYST-03,2025-03-14T03:08:48,2025-03-14T06:39:09,329,resolved
INV-00324,A-00396,ORG-001,ANALYST-08,2025-06-08T17:23:09,2025-06-09T00:52:39,644,escalated
INV-00325,A-00397,ORG-001,ANALYST-11,2025-04-12T07:57:07,2025-04-12T11:17:34,412,escalated
INV-00326,A-00399,ORG-001,ANALYST-13,2025-01-04T01:02:53,2025-01-04T02:38:13,428,resolved
INV-00327,A-00400,ORG-001,ANALYST-02,2025-01-31T17:54:36,2025-01-31T21:29:25,241,resolved
INV-00328,A-00401,ORG-001,ANALYST-07,2025-05-28T00:37:44,2025-05-28T07:48:09,201,escalated
INV-00329,A-00402,ORG-001,ANALYST-06,2025-02-27T06:29:59,2025-02-27T12:09:28,736,resolved
INV-00330,A-00403,ORG-001,ANALYST-09,2025-02-01T05:27:58,2025-02-01T08:39:26,188,resolved
INV-00331,A-00404,ORG-001,ANALYST-20,2025-06-21T12:35:12,2025-06-21T20:09:00,222,resolved
INV-00332,A-00405,ORG-001,ANALYST-10,2025-05-13T16:55:24,2025-05-13T23:00:12,265,resolved
INV-00333,A-00406,ORG-001,ANALYST-04,2025-01-09T12:19:32,2025-01-09T14:39:53,747,resolved
INV-00334,A-00407,ORG-001,ANALYST-01,2025-01-10T16:11:21,2025-01-10T17:20:03,206,escalated
INV-00335,A-00408,ORG-001,ANALYST-12,2025-01-12T20:56:34,2025-01-13T04:55:30,253,escalated
INV-00336,A-00409,ORG-001,ANALYST-04,2025-06-12T01:59:53,2025-06-12T07:13:35,283,escalated
INV-00337,A-00410,ORG-001,ANALYST-04,2025-02-04T19:46:50,2025-02-05T03:04:18,492,escalated
INV-00338,A-00411,ORG-001,ANALYST-13,2025-06-21T11:14:44,2025-06-21T16:45:05,696,resolved
INV-00339,A-00412,ORG-001,ANALYST-20,2025-03-22T05:07:44,2025-03-22T08:34:22,223,resolved
INV-00340,A-00415,ORG-001,ANALYST-09,2025-06-16T07:51:12,2025-06-16T14:37:52,746,resolved
INV-00341,A-00416,ORG-001,ANALYST-08,2025-01-31T10:19:40,2025-01-31T13:06:07,512,false_positive
INV-00342,A-00417,ORG-001,ANALYST-19,2025-06-04T03:07:32,2025-06-04T09:54:08,148,resolved
INV-00343,A-00420,ORG-001,ANALYST-02,2025-06-01T00:35:13,2025-06-01T05:51:35,131,resolved
INV-00344,A-00422,ORG-001,ANALYST-11,2025-03-25T21:48:23,2025-03-25T23:30:34,142,resolved
INV-00345,A-00423,ORG-001,ANALYST-05,2025-03-19T12:36:47,2025-03-19T14:17:59,346,resolved
INV-00346,A-00424,ORG-001,ANALYST-14,2025-04-30T15:14:44,2025-04-30T18:10:08,265,escalated
INV-00347,A-00425,ORG-001,ANALYST-01,2025-03-13T00:00:18,2025-03-13T05:54:38,562,resolved
INV-00348,A-00427,ORG-001,ANALYST-10,2025-01-22T22:40:58,2025-01-23T00:31:37,194,resolved
INV-00349,A-00428,ORG-001,ANALYST-09,2025-05-24T19:21:49,2025-05-25T00:37:35,741,resolved
INV-00350,A-00429,ORG-001,ANALYST-10,2025-06-25T23:23:43,2025-06-26T00:26:32,202,escalated
INV-00351,A-00430,ORG-001,ANALYST-12,2025-01-14T01:33:07,2025-01-14T08:03:37,360,resolved
INV-00352,A-00433,ORG-001,ANALYST-10,2025-01-04T15:24:16,2025-01-04T21:35:43,421,open
INV-00353,A-00435,ORG-001,ANALYST-08,2025-01-18T04:24:23,2025-01-18T10:28:51,156,resolved
INV-00354,A-00436,ORG-001,ANALYST-18,2025-04-16T07:47:22,2025-04-16T13:34:41,225,false_positive
INV-00355,A-00437,ORG-001,ANALYST-19,2025-06-26T18:32:26,2025-06-26T20:21:42,341,resolved
INV-00356,A-00438,ORG-001,ANALYST-10,2025-05-22T06:29:13,2025-05-22T10:43:48,703,escalated
INV-00357,A-00439,ORG-001,ANALYST-20,2025-01-21T21:13:38,2025-01-22T03:17:51,236,escalated
INV-00358,A-00440,ORG-001,ANALYST-05,2025-01-06T05:16:41,2025-01-06T10:06:58,357,false_positive
INV-00359,A-00441,ORG-001,ANALYST-02,2025-04-06T11:20:54,2025-04-06T13:54:28,309,escalated
INV-00360,A-00442,ORG-001,ANALYST-16,2025-02-09T11:26:19,2025-02-09T17:33:18,226,resolved
INV-00361,A-00443,ORG-001,ANALYST-13,2025-04-29T04:36:11,2025-04-29T07:57:04,729,resolved
INV-00362,A-00445,ORG-001,ANALYST-07,2025-04-19T10:06:41,2025-04-19T11:03:36,478,resolved
INV-00363,A-00447,ORG-001,ANALYST-19,2025-01-18T14:28:09,2025-01-18T22:03:26,739,resolved
INV-00364,A-00448,ORG-001,ANALYST-06,2025-06-21T10:36:54,2025-06-21T17:24:40,376,resolved
INV-00365,A-00449,ORG-001,ANALYST-18,2025-05-22T04:22:18,2025-05-22T08:19:06,639,resolved
INV-00366,A-00450,ORG-001,ANALYST-15,2025-02-04T19:09:17,2025-02-05T02:18:02,123,escalated
INV-00367,A-00451,ORG-001,ANALYST-18,2025-05-29T17:26:03,2025-05-29T22:28:22,256,resolved
INV-00368,A-00452,ORG-001,ANALYST-20,2025-04-03T09:30:22,2025-04-03T15:28:42,186,resolved
INV-00369,A-00453,ORG-001,ANALYST-02,2025-01-10T15:07:04,2025-01-10T18:47:40,174,false_positive
INV-00370,A-00454,ORG-001,ANALYST-06,2025-06-28T19:22:03,2025-06-28T21:29:23,222,resolved
INV-00371,A-00455,ORG-001,ANALYST-03,2025-02-04T12:38:22,2025-02-04T13:27:56,493,resolved
INV-00372,A-00456,ORG-001,ANALYST-04,2025-06-13T20:25:00,2025-06-13T22:08:28,461,resolved
INV-00373,A-00457,ORG-001,ANALYST-20,2025-05-22T17:20:48,2025-05-22T22:14:56,461,resolved
INV-00374,A-00460,ORG-001,ANALYST-07,2025-01-05T16:29:23,2025-01-05T23:42:08,254,escalated
INV-00375,A-00461,ORG-001,ANALYST-10,2025-06-06T15:31:01,2025-06-06T17:50:53,510,escalated
INV-00376,A-00462,ORG-001,ANALYST-20,2025-05-14T07:41:23,2025-05-14T13:22:05,209,false_positive
INV-00377,A-00463,ORG-001,ANALYST-11,2025-01-27T10:55:18,2025-01-27T16:18:33,653,escalated
INV-00378,A-00464,ORG-001,ANALYST-19,2025-05-21T18:49:46,2025-05-21T21:13:30,225,resolved
INV-00379,A-00465,ORG-001,ANALYST-18,2025-02-24T12:54:45,2025-02-24T19:06:54,184,resolved
INV-00380,A-00466,ORG-001,ANALYST-03,2025-05-18T00:10:51,2025-05-18T04:26:52,354,false_positive
INV-00381,A-00467,ORG-001,ANALYST-02,2025-04-13T01:00:54,2025-04-13T08:39:35,249,resolved
INV-00382,A-00468,ORG-001,ANALYST-17,2025-01-31T00:25:17,2025-01-31T07:35:17,567,escalated
INV-00383,A-00469,ORG-001,ANALYST-01,2025-03-31T07:21:21,2025-03-31T08:54:36,568,false_positive
INV-00384,A-00470,ORG-001,ANALYST-01,2025-01-21T04:03:13,2025-01-21T07:23:52,841,escalated
INV-00385,A-00471,ORG-001,ANALYST-06,2025-03-04T00:45:11,2025-03-04T02:36:43,530,resolved
INV-00386,A-00472,ORG-001,ANALYST-10,2025-04-17T19:36:06,2025-04-18T03:25:11,837,resolved
INV-00387,A-00473,ORG-001,ANALYST-13,2025-01-10T19:42:01,2025-01-11T00:04:55,433,escalated
INV-00388,A-00474,ORG-001,ANALYST-18,2025-03-11T02:23:51,2025-03-11T09:23:11,140,open
INV-00389,A-00478,ORG-001,ANALYST-06,2025-01-13T18:58:08,2025-01-13T23:40:01,469,escalated
INV-00390,A-00479,ORG-001,ANALYST-18,2025-03-05T10:26:09,2025-03-05T13:41:08,652,resolved
INV-00391,A-00480,ORG-001,ANALYST-14,2025-01-13T23:11:12,2025-01-14T05:03:56,322,resolved
INV-00392,A-00481,ORG-001,ANALYST-16,2025-05-11T03:59:34,2025-05-11T09:43:09,158,resolved
INV-00393,A-00483,ORG-001,ANALYST-07,2025-03-05T14:16:45,2025-03-05T15:36:11,171,false_positive
INV-00394,A-00484,ORG-001,ANALYST-20,2025-05-09T09:25:24,2025-05-09T13:28:22,395,resolved
INV-00395,A-00485,ORG-001,ANALYST-19,2025-03-01T05:02:23,2025-03-01T06:21:08,188,escalated
INV-00396,A-00488,ORG-001,ANALYST-07,2025-05-19T07:15:10,2025-05-19T12:42:52,439,resolved
INV-00397,A-00492,ORG-001,ANALYST-14,2025-06-09T07:00:13,2025-06-09T09:11:41,187,resolved
INV-00398,A-00494,ORG-001,ANALYST-09,2025-01-16T15:41:00,2025-01-16T23:00:55,726,resolved
INV-00399,A-00495,ORG-001,ANALYST-19,2025-05-10T23:04:05,2025-05-11T06:49:57,499,escalated
INV-00400,A-00496,ORG-001,ANALYST-12,2025-06-26T00:11:52,2025-06-26T04:31:47,551,resolved
INV-00401,A-00497,ORG-001,ANALYST-20,2025-04-23T09:29:10,2025-04-23T12:38:30,207,resolved
INV-00402,A-00498,ORG-001,ANALYST-04,2025-02-24T13:39:18,2025-02-24T20:54:13,358,false_positive
INV-00403,A-00499,ORG-001,ANALYST-17,2025-06-01T23:49:58,2025-06-02T07:36:31,213,resolved
INV-00404,A-00500,ORG-001,ANALYST-06,2025-05-30T16:20:37,2025-05-30T23:27:06,465,resolved
INV-00405,A-00501,ORG-001,ANALYST-18,2025-02-02T14:36:45,2025-02-02T19:26:51,219,resolved
INV-00406,A-00502,ORG-001,ANALYST-13,2025-06-19T03:35:00,2025-06-19T08:10:06,503,open
INV-00407,A-00504,ORG-001,ANALYST-08,2025-05-08T05:08:45,2025-05-08T11:47:32,379,resolved
INV-00408,A-00505,ORG-001,ANALYST-17,2025-01-02T17:32:23,2025-01-02T18:55:44,286,escalated
INV-00409,A-00506,ORG-001,ANALYST-07,2025-05-01T09:28:15,2025-05-01T15:56:50,304,escalated
INV-00410,A-00508,ORG-001,ANALYST-11,2025-03-30T04:31:04,2025-03-30T11:05:39,443,resolved
INV-00411,A-00509,ORG-001,ANALYST-13,2025-02-04T14:17:28,2025-02-04T20:20:46,95,escalated
INV-00412,A-00511,ORG-001,ANALYST-05,2025-04-21T22:54:38,2025-04-22T03:56:26,250,false_positive
INV-00413,A-00512,ORG-001,ANALYST-16,2025-01-01T20:56:09,2025-01-02T01:54:07,323,resolved
INV-00414,A-00513,ORG-001,ANALYST-16,2025-02-13T23:49:33,2025-02-14T07:46:16,162,resolved
INV-00415,A-00514,ORG-001,ANALYST-12,2025-03-19T22:06:42,2025-03-19T23:26:12,727,false_positive
INV-00416,A-00515,ORG-001,ANALYST-07,2025-02-09T12:31:30,2025-02-09T19:02:20,253,escalated
INV-00417,A-00516,ORG-001,ANALYST-02,2025-01-17T12:31:00,2025-01-17T14:17:25,198,resolved
INV-00418,A-00517,ORG-001,ANALYST-15,2025-06-04T00:52:22,2025-06-04T06:13:58,196,resolved
INV-00419,A-00518,ORG-001,ANALYST-03,2025-06-19T02:13:45,2025-06-19T04:50:59,118,escalated
INV-00420,A-00519,ORG-001,ANALYST-02,2025-02-17T03:55:59,2025-02-17T10:11:30,564,false_positive
INV-00421,A-00520,ORG-001,ANALYST-13,2025-02-12T22:02:55,2025-02-13T01:37:09,582,resolved
INV-00422,A-00521,ORG-001,ANALYST-04,2025-05-29T11:15:12,2025-05-29T12:19:43,460,resolved
INV-00423,A-00522,ORG-001,ANALYST-20,2025-06-29T18:34:55,2025-06-30T02:16:56,292,escalated
INV-00424,A-00523,ORG-001,ANALYST-14,2025-06-29T22:58:46,2025-06-30T02:03:43,737,escalated
INV-00425,A-00524,ORG-001,ANALYST-20,2025-05-15T10:51:46,2025-05-15T15:54:46,270,escalated
INV-00426,A-00526,ORG-001,ANALYST-07,2025-04-01T04:49:40,2025-04-01T05:48:38,78,escalated
INV-00427,A-00527,ORG-001,ANALYST-12,2025-02-04T06:05:28,2025-02-04T07:04:58,122,resolved
INV-00428,A-00528,ORG-001,ANALYST-06,2025-01-09T12:29:10,2025-01-09T14:35:13,114,resolved
INV-00429,A-00529,ORG-001,ANALYST-08,2025-03-05T10:23:16,2025-03-05T13:51:08,498,resolved
INV-00430,A-00530,ORG-001,ANALYST-02,2025-03-15T00:56:13,2025-03-15T05:50:46,323,resolved
INV-00431,A-00531,ORG-001,ANALYST-09,2025-01-27T14:44:04,2025-01-27T18:29:54,387,resolved
INV-00432,A-00532,ORG-001,ANALYST-20,2025-02-12T20:21:05,2025-02-13T04:05:01,354,resolved
INV-00433,A-00534,ORG-001,ANALYST-05,2025-02-18T04:09:24,2025-02-18T10:02:35,393,false_positive
INV-00434,A-00535,ORG-001,ANALYST-04,2025-01-07T15:01:51,2025-01-07T22:54:03,713,resolved
INV-00435,A-00536,ORG-001,ANALYST-16,2025-02-27T11:03:45,2025-02-27T11:42:26,221,resolved
INV-00436,A-00537,ORG-001,ANALYST-13,2025-01-05T18:34:21,2025-01-06T01:28:21,97,escalated
INV-00437,A-00538,ORG-001,ANALYST-17,2025-06-17T04:59:02,2025-06-17T08:30:50,213,resolved
INV-00438,A-00539,ORG-001,ANALYST-02,2025-06-03T00:36:16,2025-06-03T07:48:05,363,false_positive
INV-00439,A-00540,ORG-001,ANALYST-06,2025-03-13T01:36:25,2025-03-13T05:26:32,215,resolved
INV-00440,A-00541,ORG-001,ANALYST-19,2025-02-16T10:27:11,2025-02-16T17:39:53,459,resolved
INV-00441,A-00542,ORG-001,ANALYST-12,2025-04-08T19:12:07,2025-04-08T20:16:43,533,resolved
INV-00442,A-00544,ORG-001,ANALYST-10,2025-02-06T15:44:08,2025-02-06T17:51:47,139,resolved
INV-00443,A-00545,ORG-001,ANALYST-10,2025-06-20T00:47:05,2025-06-20T01:29:28,313,open
INV-00444,A-00546,ORG-001,ANALYST-01,2025-03-28T05:33:52,2025-03-28T06:38:14,487,false_positive
INV-00445,A-00547,ORG-001,ANALYST-17,2025-06-02T22:03:51,2025-06-03T04:54:25,380,resolved
INV-00446,A-00548,ORG-001,ANALYST-02,2025-02-03T10:12:43,2025-02-03T13:20:04,401,resolved
INV-00447,A-00549,ORG-001,ANALYST-11,2025-02-04T01:55:56,2025-02-04T02:48:24,394,resolved
INV-00448,A-00551,ORG-001,ANALYST-05,2025-03-20T15:38:53,2025-03-20T19:03:45,102,open
INV-00449,A-00554,ORG-001,ANALYST-10,2025-06-24T21:47:27,2025-06-24T23:21:16,205,resolved
INV-00450,A-00555,ORG-001,ANALYST-09,2025-05-05T13:54:39,2025-05-05T21:31:20,450,resolved
INV-00451,A-00556,ORG-001,ANALYST-17,2025-03-18T17:03:32,2025-03-18T23:03:59,128,false_positive
INV-00452,A-00557,ORG-001,ANALYST-12,2025-03-13T20:03:44,2025-03-13T23:42:06,565,open
INV-00453,A-00558,ORG-001,ANALYST-14,2025-06-06T05:16:45,2025-06-06T12:24:20,236,false_positive
INV-00454,A-00560,ORG-001,ANALYST-06,2025-01-18T05:36:33,2025-01-18T09:52:55,749,resolved
INV-00455,A-00561,ORG-001,ANALYST-19,2025-02-26T08:54:26,2025-02-26T12:09:21,561,resolved
INV-00456,A-00562,ORG-001,ANALYST-10,2025-06-12T02:59:48,2025-06-12T09:33:28,677,resolved
INV-00457,A-00563,ORG-001,ANALYST-16,2025-04-06T19:35:37,2025-04-07T01:22:57,829,resolved
INV-00458,A-00565,ORG-001,ANALYST-06,2025-03-04T02:36:18,2025-03-04T06:21:28,304,resolved
INV-00459,A-00567,ORG-001,ANALYST-10,2025-05-27T05:06:31,2025-05-27T11:50:36,527,escalated
INV-00460,A-00568,ORG-001,ANALYST-14,2025-01-27T17:56:29,2025-01-27T22:51:18,528,false_positive
INV-00461,A-00571,ORG-001,ANALYST-17,2025-03-02T14:12:55,2025-03-02T20:09:18,245,open
INV-00462,A-00572,ORG-001,ANALYST-08,2025-02-13T05:04:37,2025-02-13T11:50:22,564,resolved
INV-00463,A-00573,ORG-001,ANALYST-04,2025-05-31T10:41:16,2025-05-31T12:58:30,116,escalated
INV-00464,A-00574,ORG-001,ANALYST-04,2025-01-09T09:55:11,2025-01-09T17:17:16,376,false_positive
INV-00465,A-00575,ORG-001,ANALYST-20,2025-04-23T16:16:55,2025-04-23T23:53:20,497,resolved
INV-00466,A-00577,ORG-001,ANALYST-06,2025-05-16T16:46:01,2025-05-16T18:14:37,263,resolved
INV-00467,A-00579,ORG-001,ANALYST-15,2025-01-17T01:13:15,2025-01-17T04:18:08,407,escalated
INV-00468,A-00581,ORG-001,ANALYST-04,2025-05-13T00:12:54,2025-05-13T05:11:24,151,resolved
INV-00469,A-00583,ORG-001,ANALYST-08,2025-03-07T20:08:39,2025-03-07T21:45:41,684,escalated
INV-00470,A-00584,ORG-001,ANALYST-16,2025-03-19T20:08:39,2025-03-20T00:19:31,361,resolved
INV-00471,A-00585,ORG-001,ANALYST-04,2025-04-07T14:14:34,2025-04-07T15:00:47,304,false_positive
INV-00472,A-00586,ORG-001,ANALYST-03,2025-01-30T16:24:33,2025-01-30T23:49:42,712,escalated
INV-00473,A-00587,ORG-001,ANALYST-01,2025-04-16T10:34:17,2025-04-16T16:02:48,212,open
INV-00474,A-00588,ORG-001,ANALYST-10,2025-03-31T08:51:12,2025-03-31T15:21:19,348,resolved
INV-00475,A-00589,ORG-001,ANALYST-06,2025-04-18T15:09:09,2025-04-18T20:46:12,359,resolved
INV-00476,A-00590,ORG-001,ANALYST-02,2025-05-12T10:07:21,2025-05-12T13:32:22,114,resolved
INV-00477,A-00592,ORG-001,ANALYST-19,2025-01-12T02:11:19,2025-01-12T05:31:45,71,false_positive
INV-00478,A-00593,ORG-001,ANALYST-19,2025-04-15T16:21:51,2025-04-15T20:42:34,777,false_positive
INV-00479,A-00594,ORG-001,ANALYST-16,2025-04-21T18:39:05,2025-04-22T02:30:32,151,escalated
INV-00480,A-00595,ORG-001,ANALYST-07,2025-03-08T00:11:18,2025-03-08T04:39:24,354,escalated
INV-00481,A-00596,ORG-001,ANALYST-13,2025-02-11T15:12:19,2025-02-11T20:55:32,481,escalated
INV-00482,A-00597,ORG-001,ANALYST-14,2025-02-23T04:33:22,2025-02-23T09:22:55,207,resolved
INV-00483,A-00598,ORG-001,ANALYST-09,2025-05-09T21:59:04,2025-05-10T02:08:46,419,resolved
INV-00484,A-00600,ORG-001,ANALYST-14,2025-02-22T03:38:05,2025-02-22T11:08:07,241,resolved
INV-00485,A-00601,ORG-001,ANALYST-07,2025-06-14T01:50:19,2025-06-14T02:55:30,311,resolved
INV-00486,A-00602,ORG-001,ANALYST-01,2025-02-15T21:17:37,2025-02-15T23:32:25,501,escalated
INV-00487,A-00603,ORG-001,ANALYST-01,2025-06-25T22:04:08,2025-06-25T23:48:38,116,escalated
INV-00488,A-00604,ORG-001,ANALYST-11,2025-05-21T07:23:28,2025-05-21T08:39:18,408,resolved
INV-00489,A-00605,ORG-001,ANALYST-05,2025-06-22T03:44:23,2025-06-22T10:49:54,110,resolved
INV-00490,A-00607,ORG-001,ANALYST-19,2025-04-27T12:57:45,2025-04-27T16:27:35,579,false_positive
INV-00491,A-00608,ORG-001,ANALYST-02,2025-02-11T15:08:32,2025-02-11T21:00:28,682,resolved
INV-00492,A-00610,ORG-001,ANALYST-02,2025-06-25T22:12:24,2025-06-26T04:44:03,226,false_positive
INV-00493,A-00611,ORG-001,ANALYST-04,2025-05-05T05:34:53,2025-05-05T12:19:07,727,false_positive
INV-00494,A-00613,ORG-001,ANALYST-14,2025-06-28T00:13:24,2025-06-28T07:42:08,214,resolved
INV-00495,A-00615,ORG-001,ANALYST-01,2025-04-28T00:17:35,2025-04-28T07:07:15,490,resolved
INV-00496,A-00616,ORG-001,ANALYST-11,2025-01-27T13:15:42,2025-01-27T16:32:34,394,resolved
INV-00497,A-00618,ORG-001,ANALYST-11,2025-04-04T00:38:23,2025-04-04T06:32:15,244,resolved
INV-00498,A-00620,ORG-001,ANALYST-13,2025-02-08T12:55:18,2025-02-08T13:52:29,416,resolved
INV-00499,A-00621,ORG-001,ANALYST-15,2025-04-21T06:06:11,2025-04-21T10:33:50,756,resolved
INV-00500,A-00622,ORG-001,ANALYST-10,2025-01-26T09:40:13,2025-01-26T12:07:56,373,resolved
INV-00501,A-00623,ORG-001,ANALYST-15,2025-03-29T16:59:04,2025-03-29T23:22:32,71,resolved
INV-00502,A-00625,ORG-001,ANALYST-12,2025-01-12T11:02:27,2025-01-12T15:49:38,226,resolved
INV-00503,A-00626,ORG-001,ANALYST-06,2025-01-26T17:15:27,2025-01-26T20:07:36,178,resolved
INV-00504,A-00627,ORG-001,ANALYST-11,2025-05-18T23:22:57,2025-05-19T00:56:45,225,open
INV-00505,A-00628,ORG-001,ANALYST-09,2025-02-25T02:28:13,2025-02-25T09:54:07,709,resolved
INV-00506,A-00629,ORG-001,ANALYST-07,2025-04-18T23:48:02,2025-04-19T00:47:05,88,resolved
INV-00507,A-00631,ORG-001,ANALYST-04,2025-03-31T00:45:25,2025-03-31T02:36:16,139,resolved
INV-00508,A-00632,ORG-001,ANALYST-07,2025-06-09T20:38:48,2025-06-10T02:28:39,847,open
INV-00509,A-00633,ORG-001,ANALYST-04,2025-01-19T10:45:41,2025-01-19T17:27:24,583,resolved
INV-00510,A-00634,ORG-001,ANALYST-01,2025-06-11T08:43:52,2025-06-11T14:38:22,587,open
INV-00511,A-00636,ORG-001,ANALYST-06,2025-04-17T07:54:52,2025-04-17T10:44:13,222,open
INV-00512,A-00637,ORG-001,ANALYST-05,2025-02-01T16:49:19,2025-02-01T23:12:45,373,resolved
INV-00513,A-00638,ORG-001,ANALYST-17,2025-01-26T15:47:36,2025-01-26T19:38:16,101,resolved
INV-00514,A-00639,ORG-001,ANALYST-20,2025-03-24T07:30:33,2025-03-24T11:21:39,370,resolved
INV-00515,A-00641,ORG-001,ANALYST-10,2025-04-02T01:52:26,2025-04-02T06:43:16,176,open
INV-00516,A-00642,ORG-001,ANALYST-02,2025-03-25T04:02:55,2025-03-25T05:14:42,705,resolved
INV-00517,A-00643,ORG-001,ANALYST-01,2025-03-11T04:13:02,2025-03-11T09:17:58,158,escalated
INV-00518,A-00644,ORG-001,ANALYST-11,2025-01-09T22:17:35,2025-01-10T01:30:08,400,escalated
INV-00519,A-00645,ORG-001,ANALYST-03,2025-03-08T07:51:38,2025-03-08T10:02:42,445,false_positive
INV-00520,A-00646,ORG-001,ANALYST-16,2025-03-31T12:04:07,2025-03-31T18:02:49,560,escalated
INV-00521,A-00647,ORG-001,ANALYST-07,2025-03-18T17:36:06,2025-03-18T18:13:40,157,false_positive
INV-00522,A-00648,ORG-001,ANALYST-18,2025-04-04T11:26:08,2025-04-04T15:54:07,445,resolved
INV-00523,A-00650,ORG-001,ANALYST-14,2025-04-21T13:56:26,2025-04-21T15:22:30,312,false_positive
INV-00524,A-00651,ORG-001,ANALYST-20,2025-01-08T07:00:55,2025-01-08T12:53:42,447,false_positive
INV-00525,A-00652,ORG-001,ANALYST-09,2025-01-04T19:19:20,2025-01-04T20:24:01,607,false_positive
INV-00526,A-00653,ORG-001,ANALYST-19,2025-04-02T05:17:45,2025-04-02T07:47:44,597,false_positive
INV-00527,A-00655,ORG-001,ANALYST-16,2025-05-01T21:34:18,2025-05-01T22:51:22,312,resolved
INV-00528,A-00656,ORG-001,ANALYST-09,2025-02-15T14:07:06,2025-02-15T17:53:02,141,escalated
INV-00529,A-00657,ORG-001,ANALYST-08,2025-03-25T15:33:09,2025-03-25T21:10:04,748,resolved
INV-00530,A-00658,ORG-001,ANALYST-04,2025-06-24T03:39:19,2025-06-24T09:39:20,301,false_positive
INV-00531,A-00659,ORG-001,ANALYST-18,2025-06-01T19:23:40,2025-06-02T03:23:28,60,resolved
INV-00532,A-00661,ORG-001,ANALYST-04,2025-01-31T02:57:53,2025-01-31T04:43:07,386,resolved
INV-00533,A-00662,ORG-001,ANALYST-12,2025-03-08T07:13:16,2025-03-08T10:08:32,604,resolved
INV-00534,A-00663,ORG-001,ANALYST-17,2025-06-05T18:32:32,2025-06-05T23:13:04,550,false_positive
INV-00535,A-00664,ORG-001,ANALYST-14,2025-01-17T14:46:36,2025-01-17T16:46:20,131,resolved
INV-00536,A-00667,ORG-001,ANALYST-20,2025-05-17T00:42:41,2025-05-17T06:10:00,251,escalated
INV-00537,A-00668,ORG-001,ANALYST-02,2025-03-20T14:40:19,2025-03-20T15:56:20,730,resolved
INV-00538,A-00669,ORG-001,ANALYST-11,2025-02-11T13:39:45,2025-02-11T18:54:28,900,resolved
INV-00539,A-00671,ORG-001,ANALYST-10,2025-01-25T01:44:40,2025-01-25T06:19:44,185,resolved
INV-00540,A-00673,ORG-001,ANALYST-08,2025-05-11T16:18:01,2025-05-11T23:30:47,287,resolved
INV-00541,A-00674,ORG-001,ANALYST-02,2025-05-19T05:01:27,2025-05-19T06:21:49,615,false_positive
INV-00542,A-00675,ORG-001,ANALYST-19,2025-04-25T07:21:28,2025-04-25T10:15:28,690,escalated
INV-00543,A-00676,ORG-001,ANALYST-15,2025-06-09T23:59:11,2025-06-10T04:53:55,83,open
INV-00544,A-00677,ORG-001,ANALYST-12,2025-03-30T11:20:56,2025-03-30T16:56:14,160,escalated
INV-00545,A-00678,ORG-001,ANALYST-12,2025-01-08T21:35:08,2025-01-09T00:51:39,560,resolved
INV-00546,A-00679,ORG-001,ANALYST-04,2025-02-11T23:04:24,2025-02-11T23:35:32,740,resolved
INV-00547,A-00680,ORG-001,ANALYST-20,2025-06-24T21:58:20,2025-06-25T05:01:34,167,escalated
INV-00548,A-00682,ORG-001,ANALYST-15,2025-02-15T05:24:19,2025-02-15T12:00:28,476,resolved
INV-00549,A-00683,ORG-001,ANALYST-18,2025-06-04T15:05:55,2025-06-04T21:27:34,143,resolved
INV-00550,A-00684,ORG-001,ANALYST-04,2025-04-12T10:00:11,2025-04-12T10:40:22,437,false_positive
INV-00551,A-00685,ORG-001,ANALYST-03,2025-06-11T05:26:32,2025-06-11T09:59:08,726,escalated
INV-00552,A-00686,ORG-001,ANALYST-03,2025-01-05T18:01:06,2025-01-05T20:51:33,297,open
INV-00553,A-00688,ORG-001,ANALYST-11,2025-02-27T21:42:32,2025-02-28T01:57:59,514,resolved
INV-00554,A-00689,ORG-001,ANALYST-04,2025-02-16T00:35:26,2025-02-16T04:35:43,455,resolved
INV-00555,A-00690,ORG-001,ANALYST-04,2025-02-15T12:08:37,2025-02-15T18:47:18,432,escalated
INV-00556,A-00691,ORG-001,ANALYST-18,2025-04-08T04:59:54,2025-04-08T08:53:46,352,escalated
INV-00557,A-00693,ORG-001,ANALYST-13,2025-01-12T17:44:39,2025-01-13T00:26:01,279,false_positive
INV-00558,A-00694,ORG-001,ANALYST-04,2025-04-20T10:06:57,2025-04-20T16:58:23,323,escalated
INV-00559,A-00696,ORG-001,ANALYST-11,2025-05-09T16:41:37,2025-05-09T22:39:01,108,false_positive
INV-00560,A-00697,ORG-001,ANALYST-16,2025-05-11T18:22:31,2025-05-12T01:16:36,490,resolved
INV-00561,A-00698,ORG-001,ANALYST-13,2025-06-23T09:27:39,2025-06-23T17:21:32,407,resolved
INV-00562,A-00699,ORG-001,ANALYST-01,2025-03-13T23:44:22,2025-03-14T07:00:13,244,resolved
INV-00563,A-00700,ORG-001,ANALYST-16,2025-05-02T10:59:11,2025-05-02T13:37:07,551,resolved
INV-00564,A-00701,ORG-001,ANALYST-17,2025-06-09T12:08:29,2025-06-09T17:49:17,352,resolved
INV-00565,A-00702,ORG-001,ANALYST-05,2025-02-04T05:35:07,2025-02-04T06:40:38,232,false_positive
INV-00566,A-00704,ORG-001,ANALYST-02,2025-04-19T20:26:23,2025-04-20T02:46:26,265,resolved
INV-00567,A-00705,ORG-001,ANALYST-08,2025-04-01T18:04:21,2025-04-01T18:58:05,228,resolved
INV-00568,A-00706,ORG-001,ANALYST-14,2025-01-17T00:46:47,2025-01-17T03:20:00,326,false_positive
INV-00569,A-00707,ORG-001,ANALYST-09,2025-06-07T00:50:42,2025-06-07T04:23:16,503,resolved
INV-00570,A-00709,ORG-001,ANALYST-13,2025-04-23T10:28:22,2025-04-23T11:16:34,260,false_positive
INV-00571,A-00710,ORG-001,ANALYST-04,2025-01-11T17:27:59,2025-01-11T18:33:54,446,resolved
INV-00572,A-00711,ORG-001,ANALYST-01,2025-02-15T09:32:58,2025-02-15T15:43:45,644,resolved
INV-00573,A-00712,ORG-001,ANALYST-07,2025-05-12T07:00:18,2025-05-12T12:51:19,155,resolved
INV-00574,A-00713,ORG-001,ANALYST-12,2025-06-25T17:09:07,2025-06-25T19:59:04,681,resolved
INV-00575,A-00714,ORG-001,ANALYST-12,2025-03-02T15:36:19,2025-03-02T22:58:18,259,resolved
INV-00576,A-00715,ORG-001,ANALYST-19,2025-04-28T03:55:21,2025-04-28T09:08:04,398,resolved
INV-00577,A-00716,ORG-001,ANALYST-03,2025-02-07T23:44:44,2025-02-08T07:23:35,137,resolved
INV-00578,A-00718,ORG-001,ANALYST-16,2025-03-05T23:14:02,2025-03-06T00:07:04,404,false_positive
INV-00579,A-00719,ORG-001,ANALYST-13,2025-04-04T12:18:49,2025-04-04T15:49:52,390,resolved
INV-00580,A-00720,ORG-001,ANALYST-19,2025-01-23T09:52:20,2025-01-23T16:07:07,618,resolved
INV-00581,A-00721,ORG-001,ANALYST-04,2025-02-17T19:14:39,2025-02-17T22:07:37,110,false_positive
INV-00582,A-00722,ORG-001,ANALYST-12,2025-02-10T21:37:33,2025-02-11T05:29:38,438,resolved
INV-00583,A-00723,ORG-001,ANALYST-07,2025-06-20T14:20:44,2025-06-20T22:04:51,198,resolved
INV-00584,A-00724,ORG-001,ANALYST-18,2025-02-17T14:31:24,2025-02-17T16:44:40,481,escalated
INV-00585,A-00725,ORG-001,ANALYST-16,2025-04-24T10:33:26,2025-04-24T18:11:57,252,escalated
INV-00586,A-00726,ORG-001,ANALYST-12,2025-03-14T17:11:15,2025-03-14T20:37:00,718,escalated
INV-00587,A-00727,ORG-001,ANALYST-08,2025-06-28T21:22:02,2025-06-28T23:45:11,387,resolved
INV-00588,A-00728,ORG-001,ANALYST-03,2025-06-13T14:34:04,2025-06-13T16:17:25,125,resolved
INV-00589,A-00729,ORG-001,ANALYST-14,2025-05-01T16:57:02,2025-05-01T21:23:14,288,false_positive
INV-00590,A-00730,ORG-001,ANALYST-10,2025-02-15T11:20:35,2025-02-15T12:35:35,693,resolved
INV-00591,A-00731,ORG-001,ANALYST-07,2025-01-14T21:35:13,2025-01-15T01:07:29,222,resolved
INV-00592,A-00733,ORG-001,ANALYST-12,2025-06-27T05:32:24,2025-06-27T08:36:19,500,open
INV-00593,A-00734,ORG-001,ANALYST-13,2025-01-03T11:02:43,2025-01-03T12:54:14,108,resolved
INV-00594,A-00735,ORG-001,ANALYST-15,2025-06-02T18:21:43,2025-06-03T02:16:29,528,escalated
INV-00595,A-00736,ORG-001,ANALYST-05,2025-06-15T15:48:23,2025-06-15T21:33:46,492,false_positive
INV-00596,A-00737,ORG-001,ANALYST-02,2025-04-15T09:41:18,2025-04-15T15:21:16,171,resolved
INV-00597,A-00738,ORG-001,ANALYST-07,2025-06-27T12:20:21,2025-06-27T16:18:36,580,resolved
INV-00598,A-00739,ORG-001,ANALYST-18,2025-06-23T18:26:58,2025-06-24T01:05:32,361,resolved
INV-00599,A-00740,ORG-001,ANALYST-03,2025-02-25T05:51:15,2025-02-25T11:07:38,715,resolved
INV-00600,A-00741,ORG-001,ANALYST-07,2025-04-15T04:31:54,2025-04-15T08:34:20,313,false_positive
INV-00601,A-00742,ORG-001,ANALYST-15,2025-04-22T18:34:24,2025-04-23T01:35:51,241,resolved
INV-00602,A-00743,ORG-001,ANALYST-16,2025-04-28T12:27:43,2025-04-28T18:08:35,651,resolved
INV-00603,A-00744,ORG-001,ANALYST-06,2025-06-13T18:53:55,2025-06-14T02:46:16,156,resolved
INV-00604,A-00745,ORG-001,ANALYST-13,2025-06-26T23:32:39,2025-06-27T00:54:49,457,false_positive
INV-00605,A-00747,ORG-001,ANALYST-04,2025-05-29T00:22:24,2025-05-29T01:34:11,696,escalated
INV-00606,A-00748,ORG-001,ANALYST-15,2025-03-31T21:11:01,2025-04-01T03:49:59,570,resolved
INV-00607,A-00749,ORG-001,ANALYST-18,2025-03-05T12:55:18,2025-03-05T14:10:22,498,escalated
INV-00608,A-00750,ORG-001,ANALYST-04,2025-06-12T20:38:49,2025-06-12T23:49:27,727,escalated
INV-00609,A-00753,ORG-002,ANALYST-13,2025-03-10T20:42:51,2025-03-10T22:54:31,281,resolved
INV-00610,A-00755,ORG-002,ANALYST-09,2025-03-14T17:24:14,2025-03-14T22:47:11,291,open
INV-00611,A-00758,ORG-002,ANALYST-05,2025-04-06T02:29:25,2025-04-06T09:29:31,133,escalated
INV-00612,A-00760,ORG-002,ANALYST-01,2025-01-11T05:24:25,2025-01-11T12:37:09,322,resolved
INV-00613,A-00762,ORG-002,ANALYST-04,2025-05-10T12:42:23,2025-05-10T20:19:51,478,escalated
INV-00614,A-00763,ORG-002,ANALYST-05,2025-01-24T10:48:09,2025-01-24T13:03:06,318,resolved
INV-00615,A-00765,ORG-002,ANALYST-14,2025-03-01T03:32:14,2025-03-01T07:13:56,246,resolved
INV-00616,A-00766,ORG-002,ANALYST-16,2025-06-26T10:50:26,2025-06-26T13:38:12,552,resolved
INV-00617,A-00768,ORG-002,ANALYST-20,2025-02-10T19:28:36,2025-02-10T21:09:51,161,resolved
INV-00618,A-00770,ORG-002,ANALYST-05,2025-05-28T19:19:37,2025-05-28T20:13:32,198,resolved
INV-00619,A-00771,ORG-002,ANALYST-14,2025-03-09T14:09:02,2025-03-09T15:43:09,67,resolved
INV-00620,A-00772,ORG-002,ANALYST-02,2025-02-02T10:43:38,2025-02-02T13:51:49,294,resolved
INV-00621,A-00776,ORG-002,ANALYST-09,2025-02-20T07:46:19,2025-02-20T14:43:07,301,resolved
INV-00622,A-00777,ORG-002,ANALYST-07,2025-02-22T13:37:02,2025-02-22T21:36:43,186,resolved
INV-00623,A-00778,ORG-002,ANALYST-20,2025-01-17T04:43:47,2025-01-17T08:56:47,250,resolved
INV-00624,A-00781,ORG-002,ANALYST-19,2025-02-10T02:09:37,2025-02-10T04:30:59,422,false_positive
INV-00625,A-00783,ORG-002,ANALYST-13,2025-05-06T18:46:34,2025-05-06T20:53:37,471,escalated
INV-00626,A-00784,ORG-002,ANALYST-01,2025-01-27T17:42:36,2025-01-27T21:42:18,78,false_positive
INV-00627,A-00785,ORG-002,ANALYST-01,2025-02-18T08:23:02,2025-02-18T14:20:30,104,open
INV-00628,A-00786,ORG-002,ANALYST-06,2025-02-09T09:36:54,2025-02-09T14:09:33,257,resolved
INV-00629,A-00789,ORG-002,ANALYST-06,2025-05-14T09:14:27,2025-05-14T14:13:02,292,resolved
INV-00630,A-00791,ORG-002,ANALYST-10,2025-01-30T07:05:09,2025-01-30T15:01:38,536,false_positive
INV-00631,A-00796,ORG-002,ANALYST-03,2025-04-06T16:54:10,2025-04-06T20:54:13,397,escalated
INV-00632,A-00797,ORG-002,ANALYST-01,2025-05-17T12:49:54,2025-05-17T15:10:55,285,resolved
INV-00633,A-00798,ORG-002,ANALYST-14,2025-03-12T02:32:42,2025-03-12T08:03:53,112,resolved
INV-00634,A-00802,ORG-002,ANALYST-15,2025-05-16T18:59:55,2025-05-16T22:34:08,193,resolved
INV-00635,A-00803,ORG-002,ANALYST-09,2025-06-11T18:48:16,2025-06-12T00:20:54,392,resolved
INV-00636,A-00804,ORG-002,ANALYST-07,2025-01-18T21:11:28,2025-01-19T04:27:19,590,escalated
INV-00637,A-00805,ORG-002,ANALYST-06,2025-04-03T18:55:52,2025-04-03T22:53:39,127,false_positive
INV-00638,A-00807,ORG-002,ANALYST-18,2025-02-11T05:08:42,2025-02-11T07:21:13,223,escalated
INV-00639,A-00808,ORG-002,ANALYST-12,2025-01-09T22:27:29,2025-01-09T23:02:06,484,resolved
INV-00640,A-00810,ORG-002,ANALYST-16,2025-04-08T16:06:15,2025-04-08T20:04:56,200,false_positive
INV-00641,A-00811,ORG-002,ANALYST-07,2025-06-22T00:47:07,2025-06-22T03:23:35,533,escalated
INV-00642,A-00812,ORG-002,ANALYST-10,2025-06-30T15:56:11,2025-06-30T19:31:20,284,escalated
INV-00643,A-00814,ORG-002,ANALYST-03,2025-06-06T07:52:20,2025-06-06T13:21:08,355,resolved
INV-00644,A-00815,ORG-002,ANALYST-06,2025-02-24T10:00:49,2025-02-24T11:09:39,231,escalated
INV-00645,A-00817,ORG-002,ANALYST-15,2025-03-21T13:29:48,2025-03-21T15:10:14,555,resolved
INV-00646,A-00819,ORG-002,ANALYST-13,2025-05-16T21:41:42,2025-05-17T00:50:26,201,resolved
INV-00647,A-00820,ORG-002,ANALYST-04,2025-04-02T03:12:22,2025-04-02T07:56:14,143,resolved
INV-00648,A-00821,ORG-002,ANALYST-07,2025-03-05T22:51:58,2025-03-06T03:47:32,459,escalated
INV-00649,A-00822,ORG-002,ANALYST-20,2025-01-29T08:53:45,2025-01-29T09:40:51,516,resolved
INV-00650,A-00824,ORG-002,ANALYST-10,2025-01-17T07:34:25,2025-01-17T08:49:02,642,false_positive
INV-00651,A-00825,ORG-002,ANALYST-06,2025-01-19T02:24:06,2025-01-19T05:36:14,383,resolved
INV-00652,A-00826,ORG-002,ANALYST-20,2025-03-10T21:11:52,2025-03-11T02:48:11,201,resolved
INV-00653,A-00828,ORG-002,ANALYST-01,2025-06-03T21:36:08,2025-06-04T04:40:35,641,false_positive
INV-00654,A-00829,ORG-002,ANALYST-18,2025-01-08T03:03:27,2025-01-08T07:22:55,496,resolved
INV-00655,A-00830,ORG-002,ANALYST-10,2025-01-03T19:12:50,2025-01-03T22:27:44,694,false_positive
INV-00656,A-00831,ORG-002,ANALYST-04,2025-06-10T23:16:28,2025-06-11T02:49:52,360,resolved
INV-00657,A-00833,ORG-002,ANALYST-14,2025-06-06T12:11:34,2025-06-06T18:18:07,76,resolved
INV-00658,A-00835,ORG-002,ANALYST-16,2025-05-31T21:12:42,2025-05-31T23:29:30,293,resolved
INV-00659,A-00838,ORG-002,ANALYST-17,2025-01-04T02:14:45,2025-01-04T10:10:46,539,escalated
INV-00660,A-00839,ORG-002,ANALYST-19,2025-03-18T01:50:15,2025-03-18T02:48:25,159,resolved
INV-00661,A-00840,ORG-002,ANALYST-04,2025-06-25T15:54:04,2025-06-25T18:30:12,231,false_positive
INV-00662,A-00842,ORG-002,ANALYST-19,2025-01-19T02:48:58,2025-01-19T09:02:25,198,resolved
INV-00663,A-00845,ORG-002,ANALYST-01,2025-05-09T01:11:03,2025-05-09T07:23:42,426,open
INV-00664,A-00846,ORG-002,ANALYST-03,2025-01-21T20:00:07,2025-01-21T21:20:47,373,false_positive
INV-00665,A-00848,ORG-002,ANALYST-19,2025-02-04T22:56:18,2025-02-05T05:26:33,423,escalated
INV-00666,A-00849,ORG-002,ANALYST-09,2025-04-27T14:42:37,2025-04-27T21:57:40,287,resolved
INV-00667,A-00850,ORG-002,ANALYST-07,2025-05-28T20:09:44,2025-05-28T21:42:25,115,resolved
INV-00668,A-00851,ORG-002,ANALYST-18,2025-02-23T03:57:47,2025-02-23T07:38:08,433,resolved
INV-00669,A-00852,ORG-002,ANALYST-09,2025-06-29T03:31:15,2025-06-29T10:16:28,582,resolved
INV-00670,A-00854,ORG-002,ANALYST-03,2025-03-25T10:36:42,2025-03-25T16:52:14,330,resolved
INV-00671,A-00856,ORG-002,ANALYST-08,2025-06-07T03:24:52,2025-06-07T07:10:14,254,resolved
INV-00672,A-00857,ORG-002,ANALYST-11,2025-05-20T07:17:29,2025-05-20T15:01:47,580,resolved
INV-00673,A-00859,ORG-002,ANALYST-02,2025-02-08T13:51:44,2025-02-08T18:54:03,461,resolved
INV-00674,A-00860,ORG-002,ANALYST-15,2025-02-25T11:09:18,2025-02-25T11:41:50,471,resolved
INV-00675,A-00861,ORG-002,ANALYST-14,2025-05-06T05:28:18,2025-05-06T13:16:34,235,resolved
INV-00676,A-00862,ORG-002,ANALYST-10,2025-05-31T10:20:27,2025-05-31T14:25:15,645,resolved
INV-00677,A-00863,ORG-002,ANALYST-04,2025-01-06T16:42:24,2025-01-06T18:28:10,132,false_positive
INV-00678,A-00864,ORG-002,ANALYST-02,2025-05-21T17:12:01,2025-05-21T17:44:42,445,false_positive
INV-00679,A-00867,ORG-002,ANALYST-09,2025-04-13T13:55:07,2025-04-13T18:52:46,509,escalated
INV-00680,A-00868,ORG-002,ANALYST-03,2025-06-12T09:25:16,2025-06-12T11:47:42,138,open
INV-00681,A-00869,ORG-002,ANALYST-19,2025-02-06T12:52:29,2025-02-06T20:47:02,489,resolved
INV-00682,A-00871,ORG-002,ANALYST-13,2025-03-29T21:34:33,2025-03-30T05:10:32,372,resolved
INV-00683,A-00873,ORG-002,ANALYST-12,2025-02-21T21:45:32,2025-02-22T02:22:44,451,resolved
INV-00684,A-00874,ORG-002,ANALYST-12,2025-03-25T18:04:27,2025-03-25T21:03:19,280,resolved
INV-00685,A-00875,ORG-002,ANALYST-17,2025-02-04T10:09:25,2025-02-04T15:08:59,341,resolved
INV-00686,A-00876,ORG-002,ANALYST-20,2025-02-16T10:09:20,2025-02-16T12:43:00,229,escalated
INV-00687,A-00877,ORG-002,ANALYST-10,2025-04-07T04:45:36,2025-04-07T08:25:27,481,resolved
INV-00688,A-00879,ORG-002,ANALYST-01,2025-02-02T10:51:44,2025-02-02T12:39:11,461,resolved
INV-00689,A-00881,ORG-002,ANALYST-10,2025-01-22T08:31:26,2025-01-22T15:12:49,413,resolved
INV-00690,A-00882,ORG-002,ANALYST-15,2025-04-17T00:32:12,2025-04-17T04:21:09,193,false_positive
INV-00691,A-00883,ORG-002,ANALYST-01,2025-04-05T03:47:13,2025-04-05T10:54:55,175,open
INV-00692,A-00884,ORG-002,ANALYST-14,2025-04-07T19:36:18,2025-04-08T02:26:18,284,resolved
INV-00693,A-00887,ORG-002,ANALYST-14,2025-04-12T02:41:29,2025-04-12T04:18:38,645,resolved
INV-00694,A-00889,ORG-002,ANALYST-10,2025-01-13T13:29:14,2025-01-13T15:57:55,542,resolved
INV-00695,A-00890,ORG-002,ANALYST-17,2025-02-18T21:13:14,2025-02-19T04:52:05,440,open
INV-00696,A-00891,ORG-002,ANALYST-08,2025-01-28T17:18:15,2025-01-28T20:27:04,58,resolved
INV-00697,A-00893,ORG-002,ANALYST-19,2025-02-03T17:16:47,2025-02-04T01:06:04,85,escalated
INV-00698,A-00894,ORG-002,ANALYST-18,2025-03-01T08:24:39,2025-03-01T13:06:30,367,resolved
INV-00699,A-00896,ORG-002,ANALYST-20,2025-01-06T06:44:32,2025-01-06T08:31:18,489,escalated
INV-00700,A-00897,ORG-002,ANALYST-15,2025-01-11T12:42:43,2025-01-11T13:15:58,490,false_positive
INV-00701,A-00898,ORG-002,ANALYST-10,2025-06-11T06:27:32,2025-06-11T07:50:43,409,resolved
INV-00702,A-00899,ORG-002,ANALYST-16,2025-05-17T08:17:24,2025-05-17T15:31:46,169,resolved
INV-00703,A-00902,ORG-002,ANALYST-13,2025-03-28T05:03:09,2025-03-28T08:16:56,675,open
INV-00704,A-00904,ORG-002,ANALYST-06,2025-02-06T00:25:32,2025-02-06T03:06:58,385,resolved
INV-00705,A-00905,ORG-002,ANALYST-04,2025-05-10T19:02:51,2025-05-11T02:49:40,168,resolved
INV-00706,A-00906,ORG-002,ANALYST-20,2025-04-20T14:56:57,2025-04-20T15:45:33,347,resolved
INV-00707,A-00908,ORG-002,ANALYST-12,2025-03-17T23:35:34,2025-03-18T01:28:15,435,escalated
INV-00708,A-00909,ORG-002,ANALYST-16,2025-02-24T03:07:06,2025-02-24T04:14:21,292,open
INV-00709,A-00911,ORG-002,ANALYST-08,2025-01-14T06:24:03,2025-01-14T08:20:58,278,escalated
INV-00710,A-00912,ORG-002,ANALYST-14,2025-01-21T13:15:44,2025-01-21T20:38:30,245,resolved
INV-00711,A-00913,ORG-002,ANALYST-04,2025-05-03T15:00:07,2025-05-03T18:25:30,640,resolved
INV-00712,A-00914,ORG-002,ANALYST-14,2025-03-27T02:30:40,2025-03-27T04:29:11,536,resolved
INV-00713,A-00915,ORG-002,ANALYST-14,2025-02-09T12:45:13,2025-02-09T16:31:35,390,resolved
INV-00714,A-00917,ORG-002,ANALYST-15,2025-05-01T06:08:06,2025-05-01T07:14:46,617,escalated
INV-00715,A-00919,ORG-002,ANALYST-03,2025-05-17T14:22:34,2025-05-17T17:29:53,186,resolved
INV-00716,A-00920,ORG-002,ANALYST-19,2025-03-19T15:50:22,2025-03-19T17:20:55,170,false_positive
INV-00717,A-00921,ORG-002,ANALYST-05,2025-03-23T23:32:23,2025-03-24T00:34:49,204,resolved
INV-00718,A-00922,ORG-002,ANALYST-02,2025-02-15T20:47:18,2025-02-16T02:50:26,138,open
INV-00719,A-00923,ORG-002,ANALYST-02,2025-06-22T08:53:32,2025-06-22T11:51:16,153,resolved
INV-00720,A-00924,ORG-002,ANALYST-07,2025-02-28T22:27:01,2025-02-28T23:11:24,373,escalated
INV-00721,A-00925,ORG-002,ANALYST-05,2025-04-04T16:58:26,2025-04-04T23:48:14,320,escalated
INV-00722,A-00927,ORG-002,ANALYST-18,2025-01-03T02:25:35,2025-01-03T10:16:42,226,open
INV-00723,A-00928,ORG-002,ANALYST-05,2025-03-03T01:12:38,2025-03-03T04:22:19,587,resolved
INV-00724,A-00929,ORG-002,ANALYST-18,2025-06-24T08:51:02,2025-06-24T12:41:25,249,false_positive
INV-00725,A-00930,ORG-002,ANALYST-20,2025-01-21T08:28:26,2025-01-21T15:23:43,677,resolved
INV-00726,A-00931,ORG-002,ANALYST-05,2025-02-11T02:08:22,2025-02-11T09:48:41,216,open
INV-00727,A-00932,ORG-002,ANALYST-13,2025-04-07T22:30:32,2025-04-08T04:21:47,487,false_positive
INV-00728,A-00933,ORG-002,ANALYST-14,2025-03-28T07:10:29,2025-03-28T09:21:12,392,resolved
INV-00729,A-00935,ORG-002,ANALYST-02,2025-03-08T07:01:41,2025-03-08T14:39:05,155,resolved
INV-00730,A-00936,ORG-002,ANALYST-17,2025-04-01T02:49:53,2025-04-01T10:19:51,116,resolved
INV-00731,A-00937,ORG-002,ANALYST-03,2025-06-26T09:31:13,2025-06-26T12:31:04,227,escalated
INV-00732,A-00938,ORG-002,ANALYST-20,2025-02-23T07:29:49,2025-02-23T15:07:07,106,resolved
INV-00733,A-00939,ORG-002,ANALYST-02,2025-03-28T04:30:19,2025-03-28T09:15:03,547,resolved
INV-00734,A-00940,ORG-002,ANALYST-06,2025-06-24T04:59:14,2025-06-24T09:29:46,232,escalated
INV-00735,A-00941,ORG-002,ANALYST-02,2025-05-03T12:34:03,2025-05-03T19:02:18,109,resolved
INV-00736,A-00942,ORG-002,ANALYST-09,2025-03-03T16:05:22,2025-03-03T17:08:34,231,resolved
INV-00737,A-00943,ORG-002,ANALYST-15,2025-04-27T15:25:09,2025-04-27T20:32:00,78,resolved
INV-00738,A-00944,ORG-002,ANALYST-01,2025-01-14T22:10:16,2025-01-14T23:58:24,267,escalated
INV-00739,A-00945,ORG-002,ANALYST-02,2025-04-02T10:26:50,2025-04-02T14:17:58,124,false_positive
INV-00740,A-00947,ORG-002,ANALYST-13,2025-03-15T16:59:34,2025-03-15T18:51:31,490,open
INV-00741,A-00948,ORG-002,ANALYST-18,2025-04-08T21:58:04,2025-04-09T02:16:23,237,resolved
INV-00742,A-00949,ORG-002,ANALYST-07,2025-05-09T01:41:35,2025-05-09T04:38:35,394,resolved
INV-00743,A-00950,ORG-002,ANALYST-08,2025-03-30T12:58:20,2025-03-30T19:46:50,327,escalated
INV-00744,A-00952,ORG-002,ANALYST-08,2025-04-21T14:03:49,2025-04-21T19:27:25,597,escalated
INV-00745,A-00953,ORG-002,ANALYST-19,2025-01-24T00:13:01,2025-01-24T02:04:03,353,escalated
INV-00746,A-00954,ORG-002,ANALYST-16,2025-02-02T12:51:34,2025-02-02T18:24:26,240,resolved
INV-00747,A-00955,ORG-002,ANALYST-14,2025-01-15T06:50:55,2025-01-15T10:52:52,140,resolved
INV-00748,A-00958,ORG-002,ANALYST-19,2025-02-26T07:41:55,2025-02-26T09:52:06,360,resolved
INV-00749,A-00959,ORG-002,ANALYST-19,2025-03-15T18:29:43,2025-03-16T01:34:18,243,false_positive
INV-00750,A-00960,ORG-002,ANALYST-11,2025-04-11T14:39:39,2025-04-11T17:45:26,573,resolved
INV-00751,A-00961,ORG-002,ANALYST-04,2025-03-25T17:25:06,2025-03-25T20:46:47,277,resolved
INV-00752,A-00964,ORG-002,ANALYST-01,2025-04-15T14:49:30,2025-04-15T22:48:38,309,resolved
INV-00753,A-00965,ORG-002,ANALYST-04,2025-06-11T09:34:55,2025-06-11T16:36:05,327,false_positive
INV-00754,A-00967,ORG-002,ANALYST-17,2025-01-31T12:37:54,2025-01-31T18:52:18,255,escalated
INV-00755,A-00968,ORG-002,ANALYST-02,2025-03-03T18:57:33,2025-03-04T01:09:28,188,resolved
INV-00756,A-00969,ORG-002,ANALYST-16,2025-04-02T07:54:52,2025-04-02T15:05:29,469,resolved
INV-00757,A-00970,ORG-002,ANALYST-07,2025-01-01T17:36:25,2025-01-01T23:40:13,231,resolved
INV-00758,A-00971,ORG-002,ANALYST-06,2025-02-15T16:26:08,2025-02-15T22:54:54,487,false_positive
INV-00759,A-00972,ORG-002,ANALYST-08,2025-04-27T03:39:26,2025-04-27T05:02:09,295,open
INV-00760,A-00973,ORG-002,ANALYST-11,2025-02-18T01:55:06,2025-02-18T06:38:54,296,resolved
INV-00761,A-00974,ORG-002,ANALYST-09,2025-04-27T17:26:07,2025-04-27T20:35:00,179,resolved
INV-00762,A-00975,ORG-002,ANALYST-15,2025-02-20T21:06:59,2025-02-21T04:58:49,615,resolved
INV-00763,A-00976,ORG-002,ANALYST-18,2025-03-02T00:32:08,2025-03-02T02:33:05,205,escalated
INV-00764,A-00980,ORG-002,ANALYST-08,2025-06-26T21:06:07,2025-06-27T02:38:06,106,resolved
INV-00765,A-00981,ORG-002,ANALYST-08,2025-01-09T05:20:24,2025-01-09T07:56:00,137,resolved
INV-00766,A-00982,ORG-002,ANALYST-14,2025-01-16T00:00:36,2025-01-16T07:26:57,110,resolved
INV-00767,A-00983,ORG-002,ANALYST-10,2025-05-23T22:28:09,2025-05-24T04:28:56,265,resolved
INV-00768,A-00985,ORG-002,ANALYST-17,2025-04-20T01:47:50,2025-04-20T07:09:02,430,resolved
INV-00769,A-00986,ORG-002,ANALYST-13,2025-05-19T20:58:28,2025-05-19T21:42:03,247,resolved
INV-00770,A-00987,ORG-002,ANALYST-18,2025-03-06T13:48:31,2025-03-06T15:10:36,186,resolved
INV-00771,A-00989,ORG-002,ANALYST-11,2025-01-12T12:13:52,2025-01-12T19:28:17,263,resolved
INV-00772,A-00990,ORG-002,ANALYST-18,2025-02-22T05:25:44,2025-02-22T10:22:38,355,resolved
INV-00773,A-00991,ORG-002,ANALYST-04,2025-04-11T00:55:31,2025-04-11T02:09:59,615,escalated
INV-00774,A-00993,ORG-002,ANALYST-13,2025-04-05T17:08:31,2025-04-05T21:26:52,189,resolved
INV-00775,A-00994,ORG-002,ANALYST-06,2025-04-12T12:47:29,2025-04-12T18:25:23,86,resolved
INV-00776,A-00995,ORG-002,ANALYST-11,2025-04-11T22:45:29,2025-04-12T01:10:30,482,escalated
INV-00777,A-00997,ORG-002,ANALYST-15,2025-04-15T10:27:18,2025-04-15T16:38:37,424,resolved
INV-00778,A-00998,ORG-002,ANALYST-19,2025-06-30T08:08:01,2025-06-30T12:30:45,493,resolved
INV-00779,A-00999,ORG-002,ANALYST-09,2025-01-16T04:33:24,2025-01-16T07:01:36,191,resolved
INV-00780,A-01000,ORG-002,ANALYST-09,2025-03-06T05:31:10,2025-03-06T11:31:27,477,false_positive
INV-00781,A-01002,ORG-002,ANALYST-11,2025-04-10T11:54:41,2025-04-10T16:42:17,489,resolved
INV-00782,A-01003,ORG-002,ANALYST-07,2025-06-12T20:54:43,2025-06-13T02:55:20,185,false_positive
INV-00783,A-01004,ORG-002,ANALYST-04,2025-04-19T23:48:38,2025-04-20T02:35:27,385,false_positive
INV-00784,A-01008,ORG-002,ANALYST-16,2025-04-28T21:11:29,2025-04-29T03:31:55,151,resolved
INV-00785,A-01009,ORG-002,ANALYST-20,2025-04-22T05:59:26,2025-04-22T10:46:33,645,resolved
INV-00786,A-01010,ORG-002,ANALYST-06,2025-01-08T13:24:28,2025-01-08T15:18:07,167,resolved
INV-00787,A-01013,ORG-002,ANALYST-02,2025-01-03T21:14:52,2025-01-04T03:50:34,133,resolved
INV-00788,A-01014,ORG-002,ANALYST-17,2025-02-03T15:14:29,2025-02-03T17:32:59,329,resolved
INV-00789,A-01015,ORG-002,ANALYST-03,2025-03-10T05:03:42,2025-03-10T11:53:58,409,false_positive
INV-00790,A-01018,ORG-002,ANALYST-11,2025-03-15T16:31:13,2025-03-15T22:09:48,311,resolved
INV-00791,A-01019,ORG-002,ANALYST-19,2025-05-16T13:15:09,2025-05-16T16:59:06,306,resolved
INV-00792,A-01020,ORG-002,ANALYST-07,2025-01-08T05:47:38,2025-01-08T11:28:13,459,resolved
INV-00793,A-01021,ORG-002,ANALYST-09,2025-03-08T14:13:42,2025-03-08T21:57:29,146,resolved
INV-00794,A-01022,ORG-002,ANALYST-15,2025-04-11T11:51:45,2025-04-11T13:38:06,510,resolved
INV-00795,A-01024,ORG-002,ANALYST-06,2025-06-27T09:52:23,2025-06-27T15:20:59,485,resolved
INV-00796,A-01025,ORG-002,ANALYST-12,2025-05-22T23:46:17,2025-05-23T02:34:13,525,resolved
INV-00797,A-01026,ORG-002,ANALYST-19,2025-03-23T20:43:53,2025-03-24T00:52:44,114,resolved
INV-00798,A-01028,ORG-002,ANALYST-06,2025-03-02T03:34:23,2025-03-02T07:40:38,335,resolved
INV-00799,A-01029,ORG-002,ANALYST-08,2025-02-15T21:16:19,2025-02-16T04:21:47,337,escalated
INV-00800,A-01030,ORG-002,ANALYST-16,2025-04-02T13:26:12,2025-04-02T15:52:14,565,false_positive
INV-00801,A-01032,ORG-002,ANALYST-19,2025-04-26T23:40:55,2025-04-27T04:37:35,113,resolved
INV-00802,A-01034,ORG-002,ANALYST-14,2025-01-27T20:37:36,2025-01-27T23:52:29,147,resolved
INV-00803,A-01035,ORG-002,ANALYST-14,2025-03-17T03:00:57,2025-03-17T05:53:30,363,resolved
INV-00804,A-01036,ORG-002,ANALYST-01,2025-05-14T07:18:17,2025-05-14T15:07:07,344,resolved
INV-00805,A-01037,ORG-002,ANALYST-04,2025-03-24T02:53:35,2025-03-24T05:44:50,641,resolved
INV-00806,A-01039,ORG-002,ANALYST-09,2025-01-30T08:14:30,2025-01-30T14:06:48,382,resolved
INV-00807,A-01041,ORG-002,ANALYST-09,2025-03-07T12:57:33,2025-03-07T18:23:57,191,resolved
INV-00808,A-01042,ORG-002,ANALYST-13,2025-04-26T16:51:50,2025-04-26T22:11:58,434,resolved
INV-00809,A-01043,ORG-002,ANALYST-17,2025-03-09T02:53:39,2025-03-09T10:03:47,391,resolved
INV-00810,A-01047,ORG-002,ANALYST-06,2025-05-28T20:30:33,2025-05-29T04:05:36,463,resolved
INV-00811,A-01048,ORG-002,ANALYST-09,2025-01-04T15:59:37,2025-01-04T18:59:40,653,resolved
INV-00812,A-01049,ORG-002,ANALYST-20,2025-02-13T01:41:03,2025-02-13T08:39:54,651,resolved
INV-00813,A-01050,ORG-002,ANALYST-05,2025-03-08T18:10:35,2025-03-08T22:43:16,653,false_positive
INV-00814,A-01052,ORG-002,ANALYST-11,2025-02-10T08:45:12,2025-02-10T16:05:16,331,escalated
INV-00815,A-01053,ORG-002,ANALYST-10,2025-04-20T20:14:14,2025-04-20T20:57:01,384,escalated
INV-00816,A-01055,ORG-002,ANALYST-07,2025-05-29T23:39:48,2025-05-30T07:00:05,314,false_positive
INV-00817,A-01056,ORG-002,ANALYST-18,2025-05-10T01:10:12,2025-05-10T06:14:31,372,resolved
INV-00818,A-01057,ORG-002,ANALYST-10,2025-06-10T11:03:32,2025-06-10T15:12:00,183,resolved
INV-00819,A-01060,ORG-002,ANALYST-03,2025-04-29T12:56:44,2025-04-29T17:44:27,289,resolved
INV-00820,A-01062,ORG-002,ANALYST-01,2025-04-02T17:57:59,2025-04-02T19:03:22,205,resolved
INV-00821,A-01064,ORG-002,ANALYST-01,2025-06-19T11:39:56,2025-06-19T12:48:04,503,resolved
INV-00822,A-01066,ORG-002,ANALYST-02,2025-05-06T17:49:01,2025-05-06T22:41:36,249,false_positive
INV-00823,A-01067,ORG-002,ANALYST-04,2025-03-19T15:38:42,2025-03-19T20:02:45,153,resolved
INV-00824,A-01068,ORG-002,ANALYST-05,2025-05-21T07:53:28,2025-05-21T11:29:03,283,resolved
INV-00825,A-01069,ORG-002,ANALYST-09,2025-03-31T00:50:34,2025-03-31T08:13:58,530,resolved
INV-00826,A-01070,ORG-002,ANALYST-10,2025-04-26T11:04:34,2025-04-26T16:19:31,113,resolved
INV-00827,A-01071,ORG-002,ANALYST-15,2025-05-20T01:35:38,2025-05-20T06:25:12,481,resolved
INV-00828,A-01072,ORG-002,ANALYST-10,2025-05-04T16:39:26,2025-05-04T22:27:57,331,resolved
INV-00829,A-01074,ORG-002,ANALYST-06,2025-03-03T03:06:05,2025-03-03T09:30:11,368,resolved
INV-00830,A-01075,ORG-002,ANALYST-09,2025-03-08T12:44:00,2025-03-08T14:35:58,302,escalated
INV-00831,A-01077,ORG-002,ANALYST-18,2025-03-06T02:20:10,2025-03-06T07:42:12,566,resolved
INV-00832,A-01078,ORG-002,ANALYST-08,2025-06-04T22:40:30,2025-06-05T01:24:21,453,escalated
INV-00833,A-01079,ORG-002,ANALYST-17,2025-05-25T07:36:07,2025-05-25T09:18:30,490,resolved
INV-00834,A-01080,ORG-002,ANALYST-07,2025-04-15T09:20:36,2025-04-15T10:30:29,344,resolved
INV-00835,A-01081,ORG-002,ANALYST-14,2025-04-27T04:27:40,2025-04-27T10:15:21,560,false_positive
INV-00836,A-01083,ORG-002,ANALYST-10,2025-05-03T15:38:12,2025-05-03T20:49:01,486,resolved
INV-00837,A-01084,ORG-002,ANALYST-16,2025-05-02T16:36:59,2025-05-02T18:46:28,103,resolved
INV-00838,A-01085,ORG-002,ANALYST-15,2025-01-13T19:04:56,2025-01-13T20:26:34,530,escalated
INV-00839,A-01086,ORG-002,ANALYST-04,2025-04-08T13:02:35,2025-04-08T17:50:17,450,resolved
INV-00840,A-01087,ORG-002,ANALYST-06,2025-01-31T12:33:44,2025-01-31T14:37:32,412,escalated
INV-00841,A-01088,ORG-002,ANALYST-09,2025-06-03T05:13:39,2025-06-03T07:48:33,341,false_positive
INV-00842,A-01089,ORG-002,ANALYST-10,2025-05-22T04:18:50,2025-05-22T08:54:26,615,resolved
INV-00843,A-01091,ORG-002,ANALYST-13,2025-02-27T07:29:04,2025-02-27T11:52:32,513,resolved
INV-00844,A-01092,ORG-002,ANALYST-16,2025-01-21T19:31:58,2025-01-22T02:36:44,469,resolved
INV-00845,A-01093,ORG-002,ANALYST-13,2025-05-14T16:18:45,2025-05-14T22:08:50,65,resolved
INV-00846,A-01094,ORG-002,ANALYST-03,2025-06-29T09:05:38,2025-06-29T16:25:08,512,open
INV-00847,A-01095,ORG-002,ANALYST-11,2025-04-22T13:36:20,2025-04-22T16:20:15,196,resolved
INV-00848,A-01096,ORG-002,ANALYST-11,2025-05-15T01:18:01,2025-05-15T02:25:09,284,false_positive
INV-00849,A-01097,ORG-002,ANALYST-09,2025-04-02T00:14:29,2025-04-02T02:33:09,115,escalated
INV-00850,A-01100,ORG-002,ANALYST-18,2025-05-04T07:08:08,2025-05-04T08:28:27,295,resolved
INV-00851,A-01102,ORG-002,ANALYST-11,2025-05-07T10:24:08,2025-05-07T16:08:16,644,resolved
INV-00852,A-01103,ORG-002,ANALYST-01,2025-04-22T18:24:29,2025-04-22T22:27:26,188,resolved
INV-00853,A-01104,ORG-002,ANALYST-19,2025-04-14T10:04:32,2025-04-14T17:35:00,543,false_positive
INV-00854,A-01105,ORG-002,ANALYST-02,2025-03-02T00:13:22,2025-03-02T06:12:05,519,resolved
INV-00855,A-01106,ORG-002,ANALYST-07,2025-02-09T05:23:49,2025-02-09T08:01:03,247,resolved
INV-00856,A-01108,ORG-002,ANALYST-19,2025-06-08T04:48:20,2025-06-08T09:55:03,304,resolved
INV-00857,A-01109,ORG-002,ANALYST-17,2025-03-22T15:12:56,2025-03-22T22:59:43,284,resolved
INV-00858,A-01110,ORG-002,ANALYST-12,2025-03-15T19:41:09,2025-03-15T23:24:51,292,resolved
INV-00859,A-01111,ORG-002,ANALYST-09,2025-05-07T09:32:50,2025-05-07T10:11:29,511,resolved
INV-00860,A-01113,ORG-002,ANALYST-06,2025-03-23T12:19:21,2025-03-23T14:12:01,553,false_positive
INV-00861,A-01114,ORG-002,ANALYST-01,2025-06-26T13:47:08,2025-06-26T14:32:41,519,resolved
INV-00862,A-01116,ORG-002,ANALYST-14,2025-03-23T15:07:38,2025-03-23T19:51:16,558,false_positive
INV-00863,A-01118,ORG-002,ANALYST-19,2025-04-30T05:58:08,2025-04-30T10:57:16,380,resolved
INV-00864,A-01120,ORG-002,ANALYST-19,2025-05-22T21:35:15,2025-05-23T02:17:38,453,escalated
INV-00865,A-01121,ORG-002,ANALYST-06,2025-05-26T09:24:54,2025-05-26T11:42:58,107,resolved
INV-00866,A-01123,ORG-002,ANALYST-15,2025-03-29T20:19:13,2025-03-30T01:47:20,160,escalated
INV-00867,A-01124,ORG-002,ANALYST-18,2025-06-23T11:18:56,2025-06-23T16:15:05,333,escalated
INV-00868,A-01125,ORG-002,ANALYST-18,2025-01-13T09:14:23,2025-01-13T09:58:15,309,resolved
INV-00869,A-01126,ORG-002,ANALYST-03,2025-01-25T14:44:55,2025-01-25T20:17:05,563,open
INV-00870,A-01128,ORG-002,ANALYST-12,2025-04-20T11:02:00,2025-04-20T16:23:10,376,resolved
INV-00871,A-01129,ORG-002,ANALYST-05,2025-01-20T13:39:26,2025-01-20T16:13:00,376,false_positive
INV-00872,A-01130,ORG-002,ANALYST-16,2025-03-19T22:44:38,2025-03-20T03:04:41,169,resolved
INV-00873,A-01131,ORG-002,ANALYST-20,2025-05-18T14:13:30,2025-05-18T21:24:04,248,resolved
INV-00874,A-01132,ORG-002,ANALYST-07,2025-03-18T01:14:54,2025-03-18T07:07:53,227,false_positive
INV-00875,A-01134,ORG-002,ANALYST-20,2025-04-12T05:56:40,2025-04-12T12:09:56,341,resolved
INV-00876,A-01135,ORG-002,ANALYST-11,2025-03-30T09:06:17,2025-03-30T16:09:30,274,resolved
INV-00877,A-01136,ORG-002,ANALYST-16,2025-05-02T18:29:27,2025-05-03T01:27:04,478,resolved
INV-00878,A-01137,ORG-002,ANALYST-09,2025-03-24T00:48:51,2025-03-24T03:51:52,228,escalated
INV-00879,A-01138,ORG-002,ANALYST-08,2025-01-17T07:04:40,2025-01-17T11:59:50,399,resolved
INV-00880,A-01140,ORG-002,ANALYST-04,2025-01-09T08:11:14,2025-01-09T15:54:38,394,resolved
INV-00881,A-01141,ORG-002,ANALYST-12,2025-03-24T01:25:15,2025-03-24T02:17:01,630,false_positive
INV-00882,A-01142,ORG-002,ANALYST-11,2025-05-10T23:04:25,2025-05-10T23:47:36,75,resolved
INV-00883,A-01144,ORG-002,ANALYST-07,2025-05-16T21:50:28,2025-05-16T23:48:10,385,escalated
INV-00884,A-01145,ORG-002,ANALYST-11,2025-06-01T18:01:01,2025-06-01T19:19:33,540,escalated
INV-00885,A-01146,ORG-002,ANALYST-20,2025-01-20T18:05:53,2025-01-20T21:26:46,689,escalated
INV-00886,A-01147,ORG-002,ANALYST-01,2025-06-23T23:34:19,2025-06-24T03:00:35,294,resolved
INV-00887,A-01148,ORG-002,ANALYST-07,2025-04-15T15:46:46,2025-04-15T16:58:14,147,resolved
INV-00888,A-01149,ORG-002,ANALYST-13,2025-01-29T09:17:18,2025-01-29T10:59:57,76,false_positive
INV-00889,A-01151,ORG-002,ANALYST-16,2025-02-17T19:24:22,2025-02-17T20:08:45,409,false_positive
INV-00890,A-01152,ORG-002,ANALYST-16,2025-01-29T05:45:56,2025-01-29T11:50:17,629,resolved
INV-00891,A-01153,ORG-002,ANALYST-09,2025-04-23T21:05:53,2025-04-24T04:23:43,552,false_positive
INV-00892,A-01154,ORG-002,ANALYST-11,2025-04-16T01:37:26,2025-04-16T03:20:53,270,false_positive
INV-00893,A-01155,ORG-002,ANALYST-04,2025-01-19T20:53:29,2025-01-20T00:14:41,409,resolved
INV-00894,A-01156,ORG-002,ANALYST-20,2025-04-01T08:48:02,2025-04-01T13:29:23,324,resolved
INV-00895,A-01157,ORG-002,ANALYST-16,2025-04-19T18:01:30,2025-04-19T21:41:20,272,escalated
INV-00896,A-01159,ORG-002,ANALYST-10,2025-03-19T00:13:01,2025-03-19T05:37:03,518,resolved
INV-00897,A-01160,ORG-002,ANALYST-02,2025-05-13T07:23:12,2025-05-13T13:26:07,546,resolved
INV-00898,A-01161,ORG-002,ANALYST-06,2025-05-23T08:51:50,2025-05-23T16:24:23,192,resolved
INV-00899,A-01162,ORG-002,ANALYST-14,2025-01-19T10:06:34,2025-01-19T14:08:09,295,escalated
INV-00900,A-01164,ORG-002,ANALYST-01,2025-03-08T01:45:41,2025-03-08T04:36:27,242,open
INV-00901,A-01168,ORG-002,ANALYST-04,2025-01-29T22:01:59,2025-01-30T03:25:34,256,false_positive
INV-00902,A-01169,ORG-002,ANALYST-07,2025-04-25T14:42:54,2025-04-25T19:44:41,428,resolved
INV-00903,A-01170,ORG-002,ANALYST-18,2025-06-11T13:01:33,2025-06-11T19:36:45,247,resolved
INV-00904,A-01172,ORG-002,ANALYST-17,2025-01-20T07:29:47,2025-01-20T10:54:50,194,resolved
INV-00905,A-01173,ORG-002,ANALYST-10,2025-02-25T00:28:25,2025-02-25T02:46:34,616,resolved
INV-00906,A-01174,ORG-002,ANALYST-10,2025-04-05T02:31:17,2025-04-05T10:10:44,236,resolved
INV-00907,A-01175,ORG-002,ANALYST-01,2025-02-03T16:17:42,2025-02-03T21:39:29,124,open
INV-00908,A-01176,ORG-002,ANALYST-17,2025-06-10T01:04:33,2025-06-10T08:17:53,362,resolved
INV-00909,A-01177,ORG-002,ANALYST-07,2025-05-19T09:10:01,2025-05-19T14:10:30,412,escalated
INV-00910,A-01179,ORG-002,ANALYST-08,2025-03-14T05:26:57,2025-03-14T11:23:56,438,escalated
INV-00911,A-01180,ORG-002,ANALYST-01,2025-02-09T20:11:59,2025-02-10T00:25:27,312,false_positive
INV-00912,A-01181,ORG-002,ANALYST-02,2025-02-19T08:22:00,2025-02-19T12:27:58,228,escalated
INV-00913,A-01183,ORG-002,ANALYST-19,2025-05-13T06:43:13,2025-05-13T09:48:42,253,resolved
INV-00914,A-01184,ORG-002,ANALYST-02,2025-01-07T23:01:30,2025-01-08T01:36:22,577,resolved
INV-00915,A-01185,ORG-002,ANALYST-02,2025-03-27T04:37:02,2025-03-27T12:07:04,695,escalated
INV-00916,A-01187,ORG-002,ANALYST-07,2025-02-26T16:54:59,2025-02-26T23:07:31,291,escalated
INV-00917,A-01189,ORG-002,ANALYST-02,2025-05-01T04:27:04,2025-05-01T08:19:20,326,false_positive
INV-00918,A-01190,ORG-002,ANALYST-02,2025-05-30T07:34:07,2025-05-30T15:00:21,388,resolved
INV-00919,A-01191,ORG-002,ANALYST-16,2025-02-24T23:58:10,2025-02-25T02:37:57,206,resolved
INV-00920,A-01193,ORG-002,ANALYST-10,2025-02-19T22:57:06,2025-02-20T03:22:53,173,resolved
INV-00921,A-01195,ORG-002,ANALYST-12,2025-03-31T12:23:59,2025-03-31T17:07:07,136,resolved
INV-00922,A-01196,ORG-002,ANALYST-20,2025-02-12T06:35:21,2025-02-12T13:05:25,286,false_positive
INV-00923,A-01197,ORG-002,ANALYST-04,2025-05-06T02:04:02,2025-05-06T06:50:50,377,escalated
INV-00924,A-01198,ORG-002,ANALYST-06,2025-03-22T02:18:42,2025-03-22T07:49:59,218,resolved
INV-00925,A-01200,ORG-002,ANALYST-05,2025-05-05T16:11:50,2025-05-05T18:29:51,310,resolved
INV-00926,A-01202,ORG-002,ANALYST-12,2025-01-02T16:58:29,2025-01-02T20:19:35,203,escalated
INV-00927,A-01203,ORG-002,ANALYST-16,2025-05-02T04:24:22,2025-05-02T08:58:16,526,escalated
INV-00928,A-01206,ORG-002,ANALYST-13,2025-05-27T19:35:38,2025-05-28T00:23:51,364,resolved
INV-00929,A-01207,ORG-002,ANALYST-12,2025-05-11T12:20:57,2025-05-11T13:37:22,155,resolved
INV-00930,A-01208,ORG-002,ANALYST-03,2025-05-04T07:28:00,2025-05-04T15:07:34,140,escalated
INV-00931,A-01210,ORG-002,ANALYST-10,2025-03-03T21:53:08,2025-03-04T04:45:42,234,resolved
INV-00932,A-01211,ORG-002,ANALYST-20,2025-05-09T01:23:06,2025-05-09T03:04:27,125,escalated
INV-00933,A-01212,ORG-002,ANALYST-14,2025-05-16T11:24:23,2025-05-16T16:34:19,596,escalated
INV-00934,A-01214,ORG-002,ANALYST-19,2025-02-17T04:44:33,2025-02-17T06:38:39,530,resolved
INV-00935,A-01215,ORG-002,ANALYST-11,2025-01-14T18:16:16,2025-01-15T00:30:52,440,resolved
INV-00936,A-01217,ORG-002,ANALYST-16,2025-05-02T14:42:12,2025-05-02T16:59:57,409,escalated
INV-00937,A-01218,ORG-002,ANALYST-07,2025-03-27T22:48:15,2025-03-28T00:54:17,234,resolved
INV-00938,A-01219,ORG-002,ANALYST-08,2025-05-17T13:13:54,2025-05-17T20:36:55,91,resolved
INV-00939,A-01220,ORG-002,ANALYST-08,2025-05-05T10:41:51,2025-05-05T14:20:08,187,escalated
INV-00940,A-01221,ORG-002,ANALYST-20,2025-01-13T08:05:31,2025-01-13T09:08:30,486,false_positive
INV-00941,A-01222,ORG-002,ANALYST-20,2025-03-03T21:39:14,2025-03-04T04:30:28,247,resolved
INV-00942,A-01223,ORG-002,ANALYST-18,2025-03-14T00:47:01,2025-03-14T04:08:12,374,resolved
INV-00943,A-01225,ORG-002,ANALYST-13,2025-06-03T04:37:34,2025-06-03T06:29:09,554,resolved
INV-00944,A-01226,ORG-002,ANALYST-09,2025-02-12T05:34:48,2025-02-12T07:26:39,292,resolved
INV-00945,A-01227,ORG-002,ANALYST-16,2025-04-28T22:09:22,2025-04-29T00:06:39,241,resolved
INV-00946,A-01228,ORG-002,ANALYST-10,2025-04-07T01:41:06,2025-04-07T02:18:10,342,resolved
INV-00947,A-01229,ORG-002,ANALYST-05,2025-04-13T22:09:06,2025-04-14T05:59:53,289,resolved
INV-00948,A-01231,ORG-002,ANALYST-11,2025-06-02T21:34:33,2025-06-03T05:18:04,228,resolved
INV-00949,A-01232,ORG-002,ANALYST-08,2025-05-18T15:52:33,2025-05-18T23:50:11,350,resolved
INV-00950,A-01233,ORG-002,ANALYST-16,2025-05-26T16:41:10,2025-05-26T22:00:11,653,escalated
INV-00951,A-01234,ORG-002,ANALYST-05,2025-06-01T00:31:30,2025-06-01T07:30:17,552,false_positive
INV-00952,A-01235,ORG-002,ANALYST-16,2025-04-04T18:16:05,2025-04-04T21:40:51,501,escalated
INV-00953,A-01236,ORG-002,ANALYST-17,2025-01-24T12:26:36,2025-01-24T14:43:03,358,resolved
INV-00954,A-01237,ORG-002,ANALYST-01,2025-02-27T23:07:11,2025-02-27T23:50:59,611,resolved
INV-00955,A-01239,ORG-002,ANALYST-01,2025-03-30T01:26:18,2025-03-30T04:52:35,306,resolved
INV-00956,A-01241,ORG-002,ANALYST-02,2025-05-06T03:06:02,2025-05-06T08:46:31,237,escalated
INV-00957,A-01242,ORG-002,ANALYST-03,2025-01-20T23:56:59,2025-01-21T02:35:19,243,resolved
INV-00958,A-01244,ORG-002,ANALYST-04,2025-06-09T20:56:52,2025-06-09T22:53:44,447,resolved
INV-00959,A-01245,ORG-002,ANALYST-17,2025-01-09T05:24:53,2025-01-09T07:10:04,263,resolved
INV-00960,A-01246,ORG-002,ANALYST-14,2025-05-29T18:52:25,2025-05-30T01:52:45,381,resolved
INV-00961,A-01247,ORG-002,ANALYST-17,2025-01-02T12:08:44,2025-01-02T15:59:46,348,resolved
INV-00962,A-01248,ORG-002,ANALYST-20,2025-04-10T05:57:19,2025-04-10T13:19:11,442,resolved
INV-00963,A-01250,ORG-002,ANALYST-07,2025-01-09T05:41:50,2025-01-09T08:04:06,485,false_positive
INV-00964,A-01251,ORG-002,ANALYST-07,2025-01-11T16:07:03,2025-01-11T18:54:51,361,resolved
INV-00965,A-01253,ORG-002,ANALYST-08,2025-06-28T22:12:34,2025-06-29T01:18:24,259,escalated
INV-00966,A-01254,ORG-002,ANALYST-19,2025-02-23T07:54:47,2025-02-23T15:02:46,181,resolved
INV-00967,A-01255,ORG-002,ANALYST-02,2025-01-15T18:55:03,2025-01-15T22:07:30,161,resolved
INV-00968,A-01257,ORG-002,ANALYST-19,2025-01-03T20:05:00,2025-01-04T00:43:37,475,resolved
INV-00969,A-01258,ORG-002,ANALYST-02,2025-02-11T22:04:23,2025-02-11T22:50:42,689,resolved
INV-00970,A-01259,ORG-002,ANALYST-07,2025-05-30T13:43:19,2025-05-30T18:35:00,236,resolved
INV-00971,A-01262,ORG-002,ANALYST-18,2025-01-18T07:57:00,2025-01-18T12:45:02,183,resolved
INV-00972,A-01263,ORG-002,ANALYST-13,2025-03-04T07:34:51,2025-03-04T13:21:43,290,resolved
INV-00973,A-01264,ORG-002,ANALYST-20,2025-05-12T07:10:17,2025-05-12T08:27:29,439,false_positive
INV-00974,A-01265,ORG-002,ANALYST-17,2025-06-17T08:38:24,2025-06-17T12:15:58,328,resolved
INV-00975,A-01267,ORG-002,ANALYST-18,2025-01-09T03:49:07,2025-01-09T06:38:13,220,false_positive
INV-00976,A-01268,ORG-002,ANALYST-12,2025-04-06T03:43:02,2025-04-06T11:28:15,380,false_positive
INV-00977,A-01269,ORG-002,ANALYST-15,2025-03-10T05:03:19,2025-03-10T07:36:38,179,false_positive
INV-00978,A-01271,ORG-002,ANALYST-07,2025-02-28T22:29:24,2025-02-28T23:52:08,204,resolved
INV-00979,A-01273,ORG-002,ANALYST-20,2025-02-10T14:17:24,2025-02-10T19:08:41,222,escalated
INV-00980,A-01274,ORG-002,ANALYST-04,2025-06-17T07:59:07,2025-06-17T15:29:31,612,escalated
INV-00981,A-01276,ORG-002,ANALYST-04,2025-01-19T00:55:32,2025-01-19T07:56:21,352,resolved
INV-00982,A-01277,ORG-002,ANALYST-20,2025-04-18T09:38:33,2025-04-18T12:06:49,600,resolved
INV-00983,A-01278,ORG-002,ANALYST-19,2025-03-28T09:28:05,2025-03-28T12:28:07,298,false_positive
INV-00984,A-01279,ORG-002,ANALYST-06,2025-01-23T22:35:51,2025-01-24T01:46:04,120,resolved
INV-00985,A-01281,ORG-002,ANALYST-04,2025-06-14T06:41:05,2025-06-14T14:32:35,283,resolved
INV-00986,A-01283,ORG-002,ANALYST-03,2025-01-07T15:39:17,2025-01-07T19:59:53,133,resolved
INV-00987,A-01286,ORG-002,ANALYST-04,2025-01-14T02:12:51,2025-01-14T06:28:32,220,resolved
INV-00988,A-01287,ORG-002,ANALYST-19,2025-06-03T03:56:57,2025-06-03T06:52:09,391,resolved
INV-00989,A-01288,ORG-002,ANALYST-06,2025-02-06T16:23:35,2025-02-06T17:47:40,149,resolved
INV-00990,A-01290,ORG-002,ANALYST-12,2025-02-02T01:45:30,2025-02-02T07:57:10,410,false_positive
INV-00991,A-01292,ORG-002,ANALYST-14,2025-05-26T12:31:57,2025-05-26T17:40:13,430,false_positive
INV-00992,A-01293,ORG-002,ANALYST-14,2025-04-07T15:42:22,2025-04-07T16:29:14,247,resolved
INV-00993,A-01294,ORG-002,ANALYST-11,2025-02-23T23:51:14,2025-02-24T07:41:51,255,false_positive
INV-00994,A-01295,ORG-002,ANALYST-19,2025-04-10T11:28:12,2025-04-10T18:14:11,227,resolved
INV-00995,A-01296,ORG-002,ANALYST-11,2025-01-27T19:01:31,2025-01-27T23:58:56,372,resolved
INV-00996,A-01297,ORG-002,ANALYST-11,2025-06-19T21:50:27,2025-06-20T01:11:25,425,resolved
INV-00997,A-01298,ORG-002,ANALYST-07,2025-02-24T05:13:18,2025-02-24T11:43:15,246,escalated
INV-00998,A-01299,ORG-002,ANALYST-07,2025-02-06T23:59:19,2025-02-07T03:24:42,336,resolved
INV-00999,A-01300,ORG-002,ANALYST-06,2025-02-10T02:44:05,2025-02-10T06:18:20,431,false_positive
INV-01000,A-01301,ORG-002,ANALYST-20,2025-04-21T08:47:13,2025-04-21T11:36:19,253,resolved
INV-01001,A-01303,ORG-002,ANALYST-14,2025-04-10T07:21:36,2025-04-10T08:19:26,210,open
INV-01002,A-01304,ORG-002,ANALYST-02,2025-01-24T06:27:50,2025-01-24T13:52:57,222,false_positive
INV-01003,A-01305,ORG-002,ANALYST-19,2025-06-29T19:23:46,2025-06-29T20:15:34,241,resolved
INV-01004,A-01306,ORG-002,ANALYST-09,2025-02-14T20:55:00,2025-02-15T04:15:32,542,false_positive
INV-01005,A-01307,ORG-002,ANALYST-16,2025-02-01T06:27:35,2025-02-01T09:24:53,307,resolved
INV-01006,A-01308,ORG-002,ANALYST-14,2025-02-24T09:38:56,2025-02-24T12:57:24,396,false_positive
INV-01007,A-01309,ORG-002,ANALYST-05,2025-06-14T14:48:32,2025-06-14T19:20:12,573,false_positive
INV-01008,A-01311,ORG-002,ANALYST-20,2025-04-28T22:06:51,2025-04-28T23:19:05,457,escalated
INV-01009,A-01312,ORG-002,ANALYST-13,2025-03-20T17:24:10,2025-03-20T20:00:15,660,open
INV-01010,A-01313,ORG-002,ANALYST-13,2025-05-19T12:52:58,2025-05-19T16:39:18,110,resolved
INV-01011,A-01314,ORG-002,ANALYST-16,2025-02-19T13:52:30,2025-02-19T16:44:25,90,resolved
INV-01012,A-01317,ORG-002,ANALYST-14,2025-06-16T17:54:51,2025-06-16T20:29:57,499,resolved
INV-01013,A-01318,ORG-002,ANALYST-08,2025-02-26T01:24:08,2025-02-26T03:25:50,108,false_positive
INV-01014,A-01320,ORG-002,ANALYST-06,2025-04-14T15:13:47,2025-04-14T18:41:32,458,resolved
INV-01015,A-01321,ORG-002,ANALYST-19,2025-06-14T12:05:13,2025-06-14T15:55:45,520,resolved
INV-01016,A-01322,ORG-002,ANALYST-01,2025-05-27T14:10:20,2025-05-27T15:54:33,247,resolved
INV-01017,A-01324,ORG-002,ANALYST-13,2025-06-02T20:47:49,2025-06-03T04:07:03,484,resolved
INV-01018,A-01325,ORG-002,ANALYST-10,2025-01-25T15:13:00,2025-01-25T19:03:42,179,escalated
INV-01019,A-01326,ORG-002,ANALYST-05,2025-02-08T16:10:15,2025-02-08T23:43:32,640,false_positive
INV-01020,A-01327,ORG-002,ANALYST-09,2025-02-17T12:36:51,2025-02-17T17:06:37,349,resolved
INV-01021,A-01329,ORG-002,ANALYST-14,2025-01-11T09:28:47,2025-01-11T15:55:38,69,resolved
INV-01022,A-01330,ORG-002,ANALYST-10,2025-06-18T17:46:46,2025-06-18T20:02:25,359,resolved
INV-01023,A-01331,ORG-002,ANALYST-17,2025-02-22T09:37:44,2025-02-22T15:52:09,310,resolved
INV-01024,A-01332,ORG-002,ANALYST-04,2025-02-25T10:22:34,2025-02-25T16:12:23,628,escalated
INV-01025,A-01334,ORG-002,ANALYST-07,2025-05-23T01:37:29,2025-05-23T03:25:08,275,escalated
INV-01026,A-01335,ORG-002,ANALYST-14,2025-03-23T09:34:40,2025-03-23T11:27:29,441,open
INV-01027,A-01338,ORG-002,ANALYST-11,2025-02-20T06:37:42,2025-02-20T13:52:59,423,escalated
INV-01028,A-01339,ORG-002,ANALYST-08,2025-04-12T03:18:33,2025-04-12T06:02:30,111,resolved
INV-01029,A-01340,ORG-002,ANALYST-09,2025-05-21T18:14:02,2025-05-21T21:28:03,77,false_positive
INV-01030,A-01342,ORG-002,ANALYST-06,2025-03-23T10:34:33,2025-03-23T13:16:59,419,resolved
INV-01031,A-01345,ORG-002,ANALYST-19,2025-04-29T16:21:47,2025-04-29T19:50:26,146,false_positive
INV-01032,A-01346,ORG-002,ANALYST-05,2025-04-15T22:53:43,2025-04-16T06:37:07,126,resolved
INV-01033,A-01348,ORG-002,ANALYST-02,2025-03-06T05:23:28,2025-03-06T06:38:26,434,resolved
INV-01034,A-01349,ORG-002,ANALYST-03,2025-01-22T00:07:59,2025-01-22T05:25:17,262,escalated
INV-01035,A-01350,ORG-002,ANALYST-10,2025-05-06T01:41:10,2025-05-06T04:13:23,116,resolved
INV-01036,A-01351,ORG-002,ANALYST-13,2025-03-11T19:02:44,2025-03-12T01:58:06,334,false_positive
INV-01037,A-01352,ORG-002,ANALYST-03,2025-02-16T18:31:44,2025-02-16T19:21:49,240,resolved
INV-01038,A-01354,ORG-002,ANALYST-16,2025-05-22T18:33:11,2025-05-22T20:57:44,455,resolved
INV-01039,A-01358,ORG-002,ANALYST-17,2025-04-05T13:53:48,2025-04-05T16:34:53,204,resolved
INV-01040,A-01359,ORG-002,ANALYST-11,2025-01-08T12:59:38,2025-01-08T19:58:08,561,resolved
INV-01041,A-01360,ORG-002,ANALYST-20,2025-02-23T04:55:25,2025-02-23T10:47:54,413,resolved
INV-01042,A-01361,ORG-002,ANALYST-15,2025-05-20T17:54:03,2025-05-21T01:16:48,122,resolved
INV-01043,A-01363,ORG-002,ANALYST-02,2025-06-12T03:49:52,2025-06-12T07:03:51,217,escalated
INV-01044,A-01364,ORG-002,ANALYST-08,2025-02-14T16:09:06,2025-02-14T20:44:27,586,resolved
INV-01045,A-01366,ORG-002,ANALYST-04,2025-02-11T12:03:33,2025-02-11T19:39:21,220,false_positive
INV-01046,A-01367,ORG-002,ANALYST-11,2025-05-08T11:46:49,2025-05-08T13:00:19,431,resolved
INV-01047,A-01368,ORG-002,ANALYST-06,2025-02-02T21:02:21,2025-02-03T01:19:18,583,resolved
INV-01048,A-01369,ORG-002,ANALYST-04,2025-04-16T07:54:20,2025-04-16T09:49:17,101,open
INV-01049,A-01370,ORG-002,ANALYST-18,2025-03-07T16:58:14,2025-03-08T00:33:57,169,resolved
INV-01050,A-01371,ORG-002,ANALYST-07,2025-03-11T06:13:10,2025-03-11T14:03:40,379,false_positive
INV-01051,A-01372,ORG-002,ANALYST-18,2025-01-13T08:30:55,2025-01-13T13:46:02,99,resolved
INV-01052,A-01373,ORG-002,ANALYST-17,2025-06-15T19:45:42,2025-06-15T21:12:15,497,false_positive
INV-01053,A-01375,ORG-002,ANALYST-07,2025-04-19T09:01:56,2025-04-19T12:53:23,280,resolved
INV-01054,A-01378,ORG-002,ANALYST-11,2025-01-27T11:24:44,2025-01-27T18:31:10,161,escalated
INV-01055,A-01379,ORG-002,ANALYST-10,2025-06-09T16:12:58,2025-06-09T17:12:57,320,escalated
INV-01056,A-01380,ORG-002,ANALYST-10,2025-01-15T13:09:01,2025-01-15T16:27:26,596,resolved
INV-01057,A-01381,ORG-002,ANALYST-04,2025-06-30T21:18:32,,148,open
INV-01058,A-01382,ORG-002,ANALYST-02,2025-04-22T22:47:48,2025-04-23T01:24:14,463,resolved
INV-01059,A-01383,ORG-002,ANALYST-10,2025-04-23T05:22:53,2025-04-23T11:52:11,75,false_positive
INV-01060,A-01384,ORG-002,ANALYST-03,2025-05-08T18:25:40,2025-05-08T20:10:25,168,false_positive
INV-01061,A-01385,ORG-002,ANALYST-18,2025-03-20T20:56:00,2025-03-21T02:48:41,578,escalated
INV-01062,A-01386,ORG-002,ANALYST-05,2025-05-03T15:24:19,2025-05-03T22:21:04,186,escalated
INV-01063,A-01388,ORG-002,ANALYST-20,2025-04-06T18:03:02,2025-04-06T20:28:16,441,resolved
INV-01064,A-01392,ORG-002,ANALYST-13,2025-02-14T23:21:35,2025-02-15T00:31:00,316,open
INV-01065,A-01393,ORG-002,ANALYST-15,2025-06-11T05:39:49,2025-06-11T08:02:30,173,resolved
INV-01066,A-01395,ORG-002,ANALYST-08,2025-02-10T06:52:06,2025-02-10T13:23:48,681,resolved
INV-01067,A-01396,ORG-002,ANALYST-10,2025-06-01T19:48:36,2025-06-02T01:04:55,388,resolved
INV-01068,A-01397,ORG-002,ANALYST-10,2025-04-02T23:39:53,2025-04-03T03:19:51,449,resolved
INV-01069,A-01398,ORG-002,ANALYST-08,2025-02-01T04:33:50,2025-02-01T05:13:11,215,resolved
INV-01070,A-01399,ORG-002,ANALYST-09,2025-02-22T02:45:57,2025-02-22T04:09:55,437,resolved
INV-01071,A-01400,ORG-002,ANALYST-08,2025-06-21T20:57:38,2025-06-21T23:45:18,367,escalated
INV-01072,A-01401,ORG-002,ANALYST-06,2025-03-23T14:25:17,2025-03-23T16:40:54,291,escalated
INV-01073,A-01402,ORG-002,ANALYST-19,2025-02-08T21:34:49,2025-02-09T03:33:21,388,resolved
INV-01074,A-01403,ORG-002,ANALYST-18,2025-01-10T01:04:48,2025-01-10T03:46:30,270,resolved
INV-01075,A-01405,ORG-002,ANALYST-05,2025-05-24T12:51:36,2025-05-24T17:22:35,406,escalated
INV-01076,A-01408,ORG-002,ANALYST-01,2025-01-09T16:28:42,2025-01-09T18:29:55,350,false_positive
INV-01077,A-01409,ORG-002,ANALYST-01,2025-04-08T22:12:02,2025-04-09T01:13:40,159,escalated
INV-01078,A-01411,ORG-002,ANALYST-06,2025-06-09T16:38:00,2025-06-09T23:48:00,200,false_positive
INV-01079,A-01412,ORG-002,ANALYST-07,2025-02-13T20:11:33,2025-02-14T03:17:54,555,escalated
INV-01080,A-01413,ORG-002,ANALYST-12,2025-06-11T21:09:01,2025-06-11T23:12:36,117,resolved
INV-01081,A-01414,ORG-002,ANALYST-04,2025-05-29T11:18:36,2025-05-29T15:35:16,161,resolved
INV-01082,A-01415,ORG-002,ANALYST-11,2025-06-21T17:47:57,2025-06-21T23:37:46,643,resolved
INV-01083,A-01417,ORG-002,ANALYST-07,2025-06-30T00:26:07,2025-06-30T01:07:03,595,resolved
INV-01084,A-01420,ORG-002,ANALYST-05,2025-04-11T15:03:50,2025-04-11T22:50:09,223,false_positive
INV-01085,A-01421,ORG-002,ANALYST-03,2025-04-15T18:29:29,2025-04-15T23:53:03,232,resolved
INV-01086,A-01422,ORG-002,ANALYST-03,2025-04-06T09:41:47,2025-04-06T12:12:12,182,resolved
INV-01087,A-01423,ORG-002,ANALYST-09,2025-01-16T15:49:20,2025-01-16T17:49:14,525,resolved
INV-01088,A-01424,ORG-002,ANALYST-19,2025-06-17T14:15:23,2025-06-17T21:39:06,141,resolved
INV-01089,A-01425,ORG-002,ANALYST-05,2025-01-12T05:42:44,2025-01-12T06:26:50,541,resolved
INV-01090,A-01426,ORG-002,ANALYST-20,2025-02-20T19:18:02,2025-02-20T21:08:49,442,resolved
INV-01091,A-01427,ORG-002,ANALYST-20,2025-01-30T07:13:21,2025-01-30T12:17:11,223,resolved
INV-01092,A-01428,ORG-002,ANALYST-12,2025-01-10T12:57:23,2025-01-10T16:53:45,529,resolved
INV-01093,A-01431,ORG-002,ANALYST-07,2025-05-19T17:13:53,2025-05-19T21:26:00,426,resolved
INV-01094,A-01432,ORG-002,ANALYST-05,2025-05-31T02:02:54,2025-05-31T04:13:48,133,resolved
INV-01095,A-01433,ORG-002,ANALYST-01,2025-02-19T04:53:59,2025-02-19T10:13:02,116,escalated
INV-01096,A-01435,ORG-002,ANALYST-05,2025-04-13T15:32:27,2025-04-13T18:14:44,247,resolved
INV-01097,A-01436,ORG-002,ANALYST-08,2025-05-06T07:40:24,2025-05-06T08:21:42,314,escalated
INV-01098,A-01437,ORG-002,ANALYST-03,2025-02-11T16:26:06,2025-02-11T19:13:38,336,false_positive
INV-01099,A-01440,ORG-002,ANALYST-10,2025-02-07T07:33:40,2025-02-07T11:29:42,310,escalated
INV-01100,A-01441,ORG-002,ANALYST-12,2025-04-09T05:58:16,2025-04-09T07:27:46,223,resolved
INV-01101,A-01443,ORG-002,ANALYST-12,2025-06-15T16:15:25,2025-06-15T18:39:31,378,false_positive
INV-01102,A-01444,ORG-002,ANALYST-20,2025-06-06T16:05:38,2025-06-06T17:27:17,332,resolved
INV-01103,A-01445,ORG-002,ANALYST-07,2025-04-28T18:52:28,2025-04-29T01:07:00,352,resolved
INV-01104,A-01446,ORG-002,ANALYST-03,2025-06-21T11:39:37,2025-06-21T12:51:34,697,resolved
INV-01105,A-01448,ORG-002,ANALYST-18,2025-04-24T21:26:02,2025-04-24T22:57:12,310,false_positive
INV-01106,A-01449,ORG-002,ANALYST-14,2025-02-21T08:40:57,2025-02-21T10:16:19,183,false_positive
INV-01107,A-01450,ORG-002,ANALYST-04,2025-06-22T03:25:56,2025-06-22T04:34:39,369,escalated
INV-01108,A-01453,ORG-002,ANALYST-03,2025-03-29T17:14:34,2025-03-29T18:26:28,230,false_positive
INV-01109,A-01454,ORG-002,ANALYST-12,2025-04-12T01:27:08,2025-04-12T02:20:32,211,resolved
INV-01110,A-01455,ORG-002,ANALYST-04,2025-03-26T15:30:25,2025-03-26T22:19:15,299,escalated
INV-01111,A-01456,ORG-002,ANALYST-03,2025-04-12T02:32:54,2025-04-12T08:34:38,259,false_positive
INV-01112,A-01457,ORG-002,ANALYST-07,2025-05-25T17:40:07,2025-05-26T01:09:19,230,false_positive
INV-01113,A-01458,ORG-002,ANALYST-16,2025-02-05T17:05:58,2025-02-05T23:18:03,317,escalated
INV-01114,A-01459,ORG-002,ANALYST-08,2025-06-11T10:54:55,2025-06-11T12:28:10,275,false_positive
INV-01115,A-01461,ORG-002,ANALYST-04,2025-05-06T07:16:51,2025-05-06T08:16:00,559,resolved
INV-01116,A-01463,ORG-002,ANALYST-19,2025-04-24T07:23:39,2025-04-24T14:19:18,419,false_positive
INV-01117,A-01464,ORG-002,ANALYST-20,2025-06-18T23:13:06,2025-06-19T05:33:34,488,escalated
INV-01118,A-01465,ORG-002,ANALYST-12,2025-01-18T12:25:24,2025-01-18T20:03:18,396,resolved
INV-01119,A-01466,ORG-002,ANALYST-19,2025-01-21T02:11:52,2025-01-21T05:30:56,379,open
INV-01120,A-01467,ORG-002,ANALYST-20,2025-03-20T12:10:51,2025-03-20T16:23:34,203,open
INV-01121,A-01469,ORG-002,ANALYST-12,2025-04-28T22:45:13,2025-04-29T04:44:12,216,resolved
INV-01122,A-01471,ORG-002,ANALYST-18,2025-06-25T06:30:10,2025-06-25T07:16:31,255,false_positive
INV-01123,A-01472,ORG-002,ANALYST-19,2025-03-26T09:56:15,2025-03-26T13:55:06,293,resolved
INV-01124,A-01474,ORG-002,ANALYST-04,2025-06-06T19:40:31,2025-06-07T03:00:20,114,false_positive
INV-01125,A-01475,ORG-002,ANALYST-02,2025-04-25T04:56:59,2025-04-25T07:55:28,210,false_positive
INV-01126,A-01476,ORG-002,ANALYST-17,2025-01-13T07:24:01,2025-01-13T11:25:28,386,resolved
INV-01127,A-01477,ORG-002,ANALYST-09,2025-01-10T07:43:36,2025-01-10T13:47:52,262,resolved
INV-01128,A-01479,ORG-002,ANALYST-09,2025-05-02T19:46:14,2025-05-02T22:16:39,119,resolved
INV-01129,A-01480,ORG-002,ANALYST-13,2025-02-01T14:38:24,2025-02-01T16:24:42,601,escalated
INV-01130,A-01482,ORG-002,ANALYST-01,2025-05-16T22:35:18,2025-05-17T01:29:13,151,false_positive
INV-01131,A-01483,ORG-002,ANALYST-12,2025-02-09T09:15:51,2025-02-09T12:37:26,355,resolved
INV-01132,A-01484,ORG-002,ANALYST-04,2025-01-03T02:30:23,2025-01-03T09:10:40,260,escalated
INV-01133,A-01485,ORG-002,ANALYST-13,2025-01-26T19:36:04,2025-01-26T23:14:27,304,resolved
INV-01134,A-01486,ORG-002,ANALYST-11,2025-04-26T02:26:26,2025-04-26T08:12:32,124,resolved
INV-01135,A-01487,ORG-002,ANALYST-15,2025-03-25T17:45:26,2025-03-25T20:24:35,204,escalated
INV-01136,A-01489,ORG-002,ANALYST-19,2025-01-03T19:42:40,2025-01-04T03:40:50,374,false_positive
INV-01137,A-01490,ORG-002,ANALYST-20,2025-04-22T08:04:42,2025-04-22T13:03:01,628,resolved
INV-01138,A-01492,ORG-002,ANALYST-01,2025-03-07T19:36:11,2025-03-08T02:49:39,176,escalated
INV-01139,A-01493,ORG-002,ANALYST-13,2025-05-13T07:51:21,2025-05-13T08:54:42,354,resolved
INV-01140,A-01494,ORG-002,ANALYST-06,2025-03-12T22:14:44,2025-03-12T23:30:48,192,resolved
INV-01141,A-01495,ORG-002,ANALYST-15,2025-05-12T20:52:56,2025-05-13T02:17:20,153,escalated
INV-01142,A-01496,ORG-002,ANALYST-11,2025-05-07T14:02:58,2025-05-07T15:48:44,410,resolved
INV-01143,A-01497,ORG-002,ANALYST-18,2025-05-31T03:26:42,2025-05-31T09:29:16,267,escalated
INV-01144,A-01499,ORG-002,ANALYST-05,2025-05-20T05:47:48,2025-05-20T12:11:53,485,false_positive
INV-01145,A-01500,ORG-002,ANALYST-18,2025-05-06T18:43:24,2025-05-07T00:55:18,359,resolved
INV-01146,A-01502,ORG-002,ANALYST-01,2025-02-08T04:31:44,2025-02-08T06:43:43,642,resolved
INV-01147,A-01505,ORG-002,ANALYST-01,2025-06-03T15:23:45,2025-06-03T20:40:08,304,escalated
INV-01148,A-01507,ORG-002,ANALYST-02,2025-03-16T01:33:00,2025-03-16T07:13:51,57,escalated
INV-01149,A-01508,ORG-002,ANALYST-13,2025-06-15T13:50:57,2025-06-15T19:06:53,355,resolved
INV-01150,A-01509,ORG-002,ANALYST-18,2025-05-04T23:28:17,2025-05-05T06:11:34,478,resolved
INV-01151,A-01510,ORG-002,ANALYST-11,2025-06-18T07:59:11,2025-06-18T09:25:29,594,resolved
INV-01152,A-01516,ORG-003,ANALYST-04,2025-04-19T11:13:37,2025-04-19T14:56:58,498,false_positive
INV-01153,A-01517,ORG-003,ANALYST-10,2025-02-05T09:49:11,2025-02-05T14:09:27,263,escalated
INV-01154,A-01519,ORG-003,ANALYST-19,2025-03-16T22:37:17,2025-03-16T22:40:48,68,resolved
INV-01155,A-01520,ORG-003,ANALYST-17,2025-04-22T12:25:01,2025-04-22T17:45:56,216,escalated
INV-01156,A-01522,ORG-003,ANALYST-04,2025-05-02T01:00:26,2025-05-02T03:27:33,400,false_positive
INV-01157,A-01524,ORG-003,ANALYST-18,2025-02-06T05:32:11,2025-02-06T05:35:33,52,resolved
INV-01158,A-01528,ORG-003,ANALYST-18,2025-05-31T00:59:17,2025-05-31T06:53:59,196,escalated
INV-01159,A-01529,ORG-003,ANALYST-04,2025-06-18T07:55:11,2025-06-18T09:44:37,239,resolved
INV-01160,A-01530,ORG-003,ANALYST-13,2025-06-13T03:24:32,2025-06-13T09:36:44,235,resolved
INV-01161,A-01531,ORG-003,ANALYST-15,2025-05-16T20:00:07,2025-05-17T01:30:14,259,false_positive
INV-01162,A-01536,ORG-003,ANALYST-09,2025-03-21T18:26:10,2025-03-21T18:30:38,40,resolved
INV-01163,A-01541,ORG-003,ANALYST-01,2025-02-13T00:31:12,2025-02-13T06:33:34,317,resolved
INV-01164,A-01544,ORG-003,ANALYST-06,2025-02-01T03:44:38,2025-02-01T06:55:15,296,escalated
INV-01165,A-01545,ORG-003,ANALYST-03,2025-03-02T09:10:53,2025-03-02T15:15:48,149,resolved
INV-01166,A-01546,ORG-003,ANALYST-17,2025-03-14T09:19:43,2025-03-14T14:41:01,427,resolved
INV-01167,A-01552,ORG-003,ANALYST-06,2025-03-31T17:15:41,2025-03-31T23:32:46,144,open
INV-01168,A-01556,ORG-003,ANALYST-16,2025-02-25T13:53:10,2025-02-25T21:02:22,224,false_positive
INV-01169,A-01558,ORG-003,ANALYST-18,2025-04-06T04:11:24,2025-04-06T09:44:33,294,escalated
INV-01170,A-01559,ORG-003,ANALYST-13,2025-05-08T05:14:57,2025-05-08T11:16:18,296,resolved
INV-01171,A-01563,ORG-003,ANALYST-12,2025-04-03T02:16:00,2025-04-03T06:38:05,188,resolved
INV-01172,A-01564,ORG-003,ANALYST-18,2025-02-20T23:04:15,2025-02-21T01:29:04,285,escalated
INV-01173,A-01565,ORG-003,ANALYST-11,2025-01-21T22:29:55,2025-01-22T05:52:36,223,escalated
INV-01174,A-01567,ORG-003,ANALYST-20,2025-04-13T14:52:34,2025-04-13T21:39:43,131,resolved
INV-01175,A-01568,ORG-003,ANALYST-05,2025-06-12T15:06:40,2025-06-12T15:10:35,36,resolved
INV-01176,A-01569,ORG-003,ANALYST-08,2025-02-04T00:47:25,2025-02-04T06:21:28,403,resolved
INV-01177,A-01571,ORG-003,ANALYST-17,2025-06-21T04:23:23,2025-06-21T04:27:35,79,resolved
INV-01178,A-01572,ORG-003,ANALYST-01,2025-06-08T11:50:33,2025-06-08T11:53:17,21,resolved
INV-01179,A-01574,ORG-003,ANALYST-07,2025-01-24T19:03:51,2025-01-24T22:15:13,290,resolved
INV-01180,A-01575,ORG-003,ANALYST-19,2025-02-26T07:36:49,2025-02-26T08:53:15,180,escalated
INV-01181,A-01576,ORG-003,ANALYST-19,2025-05-05T13:41:06,2025-05-05T13:44:50,40,false_positive
INV-01182,A-01579,ORG-003,ANALYST-01,2025-03-26T01:48:58,2025-03-26T02:59:17,281,escalated
INV-01183,A-01582,ORG-003,ANALYST-18,2025-04-17T11:46:00,2025-04-17T15:42:23,471,resolved
INV-01184,A-01584,ORG-003,ANALYST-16,2025-01-24T02:39:02,2025-01-24T09:09:42,500,escalated
INV-01185,A-01587,ORG-003,ANALYST-13,2025-06-15T00:35:47,2025-06-15T02:47:47,107,resolved
INV-01186,A-01588,ORG-003,ANALYST-17,2025-01-28T02:31:49,2025-01-28T06:05:06,260,open
INV-01187,A-01590,ORG-003,ANALYST-13,2025-01-29T02:09:32,2025-01-29T02:14:03,80,resolved
INV-01188,A-01591,ORG-003,ANALYST-09,2025-04-25T06:26:07,2025-04-25T13:22:18,234,escalated
INV-01189,A-01594,ORG-003,ANALYST-03,2025-05-18T22:17:40,2025-05-18T22:19:52,60,resolved
INV-01190,A-01596,ORG-003,ANALYST-09,2025-06-28T16:49:35,2025-06-29T00:29:41,51,resolved
INV-01191,A-01597,ORG-003,ANALYST-08,2025-02-05T15:11:29,2025-02-05T19:48:40,146,resolved
INV-01192,A-01598,ORG-003,ANALYST-18,2025-01-02T05:08:27,2025-01-02T05:11:56,61,escalated
INV-01193,A-01601,ORG-003,ANALYST-14,2025-01-27T12:50:32,2025-01-27T13:59:14,403,resolved
INV-01194,A-01603,ORG-003,ANALYST-18,2025-06-04T22:25:39,2025-06-05T04:19:33,393,resolved
INV-01195,A-01606,ORG-003,ANALYST-05,2025-06-25T03:53:21,2025-06-25T04:48:08,280,escalated
INV-01196,A-01608,ORG-003,ANALYST-11,2025-02-19T21:07:08,2025-02-19T23:49:16,177,resolved
INV-01197,A-01609,ORG-003,ANALYST-08,2025-05-25T20:20:32,2025-05-26T01:49:47,233,open
INV-01198,A-01612,ORG-003,ANALYST-03,2025-03-18T11:24:47,2025-03-18T15:07:15,143,open
INV-01199,A-01619,ORG-003,ANALYST-02,2025-06-25T02:15:04,2025-06-25T06:00:13,105,resolved
INV-01200,A-01620,ORG-003,ANALYST-12,2025-03-04T04:27:14,2025-03-04T06:37:13,435,escalated
INV-01201,A-01622,ORG-003,ANALYST-12,2025-06-14T02:26:38,2025-06-14T03:23:40,462,escalated
INV-01202,A-01624,ORG-003,ANALYST-01,2025-05-31T04:35:46,2025-05-31T06:10:29,242,resolved
INV-01203,A-01625,ORG-003,ANALYST-03,2025-04-09T12:00:19,2025-04-09T15:05:32,68,resolved
INV-01204,A-01626,ORG-003,ANALYST-12,2025-06-21T00:23:15,2025-06-21T05:51:08,138,escalated
INV-01205,A-01627,ORG-003,ANALYST-14,2025-01-09T21:19:00,2025-01-09T22:21:23,349,resolved
INV-01206,A-01628,ORG-003,ANALYST-15,2025-03-25T07:29:03,2025-03-25T11:30:19,344,resolved
INV-01207,A-01630,ORG-003,ANALYST-01,2025-03-01T15:27:47,2025-03-01T18:00:40,101,resolved
INV-01208,A-01631,ORG-003,ANALYST-12,2025-03-06T22:15:46,2025-03-07T04:31:24,105,resolved
INV-01209,A-01632,ORG-003,ANALYST-06,2025-02-05T15:51:58,2025-02-05T15:55:03,57,resolved
INV-01210,A-01633,ORG-003,ANALYST-01,2025-06-03T06:53:47,2025-06-03T08:01:52,477,escalated
INV-01211,A-01634,ORG-003,ANALYST-18,2025-03-11T07:30:54,2025-03-11T12:56:21,311,resolved
INV-01212,A-01635,ORG-003,ANALYST-20,2025-03-16T17:28:26,2025-03-16T19:12:45,287,resolved
INV-01213,A-01637,ORG-003,ANALYST-14,2025-01-18T03:42:17,2025-01-18T11:13:23,129,resolved
INV-01214,A-01641,ORG-003,ANALYST-06,2025-05-17T00:14:26,2025-05-17T00:19:01,24,resolved
INV-01215,A-01642,ORG-003,ANALYST-04,2025-05-14T08:58:30,2025-05-14T10:26:37,357,resolved
INV-01216,A-01644,ORG-003,ANALYST-11,2025-03-16T06:20:07,2025-03-16T07:17:36,284,resolved
INV-01217,A-01647,ORG-003,ANALYST-06,2025-04-10T19:02:16,2025-04-10T19:06:18,20,resolved
INV-01218,A-01648,ORG-003,ANALYST-09,2025-01-27T06:58:30,2025-01-27T10:00:00,349,open
INV-01219,A-01649,ORG-003,ANALYST-20,2025-05-26T06:40:39,2025-05-26T12:25:55,463,resolved
INV-01220,A-01650,ORG-003,ANALYST-05,2025-01-25T18:57:58,2025-01-25T21:59:14,212,false_positive
INV-01221,A-01651,ORG-003,ANALYST-02,2025-05-16T01:04:09,2025-05-16T01:06:58,77,escalated
INV-01222,A-01652,ORG-003,ANALYST-12,2025-03-19T00:49:18,2025-03-19T01:50:40,233,escalated
INV-01223,A-01653,ORG-003,ANALYST-05,2025-06-25T08:44:20,2025-06-25T08:47:17,69,resolved
INV-01224,A-01654,ORG-003,ANALYST-06,2025-04-02T07:47:06,2025-04-02T08:39:25,199,escalated
INV-01225,A-01659,ORG-003,ANALYST-09,2025-03-12T07:17:58,2025-03-12T07:21:11,39,escalated
INV-01226,A-01661,ORG-003,ANALYST-13,2025-02-02T11:35:13,2025-02-02T11:37:56,28,resolved
INV-01227,A-01663,ORG-003,ANALYST-02,2025-05-11T21:16:29,2025-05-12T02:26:46,373,escalated
INV-01228,A-01665,ORG-003,ANALYST-08,2025-05-08T20:28:09,2025-05-08T23:22:08,202,resolved
INV-01229,A-01675,ORG-003,ANALYST-05,2025-01-18T01:56:27,2025-01-18T07:51:54,132,escalated
INV-01230,A-01680,ORG-003,ANALYST-08,2025-04-21T04:05:08,2025-04-21T08:45:12,153,open
INV-01231,A-01685,ORG-003,ANALYST-05,2025-05-15T08:20:55,2025-05-15T15:36:07,106,false_positive
INV-01232,A-01688,ORG-003,ANALYST-02,2025-01-05T21:06:39,2025-01-06T03:36:09,118,resolved
INV-01233,A-01695,ORG-003,ANALYST-20,2025-02-14T03:41:29,2025-02-14T09:41:00,189,resolved
INV-01234,A-01696,ORG-003,ANALYST-14,2025-06-01T19:44:01,2025-06-01T19:47:49,25,resolved
INV-01235,A-01699,ORG-003,ANALYST-18,2025-01-31T06:53:59,2025-01-31T06:59:35,34,false_positive
INV-01236,A-01700,ORG-003,ANALYST-14,2025-06-16T23:22:06,2025-06-17T05:36:18,286,escalated
INV-01237,A-01701,ORG-003,ANALYST-05,2025-04-04T01:27:30,2025-04-04T04:20:56,87,resolved
INV-01238,A-01703,ORG-003,ANALYST-19,2025-01-31T00:45:48,2025-01-31T08:00:14,178,escalated
INV-01239,A-01704,ORG-003,ANALYST-20,2025-02-04T18:23:48,2025-02-04T20:33:45,272,resolved
INV-01240,A-01705,ORG-003,ANALYST-18,2025-06-17T23:56:41,2025-06-18T01:29:20,64,resolved
INV-01241,A-01707,ORG-003,ANALYST-08,2025-03-04T21:46:51,2025-03-04T21:49:09,69,resolved
INV-01242,A-01708,ORG-003,ANALYST-11,2025-06-10T21:29:05,2025-06-10T22:33:37,474,resolved
INV-01243,A-01712,ORG-003,ANALYST-01,2025-04-07T11:00:09,2025-04-07T15:50:44,170,resolved
INV-01244,A-01713,ORG-003,ANALYST-10,2025-01-19T16:24:20,2025-01-19T18:16:04,137,false_positive
INV-01245,A-01714,ORG-003,ANALYST-02,2025-03-31T22:50:17,2025-04-01T03:02:00,389,open
INV-01246,A-01715,ORG-003,ANALYST-06,2025-06-23T10:37:30,2025-06-23T10:42:04,28,resolved
INV-01247,A-01719,ORG-003,ANALYST-02,2025-05-04T17:03:44,2025-05-04T18:52:46,181,resolved
INV-01248,A-01720,ORG-003,ANALYST-10,2025-02-22T23:11:37,2025-02-23T06:58:16,345,resolved
INV-01249,A-01724,ORG-003,ANALYST-09,2025-04-02T07:35:43,2025-04-02T07:39:21,56,resolved
INV-01250,A-01725,ORG-003,ANALYST-08,2025-05-07T05:35:18,2025-05-07T05:38:55,40,resolved
INV-01251,A-01726,ORG-003,ANALYST-14,2025-03-09T22:55:14,2025-03-10T03:37:54,445,resolved
INV-01252,A-01728,ORG-003,ANALYST-14,2025-04-29T20:17:21,2025-04-30T00:33:25,226,resolved
INV-01253,A-01730,ORG-003,ANALYST-09,2025-02-17T11:53:18,2025-02-17T11:58:57,37,resolved
INV-01254,A-01733,ORG-003,ANALYST-09,2025-05-11T00:20:47,2025-05-11T06:08:58,151,resolved
INV-01255,A-01734,ORG-003,ANALYST-16,2025-03-28T13:20:11,2025-03-28T14:53:04,244,resolved
INV-01256,A-01735,ORG-003,ANALYST-12,2025-02-07T13:51:35,2025-02-07T18:07:01,136,resolved
INV-01257,A-01736,ORG-003,ANALYST-14,2025-02-17T12:34:36,2025-02-17T18:14:05,267,resolved
INV-01258,A-01739,ORG-003,ANALYST-01,2025-03-06T08:44:15,2025-03-06T13:31:40,384,false_positive
INV-01259,A-01741,ORG-003,ANALYST-12,2025-01-17T10:28:47,2025-01-17T10:33:07,23,false_positive
INV-01260,A-01742,ORG-003,ANALYST-06,2025-01-07T12:04:10,2025-01-07T12:07:24,36,resolved
INV-01261,A-01743,ORG-003,ANALYST-13,2025-03-22T20:28:15,2025-03-23T04:15:42,500,false_positive
INV-01262,A-01745,ORG-003,ANALYST-15,2025-05-06T14:59:50,2025-05-06T16:05:00,117,resolved
INV-01263,A-01747,ORG-003,ANALYST-13,2025-06-08T07:55:42,2025-06-08T12:16:14,136,resolved
INV-01264,A-01748,ORG-003,ANALYST-08,2025-02-08T16:07:59,2025-02-08T22:18:33,104,resolved
INV-01265,A-01749,ORG-003,ANALYST-09,2025-02-09T17:47:25,2025-02-09T20:05:09,309,resolved
INV-01266,A-01751,ORG-003,ANALYST-07,2025-02-18T12:05:12,2025-02-18T15:57:22,128,resolved
INV-01267,A-01754,ORG-003,ANALYST-05,2025-01-18T16:22:51,2025-01-18T22:54:20,249,resolved
INV-01268,A-01756,ORG-003,ANALYST-14,2025-05-05T18:27:53,2025-05-05T21:20:07,77,escalated
INV-01269,A-01757,ORG-003,ANALYST-18,2025-01-10T19:51:52,2025-01-10T22:26:03,273,false_positive
INV-01270,A-01758,ORG-003,ANALYST-02,2025-04-09T05:09:35,2025-04-09T05:14:08,71,open
INV-01271,A-01762,ORG-003,ANALYST-10,2025-05-11T00:59:55,2025-05-11T05:54:38,455,resolved
INV-01272,A-01764,ORG-003,ANALYST-16,2025-04-06T22:10:24,2025-04-06T22:16:15,80,resolved
INV-01273,A-01765,ORG-003,ANALYST-06,2025-06-16T10:38:08,2025-06-16T10:41:44,44,escalated
INV-01274,A-01767,ORG-003,ANALYST-10,2025-02-27T08:05:32,2025-02-27T08:45:38,357,false_positive
INV-01275,A-01768,ORG-003,ANALYST-12,2025-02-22T15:41:53,2025-02-22T16:17:31,414,escalated
INV-01276,A-01769,ORG-003,ANALYST-06,2025-02-06T21:59:02,2025-02-07T04:52:24,303,resolved
INV-01277,A-01773,ORG-003,ANALYST-11,2025-06-29T10:26:22,2025-06-29T10:30:53,40,escalated
INV-01278,A-01774,ORG-003,ANALYST-10,2025-05-06T09:26:49,2025-05-06T09:31:54,62,escalated
INV-01279,A-01775,ORG-003,ANALYST-11,2025-05-02T01:45:19,2025-05-02T01:49:40,26,resolved
INV-01280,A-01776,ORG-003,ANALYST-06,2025-02-22T23:38:56,2025-02-23T06:33:36,132,false_positive
INV-01281,A-01779,ORG-003,ANALYST-17,2025-06-23T15:26:04,2025-06-23T16:55:59,267,resolved
INV-01282,A-01780,ORG-003,ANALYST-06,2025-06-12T13:31:50,2025-06-12T13:35:29,56,false_positive
INV-01283,A-01781,ORG-003,ANALYST-13,2025-06-11T16:40:17,2025-06-11T23:52:38,426,resolved
INV-01284,A-01783,ORG-003,ANALYST-01,2025-06-07T00:39:03,2025-06-07T00:41:49,39,escalated
INV-01285,A-01787,ORG-003,ANALYST-02,2025-04-10T20:37:25,2025-04-10T21:18:17,212,false_positive
INV-01286,A-01788,ORG-003,ANALYST-07,2025-05-18T03:17:03,2025-05-18T03:23:02,67,resolved
INV-01287,A-01789,ORG-003,ANALYST-09,2025-03-04T11:33:51,2025-03-04T11:36:36,35,false_positive
INV-01288,A-01791,ORG-003,ANALYST-06,2025-01-12T17:17:21,2025-01-12T21:43:23,334,escalated
INV-01289,A-01793,ORG-003,ANALYST-17,2025-02-11T19:09:45,2025-02-11T20:25:14,136,escalated
INV-01290,A-01794,ORG-003,ANALYST-18,2025-02-04T10:19:43,2025-02-04T14:46:46,128,open
INV-01291,A-01795,ORG-003,ANALYST-20,2025-06-03T14:48:36,2025-06-03T14:53:39,29,resolved
INV-01292,A-01798,ORG-003,ANALYST-04,2025-02-02T13:07:00,2025-02-02T18:22:26,434,false_positive
INV-01293,A-01799,ORG-003,ANALYST-04,2025-03-21T16:02:13,2025-03-21T22:51:39,280,open
INV-01294,A-01800,ORG-003,ANALYST-01,2025-04-16T03:45:22,2025-04-16T05:52:41,233,false_positive
INV-01295,A-01802,ORG-003,ANALYST-19,2025-03-29T03:19:09,2025-03-29T09:13:06,278,open
INV-01296,A-01803,ORG-003,ANALYST-10,2025-05-02T23:59:14,2025-05-03T00:04:22,76,resolved
INV-01297,A-01805,ORG-003,ANALYST-20,2025-04-05T04:17:51,2025-04-05T11:54:50,334,resolved
INV-01298,A-01807,ORG-003,ANALYST-17,2025-01-22T21:58:38,2025-01-23T02:38:56,422,resolved
INV-01299,A-01808,ORG-003,ANALYST-01,2025-01-21T20:37:57,2025-01-22T01:59:25,235,resolved
INV-01300,A-01815,ORG-003,ANALYST-12,2025-06-27T18:16:11,2025-06-27T19:11:15,234,resolved
INV-01301,A-01816,ORG-003,ANALYST-10,2025-05-06T06:09:36,2025-05-06T06:13:15,26,resolved
INV-01302,A-01817,ORG-003,ANALYST-16,2025-03-25T23:41:18,2025-03-26T07:07:00,283,escalated
INV-01303,A-01818,ORG-003,ANALYST-07,2025-06-20T12:57:21,2025-06-20T14:29:03,318,resolved
INV-01304,A-01819,ORG-003,ANALYST-02,2025-02-28T20:10:42,2025-02-28T20:16:42,45,resolved
INV-01305,A-01821,ORG-003,ANALYST-05,2025-03-04T22:16:15,2025-03-05T03:07:07,261,false_positive
INV-01306,A-01822,ORG-003,ANALYST-10,2025-01-25T06:00:38,2025-01-25T06:03:33,48,escalated
INV-01307,A-01823,ORG-003,ANALYST-14,2025-02-26T02:01:53,2025-02-26T07:59:59,133,resolved
INV-01308,A-01824,ORG-003,ANALYST-10,2025-03-02T17:04:48,2025-03-02T18:49:43,270,escalated
INV-01309,A-01825,ORG-003,ANALYST-03,2025-01-01T18:39:19,2025-01-01T20:50:15,134,false_positive
INV-01310,A-01827,ORG-003,ANALYST-11,2025-05-01T01:05:58,2025-05-01T07:44:39,383,resolved
INV-01311,A-01828,ORG-003,ANALYST-11,2025-01-28T04:11:09,2025-01-28T04:15:17,51,resolved
INV-01312,A-01829,ORG-003,ANALYST-15,2025-03-12T14:18:58,2025-03-12T18:53:45,128,resolved
INV-01313,A-01831,ORG-003,ANALYST-19,2025-06-11T22:06:49,2025-06-12T01:20:48,167,resolved
INV-01314,A-01832,ORG-003,ANALYST-08,2025-03-06T20:12:55,2025-03-06T20:59:27,99,resolved
INV-01315,A-01833,ORG-003,ANALYST-14,2025-02-16T15:43:55,2025-02-16T17:53:25,289,resolved
INV-01316,A-01834,ORG-003,ANALYST-16,2025-01-14T08:43:57,2025-01-14T14:10:40,200,resolved
INV-01317,A-01835,ORG-003,ANALYST-14,2025-03-02T20:51:29,2025-03-02T20:54:47,40,false_positive
INV-01318,A-01837,ORG-003,ANALYST-15,2025-02-24T08:45:17,2025-02-24T13:36:59,480,resolved
INV-01319,A-01838,ORG-003,ANALYST-20,2025-02-13T14:57:31,2025-02-13T20:48:27,394,resolved
INV-01320,A-01839,ORG-003,ANALYST-01,2025-01-11T08:14:17,2025-01-11T15:55:53,453,resolved
INV-01321,A-01840,ORG-003,ANALYST-11,2025-04-23T04:17:39,2025-04-23T11:01:04,183,resolved
INV-01322,A-01841,ORG-003,ANALYST-09,2025-06-25T15:45:41,2025-06-25T15:49:20,67,false_positive
INV-01323,A-01842,ORG-003,ANALYST-16,2025-04-24T06:56:46,2025-04-24T10:49:20,268,escalated
INV-01324,A-01845,ORG-003,ANALYST-15,2025-02-28T05:38:03,2025-02-28T11:40:20,280,resolved
INV-01325,A-01847,ORG-003,ANALYST-13,2025-03-24T15:39:13,2025-03-24T20:54:53,367,resolved
INV-01326,A-01848,ORG-003,ANALYST-03,2025-04-08T17:43:13,2025-04-08T19:15:31,395,resolved
INV-01327,A-01854,ORG-003,ANALYST-19,2025-01-04T21:05:58,2025-01-04T21:11:19,25,resolved
INV-01328,A-01859,ORG-003,ANALYST-07,2025-05-28T04:29:43,2025-05-28T05:42:47,453,resolved
INV-01329,A-01861,ORG-003,ANALYST-08,2025-01-18T14:32:42,2025-01-18T19:08:39,144,escalated
INV-01330,A-01862,ORG-003,ANALYST-04,2025-04-05T16:55:45,2025-04-06T00:37:06,75,resolved
INV-01331,A-01865,ORG-003,ANALYST-09,2025-02-04T09:19:26,2025-02-04T09:22:31,24,false_positive
INV-01332,A-01867,ORG-003,ANALYST-02,2025-03-21T14:42:55,2025-03-21T16:20:52,98,escalated
INV-01333,A-01869,ORG-003,ANALYST-19,2025-05-12T10:58:33,2025-05-12T18:20:52,108,resolved
INV-01334,A-01870,ORG-003,ANALYST-20,2025-04-22T18:18:33,2025-04-22T21:10:36,210,open
INV-01335,A-01872,ORG-003,ANALYST-11,2025-05-27T15:08:13,2025-05-27T17:47:43,375,escalated
INV-01336,A-01873,ORG-003,ANALYST-18,2025-02-21T17:12:00,2025-02-22T01:02:12,295,resolved
INV-01337,A-01874,ORG-003,ANALYST-17,2025-05-31T15:57:01,2025-05-31T21:49:35,489,resolved
INV-01338,A-01876,ORG-003,ANALYST-20,2025-01-03T16:55:06,2025-01-03T16:57:08,20,escalated
INV-01339,A-01882,ORG-003,ANALYST-19,2025-01-29T02:17:55,2025-01-29T03:03:17,473,escalated
INV-01340,A-01883,ORG-003,ANALYST-16,2025-03-21T02:02:04,2025-03-21T03:14:44,252,escalated
INV-01341,A-01884,ORG-003,ANALYST-20,2025-02-03T11:25:14,2025-02-03T11:30:46,23,resolved
INV-01342,A-01885,ORG-003,ANALYST-15,2025-01-10T18:15:00,2025-01-10T18:18:42,64,escalated
INV-01343,A-01886,ORG-003,ANALYST-05,2025-06-01T12:14:21,2025-06-01T16:30:30,135,resolved
INV-01344,A-01887,ORG-003,ANALYST-04,2025-04-01T06:38:38,2025-04-01T07:41:21,353,resolved
INV-01345,A-01888,ORG-003,ANALYST-07,2025-06-05T03:41:11,2025-06-05T05:00:02,485,escalated
INV-01346,A-01890,ORG-003,ANALYST-09,2025-04-07T05:43:50,2025-04-07T05:49:15,40,false_positive
INV-01347,A-01891,ORG-003,ANALYST-16,2025-01-22T13:08:11,2025-01-22T13:10:28,73,resolved
INV-01348,A-01892,ORG-003,ANALYST-06,2025-05-28T15:37:41,2025-05-28T17:19:38,142,resolved
INV-01349,A-01894,ORG-003,ANALYST-16,2025-04-24T10:28:46,2025-04-24T15:02:23,276,resolved
INV-01350,A-01897,ORG-003,ANALYST-04,2025-04-15T21:09:00,2025-04-15T22:50:46,77,resolved
INV-01351,A-01898,ORG-003,ANALYST-10,2025-02-03T05:39:55,2025-02-03T13:03:35,475,escalated
INV-01352,A-01900,ORG-003,ANALYST-17,2025-04-13T02:26:24,2025-04-13T03:09:18,241,resolved
INV-01353,A-01901,ORG-003,ANALYST-19,2025-01-22T07:57:57,2025-01-22T14:06:23,166,resolved
INV-01354,A-01903,ORG-003,ANALYST-09,2025-02-14T20:30:50,2025-02-15T00:59:31,164,false_positive
INV-01355,A-01914,ORG-003,ANALYST-03,2025-01-17T00:56:52,2025-01-17T04:20:43,439,escalated
INV-01356,A-01916,ORG-003,ANALYST-08,2025-06-06T08:17:27,2025-06-06T11:44:21,121,resolved
INV-01357,A-01923,ORG-003,ANALYST-18,2025-01-02T15:16:04,2025-01-02T15:18:28,80,resolved
INV-01358,A-01925,ORG-003,ANALYST-08,2025-01-23T05:16:03,2025-01-23T05:18:47,23,resolved
INV-01359,A-01926,ORG-003,ANALYST-06,2025-03-31T03:12:15,2025-03-31T10:29:28,202,open
INV-01360,A-01928,ORG-003,ANALYST-09,2025-03-26T12:19:47,2025-03-26T12:25:04,39,resolved
INV-01361,A-01929,ORG-003,ANALYST-04,2025-06-15T15:08:12,2025-06-15T15:51:56,209,resolved
INV-01362,A-01931,ORG-003,ANALYST-04,2025-03-21T15:34:12,2025-03-21T22:57:32,241,escalated
INV-01363,A-01932,ORG-003,ANALYST-13,2025-03-30T01:29:52,2025-03-30T08:24:07,279,false_positive
INV-01364,A-01938,ORG-003,ANALYST-14,2025-01-30T15:44:51,2025-01-30T23:26:38,229,escalated
INV-01365,A-01939,ORG-003,ANALYST-09,2025-06-02T13:25:49,2025-06-02T13:30:37,71,resolved
INV-01366,A-01941,ORG-003,ANALYST-10,2025-02-15T08:13:14,2025-02-15T08:17:44,52,false_positive
INV-01367,A-01942,ORG-003,ANALYST-09,2025-06-05T16:40:08,2025-06-05T20:51:24,496,resolved
INV-01368,A-01943,ORG-003,ANALYST-07,2025-01-18T18:26:58,2025-01-18T21:46:48,436,escalated
INV-01369,A-01944,ORG-003,ANALYST-17,2025-01-24T00:06:11,2025-01-24T00:11:21,47,resolved
INV-01370,A-01950,ORG-003,ANALYST-10,2025-05-21T06:27:10,2025-05-21T12:51:04,425,resolved
INV-01371,A-01954,ORG-003,ANALYST-17,2025-01-22T17:43:50,2025-01-22T17:48:11,27,escalated
INV-01372,A-01963,ORG-003,ANALYST-10,2025-03-04T15:55:56,2025-03-04T20:07:58,174,resolved
INV-01373,A-01966,ORG-003,ANALYST-14,2025-02-12T19:44:56,2025-02-13T02:58:18,203,false_positive
INV-01374,A-01969,ORG-003,ANALYST-11,2025-02-15T04:55:28,2025-02-15T05:27:10,54,false_positive
INV-01375,A-01974,ORG-003,ANALYST-20,2025-03-15T02:05:02,2025-03-15T02:10:29,49,resolved
INV-01376,A-01975,ORG-003,ANALYST-05,2025-05-30T22:39:47,2025-05-31T03:25:40,118,resolved
INV-01377,A-01977,ORG-003,ANALYST-07,2025-05-05T15:44:41,2025-05-05T16:48:06,150,resolved
INV-01378,A-01979,ORG-003,ANALYST-06,2025-05-11T11:20:27,2025-05-11T16:57:43,135,resolved
INV-01379,A-01980,ORG-003,ANALYST-02,2025-06-23T14:32:28,2025-06-23T17:46:26,329,resolved
INV-01380,A-01981,ORG-003,ANALYST-07,2025-05-13T15:54:38,2025-05-13T16:00:18,80,resolved
INV-01381,A-01982,ORG-003,ANALYST-14,2025-03-11T13:03:34,2025-03-11T13:07:49,66,resolved
INV-01382,A-01987,ORG-003,ANALYST-11,2025-01-12T07:31:01,2025-01-12T12:33:58,276,resolved
INV-01383,A-01989,ORG-003,ANALYST-06,2025-03-30T13:53:32,2025-03-30T15:59:41,291,escalated
INV-01384,A-01993,ORG-003,ANALYST-06,2025-04-23T12:14:15,2025-04-23T14:22:06,57,false_positive
INV-01385,A-01995,ORG-003,ANALYST-03,2025-04-07T05:00:35,2025-04-07T05:02:41,48,resolved
INV-01386,A-01996,ORG-003,ANALYST-11,2025-06-29T13:10:01,2025-06-29T14:01:30,450,resolved
INV-01387,A-01997,ORG-003,ANALYST-13,2025-06-12T04:01:25,2025-06-12T04:04:36,56,resolved
INV-01388,A-02000,ORG-003,ANALYST-05,2025-01-22T05:37:01,2025-01-22T08:09:49,336,escalated
INV-01389,A-02001,ORG-003,ANALYST-12,2025-02-01T01:58:19,2025-02-01T02:01:15,61,resolved
INV-01390,A-02004,ORG-003,ANALYST-18,2025-03-14T13:25:59,2025-03-14T18:32:08,322,resolved
INV-01391,A-02005,ORG-003,ANALYST-04,2025-06-14T11:34:03,2025-06-14T12:09:38,194,open
INV-01392,A-02007,ORG-003,ANALYST-02,2025-05-01T10:37:45,2025-05-01T16:20:22,199,resolved
INV-01393,A-02008,ORG-003,ANALYST-12,2025-02-10T01:23:12,2025-02-10T01:26:14,24,resolved
INV-01394,A-02013,ORG-003,ANALYST-09,2025-05-06T06:27:27,2025-05-06T06:32:48,68,resolved
INV-01395,A-02017,ORG-003,ANALYST-08,2025-04-24T20:57:16,2025-04-24T22:08:46,75,resolved
INV-01396,A-02018,ORG-003,ANALYST-13,2025-04-02T22:28:44,2025-04-02T22:32:54,36,resolved
INV-01397,A-02019,ORG-003,ANALYST-06,2025-03-29T05:14:52,2025-03-29T11:08:46,218,escalated
INV-01398,A-02020,ORG-003,ANALYST-03,2025-02-22T12:33:46,2025-02-22T12:36:13,42,escalated
INV-01399,A-02021,ORG-003,ANALYST-10,2025-05-20T18:30:42,2025-05-20T18:33:08,35,escalated
INV-01400,A-02023,ORG-003,ANALYST-11,2025-04-08T14:04:09,2025-04-08T16:53:04,229,false_positive
INV-01401,A-02024,ORG-003,ANALYST-16,2025-02-28T18:09:33,2025-02-28T22:35:09,424,resolved
INV-01402,A-02028,ORG-003,ANALYST-16,2025-02-03T12:01:44,2025-02-03T19:45:13,169,resolved
INV-01403,A-02030,ORG-003,ANALYST-06,2025-05-24T06:01:51,2025-05-24T10:05:49,192,resolved
INV-01404,A-02037,ORG-003,ANALYST-18,2025-04-22T18:57:51,2025-04-22T21:17:30,417,resolved
INV-01405,A-02041,ORG-003,ANALYST-07,2025-01-03T22:53:56,2025-01-04T00:58:40,238,resolved
INV-01406,A-02042,ORG-003,ANALYST-07,2025-05-11T17:49:14,2025-05-11T17:55:00,70,resolved
INV-01407,A-02043,ORG-003,ANALYST-10,2025-02-08T21:43:17,2025-02-09T05:39:32,79,false_positive
INV-01408,A-02049,ORG-003,ANALYST-07,2025-02-22T05:46:37,2025-02-22T13:31:24,356,false_positive
INV-01409,A-02052,ORG-003,ANALYST-11,2025-01-13T06:37:23,2025-01-13T06:41:55,34,resolved
INV-01410,A-02054,ORG-003,ANALYST-14,2025-04-23T22:44:39,2025-04-24T01:37:39,125,resolved
INV-01411,A-02055,ORG-003,ANALYST-09,2025-02-27T02:49:11,2025-02-27T05:42:13,208,resolved
INV-01412,A-02058,ORG-003,ANALYST-17,2025-03-13T13:07:53,2025-03-13T14:25:28,145,false_positive
INV-01413,A-02063,ORG-003,ANALYST-04,2025-05-10T07:12:07,2025-05-10T07:16:07,55,false_positive
INV-01414,A-02065,ORG-003,ANALYST-11,2025-05-06T16:35:47,2025-05-06T21:40:09,446,resolved
INV-01415,A-02066,ORG-003,ANALYST-06,2025-04-22T04:43:30,2025-04-22T04:48:58,64,resolved
INV-01416,A-02067,ORG-003,ANALYST-01,2025-05-25T04:31:52,2025-05-25T07:58:04,443,escalated
INV-01417,A-02069,ORG-003,ANALYST-06,2025-05-13T15:59:44,2025-05-13T18:22:12,131,escalated
INV-01418,A-02072,ORG-003,ANALYST-03,2025-06-21T14:57:35,2025-06-21T19:40:47,334,escalated
INV-01419,A-02073,ORG-003,ANALYST-06,2025-04-29T17:07:18,2025-04-29T20:16:44,115,resolved
INV-01420,A-02074,ORG-003,ANALYST-10,2025-06-21T18:16:28,2025-06-21T21:44:57,451,open
INV-01421,A-02076,ORG-003,ANALYST-09,2025-06-09T03:26:37,2025-06-09T07:17:31,410,resolved
INV-01422,A-02078,ORG-003,ANALYST-01,2025-04-01T13:36:10,2025-04-01T18:40:19,297,escalated
INV-01423,A-02081,ORG-003,ANALYST-02,2025-01-19T04:20:10,2025-01-19T11:53:15,158,resolved
INV-01424,A-02083,ORG-003,ANALYST-17,2025-05-05T11:30:39,2025-05-05T13:22:41,184,escalated
INV-01425,A-02085,ORG-003,ANALYST-19,2025-01-29T17:17:43,2025-01-29T20:52:47,194,escalated
INV-01426,A-02087,ORG-003,ANALYST-18,2025-02-03T07:58:22,2025-02-03T08:36:51,58,resolved
INV-01427,A-02094,ORG-003,ANALYST-08,2025-05-07T04:16:32,2025-05-07T07:26:54,292,resolved
INV-01428,A-02095,ORG-003,ANALYST-09,2025-03-10T11:45:33,2025-03-10T16:07:36,178,escalated
INV-01429,A-02096,ORG-003,ANALYST-09,2025-06-01T07:08:14,2025-06-01T11:16:44,361,resolved
INV-01430,A-02097,ORG-003,ANALYST-14,2025-04-11T16:23:41,2025-04-11T20:32:10,177,open
INV-01431,A-02101,ORG-003,ANALYST-13,2025-04-20T10:55:55,2025-04-20T10:59:41,24,open
INV-01432,A-02103,ORG-003,ANALYST-08,2025-06-27T18:50:43,2025-06-28T00:20:05,210,resolved
INV-01433,A-02105,ORG-003,ANALYST-09,2025-02-19T11:30:17,2025-02-19T11:35:58,77,escalated
INV-01434,A-02106,ORG-003,ANALYST-01,2025-05-29T11:16:09,2025-05-29T15:25:56,115,resolved
INV-01435,A-02107,ORG-003,ANALYST-03,2025-06-30T13:53:07,2025-06-30T13:58:12,70,resolved
INV-01436,A-02108,ORG-003,ANALYST-17,2025-01-14T17:48:26,2025-01-14T20:09:54,257,resolved
INV-01437,A-02109,ORG-003,ANALYST-14,2025-04-02T09:40:29,2025-04-02T15:05:28,214,resolved
INV-01438,A-02111,ORG-003,ANALYST-14,2025-03-07T09:47:29,2025-03-07T09:51:33,47,escalated
INV-01439,A-02113,ORG-003,ANALYST-03,2025-05-07T01:29:17,2025-05-07T02:01:38,171,escalated
INV-01440,A-02115,ORG-003,ANALYST-16,2025-06-15T03:05:19,2025-06-15T06:23:10,231,resolved
INV-01441,A-02116,ORG-003,ANALYST-01,2025-04-04T17:02:43,2025-04-04T18:25:39,63,resolved
INV-01442,A-02117,ORG-003,ANALYST-19,2025-03-09T21:52:04,2025-03-10T05:15:48,490,escalated
INV-01443,A-02121,ORG-003,ANALYST-11,2025-06-29T07:49:20,2025-06-29T12:05:10,139,escalated
INV-01444,A-02125,ORG-003,ANALYST-20,2025-03-04T11:13:19,2025-03-04T19:00:38,300,escalated
INV-01445,A-02127,ORG-003,ANALYST-18,2025-05-20T06:13:46,2025-05-20T07:47:47,120,open
INV-01446,A-02128,ORG-003,ANALYST-07,2025-01-30T01:15:30,2025-01-30T01:17:36,57,resolved
INV-01447,A-02135,ORG-003,ANALYST-05,2025-06-18T02:14:27,2025-06-18T02:19:21,71,resolved
INV-01448,A-02136,ORG-003,ANALYST-06,2025-01-10T03:15:46,2025-01-10T03:18:47,62,resolved
INV-01449,A-02146,ORG-003,ANALYST-01,2025-02-21T18:24:24,2025-02-21T20:00:18,210,resolved
INV-01450,A-02147,ORG-003,ANALYST-20,2025-05-05T03:10:43,2025-05-05T03:53:26,117,resolved
INV-01451,A-02148,ORG-003,ANALYST-04,2025-04-21T10:52:54,2025-04-21T13:29:12,394,escalated
INV-01452,A-02149,ORG-003,ANALYST-16,2025-03-25T13:44:47,2025-03-25T13:48:16,79,resolved
INV-01453,A-02150,ORG-003,ANALYST-10,2025-01-09T15:01:55,2025-01-09T21:02:18,227,resolved
INV-01454,A-02151,ORG-003,ANALYST-20,2025-01-04T07:21:09,2025-01-04T12:50:26,299,resolved
INV-01455,A-02153,ORG-003,ANALYST-11,2025-01-30T02:42:41,2025-01-30T03:41:15,458,resolved
INV-01456,A-02155,ORG-003,ANALYST-03,2025-06-25T03:44:36,2025-06-25T07:27:33,143,resolved
INV-01457,A-02156,ORG-003,ANALYST-03,2025-01-14T07:40:52,2025-01-14T13:57:33,158,resolved
INV-01458,A-02160,ORG-003,ANALYST-17,2025-03-04T03:38:32,2025-03-04T04:52:11,213,resolved
INV-01459,A-02161,ORG-003,ANALYST-18,2025-04-23T20:21:42,2025-04-23T21:58:54,110,resolved
INV-01460,A-02162,ORG-003,ANALYST-15,2025-03-31T07:58:54,2025-03-31T11:53:17,125,escalated
INV-01461,A-02164,ORG-003,ANALYST-14,2025-04-20T10:52:35,2025-04-20T10:56:07,51,resolved
INV-01462,A-02165,ORG-003,ANALYST-09,2025-02-11T09:16:10,2025-02-11T12:24:03,120,resolved
INV-01463,A-02167,ORG-003,ANALYST-06,2025-02-20T04:57:00,2025-02-20T11:06:40,214,escalated
INV-01464,A-02168,ORG-003,ANALYST-01,2025-02-16T07:08:42,2025-02-16T09:55:58,133,resolved
INV-01465,A-02169,ORG-003,ANALYST-19,2025-02-11T06:25:35,2025-02-11T12:25:48,368,resolved
INV-01466,A-02171,ORG-003,ANALYST-11,2025-06-24T02:57:13,2025-06-24T03:01:06,47,resolved
INV-01467,A-02175,ORG-003,ANALYST-15,2025-03-20T00:51:40,2025-03-20T08:40:01,101,resolved
INV-01468,A-02179,ORG-003,ANALYST-01,2025-03-30T01:13:04,2025-03-30T01:19:01,73,false_positive
INV-01469,A-02181,ORG-003,ANALYST-11,2025-03-22T00:30:25,2025-03-22T03:26:22,404,resolved
INV-01470,A-02184,ORG-003,ANALYST-07,2025-06-08T00:54:28,2025-06-08T00:59:00,29,false_positive
INV-01471,A-02186,ORG-003,ANALYST-20,2025-06-06T10:55:25,2025-06-06T14:25:23,247,resolved
INV-01472,A-02189,ORG-003,ANALYST-15,2025-02-03T12:30:16,2025-02-03T12:35:19,67,resolved
INV-01473,A-02190,ORG-003,ANALYST-18,2025-06-26T14:46:34,2025-06-26T21:07:42,432,resolved
INV-01474,A-02191,ORG-003,ANALYST-03,2025-01-14T03:59:17,2025-01-14T10:50:13,474,resolved
INV-01475,A-02192,ORG-003,ANALYST-18,2025-03-01T12:36:04,2025-03-01T18:33:27,238,resolved
INV-01476,A-02194,ORG-003,ANALYST-18,2025-01-30T23:10:19,2025-01-31T00:08:00,130,resolved
INV-01477,A-02196,ORG-003,ANALYST-11,2025-03-06T06:59:31,2025-03-06T11:07:12,267,escalated
INV-01478,A-02199,ORG-003,ANALYST-10,2025-03-05T03:05:21,2025-03-05T03:08:26,36,resolved
INV-01479,A-02200,ORG-003,ANALYST-14,2025-06-05T18:05:42,2025-06-05T23:27:33,54,resolved
INV-01480,A-02201,ORG-003,ANALYST-07,2025-05-22T20:12:47,2025-05-23T00:25:43,61,false_positive
INV-01481,A-02202,ORG-003,ANALYST-11,2025-04-10T14:17:07,2025-04-10T15:11:48,237,resolved
INV-01482,A-02203,ORG-003,ANALYST-01,2025-05-26T03:06:58,2025-05-26T08:52:50,398,escalated
INV-01483,A-02205,ORG-003,ANALYST-09,2025-02-22T04:22:05,2025-02-22T04:26:41,53,resolved
INV-01484,A-02208,ORG-003,ANALYST-06,2025-01-09T20:34:56,2025-01-09T21:05:31,233,escalated
INV-01485,A-02210,ORG-003,ANALYST-15,2025-03-06T15:48:15,2025-03-06T16:27:50,197,false_positive
INV-01486,A-02213,ORG-003,ANALYST-05,2025-05-21T05:30:24,2025-05-21T10:45:28,264,escalated
INV-01487,A-02214,ORG-003,ANALYST-08,2025-06-06T14:13:20,2025-06-06T16:10:15,431,escalated
INV-01488,A-02216,ORG-003,ANALYST-07,2025-02-26T19:20:40,2025-02-26T19:24:33,64,resolved
INV-01489,A-02218,ORG-003,ANALYST-12,2025-04-08T06:02:42,2025-04-08T10:01:02,274,resolved
INV-01490,A-02219,ORG-003,ANALYST-05,2025-03-23T17:30:22,2025-03-24T00:36:16,212,escalated
INV-01491,A-02220,ORG-003,ANALYST-02,2025-01-30T13:19:10,2025-01-30T19:02:12,118,escalated
INV-01492,A-02221,ORG-003,ANALYST-18,2025-06-19T14:18:45,2025-06-19T15:19:07,121,false_positive
INV-01493,A-02222,ORG-003,ANALYST-11,2025-01-14T19:06:26,2025-01-15T00:07:32,260,resolved
INV-01494,A-02223,ORG-003,ANALYST-07,2025-04-16T02:28:30,2025-04-16T09:47:31,168,resolved
INV-01495,A-02225,ORG-003,ANALYST-17,2025-03-20T16:44:32,2025-03-20T22:15:10,326,resolved
INV-01496,A-02226,ORG-003,ANALYST-04,2025-03-19T12:26:58,2025-03-19T16:34:57,96,resolved
INV-01497,A-02227,ORG-003,ANALYST-04,2025-05-24T12:13:52,2025-05-24T17:42:30,179,false_positive
INV-01498,A-02228,ORG-003,ANALYST-05,2025-06-14T13:28:44,2025-06-14T18:37:40,113,escalated
INV-01499,A-02229,ORG-003,ANALYST-08,2025-06-19T15:39:53,2025-06-19T17:21:56,173,escalated
INV-01500,A-02231,ORG-003,ANALYST-14,2025-06-28T21:40:28,2025-06-28T21:42:39,51,resolved
INV-01501,A-02232,ORG-003,ANALYST-16,2025-02-07T04:21:45,2025-02-07T04:58:59,326,resolved
INV-01502,A-02233,ORG-003,ANALYST-11,2025-01-20T13:46:34,2025-01-20T14:39:53,162,escalated
INV-01503,A-02234,ORG-003,ANALYST-17,2025-05-01T03:00:03,2025-05-01T05:31:38,240,escalated
INV-01504,A-02235,ORG-003,ANALYST-03,2025-04-15T08:26:39,2025-04-15T08:29:58,39,false_positive
INV-01505,A-02236,ORG-003,ANALYST-13,2025-02-14T01:27:23,2025-02-14T03:45:45,374,open
INV-01506,A-02237,ORG-003,ANALYST-15,2025-04-27T23:07:58,2025-04-28T05:26:52,330,escalated
INV-01507,A-02243,ORG-003,ANALYST-07,2025-02-15T11:00:06,2025-02-15T18:32:49,463,resolved
INV-01508,A-02245,ORG-003,ANALYST-09,2025-03-14T23:54:15,2025-03-14T23:58:55,54,resolved
INV-01509,A-02248,ORG-003,ANALYST-01,2025-05-24T20:28:43,2025-05-25T01:00:04,136,resolved
INV-01510,A-02251,ORG-003,ANALYST-15,2025-02-19T13:04:53,2025-02-19T13:10:20,38,resolved
INV-01511,A-02252,ORG-003,ANALYST-01,2025-03-20T17:01:08,2025-03-20T19:21:03,177,resolved
INV-01512,A-02254,ORG-003,ANALYST-14,2025-03-29T23:59:32,2025-03-30T03:55:43,155,resolved
INV-01513,A-02255,ORG-003,ANALYST-05,2025-06-27T21:19:44,2025-06-27T22:07:14,253,false_positive
INV-01514,A-02256,ORG-003,ANALYST-15,2025-04-30T04:37:53,2025-04-30T07:01:53,316,resolved
INV-01515,A-02258,ORG-003,ANALYST-07,2025-01-24T11:36:04,2025-01-24T13:35:44,225,escalated
INV-01516,A-02260,ORG-003,ANALYST-13,2025-04-17T17:16:50,2025-04-17T17:19:22,33,resolved
INV-01517,A-02261,ORG-004,ANALYST-16,2025-03-11T06:13:35,2025-03-11T08:23:21,450,resolved
INV-01518,A-02262,ORG-004,ANALYST-07,2025-02-21T00:40:48,2025-02-21T01:25:10,287,false_positive
INV-01519,A-02263,ORG-004,ANALYST-11,2025-06-08T04:08:32,2025-06-08T11:24:17,275,resolved
INV-01520,A-02265,ORG-004,ANALYST-19,2025-01-28T10:13:49,2025-01-28T12:48:42,150,resolved
INV-01521,A-02267,ORG-004,ANALYST-05,2025-03-14T17:56:07,2025-03-14T20:14:14,283,resolved
INV-01522,A-02268,ORG-004,ANALYST-01,2025-04-25T12:43:23,2025-04-25T19:29:14,248,resolved
INV-01523,A-02269,ORG-004,ANALYST-04,2025-02-17T10:37:09,2025-02-17T14:59:12,676,resolved
INV-01524,A-02270,ORG-004,ANALYST-18,2025-04-08T15:10:22,2025-04-08T22:00:51,345,open
INV-01525,A-02272,ORG-004,ANALYST-16,2025-03-22T06:26:37,2025-03-22T07:04:41,229,resolved
INV-01526,A-02273,ORG-004,ANALYST-02,2025-03-24T08:05:34,2025-03-24T12:43:35,308,escalated
INV-01527,A-02274,ORG-004,ANALYST-03,2025-06-09T15:55:41,2025-06-09T23:47:18,145,false_positive
INV-01528,A-02275,ORG-004,ANALYST-14,2025-01-11T07:02:44,2025-01-11T12:07:00,493,open
INV-01529,A-02276,ORG-004,ANALYST-04,2025-06-11T12:00:38,2025-06-11T13:22:49,446,escalated
INV-01530,A-02277,ORG-004,ANALYST-19,2025-03-03T07:42:25,2025-03-03T13:33:59,345,resolved
INV-01531,A-02278,ORG-004,ANALYST-05,2025-06-23T12:27:17,2025-06-23T17:40:53,281,resolved
INV-01532,A-02279,ORG-004,ANALYST-01,2025-05-10T04:15:40,2025-05-10T06:02:02,297,open
INV-01533,A-02280,ORG-004,ANALYST-18,2025-06-15T03:58:00,2025-06-15T06:47:49,257,resolved
INV-01534,A-02281,ORG-004,ANALYST-17,2025-02-07T10:40:16,2025-02-07T12:49:24,293,open
INV-01535,A-02282,ORG-004,ANALYST-10,2025-04-27T03:32:48,2025-04-27T10:13:46,491,resolved
INV-01536,A-02283,ORG-004,ANALYST-06,2025-02-28T00:19:08,2025-02-28T00:51:51,235,resolved
INV-01537,A-02284,ORG-004,ANALYST-19,2025-02-07T13:22:56,2025-02-07T20:31:26,515,resolved
INV-01538,A-02285,ORG-004,ANALYST-12,2025-06-09T12:39:12,2025-06-09T18:09:39,95,escalated
INV-01539,A-02289,ORG-004,ANALYST-02,2025-01-31T18:02:26,2025-01-31T23:11:27,576,resolved
INV-01540,A-02290,ORG-004,ANALYST-10,2025-03-20T14:07:16,2025-03-20T16:04:14,602,escalated
INV-01541,A-02291,ORG-004,ANALYST-14,2025-05-10T14:48:31,2025-05-10T20:35:34,165,escalated
INV-01542,A-02293,ORG-004,ANALYST-19,2025-06-20T11:03:09,2025-06-20T16:02:51,304,resolved
INV-01543,A-02295,ORG-004,ANALYST-10,2025-04-17T06:34:55,2025-04-17T13:05:00,310,resolved
INV-01544,A-02296,ORG-004,ANALYST-04,2025-03-25T08:20:37,2025-03-25T12:36:08,301,escalated
INV-01545,A-02297,ORG-004,ANALYST-18,2025-05-05T05:09:04,2025-05-05T12:33:32,229,resolved
INV-01546,A-02298,ORG-004,ANALYST-07,2025-04-08T06:19:34,2025-04-08T11:30:58,622,resolved
INV-01547,A-02299,ORG-004,ANALYST-06,2025-02-10T10:48:24,2025-02-10T15:35:55,154,false_positive
INV-01548,A-02300,ORG-004,ANALYST-09,2025-06-25T12:59:03,2025-06-25T17:00:11,196,resolved
INV-01549,A-02301,ORG-004,ANALYST-10,2025-01-24T19:53:13,2025-01-25T01:46:36,652,resolved
INV-01550,A-02302,ORG-004,ANALYST-12,2025-06-11T13:43:28,2025-06-11T16:55:24,484,resolved
INV-01551,A-02303,ORG-004,ANALYST-19,2025-02-07T04:06:37,2025-02-07T11:25:09,270,false_positive
INV-01552,A-02304,ORG-004,ANALYST-09,2025-02-28T12:41:00,2025-02-28T18:23:44,358,false_positive
INV-01553,A-02305,ORG-004,ANALYST-03,2025-05-17T12:42:32,2025-05-17T17:23:50,417,resolved
INV-01554,A-02306,ORG-004,ANALYST-06,2025-04-27T14:31:34,2025-04-27T16:00:14,508,escalated
INV-01555,A-02307,ORG-004,ANALYST-03,2025-04-27T20:07:44,2025-04-28T03:33:34,349,resolved
INV-01556,A-02308,ORG-004,ANALYST-07,2025-04-03T13:47:25,2025-04-03T20:16:06,430,resolved
INV-01557,A-02309,ORG-004,ANALYST-14,2025-05-15T06:23:54,2025-05-15T07:32:45,352,escalated
INV-01558,A-02310,ORG-004,ANALYST-19,2025-01-18T18:12:05,2025-01-18T23:57:56,219,escalated
INV-01559,A-02311,ORG-004,ANALYST-05,2025-01-10T06:33:01,2025-01-10T07:24:07,371,resolved
INV-01560,A-02313,ORG-004,ANALYST-05,2025-01-15T02:28:50,2025-01-15T05:38:17,162,open
INV-01561,A-02314,ORG-004,ANALYST-02,2025-05-25T06:40:18,2025-05-25T08:35:27,207,resolved
INV-01562,A-02315,ORG-004,ANALYST-16,2025-01-13T01:17:20,2025-01-13T02:39:51,302,resolved
INV-01563,A-02316,ORG-004,ANALYST-05,2025-05-17T07:44:21,2025-05-17T10:05:22,300,resolved
INV-01564,A-02317,ORG-004,ANALYST-01,2025-01-04T05:53:11,2025-01-04T12:28:33,91,open
INV-01565,A-02318,ORG-004,ANALYST-11,2025-01-26T20:37:50,2025-01-26T23:51:10,339,false_positive
INV-01566,A-02319,ORG-004,ANALYST-17,2025-06-30T13:38:15,2025-06-30T18:28:26,577,resolved
INV-01567,A-02320,ORG-004,ANALYST-10,2025-04-18T17:23:44,2025-04-18T22:26:25,313,escalated
INV-01568,A-02321,ORG-004,ANALYST-12,2025-02-25T14:57:46,2025-02-25T16:32:44,245,false_positive
INV-01569,A-02323,ORG-004,ANALYST-09,2025-05-09T14:38:44,2025-05-09T20:07:56,276,resolved
INV-01570,A-02324,ORG-004,ANALYST-01,2025-02-04T03:28:36,2025-02-04T04:39:35,85,escalated
INV-01571,A-02325,ORG-004,ANALYST-19,2025-05-21T01:55:27,2025-05-21T06:40:14,432,resolved
INV-01572,A-02327,ORG-004,ANALYST-11,2025-01-12T10:48:22,2025-01-12T17:01:42,321,resolved
INV-01573,A-02329,ORG-004,ANALYST-05,2025-05-04T23:56:31,2025-05-05T04:07:16,570,resolved
INV-01574,A-02331,ORG-004,ANALYST-09,2025-03-15T12:01:50,2025-03-15T14:10:09,60,escalated
INV-01575,A-02334,ORG-004,ANALYST-16,2025-01-20T12:11:42,2025-01-20T12:45:54,308,resolved
INV-01576,A-02335,ORG-004,ANALYST-18,2025-06-03T23:39:47,2025-06-04T01:27:47,301,resolved
INV-01577,A-02336,ORG-004,ANALYST-20,2025-03-05T11:46:18,2025-03-05T15:31:46,454,resolved
INV-01578,A-02337,ORG-004,ANALYST-04,2025-05-27T00:16:35,2025-05-27T08:04:52,433,resolved
INV-01579,A-02338,ORG-004,ANALYST-11,2025-02-17T23:38:56,2025-02-18T07:11:48,199,resolved
INV-01580,A-02339,ORG-004,ANALYST-14,2025-05-06T01:07:12,2025-05-06T01:41:22,496,resolved
INV-01581,A-02340,ORG-004,ANALYST-01,2025-01-09T01:19:21,2025-01-09T04:00:33,165,false_positive
INV-01582,A-02342,ORG-004,ANALYST-04,2025-03-06T17:59:33,2025-03-07T01:25:07,468,resolved
INV-01583,A-02343,ORG-004,ANALYST-03,2025-02-25T21:45:00,2025-02-25T23:50:43,428,resolved
INV-01584,A-02344,ORG-004,ANALYST-08,2025-04-07T15:49:55,2025-04-07T22:27:50,337,resolved
INV-01585,A-02345,ORG-004,ANALYST-09,2025-02-13T05:39:11,2025-02-13T10:12:00,445,false_positive
INV-01586,A-02346,ORG-004,ANALYST-12,2025-03-04T00:05:09,2025-03-04T05:04:23,403,resolved
INV-01587,A-02347,ORG-004,ANALYST-01,2025-01-05T02:12:39,2025-01-05T07:57:10,314,escalated
INV-01588,A-02348,ORG-004,ANALYST-14,2025-06-23T17:30:57,2025-06-23T22:57:37,165,resolved
INV-01589,A-02349,ORG-004,ANALYST-09,2025-03-23T17:19:53,2025-03-24T00:42:50,530,resolved
INV-01590,A-02351,ORG-004,ANALYST-01,2025-04-18T04:54:52,2025-04-18T11:11:40,362,resolved
INV-01591,A-02352,ORG-004,ANALYST-13,2025-03-19T12:04:36,2025-03-19T18:09:18,452,resolved
INV-01592,A-02353,ORG-004,ANALYST-06,2025-06-20T05:57:13,2025-06-20T12:36:01,396,escalated
INV-01593,A-02354,ORG-004,ANALYST-05,2025-05-29T23:44:45,2025-05-30T06:42:11,257,resolved
INV-01594,A-02355,ORG-004,ANALYST-18,2025-02-17T21:53:59,2025-02-18T01:22:54,496,resolved
INV-01595,A-02356,ORG-004,ANALYST-15,2025-03-15T14:21:40,2025-03-15T18:13:08,131,resolved
INV-01596,A-02357,ORG-004,ANALYST-20,2025-02-13T04:37:22,2025-02-13T08:11:55,249,resolved
INV-01597,A-02358,ORG-004,ANALYST-02,2025-04-15T12:21:06,2025-04-15T14:54:43,436,resolved
INV-01598,A-02359,ORG-004,ANALYST-04,2025-06-21T07:24:59,2025-06-21T09:21:14,697,resolved
INV-01599,A-02360,ORG-004,ANALYST-04,2025-01-18T01:10:33,2025-01-18T03:17:07,567,escalated
INV-01600,A-02361,ORG-004,ANALYST-12,2025-04-03T05:39:04,2025-04-03T13:36:34,484,resolved
INV-01601,A-02362,ORG-004,ANALYST-10,2025-06-13T00:28:22,2025-06-13T01:23:01,694,escalated
INV-01602,A-02363,ORG-004,ANALYST-08,2025-01-19T14:32:44,2025-01-19T17:13:27,416,resolved
INV-01603,A-02364,ORG-004,ANALYST-02,2025-06-20T12:10:01,2025-06-20T14:30:50,352,open
INV-01604,A-02366,ORG-004,ANALYST-03,2025-01-11T07:07:05,2025-01-11T09:45:18,766,resolved
INV-01605,A-02368,ORG-004,ANALYST-08,2025-05-27T19:36:12,2025-05-28T01:45:41,250,false_positive
INV-01606,A-02369,ORG-004,ANALYST-01,2025-05-30T16:31:16,2025-05-30T22:52:15,674,escalated
INV-01607,A-02372,ORG-004,ANALYST-16,2025-02-11T07:22:16,2025-02-11T11:48:33,407,escalated
INV-01608,A-02373,ORG-004,ANALYST-08,2025-01-25T07:39:39,2025-01-25T13:40:49,685,open
INV-01609,A-02374,ORG-004,ANALYST-17,2025-03-20T21:14:31,2025-03-20T22:38:11,707,resolved
INV-01610,A-02375,ORG-004,ANALYST-12,2025-06-30T01:56:00,2025-06-30T08:29:04,112,resolved
INV-01611,A-02377,ORG-004,ANALYST-19,2025-03-28T07:00:56,2025-03-28T07:37:02,399,resolved
INV-01612,A-02379,ORG-004,ANALYST-11,2025-01-01T05:58:20,2025-01-01T08:40:24,194,resolved
INV-01613,A-02380,ORG-004,ANALYST-13,2025-01-30T16:39:11,2025-01-30T21:40:04,251,resolved
INV-01614,A-02381,ORG-004,ANALYST-10,2025-01-05T19:18:41,2025-01-06T02:16:45,81,escalated
INV-01615,A-02382,ORG-004,ANALYST-19,2025-02-06T18:15:01,2025-02-06T20:00:58,510,false_positive
INV-01616,A-02383,ORG-004,ANALYST-12,2025-06-13T10:04:58,2025-06-13T11:05:35,194,resolved
INV-01617,A-02384,ORG-004,ANALYST-15,2025-04-12T15:04:26,2025-04-12T18:45:21,125,escalated
INV-01618,A-02385,ORG-004,ANALYST-01,2025-01-04T12:49:05,2025-01-04T16:24:42,132,escalated
INV-01619,A-02386,ORG-004,ANALYST-20,2025-02-03T04:47:39,2025-02-03T08:56:55,276,resolved
INV-01620,A-02387,ORG-004,ANALYST-06,2025-02-10T22:43:58,2025-02-11T02:43:55,276,resolved
INV-01621,A-02388,ORG-004,ANALYST-14,2025-01-27T11:13:54,2025-01-27T15:14:06,292,resolved
INV-01622,A-02389,ORG-004,ANALYST-03,2025-02-26T01:08:12,2025-02-26T06:08:26,433,resolved
INV-01623,A-02390,ORG-004,ANALYST-07,2025-02-19T18:20:30,2025-02-19T23:19:42,520,escalated
INV-01624,A-02391,ORG-004,ANALYST-14,2025-02-24T14:45:47,2025-02-24T20:08:45,512,false_positive
INV-01625,A-02392,ORG-004,ANALYST-12,2025-06-02T18:47:26,2025-06-03T01:18:37,217,resolved
INV-01626,A-02394,ORG-004,ANALYST-20,2025-04-02T19:25:08,2025-04-03T00:32:30,447,resolved
INV-01627,A-02396,ORG-004,ANALYST-12,2025-04-27T01:07:08,2025-04-27T01:54:25,174,escalated
INV-01628,A-02397,ORG-004,ANALYST-06,2025-04-26T18:59:47,2025-04-26T23:42:54,208,resolved
INV-01629,A-02398,ORG-004,ANALYST-05,2025-05-16T11:30:58,2025-05-16T16:28:35,402,resolved
INV-01630,A-02399,ORG-004,ANALYST-14,2025-05-14T03:32:28,2025-05-14T04:37:06,85,resolved
INV-01631,A-02400,ORG-004,ANALYST-06,2025-05-14T21:17:50,2025-05-14T22:00:28,775,resolved
INV-01632,A-02401,ORG-004,ANALYST-20,2025-02-21T13:44:53,2025-02-21T18:43:17,538,resolved
INV-01633,A-02402,ORG-004,ANALYST-13,2025-05-08T14:25:18,2025-05-08T16:26:25,566,resolved
INV-01634,A-02404,ORG-004,ANALYST-12,2025-04-07T09:47:48,2025-04-07T16:48:14,278,resolved
INV-01635,A-02405,ORG-004,ANALYST-19,2025-01-09T01:59:06,2025-01-09T03:13:14,387,resolved
INV-01636,A-02406,ORG-004,ANALYST-05,2025-05-14T20:55:55,2025-05-15T01:14:08,635,resolved
INV-01637,A-02408,ORG-004,ANALYST-14,2025-05-28T19:22:52,2025-05-28T21:27:47,179,resolved
INV-01638,A-02409,ORG-004,ANALYST-19,2025-02-01T01:04:56,2025-02-01T05:26:26,219,resolved
INV-01639,A-02410,ORG-004,ANALYST-16,2025-06-29T05:44:51,2025-06-29T10:12:52,210,resolved
INV-01640,A-02411,ORG-004,ANALYST-04,2025-06-27T16:33:49,2025-06-28T00:22:48,188,open
INV-01641,A-02412,ORG-004,ANALYST-10,2025-04-14T02:28:25,2025-04-14T03:47:48,216,resolved
INV-01642,A-02414,ORG-004,ANALYST-12,2025-02-17T21:43:52,2025-02-18T05:12:48,326,resolved
INV-01643,A-02415,ORG-004,ANALYST-09,2025-02-26T22:01:58,2025-02-27T04:15:19,398,false_positive
INV-01644,A-02416,ORG-004,ANALYST-02,2025-06-21T14:33:01,2025-06-21T15:49:11,451,escalated
INV-01645,A-02417,ORG-004,ANALYST-19,2025-01-21T20:26:17,2025-01-22T03:09:28,267,false_positive
INV-01646,A-02420,ORG-004,ANALYST-03,2025-01-20T02:27:17,2025-01-20T08:07:03,251,resolved
INV-01647,A-02421,ORG-004,ANALYST-15,2025-05-31T04:36:02,2025-05-31T09:46:39,649,resolved
INV-01648,A-02422,ORG-004,ANALYST-02,2025-03-14T12:27:58,2025-03-14T15:51:31,105,false_positive
INV-01649,A-02423,ORG-004,ANALYST-07,2025-02-17T12:14:43,2025-02-17T13:03:24,481,false_positive
INV-01650,A-02424,ORG-004,ANALYST-02,2025-03-03T13:16:08,2025-03-03T17:22:43,110,escalated
INV-01651,A-02425,ORG-004,ANALYST-12,2025-02-23T03:11:34,2025-02-23T09:52:37,252,escalated
INV-01652,A-02426,ORG-004,ANALYST-18,2025-04-16T05:01:54,2025-04-16T07:44:55,440,resolved
INV-01653,A-02427,ORG-004,ANALYST-18,2025-02-17T08:05:29,2025-02-17T09:30:23,129,resolved
INV-01654,A-02428,ORG-004,ANALYST-07,2025-03-12T09:08:33,2025-03-12T14:39:01,450,escalated
INV-01655,A-02429,ORG-004,ANALYST-08,2025-05-21T14:34:45,2025-05-21T15:09:41,375,resolved
INV-01656,A-02430,ORG-004,ANALYST-17,2025-02-17T18:33:12,2025-02-18T01:52:18,513,escalated
INV-01657,A-02431,ORG-004,ANALYST-15,2025-02-19T23:55:58,2025-02-20T00:30:47,316,resolved
INV-01658,A-02433,ORG-004,ANALYST-19,2025-04-13T18:23:19,2025-04-14T01:59:53,282,escalated
INV-01659,A-02434,ORG-004,ANALYST-11,2025-04-28T15:50:15,2025-04-28T19:28:11,548,false_positive
INV-01660,A-02435,ORG-004,ANALYST-17,2025-03-28T15:53:33,2025-03-28T22:39:20,662,resolved
INV-01661,A-02436,ORG-004,ANALYST-18,2025-05-29T16:26:59,2025-05-29T20:57:37,374,false_positive
INV-01662,A-02437,ORG-004,ANALYST-02,2025-06-14T10:31:40,2025-06-14T13:38:07,319,escalated
INV-01663,A-02438,ORG-004,ANALYST-06,2025-01-14T10:47:55,2025-01-14T14:46:08,353,resolved
INV-01664,A-02439,ORG-004,ANALYST-10,2025-01-14T22:22:21,2025-01-15T05:06:00,378,escalated
INV-01665,A-02440,ORG-004,ANALYST-16,2025-05-24T05:17:44,2025-05-24T08:10:46,227,false_positive
INV-01666,A-02442,ORG-004,ANALYST-20,2025-01-06T14:17:58,2025-01-06T21:00:55,428,resolved
INV-01667,A-02443,ORG-004,ANALYST-20,2025-04-23T00:13:29,2025-04-23T07:49:10,158,escalated
INV-01668,A-02444,ORG-004,ANALYST-13,2025-02-24T11:00:26,2025-02-24T11:57:40,298,resolved
INV-01669,A-02445,ORG-004,ANALYST-19,2025-02-07T10:10:19,2025-02-07T14:44:04,560,escalated
INV-01670,A-02446,ORG-004,ANALYST-16,2025-05-22T17:48:01,2025-05-22T23:32:53,245,resolved
INV-01671,A-02447,ORG-004,ANALYST-09,2025-06-30T14:11:11,2025-06-30T15:41:27,379,false_positive
INV-01672,A-02448,ORG-004,ANALYST-04,2025-05-24T08:51:13,2025-05-24T15:23:15,290,false_positive
INV-01673,A-02449,ORG-004,ANALYST-04,2025-03-20T23:54:06,2025-03-21T02:13:23,322,resolved
INV-01674,A-02450,ORG-004,ANALYST-20,2025-05-25T15:52:22,2025-05-25T20:10:57,462,escalated
INV-01675,A-02451,ORG-004,ANALYST-19,2025-06-13T02:10:07,2025-06-13T09:08:09,431,resolved
INV-01676,A-02452,ORG-004,ANALYST-16,2025-01-23T06:23:35,2025-01-23T07:00:39,228,resolved
INV-01677,A-02453,ORG-004,ANALYST-16,2025-03-23T22:01:40,2025-03-23T23:13:39,739,resolved
INV-01678,A-02454,ORG-004,ANALYST-20,2025-06-12T05:38:55,2025-06-12T07:38:07,565,escalated
INV-01679,A-02455,ORG-004,ANALYST-04,2025-06-25T14:52:17,2025-06-25T20:21:39,178,resolved
INV-01680,A-02457,ORG-004,ANALYST-06,2025-06-07T03:48:56,2025-06-07T10:41:32,132,resolved
INV-01681,A-02459,ORG-004,ANALYST-18,2025-05-18T05:38:59,2025-05-18T07:15:20,151,resolved
INV-01682,A-02460,ORG-004,ANALYST-04,2025-05-21T12:34:03,2025-05-21T15:11:42,471,resolved
INV-01683,A-02461,ORG-004,ANALYST-20,2025-04-27T05:32:37,2025-04-27T09:07:01,247,escalated
INV-01684,A-02462,ORG-004,ANALYST-02,2025-04-15T14:27:33,2025-04-15T21:35:53,330,escalated
INV-01685,A-02463,ORG-004,ANALYST-03,2025-05-28T18:21:42,2025-05-28T19:26:51,274,resolved
INV-01686,A-02464,ORG-004,ANALYST-08,2025-01-06T14:51:18,2025-01-06T19:42:48,450,open
INV-01687,A-02465,ORG-004,ANALYST-08,2025-05-23T20:12:23,2025-05-24T01:29:13,131,resolved
INV-01688,A-02468,ORG-004,ANALYST-12,2025-01-31T17:14:28,2025-02-01T00:36:13,103,escalated
INV-01689,A-02469,ORG-004,ANALYST-03,2025-01-24T00:05:44,2025-01-24T06:34:44,494,resolved
INV-01690,A-02470,ORG-004,ANALYST-03,2025-04-07T05:27:14,2025-04-07T11:35:51,198,resolved
INV-01691,A-02472,ORG-004,ANALYST-03,2025-03-17T00:40:10,2025-03-17T08:16:05,113,escalated
INV-01692,A-02473,ORG-004,ANALYST-06,2025-05-26T13:11:02,2025-05-26T14:00:16,397,resolved
INV-01693,A-02474,ORG-004,ANALYST-18,2025-02-03T16:43:21,2025-02-03T19:19:53,296,resolved
INV-01694,A-02475,ORG-004,ANALYST-08,2025-06-01T22:39:16,2025-06-02T04:48:28,250,escalated
INV-01695,A-02476,ORG-004,ANALYST-14,2025-05-11T19:02:54,2025-05-11T22:00:26,345,resolved
INV-01696,A-02477,ORG-004,ANALYST-13,2025-02-10T16:04:30,2025-02-10T21:22:12,323,false_positive
INV-01697,A-02478,ORG-004,ANALYST-18,2025-06-07T17:11:36,2025-06-08T00:18:53,380,resolved
INV-01698,A-02479,ORG-004,ANALYST-12,2025-02-09T15:55:03,2025-02-09T21:40:30,317,open
INV-01699,A-02480,ORG-004,ANALYST-01,2025-03-14T13:40:09,2025-03-14T19:55:03,113,resolved
INV-01700,A-02481,ORG-004,ANALYST-13,2025-03-05T11:24:43,2025-03-05T16:11:34,268,resolved
INV-01701,A-02482,ORG-004,ANALYST-11,2025-01-02T00:54:41,2025-01-02T06:46:11,240,resolved
INV-01702,A-02483,ORG-004,ANALYST-13,2025-05-24T16:39:02,2025-05-24T23:13:17,678,open
INV-01703,A-02484,ORG-004,ANALYST-01,2025-01-04T06:41:01,2025-01-04T13:33:27,321,resolved
INV-01704,A-02485,ORG-004,ANALYST-15,2025-01-06T03:59:54,2025-01-06T11:44:41,152,resolved
INV-01705,A-02486,ORG-004,ANALYST-17,2025-01-01T02:52:37,2025-01-01T10:00:11,582,false_positive
INV-01706,A-02487,ORG-004,ANALYST-12,2025-06-22T08:11:59,2025-06-22T10:35:17,412,false_positive
INV-01707,A-02488,ORG-004,ANALYST-11,2025-06-21T11:03:24,2025-06-21T17:26:02,500,resolved
INV-01708,A-02489,ORG-004,ANALYST-09,2025-03-08T19:08:30,2025-03-09T02:07:18,191,escalated
INV-01709,A-02491,ORG-004,ANALYST-14,2025-06-17T13:32:30,2025-06-17T18:30:22,240,resolved
INV-01710,A-02494,ORG-004,ANALYST-03,2025-02-12T21:14:58,2025-02-12T21:56:50,344,resolved
INV-01711,A-02495,ORG-004,ANALYST-17,2025-05-06T23:50:12,2025-05-07T06:11:12,577,resolved
INV-01712,A-02496,ORG-004,ANALYST-11,2025-05-28T10:17:05,2025-05-28T14:18:35,574,resolved
INV-01713,A-02497,ORG-004,ANALYST-20,2025-02-11T02:39:33,2025-02-11T07:47:21,536,escalated
INV-01714,A-02498,ORG-004,ANALYST-16,2025-02-13T06:18:47,2025-02-13T07:37:16,248,resolved
INV-01715,A-02500,ORG-004,ANALYST-16,2025-03-02T22:07:42,2025-03-03T04:08:21,258,resolved
INV-01716,A-02502,ORG-004,ANALYST-15,2025-05-19T11:57:24,2025-05-19T14:11:18,241,resolved
INV-01717,A-02503,ORG-004,ANALYST-10,2025-04-03T13:56:55,2025-04-03T18:46:30,56,resolved
INV-01718,A-02504,ORG-004,ANALYST-03,2025-03-01T21:02:38,2025-03-02T00:15:24,227,resolved
INV-01719,A-02505,ORG-004,ANALYST-09,2025-06-03T04:17:45,2025-06-03T09:59:34,234,escalated
INV-01720,A-02506,ORG-004,ANALYST-11,2025-05-21T08:57:33,2025-05-21T16:44:43,435,escalated
INV-01721,A-02507,ORG-004,ANALYST-02,2025-06-18T00:51:19,2025-06-18T05:16:03,163,false_positive
INV-01722,A-02509,ORG-004,ANALYST-17,2025-01-16T06:12:30,2025-01-16T12:09:00,390,resolved
INV-01723,A-02510,ORG-004,ANALYST-07,2025-04-17T09:42:09,2025-04-17T14:46:31,608,escalated
INV-01724,A-02512,ORG-004,ANALYST-13,2025-02-24T14:48:42,2025-02-24T19:03:29,542,resolved
INV-01725,A-02513,ORG-004,ANALYST-20,2025-04-27T16:37:31,2025-04-27T22:58:04,269,resolved
INV-01726,A-02515,ORG-004,ANALYST-09,2025-05-02T00:55:31,2025-05-02T02:02:09,64,resolved
INV-01727,A-02516,ORG-004,ANALYST-18,2025-03-01T22:10:59,2025-03-02T00:37:25,402,false_positive
INV-01728,A-02517,ORG-004,ANALYST-01,2025-02-02T14:53:36,2025-02-02T16:33:36,196,resolved
INV-01729,A-02518,ORG-004,ANALYST-08,2025-06-28T00:44:02,2025-06-28T07:06:21,565,open
INV-01730,A-02521,ORG-004,ANALYST-07,2025-05-31T00:22:59,2025-05-31T04:03:43,689,escalated
INV-01731,A-02522,ORG-004,ANALYST-19,2025-03-08T20:52:21,2025-03-08T21:53:57,685,resolved
INV-01732,A-02523,ORG-004,ANALYST-13,2025-03-14T22:39:29,2025-03-15T00:09:53,671,resolved
INV-01733,A-02524,ORG-004,ANALYST-18,2025-02-12T21:37:29,2025-02-12T22:57:33,278,escalated
INV-01734,A-02526,ORG-004,ANALYST-19,2025-03-02T15:49:35,2025-03-02T19:41:38,337,escalated
INV-01735,A-02527,ORG-004,ANALYST-07,2025-02-03T16:55:17,2025-02-03T21:43:09,125,resolved
INV-01736,A-02528,ORG-004,ANALYST-03,2025-03-06T13:52:29,2025-03-06T14:51:57,528,resolved
INV-01737,A-02529,ORG-004,ANALYST-20,2025-04-14T11:45:37,2025-04-14T12:41:31,567,resolved
INV-01738,A-02530,ORG-004,ANALYST-10,2025-05-25T00:31:31,2025-05-25T07:50:44,483,open
INV-01739,A-02531,ORG-004,ANALYST-09,2025-04-25T21:16:36,2025-04-26T03:13:09,274,resolved
INV-01740,A-02533,ORG-004,ANALYST-17,2025-05-15T00:10:07,2025-05-15T07:31:46,425,resolved
INV-01741,A-02534,ORG-004,ANALYST-05,2025-03-20T17:00:51,2025-03-20T22:05:48,355,escalated
INV-01742,A-02536,ORG-004,ANALYST-03,2025-04-13T20:06:33,2025-04-14T01:49:26,153,resolved
INV-01743,A-02537,ORG-004,ANALYST-06,2025-04-18T04:27:50,2025-04-18T06:47:44,299,resolved
INV-01744,A-02538,ORG-004,ANALYST-07,2025-03-07T23:24:17,2025-03-08T02:13:02,192,resolved
INV-01745,A-02539,ORG-004,ANALYST-17,2025-02-06T05:44:16,2025-02-06T12:23:56,173,escalated
INV-01746,A-02540,ORG-004,ANALYST-12,2025-02-03T18:39:05,2025-02-04T02:16:48,507,false_positive
INV-01747,A-02541,ORG-004,ANALYST-17,2025-01-09T03:28:39,2025-01-09T04:44:12,667,resolved
INV-01748,A-02543,ORG-004,ANALYST-14,2025-06-30T00:50:58,2025-06-30T04:30:47,456,open
INV-01749,A-02544,ORG-004,ANALYST-05,2025-02-10T00:27:05,2025-02-10T04:44:39,170,false_positive
INV-01750,A-02545,ORG-004,ANALYST-19,2025-04-19T00:38:41,2025-04-19T05:31:54,120,escalated
INV-01751,A-02546,ORG-004,ANALYST-11,2025-04-30T12:12:29,2025-04-30T14:35:42,81,escalated
INV-01752,A-02548,ORG-004,ANALYST-09,2025-03-01T23:09:53,2025-03-02T00:46:31,167,false_positive
INV-01753,A-02549,ORG-004,ANALYST-03,2025-03-27T15:43:21,2025-03-27T19:29:05,295,escalated
INV-01754,A-02550,ORG-004,ANALYST-16,2025-03-06T11:50:15,2025-03-06T15:55:20,104,false_positive
INV-01755,A-02551,ORG-004,ANALYST-11,2025-06-08T08:24:50,2025-06-08T12:40:51,294,escalated
INV-01756,A-02553,ORG-004,ANALYST-02,2025-04-13T09:35:44,2025-04-13T12:00:14,647,false_positive
INV-01757,A-02554,ORG-004,ANALYST-20,2025-04-05T06:31:23,2025-04-05T07:11:28,304,resolved
INV-01758,A-02555,ORG-004,ANALYST-05,2025-04-22T15:50:30,2025-04-22T19:23:18,231,resolved
INV-01759,A-02556,ORG-004,ANALYST-20,2025-04-27T13:15:41,2025-04-27T20:07:59,650,resolved
INV-01760,A-02557,ORG-004,ANALYST-06,2025-05-18T03:36:55,2025-05-18T07:37:35,638,resolved
INV-01761,A-02558,ORG-004,ANALYST-09,2025-05-01T05:35:35,2025-05-01T08:07:55,413,resolved
INV-01762,A-02559,ORG-004,ANALYST-15,2025-03-26T18:03:54,2025-03-26T22:14:09,742,resolved
INV-01763,A-02561,ORG-004,ANALYST-11,2025-06-02T07:34:57,2025-06-02T14:59:14,789,resolved
INV-01764,A-02562,ORG-004,ANALYST-20,2025-05-28T11:51:13,2025-05-28T15:07:57,371,resolved
INV-01765,A-02564,ORG-004,ANALYST-01,2025-01-02T15:18:42,2025-01-02T20:51:00,68,false_positive
INV-01766,A-02566,ORG-004,ANALYST-08,2025-02-20T17:35:13,2025-02-20T21:13:39,307,false_positive
INV-01767,A-02567,ORG-004,ANALYST-11,2025-05-03T22:20:31,2025-05-04T04:34:06,241,resolved
INV-01768,A-02568,ORG-004,ANALYST-17,2025-04-22T11:28:52,2025-04-22T13:22:30,260,open
INV-01769,A-02569,ORG-004,ANALYST-03,2025-06-05T22:42:09,2025-06-06T00:45:22,282,open
INV-01770,A-02571,ORG-004,ANALYST-06,2025-04-17T15:31:09,2025-04-17T19:32:06,576,resolved
INV-01771,A-02572,ORG-004,ANALYST-20,2025-02-26T03:02:08,2025-02-26T08:38:36,172,false_positive
INV-01772,A-02573,ORG-004,ANALYST-03,2025-04-09T02:44:51,2025-04-09T06:37:05,178,resolved
INV-01773,A-02574,ORG-004,ANALYST-04,2025-04-28T08:01:10,2025-04-28T14:38:16,589,false_positive
INV-01774,A-02575,ORG-004,ANALYST-14,2025-05-09T19:48:11,2025-05-10T00:21:10,279,resolved
INV-01775,A-02576,ORG-004,ANALYST-07,2025-03-12T08:20:31,2025-03-12T11:14:19,213,false_positive
INV-01776,A-02578,ORG-004,ANALYST-16,2025-06-11T07:21:12,2025-06-11T08:20:33,614,false_positive
INV-01777,A-02579,ORG-004,ANALYST-02,2025-04-26T07:26:17,2025-04-26T13:58:54,312,resolved
INV-01778,A-02580,ORG-004,ANALYST-09,2025-04-30T08:33:26,2025-04-30T16:30:31,699,resolved
INV-01779,A-02581,ORG-004,ANALYST-16,2025-02-13T11:55:06,2025-02-13T18:11:16,466,resolved
INV-01780,A-02582,ORG-004,ANALYST-12,2025-05-10T04:50:26,2025-05-10T10:13:22,531,resolved
INV-01781,A-02583,ORG-004,ANALYST-02,2025-06-30T06:39:43,2025-06-30T10:49:30,309,escalated
INV-01782,A-02584,ORG-004,ANALYST-10,2025-05-31T20:54:37,2025-05-31T23:21:09,604,resolved
INV-01783,A-02585,ORG-004,ANALYST-19,2025-05-20T04:41:21,2025-05-20T11:16:57,350,escalated
INV-01784,A-02586,ORG-004,ANALYST-02,2025-04-19T01:46:55,2025-04-19T05:22:37,365,escalated
INV-01785,A-02587,ORG-004,ANALYST-13,2025-01-08T05:50:20,2025-01-08T11:52:38,253,resolved
INV-01786,A-02588,ORG-004,ANALYST-15,2025-05-28T04:45:45,2025-05-28T08:45:02,786,escalated
INV-01787,A-02589,ORG-004,ANALYST-05,2025-04-13T17:56:25,2025-04-13T22:03:42,262,escalated
INV-01788,A-02590,ORG-004,ANALYST-07,2025-03-24T10:18:54,2025-03-24T14:01:39,588,resolved
INV-01789,A-02591,ORG-004,ANALYST-05,2025-04-26T10:17:03,2025-04-26T14:55:14,168,resolved
INV-01790,A-02595,ORG-004,ANALYST-09,2025-03-22T10:02:49,2025-03-22T16:52:06,366,open
INV-01791,A-02596,ORG-004,ANALYST-18,2025-06-06T07:49:44,2025-06-06T11:38:56,178,resolved
INV-01792,A-02597,ORG-004,ANALYST-19,2025-05-11T03:03:45,2025-05-11T07:50:54,292,resolved
INV-01793,A-02599,ORG-004,ANALYST-13,2025-02-21T07:16:57,2025-02-21T09:13:49,142,false_positive
INV-01794,A-02601,ORG-004,ANALYST-12,2025-03-29T17:34:25,2025-03-29T21:30:36,229,resolved
INV-01795,A-02602,ORG-004,ANALYST-18,2025-06-29T13:15:10,2025-06-29T21:00:35,440,false_positive
INV-01796,A-02603,ORG-004,ANALYST-11,2025-06-28T22:07:41,2025-06-29T04:52:57,297,resolved
INV-01797,A-02607,ORG-004,ANALYST-18,2025-01-12T16:14:28,2025-01-12T18:16:45,412,false_positive
INV-01798,A-02608,ORG-004,ANALYST-14,2025-06-26T10:04:13,2025-06-26T10:39:59,438,escalated
INV-01799,A-02610,ORG-004,ANALYST-04,2025-05-14T21:13:57,2025-05-14T23:25:16,660,resolved
INV-01800,A-02611,ORG-004,ANALYST-19,2025-05-08T14:42:51,2025-05-08T22:37:21,213,resolved
INV-01801,A-02612,ORG-004,ANALYST-14,2025-05-08T02:47:10,2025-05-08T08:52:54,339,resolved
INV-01802,A-02613,ORG-004,ANALYST-09,2025-05-20T10:01:40,2025-05-20T14:02:58,782,resolved
INV-01803,A-02614,ORG-004,ANALYST-20,2025-02-28T01:40:27,2025-02-28T03:12:58,611,escalated
INV-01804,A-02615,ORG-004,ANALYST-01,2025-03-19T04:35:43,2025-03-19T09:19:25,336,resolved
INV-01805,A-02617,ORG-004,ANALYST-19,2025-03-19T23:56:32,2025-03-20T04:17:47,476,false_positive
INV-01806,A-02618,ORG-004,ANALYST-07,2025-04-11T00:11:11,2025-04-11T02:47:50,526,resolved
INV-01807,A-02619,ORG-004,ANALYST-08,2025-05-05T02:44:14,2025-05-05T07:19:14,534,false_positive
INV-01808,A-02620,ORG-004,ANALYST-06,2025-05-30T20:07:06,2025-05-30T20:51:17,233,resolved
INV-01809,A-02621,ORG-004,ANALYST-19,2025-02-06T20:29:59,2025-02-07T01:40:16,693,resolved
INV-01810,A-02622,ORG-004,ANALYST-01,2025-04-06T18:54:29,2025-04-07T01:46:22,99,resolved
INV-01811,A-02623,ORG-004,ANALYST-01,2025-03-01T01:35:40,2025-03-01T05:34:16,487,resolved
INV-01812,A-02624,ORG-004,ANALYST-13,2025-04-18T21:02:58,2025-04-19T01:37:45,415,resolved
INV-01813,A-02625,ORG-004,ANALYST-10,2025-06-16T14:39:07,2025-06-16T17:11:41,482,false_positive
INV-01814,A-02626,ORG-004,ANALYST-16,2025-05-12T09:07:05,2025-05-12T10:20:47,489,resolved
INV-01815,A-02627,ORG-004,ANALYST-16,2025-05-26T10:05:43,2025-05-26T13:37:45,420,open
INV-01816,A-02628,ORG-004,ANALYST-07,2025-06-16T21:35:08,2025-06-17T02:04:46,269,resolved
INV-01817,A-02629,ORG-004,ANALYST-19,2025-02-01T14:46:06,2025-02-01T22:21:47,278,false_positive
INV-01818,A-02630,ORG-004,ANALYST-19,2025-03-22T07:42:46,2025-03-22T12:37:09,342,resolved
INV-01819,A-02631,ORG-004,ANALYST-15,2025-03-23T08:02:36,2025-03-23T13:41:18,305,resolved
INV-01820,A-02632,ORG-004,ANALYST-09,2025-05-28T08:27:37,2025-05-28T13:34:45,539,resolved
INV-01821,A-02633,ORG-004,ANALYST-14,2025-05-22T16:06:33,2025-05-22T23:08:34,67,resolved
INV-01822,A-02635,ORG-004,ANALYST-14,2025-01-09T01:16:26,2025-01-09T06:54:59,297,resolved
INV-01823,A-02636,ORG-004,ANALYST-08,2025-01-14T15:15:35,2025-01-14T22:40:15,141,resolved
INV-01824,A-02638,ORG-004,ANALYST-09,2025-01-11T04:39:14,2025-01-11T07:14:43,486,resolved
INV-01825,A-02640,ORG-004,ANALYST-13,2025-05-08T03:43:26,2025-05-08T09:07:04,530,escalated
INV-01826,A-02641,ORG-004,ANALYST-17,2025-01-07T11:11:33,2025-01-07T14:00:09,494,resolved
INV-01827,A-02642,ORG-004,ANALYST-01,2025-05-03T18:42:29,2025-05-04T02:20:16,412,resolved
INV-01828,A-02644,ORG-004,ANALYST-17,2025-06-05T13:41:49,2025-06-05T19:12:32,213,open
INV-01829,A-02646,ORG-004,ANALYST-19,2025-05-20T07:53:50,2025-05-20T10:17:53,790,escalated
INV-01830,A-02647,ORG-004,ANALYST-03,2025-06-28T17:58:22,2025-06-29T01:43:57,228,false_positive
INV-01831,A-02649,ORG-004,ANALYST-06,2025-02-28T09:16:42,2025-02-28T11:33:01,377,resolved
INV-01832,A-02650,ORG-004,ANALYST-03,2025-02-04T18:57:48,2025-02-05T01:41:46,353,false_positive
INV-01833,A-02651,ORG-004,ANALYST-13,2025-03-12T03:05:46,2025-03-12T04:12:15,241,resolved
INV-01834,A-02652,ORG-004,ANALYST-11,2025-01-11T19:39:51,2025-01-12T00:24:36,432,escalated
INV-01835,A-02653,ORG-004,ANALYST-08,2025-03-29T00:34:05,2025-03-29T01:31:49,557,resolved
INV-01836,A-02654,ORG-004,ANALYST-16,2025-02-09T05:40:48,2025-02-09T10:48:03,295,false_positive
INV-01837,A-02656,ORG-004,ANALYST-18,2025-01-27T04:35:03,2025-01-27T11:50:01,137,resolved
INV-01838,A-02657,ORG-004,ANALYST-16,2025-05-21T08:53:57,2025-05-21T14:56:42,335,resolved
INV-01839,A-02658,ORG-004,ANALYST-05,2025-05-21T14:27:23,2025-05-21T21:22:25,298,resolved
INV-01840,A-02662,ORG-004,ANALYST-04,2025-01-04T20:39:20,2025-01-04T23:54:39,517,false_positive
INV-01841,A-02663,ORG-004,ANALYST-17,2025-01-31T21:20:23,2025-01-31T22:33:55,286,resolved
INV-01842,A-02664,ORG-004,ANALYST-14,2025-06-03T18:56:59,2025-06-04T02:21:53,672,resolved
INV-01843,A-02665,ORG-004,ANALYST-17,2025-05-03T09:26:59,2025-05-03T14:09:32,707,resolved
INV-01844,A-02667,ORG-004,ANALYST-09,2025-04-30T06:24:30,2025-04-30T08:58:08,373,escalated
INV-01845,A-02669,ORG-004,ANALYST-16,2025-01-13T21:05:13,2025-01-13T23:39:45,312,resolved
INV-01846,A-02670,ORG-004,ANALYST-08,2025-01-25T11:33:35,2025-01-25T12:21:38,572,escalated
INV-01847,A-02671,ORG-004,ANALYST-08,2025-01-12T10:09:29,2025-01-12T14:54:23,311,false_positive
INV-01848,A-02672,ORG-004,ANALYST-01,2025-04-06T12:35:19,2025-04-06T20:15:38,161,escalated
INV-01849,A-02674,ORG-004,ANALYST-11,2025-04-22T20:37:43,2025-04-23T04:21:18,415,resolved
INV-01850,A-02676,ORG-004,ANALYST-08,2025-03-25T20:10:32,2025-03-26T03:18:26,612,resolved
INV-01851,A-02677,ORG-004,ANALYST-03,2025-01-11T21:21:14,2025-01-12T01:33:16,519,resolved
INV-01852,A-02678,ORG-004,ANALYST-10,2025-03-03T18:51:13,2025-03-04T01:51:22,95,escalated
INV-01853,A-02679,ORG-004,ANALYST-09,2025-05-23T17:48:22,2025-05-24T01:41:30,380,escalated
INV-01854,A-02680,ORG-004,ANALYST-19,2025-03-04T04:31:12,2025-03-04T11:08:07,337,escalated
INV-01855,A-02681,ORG-004,ANALYST-04,2025-03-30T20:03:07,2025-03-31T01:12:09,213,resolved
INV-01856,A-02682,ORG-004,ANALYST-08,2025-05-03T04:04:50,2025-05-03T06:13:34,583,resolved
INV-01857,A-02683,ORG-004,ANALYST-15,2025-04-21T20:04:34,2025-04-22T04:01:48,90,resolved
INV-01858,A-02684,ORG-004,ANALYST-04,2025-01-10T09:23:07,2025-01-10T12:51:30,179,resolved
INV-01859,A-02686,ORG-004,ANALYST-20,2025-03-08T05:10:56,2025-03-08T11:05:11,180,resolved
INV-01860,A-02688,ORG-004,ANALYST-10,2025-06-25T13:47:02,2025-06-25T16:18:56,206,open
INV-01861,A-02690,ORG-004,ANALYST-17,2025-06-23T16:11:38,2025-06-23T18:16:29,284,open
INV-01862,A-02691,ORG-004,ANALYST-12,2025-06-14T06:20:42,2025-06-14T12:49:34,642,resolved
INV-01863,A-02692,ORG-004,ANALYST-13,2025-01-30T23:41:05,2025-01-31T06:11:16,712,false_positive
INV-01864,A-02693,ORG-004,ANALYST-17,2025-02-06T22:50:32,2025-02-06T23:33:37,193,escalated
INV-01865,A-02695,ORG-004,ANALYST-07,2025-04-12T22:42:20,2025-04-13T04:36:40,119,resolved
INV-01866,A-02696,ORG-004,ANALYST-16,2025-02-17T06:49:26,2025-02-17T11:57:00,698,escalated
INV-01867,A-02697,ORG-004,ANALYST-18,2025-01-07T21:57:36,2025-01-08T05:21:58,749,escalated
INV-01868,A-02698,ORG-004,ANALYST-10,2025-01-31T12:27:50,2025-01-31T13:59:08,658,resolved
INV-01869,A-02699,ORG-004,ANALYST-18,2025-02-13T12:15:48,2025-02-13T13:01:31,377,resolved
INV-01870,A-02701,ORG-004,ANALYST-09,2025-04-29T01:43:27,2025-04-29T02:56:49,298,resolved
INV-01871,A-02702,ORG-004,ANALYST-11,2025-04-11T01:01:40,2025-04-11T06:38:08,245,resolved
INV-01872,A-02703,ORG-004,ANALYST-13,2025-03-10T06:02:51,2025-03-10T14:01:14,362,open
INV-01873,A-02704,ORG-004,ANALYST-02,2025-03-27T06:14:06,2025-03-27T06:52:58,168,resolved
INV-01874,A-02705,ORG-004,ANALYST-08,2025-02-16T17:52:22,2025-02-16T22:45:39,168,escalated
INV-01875,A-02706,ORG-004,ANALYST-16,2025-06-13T02:30:16,2025-06-13T07:59:16,357,resolved
INV-01876,A-02707,ORG-004,ANALYST-19,2025-03-04T10:51:22,2025-03-04T14:02:54,58,resolved
INV-01877,A-02708,ORG-004,ANALYST-13,2025-06-28T10:49:05,2025-06-28T15:49:57,669,resolved
INV-01878,A-02709,ORG-004,ANALYST-02,2025-02-09T07:28:37,2025-02-09T15:00:28,228,resolved
INV-01879,A-02710,ORG-004,ANALYST-14,2025-04-06T14:19:37,2025-04-06T19:58:56,260,open
INV-01880,A-02711,ORG-004,ANALYST-20,2025-04-07T10:37:17,2025-04-07T15:52:17,536,resolved
INV-01881,A-02712,ORG-004,ANALYST-08,2025-01-01T19:48:20,2025-01-01T21:29:08,443,resolved
INV-01882,A-02713,ORG-004,ANALYST-02,2025-03-11T21:34:20,2025-03-12T03:12:16,261,resolved
INV-01883,A-02714,ORG-004,ANALYST-14,2025-06-21T11:04:51,2025-06-21T15:14:41,61,escalated
INV-01884,A-02715,ORG-004,ANALYST-09,2025-01-25T17:47:06,2025-01-26T01:18:20,174,escalated
INV-01885,A-02716,ORG-004,ANALYST-11,2025-01-17T04:16:35,2025-01-17T10:20:32,438,resolved
INV-01886,A-02717,ORG-004,ANALYST-03,2025-02-18T19:59:20,2025-02-18T22:13:51,400,false_positive
INV-01887,A-02718,ORG-004,ANALYST-13,2025-06-27T09:36:43,2025-06-27T13:34:23,324,false_positive
INV-01888,A-02719,ORG-004,ANALYST-03,2025-01-02T07:11:52,2025-01-02T11:49:55,663,resolved
INV-01889,A-02721,ORG-004,ANALYST-18,2025-06-22T14:13:49,2025-06-22T19:49:45,442,escalated
INV-01890,A-02722,ORG-004,ANALYST-17,2025-01-16T09:24:16,2025-01-16T10:32:21,76,resolved
INV-01891,A-02724,ORG-004,ANALYST-01,2025-01-31T11:52:17,2025-01-31T17:42:59,517,resolved
INV-01892,A-02725,ORG-004,ANALYST-15,2025-03-30T04:07:01,2025-03-30T09:11:54,369,resolved
INV-01893,A-02726,ORG-004,ANALYST-05,2025-05-29T05:49:20,2025-05-29T07:27:40,618,resolved
INV-01894,A-02727,ORG-004,ANALYST-09,2025-01-06T09:32:24,2025-01-06T12:27:24,416,escalated
INV-01895,A-02728,ORG-004,ANALYST-08,2025-04-28T08:44:49,2025-04-28T15:41:29,150,escalated
INV-01896,A-02729,ORG-004,ANALYST-01,2025-03-20T17:09:42,2025-03-20T21:10:07,379,resolved
INV-01897,A-02730,ORG-004,ANALYST-03,2025-04-19T03:32:53,2025-04-19T06:14:44,187,resolved
INV-01898,A-02731,ORG-004,ANALYST-02,2025-06-02T19:58:24,2025-06-03T00:04:45,298,false_positive
INV-01899,A-02732,ORG-004,ANALYST-19,2025-04-01T04:33:18,2025-04-01T08:30:03,681,resolved
INV-01900,A-02733,ORG-004,ANALYST-15,2025-03-20T17:11:13,2025-03-20T21:50:15,154,escalated
INV-01901,A-02734,ORG-004,ANALYST-07,2025-04-04T08:44:12,2025-04-04T14:39:25,203,false_positive
INV-01902,A-02735,ORG-004,ANALYST-14,2025-07-01T00:14:34,,203,open
INV-01903,A-02736,ORG-004,ANALYST-15,2025-06-07T10:27:00,2025-06-07T14:47:56,436,resolved
INV-01904,A-02737,ORG-004,ANALYST-19,2025-05-17T05:20:09,2025-05-17T07:55:06,261,resolved
INV-01905,A-02739,ORG-004,ANALYST-07,2025-04-24T09:48:43,2025-04-24T13:28:45,545,escalated
INV-01906,A-02740,ORG-004,ANALYST-14,2025-01-21T06:20:02,2025-01-21T09:35:45,455,false_positive
INV-01907,A-02741,ORG-004,ANALYST-12,2025-06-30T13:45:18,2025-06-30T19:21:13,688,resolved
INV-01908,A-02742,ORG-004,ANALYST-09,2025-05-09T01:39:55,2025-05-09T03:00:25,229,resolved
INV-01909,A-02744,ORG-004,ANALYST-16,2025-01-02T06:24:37,2025-01-02T07:49:55,384,false_positive
INV-01910,A-02745,ORG-004,ANALYST-07,2025-03-18T11:09:16,2025-03-18T17:13:41,529,escalated
INV-01911,A-02746,ORG-004,ANALYST-11,2025-03-29T00:41:40,2025-03-29T07:13:32,284,resolved
INV-01912,A-02747,ORG-004,ANALYST-18,2025-02-18T18:55:16,2025-02-18T20:19:21,554,resolved
INV-01913,A-02748,ORG-004,ANALYST-20,2025-06-11T23:13:34,2025-06-11T23:56:35,327,resolved
INV-01914,A-02749,ORG-004,ANALYST-19,2025-01-17T05:37:46,2025-01-17T06:46:13,335,resolved
INV-01915,A-02750,ORG-004,ANALYST-01,2025-05-02T17:39:46,2025-05-02T20:15:55,198,escalated
INV-01916,A-02751,ORG-004,ANALYST-18,2025-06-11T18:00:54,2025-06-12T00:42:29,307,resolved
INV-01917,A-02752,ORG-004,ANALYST-08,2025-04-13T20:39:25,2025-04-14T02:52:26,622,false_positive
INV-01918,A-02754,ORG-004,ANALYST-13,2025-01-05T02:21:51,2025-01-05T07:39:15,247,resolved
INV-01919,A-02755,ORG-004,ANALYST-04,2025-06-10T22:59:53,2025-06-11T01:52:51,453,escalated
INV-01920,A-02756,ORG-004,ANALYST-15,2025-06-27T07:38:22,2025-06-27T11:54:22,594,resolved
INV-01921,A-02757,ORG-004,ANALYST-18,2025-05-23T15:13:17,2025-05-23T16:59:41,176,false_positive
INV-01922,A-02761,ORG-004,ANALYST-03,2025-03-25T08:55:08,2025-03-25T10:28:33,129,escalated
INV-01923,A-02762,ORG-004,ANALYST-16,2025-05-18T12:03:50,2025-05-18T17:06:43,237,false_positive
INV-01924,A-02764,ORG-004,ANALYST-04,2025-04-04T01:40:01,2025-04-04T07:25:12,355,resolved
INV-01925,A-02765,ORG-004,ANALYST-13,2025-01-23T17:08:02,2025-01-23T21:14:45,235,resolved
INV-01926,A-02766,ORG-004,ANALYST-20,2025-06-04T16:39:58,2025-06-04T20:18:13,401,resolved
INV-01927,A-02767,ORG-004,ANALYST-16,2025-06-28T05:14:46,2025-06-28T09:00:49,396,resolved
INV-01928,A-02768,ORG-004,ANALYST-03,2025-02-19T12:16:10,2025-02-19T13:26:18,345,escalated
INV-01929,A-02769,ORG-004,ANALYST-15,2025-02-12T11:41:03,2025-02-12T15:45:39,270,resolved
INV-01930,A-02770,ORG-004,ANALYST-02,2025-02-09T20:56:08,2025-02-10T02:22:42,142,resolved
INV-01931,A-02772,ORG-004,ANALYST-17,2025-06-05T07:39:08,2025-06-05T14:22:06,368,resolved
INV-01932,A-02773,ORG-004,ANALYST-01,2025-05-29T02:20:17,2025-05-29T04:30:42,633,resolved
INV-01933,A-02774,ORG-004,ANALYST-16,2025-06-11T05:39:50,2025-06-11T07:37:18,640,escalated
INV-01934,A-02775,ORG-004,ANALYST-01,2025-03-10T18:44:33,2025-03-10T19:25:11,572,false_positive
INV-01935,A-02777,ORG-004,ANALYST-05,2025-03-29T19:09:31,2025-03-29T20:00:25,741,resolved
INV-01936,A-02779,ORG-004,ANALYST-20,2025-05-30T03:37:08,2025-05-30T04:23:35,264,false_positive
INV-01937,A-02781,ORG-004,ANALYST-03,2025-02-10T03:03:14,2025-02-10T05:51:15,109,resolved
INV-01938,A-02782,ORG-004,ANALYST-11,2025-01-07T00:13:19,2025-01-07T07:54:05,178,resolved
INV-01939,A-02783,ORG-004,ANALYST-05,2025-06-11T04:53:41,2025-06-11T10:43:54,452,resolved
INV-01940,A-02785,ORG-004,ANALYST-08,2025-06-12T12:02:06,2025-06-12T13:59:22,456,resolved
INV-01941,A-02786,ORG-004,ANALYST-15,2025-04-08T19:23:26,2025-04-09T01:47:17,212,resolved
INV-01942,A-02787,ORG-004,ANALYST-07,2025-04-07T13:38:24,2025-04-07T20:55:53,522,resolved
INV-01943,A-02789,ORG-004,ANALYST-09,2025-02-04T10:12:20,2025-02-04T14:45:26,372,resolved
INV-01944,A-02790,ORG-004,ANALYST-16,2025-06-23T03:29:20,2025-06-23T09:23:11,320,false_positive
INV-01945,A-02792,ORG-004,ANALYST-11,2025-05-09T08:18:46,2025-05-09T09:13:26,238,escalated
INV-01946,A-02794,ORG-004,ANALYST-05,2025-05-18T16:48:09,2025-05-18T21:02:58,326,false_positive
INV-01947,A-02795,ORG-004,ANALYST-19,2025-03-17T14:54:56,2025-03-17T20:14:42,168,false_positive
INV-01948,A-02797,ORG-004,ANALYST-03,2025-01-02T14:25:43,2025-01-02T18:51:59,166,escalated
INV-01949,A-02798,ORG-004,ANALYST-13,2025-05-21T04:56:24,2025-05-21T07:59:44,281,resolved
INV-01950,A-02799,ORG-004,ANALYST-15,2025-05-27T17:53:56,2025-05-27T19:33:05,153,escalated
INV-01951,A-02800,ORG-004,ANALYST-17,2025-02-11T04:02:17,2025-02-11T09:27:44,446,resolved
INV-01952,A-02801,ORG-004,ANALYST-04,2025-04-20T00:07:00,2025-04-20T06:33:03,379,escalated
INV-01953,A-02802,ORG-004,ANALYST-01,2025-03-19T00:33:12,2025-03-19T06:13:39,154,resolved
INV-01954,A-02803,ORG-004,ANALYST-09,2025-06-10T01:04:02,2025-06-10T05:46:38,258,resolved
INV-01955,A-02804,ORG-004,ANALYST-11,2025-06-25T21:18:33,2025-06-26T01:19:08,491,escalated
INV-01956,A-02805,ORG-004,ANALYST-09,2025-05-15T00:30:09,2025-05-15T07:40:48,405,resolved
INV-01957,A-02808,ORG-004,ANALYST-18,2025-06-29T02:34:52,2025-06-29T09:08:35,223,resolved
INV-01958,A-02810,ORG-004,ANALYST-07,2025-04-01T13:34:10,2025-04-01T19:51:57,261,escalated
INV-01959,A-02811,ORG-004,ANALYST-07,2025-02-12T08:23:10,2025-02-12T10:37:20,713,resolved
INV-01960,A-02812,ORG-004,ANALYST-05,2025-03-06T17:13:20,2025-03-06T18:30:50,449,false_positive
INV-01961,A-02813,ORG-004,ANALYST-15,2025-05-15T21:23:41,2025-05-16T03:33:57,359,resolved
INV-01962,A-02814,ORG-004,ANALYST-02,2025-01-15T15:43:02,2025-01-15T19:13:06,398,escalated
INV-01963,A-02815,ORG-004,ANALYST-03,2025-01-08T05:33:50,2025-01-08T08:21:10,349,resolved
INV-01964,A-02816,ORG-004,ANALYST-06,2025-06-05T05:46:36,2025-06-05T13:14:55,155,resolved
INV-01965,A-02817,ORG-004,ANALYST-15,2025-04-03T19:27:53,2025-04-03T20:14:05,614,resolved
INV-01966,A-02818,ORG-004,ANALYST-12,2025-03-12T21:35:45,2025-03-13T03:10:11,227,escalated
INV-01967,A-02819,ORG-004,ANALYST-11,2025-04-23T19:57:55,2025-04-23T22:23:49,588,resolved
INV-01968,A-02820,ORG-004,ANALYST-14,2025-06-29T05:57:50,2025-06-29T10:54:25,198,resolved
INV-01969,A-02821,ORG-004,ANALYST-08,2025-01-08T00:08:32,2025-01-08T07:23:40,559,resolved
INV-01970,A-02823,ORG-004,ANALYST-20,2025-05-12T11:07:48,2025-05-12T18:40:06,119,resolved
INV-01971,A-02824,ORG-004,ANALYST-07,2025-03-08T04:24:02,2025-03-08T05:24:31,363,resolved
INV-01972,A-02825,ORG-004,ANALYST-07,2025-03-16T08:45:13,2025-03-16T15:09:41,451,resolved
INV-01973,A-02826,ORG-004,ANALYST-19,2025-06-16T04:15:12,2025-06-16T06:11:14,536,escalated
INV-01974,A-02828,ORG-004,ANALYST-11,2025-03-28T11:06:02,2025-03-28T12:05:36,246,escalated
INV-01975,A-02830,ORG-004,ANALYST-01,2025-01-31T23:31:59,2025-02-01T06:47:29,281,open
INV-01976,A-02831,ORG-004,ANALYST-14,2025-04-23T14:28:59,2025-04-23T19:27:10,106,false_positive
INV-01977,A-02832,ORG-004,ANALYST-09,2025-03-24T23:22:04,2025-03-25T05:34:50,275,resolved
INV-01978,A-02833,ORG-004,ANALYST-01,2025-04-02T05:34:50,2025-04-02T08:27:18,602,resolved
INV-01979,A-02835,ORG-004,ANALYST-17,2025-06-28T22:20:48,2025-06-29T02:28:38,131,escalated
INV-01980,A-02837,ORG-004,ANALYST-14,2025-02-08T03:56:54,2025-02-08T09:08:40,184,resolved
INV-01981,A-02838,ORG-004,ANALYST-19,2025-01-15T11:41:02,2025-01-15T16:28:46,288,escalated
INV-01982,A-02839,ORG-004,ANALYST-08,2025-05-28T21:39:27,2025-05-29T01:26:35,291,escalated
INV-01983,A-02840,ORG-004,ANALYST-09,2025-01-17T13:53:40,2025-01-17T19:27:31,192,resolved
INV-01984,A-02842,ORG-004,ANALYST-02,2025-02-03T05:56:24,2025-02-03T07:22:54,632,false_positive
INV-01985,A-02843,ORG-004,ANALYST-10,2025-04-26T23:33:23,2025-04-27T05:57:20,311,resolved
INV-01986,A-02844,ORG-004,ANALYST-04,2025-06-29T17:49:49,2025-06-29T18:47:40,708,resolved
INV-01987,A-02845,ORG-004,ANALYST-08,2025-03-09T14:46:50,2025-03-09T21:31:31,379,resolved
INV-01988,A-02846,ORG-004,ANALYST-11,2025-04-03T01:18:17,2025-04-03T08:06:39,385,false_positive
INV-01989,A-02847,ORG-004,ANALYST-20,2025-02-19T11:31:30,2025-02-19T18:03:38,490,escalated
INV-01990,A-02848,ORG-004,ANALYST-07,2025-03-20T16:38:47,2025-03-20T23:41:20,651,resolved
INV-01991,A-02850,ORG-004,ANALYST-19,2025-06-03T08:54:20,2025-06-03T16:09:19,494,escalated
INV-01992,A-02851,ORG-004,ANALYST-16,2025-05-30T00:40:25,2025-05-30T04:18:00,240,false_positive
INV-01993,A-02852,ORG-004,ANALYST-03,2025-02-28T00:34:35,2025-02-28T05:42:38,481,resolved
INV-01994,A-02853,ORG-004,ANALYST-12,2025-04-08T21:07:50,2025-04-08T22:02:28,604,resolved
INV-01995,A-02854,ORG-004,ANALYST-05,2025-02-05T12:31:10,2025-02-05T15:54:28,325,escalated
INV-01996,A-02856,ORG-004,ANALYST-03,2025-05-10T22:27:05,2025-05-11T00:27:42,112,resolved
INV-01997,A-02857,ORG-004,ANALYST-09,2025-01-11T07:08:02,2025-01-11T09:26:28,744,resolved
INV-01998,A-02858,ORG-004,ANALYST-05,2025-02-21T11:59:57,2025-02-21T18:31:52,208,resolved
INV-01999,A-02860,ORG-004,ANALYST-15,2025-04-02T11:13:14,2025-04-02T14:16:10,512,resolved
INV-02000,A-02862,ORG-004,ANALYST-11,2025-02-20T23:10:33,2025-02-21T04:13:05,187,resolved
INV-02001,A-02864,ORG-004,ANALYST-15,2025-05-07T03:26:17,2025-05-07T08:42:51,340,resolved
INV-02002,A-02865,ORG-004,ANALYST-05,2025-01-14T11:31:11,2025-01-14T17:34:31,469,false_positive
INV-02003,A-02867,ORG-004,ANALYST-17,2025-05-16T16:10:06,2025-05-16T18:56:11,408,resolved
INV-02004,A-02868,ORG-004,ANALYST-12,2025-06-02T23:52:22,2025-06-03T04:12:47,154,resolved
INV-02005,A-02869,ORG-004,ANALYST-08,2025-06-06T00:29:57,2025-06-06T07:22:54,272,false_positive
INV-02006,A-02870,ORG-004,ANALYST-08,2025-03-07T02:51:32,2025-03-07T06:14:09,152,resolved
INV-02007,A-02871,ORG-004,ANALYST-06,2025-02-18T06:17:09,2025-02-18T12:55:53,653,resolved
INV-02008,A-02873,ORG-004,ANALYST-18,2025-04-06T13:27:33,2025-04-06T18:24:12,248,false_positive
INV-02009,A-02874,ORG-004,ANALYST-08,2025-06-17T10:06:50,2025-06-17T14:02:33,140,resolved
INV-02010,A-02876,ORG-004,ANALYST-11,2025-05-17T23:51:48,2025-05-18T00:44:27,479,resolved
INV-02011,A-02878,ORG-004,ANALYST-08,2025-03-05T18:41:45,2025-03-06T01:17:34,264,escalated
INV-02012,A-02879,ORG-004,ANALYST-07,2025-01-18T17:46:42,2025-01-18T18:25:51,321,false_positive
INV-02013,A-02880,ORG-004,ANALYST-18,2025-06-30T12:25:06,2025-06-30T16:48:33,229,escalated
INV-02014,A-02883,ORG-004,ANALYST-08,2025-03-21T00:33:40,2025-03-21T08:33:36,472,escalated
INV-02015,A-02884,ORG-004,ANALYST-07,2025-04-04T08:38:32,2025-04-04T10:43:16,432,resolved
INV-02016,A-02885,ORG-004,ANALYST-11,2025-05-19T16:23:34,2025-05-19T18:49:52,185,resolved
INV-02017,A-02886,ORG-004,ANALYST-06,2025-02-13T00:06:51,2025-02-13T01:45:58,502,false_positive
INV-02018,A-02887,ORG-004,ANALYST-11,2025-06-03T06:53:36,2025-06-03T08:46:49,550,resolved
INV-02019,A-02889,ORG-004,ANALYST-03,2025-01-21T07:22:32,2025-01-21T12:46:02,284,escalated
INV-02020,A-02890,ORG-004,ANALYST-11,2025-06-18T22:28:30,2025-06-19T02:32:01,294,escalated
INV-02021,A-02891,ORG-004,ANALYST-06,2025-05-25T22:24:47,2025-05-26T00:47:57,232,resolved
INV-02022,A-02892,ORG-004,ANALYST-15,2025-04-16T19:30:55,2025-04-17T00:15:00,57,resolved
INV-02023,A-02893,ORG-004,ANALYST-09,2025-02-20T22:48:10,2025-02-21T05:28:09,295,resolved
INV-02024,A-02894,ORG-004,ANALYST-05,2025-04-18T19:39:44,2025-04-18T20:56:13,198,resolved
INV-02025,A-02895,ORG-004,ANALYST-05,2025-05-21T05:18:46,2025-05-21T09:14:04,757,resolved
INV-02026,A-02896,ORG-004,ANALYST-07,2025-01-08T10:40:53,2025-01-08T14:30:45,411,resolved
INV-02027,A-02897,ORG-004,ANALYST-15,2025-05-08T11:22:57,2025-05-08T18:51:48,222,open
INV-02028,A-02899,ORG-004,ANALYST-11,2025-03-08T17:32:48,2025-03-08T18:16:40,132,false_positive
INV-02029,A-02900,ORG-004,ANALYST-10,2025-01-17T05:12:54,2025-01-17T09:01:59,276,resolved
INV-02030,A-02902,ORG-004,ANALYST-03,2025-02-01T22:00:25,2025-02-01T23:22:59,412,escalated
INV-02031,A-02903,ORG-004,ANALYST-07,2025-02-27T09:05:09,2025-02-27T16:54:08,60,escalated
INV-02032,A-02904,ORG-004,ANALYST-18,2025-06-21T05:20:25,2025-06-21T10:30:31,294,resolved
INV-02033,A-02905,ORG-004,ANALYST-06,2025-05-24T07:59:18,2025-05-24T08:34:32,796,resolved
INV-02034,A-02907,ORG-004,ANALYST-02,2025-03-10T18:37:51,2025-03-11T00:18:09,177,resolved
INV-02035,A-02908,ORG-004,ANALYST-03,2025-02-16T00:57:52,2025-02-16T01:32:19,239,open
INV-02036,A-02909,ORG-004,ANALYST-07,2025-02-20T23:15:46,2025-02-21T00:23:15,209,escalated
INV-02037,A-02910,ORG-004,ANALYST-08,2025-03-25T01:23:39,2025-03-25T06:23:12,447,false_positive
INV-02038,A-02912,ORG-004,ANALYST-18,2025-01-07T19:04:57,2025-01-07T20:02:39,379,escalated
INV-02039,A-02913,ORG-004,ANALYST-04,2025-02-28T16:12:27,2025-02-28T21:54:59,446,resolved
INV-02040,A-02914,ORG-004,ANALYST-07,2025-02-07T10:24:29,2025-02-07T17:31:33,148,resolved
INV-02041,A-02916,ORG-004,ANALYST-18,2025-06-27T02:02:16,2025-06-27T04:31:08,388,resolved
INV-02042,A-02918,ORG-004,ANALYST-19,2025-01-05T14:38:49,2025-01-05T17:32:43,288,resolved
INV-02043,A-02919,ORG-004,ANALYST-16,2025-05-30T16:08:21,2025-05-30T23:09:08,664,resolved
INV-02044,A-02921,ORG-004,ANALYST-03,2025-06-12T07:37:43,2025-06-12T12:42:52,245,escalated
INV-02045,A-02923,ORG-004,ANALYST-01,2025-01-12T19:52:39,2025-01-12T20:35:03,276,resolved
INV-02046,A-02924,ORG-004,ANALYST-08,2025-03-19T06:34:16,2025-03-19T08:19:02,105,escalated
INV-02047,A-02925,ORG-004,ANALYST-03,2025-04-12T15:45:59,2025-04-12T20:46:34,480,escalated
INV-02048,A-02926,ORG-004,ANALYST-16,2025-06-05T06:35:18,2025-06-05T14:10:21,450,resolved
INV-02049,A-02927,ORG-004,ANALYST-01,2025-02-03T08:16:39,2025-02-03T15:26:32,395,resolved
INV-02050,A-02928,ORG-004,ANALYST-09,2025-05-14T06:12:49,2025-05-14T13:28:25,141,resolved
INV-02051,A-02930,ORG-004,ANALYST-07,2025-06-01T05:42:33,2025-06-01T11:18:49,190,escalated
INV-02052,A-02931,ORG-004,ANALYST-08,2025-02-16T18:14:54,2025-02-17T01:04:23,155,resolved
INV-02053,A-02932,ORG-004,ANALYST-04,2025-04-11T14:00:53,2025-04-11T16:56:01,552,resolved
INV-02054,A-02933,ORG-004,ANALYST-02,2025-03-09T03:08:12,2025-03-09T07:16:27,274,resolved
INV-02055,A-02934,ORG-004,ANALYST-04,2025-02-19T04:19:44,2025-02-19T09:46:51,519,escalated
INV-02056,A-02935,ORG-004,ANALYST-13,2025-01-23T23:27:07,2025-01-24T01:45:23,277,resolved
INV-02057,A-02936,ORG-004,ANALYST-12,2025-03-08T09:48:29,2025-03-08T13:45:30,232,resolved
INV-02058,A-02939,ORG-004,ANALYST-12,2025-05-03T18:29:40,2025-05-04T00:09:06,620,escalated
INV-02059,A-02940,ORG-004,ANALYST-17,2025-01-27T18:25:19,2025-01-27T20:55:45,585,escalated
INV-02060,A-02941,ORG-004,ANALYST-13,2025-06-16T14:51:04,2025-06-16T17:14:28,743,resolved
INV-02061,A-02942,ORG-004,ANALYST-07,2025-06-12T19:52:35,2025-06-13T01:42:19,464,resolved
INV-02062,A-02943,ORG-004,ANALYST-09,2025-04-16T15:22:51,2025-04-16T23:11:41,169,resolved
INV-02063,A-02944,ORG-004,ANALYST-06,2025-06-07T23:56:32,2025-06-08T04:15:53,349,false_positive
INV-02064,A-02945,ORG-004,ANALYST-10,2025-03-01T06:37:55,2025-03-01T09:27:13,413,escalated
INV-02065,A-02946,ORG-004,ANALYST-12,2025-05-25T04:44:12,2025-05-25T11:35:29,595,resolved
INV-02066,A-02947,ORG-004,ANALYST-09,2025-06-30T17:19:55,2025-06-30T19:41:42,128,resolved
INV-02067,A-02948,ORG-004,ANALYST-14,2025-04-24T17:53:04,2025-04-24T19:27:15,367,resolved
INV-02068,A-02950,ORG-004,ANALYST-20,2025-01-03T12:05:58,2025-01-03T13:44:28,490,escalated
INV-02069,A-02951,ORG-004,ANALYST-10,2025-01-09T02:34:04,2025-01-09T08:13:19,772,resolved
INV-02070,A-02952,ORG-004,ANALYST-05,2025-06-14T16:50:01,2025-06-15T00:22:39,754,resolved
INV-02071,A-02953,ORG-004,ANALYST-04,2025-06-17T00:04:58,2025-06-17T05:37:57,437,resolved
INV-02072,A-02954,ORG-004,ANALYST-04,2025-02-23T07:57:23,2025-02-23T12:45:21,234,resolved
INV-02073,A-02956,ORG-004,ANALYST-04,2025-01-15T06:55:24,2025-01-15T08:31:23,313,resolved
INV-02074,A-02957,ORG-004,ANALYST-17,2025-05-19T09:25:27,2025-05-19T15:13:35,396,resolved
INV-02075,A-02958,ORG-004,ANALYST-17,2025-06-19T16:43:47,2025-06-20T00:37:58,494,open
INV-02076,A-02959,ORG-004,ANALYST-18,2025-04-19T16:11:55,2025-04-19T20:57:55,386,false_positive
INV-02077,A-02960,ORG-004,ANALYST-18,2025-07-01T00:19:22,,181,resolved
INV-02078,A-02961,ORG-004,ANALYST-18,2025-03-21T10:47:50,2025-03-21T12:38:52,160,resolved
INV-02079,A-02962,ORG-004,ANALYST-13,2025-05-06T15:20:48,2025-05-06T18:38:42,692,resolved
INV-02080,A-02963,ORG-004,ANALYST-16,2025-06-13T19:29:57,2025-06-13T22:14:16,732,escalated
INV-02081,A-02964,ORG-004,ANALYST-02,2025-05-26T22:23:27,2025-05-27T03:25:48,392,open
INV-02082,A-02965,ORG-004,ANALYST-16,2025-04-26T10:56:18,2025-04-26T15:23:58,461,resolved
INV-02083,A-02966,ORG-004,ANALYST-11,2025-01-12T15:25:33,2025-01-12T18:22:28,604,resolved
INV-02084,A-02967,ORG-004,ANALYST-09,2025-04-10T02:11:07,2025-04-10T08:01:08,660,resolved
INV-02085,A-02968,ORG-004,ANALYST-14,2025-03-06T20:16:17,2025-03-06T22:27:48,191,resolved
INV-02086,A-02969,ORG-004,ANALYST-06,2025-06-14T04:02:44,2025-06-14T07:41:19,530,open
INV-02087,A-02971,ORG-004,ANALYST-16,2025-05-06T18:36:14,2025-05-07T01:52:54,526,resolved
INV-02088,A-02972,ORG-004,ANALYST-07,2025-04-26T09:57:58,2025-04-26T13:43:34,559,escalated
INV-02089,A-02973,ORG-004,ANALYST-05,2025-03-26T10:08:33,2025-03-26T11:49:17,695,false_positive
INV-02090,A-02974,ORG-004,ANALYST-19,2025-04-07T15:15:03,2025-04-07T22:35:08,362,resolved
INV-02091,A-02976,ORG-004,ANALYST-08,2025-02-09T17:42:13,2025-02-09T19:56:34,489,resolved
INV-02092,A-02977,ORG-004,ANALYST-03,2025-02-10T23:10:41,2025-02-11T05:27:16,165,resolved
INV-02093,A-02978,ORG-004,ANALYST-12,2025-04-01T08:42:29,2025-04-01T13:58:31,485,false_positive
INV-02094,A-02979,ORG-004,ANALYST-13,2025-05-09T01:01:04,2025-05-09T07:13:56,452,resolved
INV-02095,A-02980,ORG-004,ANALYST-08,2025-01-19T18:04:23,2025-01-19T23:28:57,337,escalated
INV-02096,A-02981,ORG-004,ANALYST-17,2025-05-03T07:22:29,2025-05-03T11:46:35,742,resolved
INV-02097,A-02982,ORG-004,ANALYST-20,2025-05-04T13:17:55,2025-05-04T17:57:23,679,false_positive
INV-02098,A-02983,ORG-004,ANALYST-20,2025-05-15T16:19:45,2025-05-15T17:41:24,672,resolved
INV-02099,A-02985,ORG-004,ANALYST-17,2025-03-26T19:00:52,2025-03-27T01:25:29,614,escalated
INV-02100,A-02986,ORG-004,ANALYST-19,2025-03-23T03:27:04,2025-03-23T09:07:24,694,resolved
INV-02101,A-02987,ORG-004,ANALYST-13,2025-04-13T12:16:02,2025-04-13T17:02:33,93,resolved
INV-02102,A-02988,ORG-004,ANALYST-14,2025-06-26T08:14:11,2025-06-26T14:53:43,216,resolved
INV-02103,A-02989,ORG-004,ANALYST-10,2025-01-02T11:24:35,2025-01-02T14:49:33,574,resolved
INV-02104,A-02990,ORG-004,ANALYST-03,2025-04-10T17:42:57,2025-04-10T19:34:39,216,escalated
INV-02105,A-02991,ORG-004,ANALYST-15,2025-02-13T01:57:47,2025-02-13T08:26:29,102,escalated
INV-02106,A-02992,ORG-004,ANALYST-20,2025-02-25T11:18:30,2025-02-25T13:45:16,266,resolved
INV-02107,A-02993,ORG-004,ANALYST-01,2025-01-03T02:29:07,2025-01-03T06:35:33,482,resolved
INV-02108,A-02994,ORG-004,ANALYST-07,2025-03-01T04:24:39,2025-03-01T10:06:30,440,resolved
INV-02109,A-02995,ORG-004,ANALYST-20,2025-04-05T04:57:13,2025-04-05T12:52:54,173,resolved
INV-02110,A-02996,ORG-004,ANALYST-16,2025-05-05T01:05:40,2025-05-05T04:46:51,402,escalated
INV-02111,A-02998,ORG-004,ANALYST-11,2025-06-21T11:01:00,2025-06-21T17:59:35,166,resolved
INV-02112,A-02999,ORG-004,ANALYST-10,2025-03-09T00:55:38,2025-03-09T06:21:48,478,resolved
INV-02113,A-03000,ORG-004,ANALYST-12,2025-02-16T01:31:54,2025-02-16T04:26:05,61,escalated
INV-02114,A-03001,ORG-004,ANALYST-05,2025-01-08T22:44:23,2025-01-08T23:45:55,395,resolved
INV-02115,A-03003,ORG-004,ANALYST-06,2025-03-11T16:47:56,2025-03-11T20:18:08,264,resolved
INV-02116,A-03004,ORG-004,ANALYST-14,2025-04-12T06:13:53,2025-04-12T09:33:22,418,resolved
INV-02117,A-03005,ORG-004,ANALYST-15,2025-02-11T05:52:32,2025-02-11T08:53:22,160,escalated
INV-02118,A-03006,ORG-004,ANALYST-02,2025-01-16T21:38:55,2025-01-17T01:13:31,486,resolved
INV-02119,A-03007,ORG-004,ANALYST-03,2025-03-10T07:51:58,2025-03-10T12:56:30,426,resolved
INV-02120,A-03008,ORG-004,ANALYST-07,2025-01-24T20:38:26,2025-01-24T23:05:46,581,resolved
INV-02121,A-03009,ORG-004,ANALYST-01,2025-06-08T07:25:01,2025-06-08T14:44:11,492,false_positive
INV-02122,A-03010,ORG-004,ANALYST-06,2025-06-03T09:07:44,2025-06-03T10:15:11,250,false_positive
INV-02123,A-03012,ORG-005,ANALYST-04,2025-05-06T05:36:39,2025-05-06T12:13:44,392,false_positive
INV-02124,A-03013,ORG-005,ANALYST-19,2025-06-28T00:11:41,2025-06-28T05:08:53,133,escalated
INV-02125,A-03015,ORG-005,ANALYST-10,2025-03-30T11:23:17,2025-03-30T18:05:03,631,resolved
INV-02126,A-03016,ORG-005,ANALYST-10,2025-04-11T14:04:08,2025-04-11T17:33:34,453,escalated
INV-02127,A-03017,ORG-005,ANALYST-07,2025-04-04T04:14:15,2025-04-04T04:49:39,80,false_positive
INV-02128,A-03019,ORG-005,ANALYST-09,2025-04-06T17:58:50,2025-04-06T23:03:18,233,open
INV-02129,A-03021,ORG-005,ANALYST-01,2025-01-07T14:47:31,2025-01-07T19:15:28,600,resolved
INV-02130,A-03022,ORG-005,ANALYST-20,2025-02-10T04:09:25,2025-02-10T10:10:56,887,resolved
INV-02131,A-03023,ORG-005,ANALYST-01,2025-06-15T00:00:20,2025-06-15T02:44:02,700,resolved
INV-02132,A-03024,ORG-005,ANALYST-06,2025-01-12T18:27:33,2025-01-12T20:51:24,206,resolved
INV-02133,A-03025,ORG-005,ANALYST-07,2025-06-28T23:27:49,2025-06-29T01:07:44,260,escalated
INV-02134,A-03026,ORG-005,ANALYST-17,2025-03-16T16:21:46,2025-03-16T19:36:07,163,escalated
INV-02135,A-03027,ORG-005,ANALYST-07,2025-03-09T10:37:10,2025-03-09T15:11:59,284,resolved
INV-02136,A-03028,ORG-005,ANALYST-05,2025-06-21T22:50:47,2025-06-22T06:09:32,119,false_positive
INV-02137,A-03029,ORG-005,ANALYST-06,2025-06-11T04:00:47,2025-06-11T09:23:23,348,resolved
INV-02138,A-03032,ORG-005,ANALYST-11,2025-04-13T15:29:49,2025-04-13T16:43:06,526,resolved
INV-02139,A-03033,ORG-005,ANALYST-17,2025-05-22T04:18:23,2025-05-22T07:11:21,714,resolved
INV-02140,A-03034,ORG-005,ANALYST-11,2025-04-10T15:56:57,2025-04-10T17:29:49,238,resolved
INV-02141,A-03035,ORG-005,ANALYST-15,2025-05-19T07:07:09,2025-05-19T07:51:45,311,resolved
INV-02142,A-03036,ORG-005,ANALYST-17,2025-06-05T09:35:35,2025-06-05T14:43:11,139,false_positive
INV-02143,A-03037,ORG-005,ANALYST-15,2025-03-28T19:00:35,2025-03-28T23:34:43,421,resolved
INV-02144,A-03039,ORG-005,ANALYST-02,2025-06-07T19:35:22,2025-06-08T01:41:37,54,resolved
INV-02145,A-03041,ORG-005,ANALYST-19,2025-02-21T12:27:57,2025-02-21T14:45:47,274,escalated
INV-02146,A-03042,ORG-005,ANALYST-15,2025-03-12T16:43:45,2025-03-12T18:45:54,621,resolved
INV-02147,A-03044,ORG-005,ANALYST-07,2025-01-13T05:08:06,2025-01-13T11:56:48,462,resolved
INV-02148,A-03045,ORG-005,ANALYST-12,2025-03-12T22:37:44,2025-03-13T01:45:59,614,escalated
INV-02149,A-03047,ORG-005,ANALYST-14,2025-06-04T09:30:01,2025-06-04T13:46:27,360,resolved
INV-02150,A-03048,ORG-005,ANALYST-02,2025-02-28T15:38:59,2025-02-28T19:56:55,250,resolved
INV-02151,A-03049,ORG-005,ANALYST-19,2025-04-02T14:28:01,2025-04-02T15:49:04,647,resolved
INV-02152,A-03052,ORG-005,ANALYST-20,2025-03-13T16:15:48,2025-03-13T18:33:20,330,resolved
INV-02153,A-03053,ORG-005,ANALYST-08,2025-01-07T12:58:42,2025-01-07T19:38:54,472,false_positive
INV-02154,A-03054,ORG-005,ANALYST-17,2025-05-11T01:20:47,2025-05-11T05:55:12,423,false_positive
INV-02155,A-03055,ORG-005,ANALYST-14,2025-02-25T03:59:23,2025-02-25T11:22:13,495,resolved
INV-02156,A-03056,ORG-005,ANALYST-10,2025-06-13T20:48:48,2025-06-13T23:25:49,362,escalated
INV-02157,A-03057,ORG-005,ANALYST-14,2025-02-26T20:46:24,2025-02-27T04:42:08,257,resolved
INV-02158,A-03058,ORG-005,ANALYST-14,2025-05-13T23:36:31,2025-05-14T07:34:34,308,resolved
INV-02159,A-03059,ORG-005,ANALYST-09,2025-05-13T19:23:38,2025-05-13T22:38:45,412,resolved
INV-02160,A-03060,ORG-005,ANALYST-19,2025-03-01T12:47:50,2025-03-01T15:16:28,415,escalated
INV-02161,A-03061,ORG-005,ANALYST-09,2025-03-20T08:55:26,2025-03-20T15:01:19,190,false_positive
INV-02162,A-03063,ORG-005,ANALYST-18,2025-03-23T06:08:14,2025-03-23T12:39:23,96,false_positive
INV-02163,A-03064,ORG-005,ANALYST-09,2025-05-31T01:24:09,2025-05-31T03:08:38,296,resolved
INV-02164,A-03065,ORG-005,ANALYST-02,2025-02-14T21:26:47,2025-02-15T00:24:09,646,escalated
INV-02165,A-03066,ORG-005,ANALYST-11,2025-04-07T07:50:29,2025-04-07T15:30:24,515,resolved
INV-02166,A-03067,ORG-005,ANALYST-12,2025-05-09T19:06:08,2025-05-10T02:48:01,651,resolved
INV-02167,A-03069,ORG-005,ANALYST-06,2025-04-27T21:57:51,2025-04-28T00:30:17,658,resolved
INV-02168,A-03070,ORG-005,ANALYST-10,2025-02-18T19:33:01,2025-02-18T20:36:34,334,resolved
INV-02169,A-03071,ORG-005,ANALYST-03,2025-06-18T02:37:58,2025-06-18T06:05:53,274,resolved
INV-02170,A-03072,ORG-005,ANALYST-11,2025-03-21T10:36:26,2025-03-21T13:08:39,380,resolved
INV-02171,A-03073,ORG-005,ANALYST-14,2025-02-06T03:32:32,2025-02-06T08:22:22,310,escalated
INV-02172,A-03074,ORG-005,ANALYST-07,2025-05-20T04:39:05,2025-05-20T07:02:14,741,resolved
INV-02173,A-03075,ORG-005,ANALYST-05,2025-01-16T02:37:33,2025-01-16T04:30:04,408,resolved
INV-02174,A-03077,ORG-005,ANALYST-06,2025-03-06T19:39:05,2025-03-07T02:33:10,539,escalated
INV-02175,A-03079,ORG-005,ANALYST-03,2025-04-04T01:16:46,2025-04-04T05:40:34,52,resolved
INV-02176,A-03080,ORG-005,ANALYST-07,2025-04-17T19:46:32,2025-04-18T03:35:23,260,resolved
INV-02177,A-03081,ORG-005,ANALYST-15,2025-01-09T14:43:26,2025-01-09T16:22:23,468,resolved
INV-02178,A-03082,ORG-005,ANALYST-11,2025-02-13T03:04:40,2025-02-13T06:48:58,702,resolved
INV-02179,A-03084,ORG-005,ANALYST-01,2025-01-12T05:17:59,2025-01-12T06:49:33,187,false_positive
INV-02180,A-03085,ORG-005,ANALYST-01,2025-03-26T20:55:07,2025-03-27T02:41:21,131,resolved
INV-02181,A-03087,ORG-005,ANALYST-19,2025-02-05T03:42:45,2025-02-05T05:55:13,217,escalated
INV-02182,A-03088,ORG-005,ANALYST-11,2025-02-23T01:25:43,2025-02-23T08:18:28,333,false_positive
INV-02183,A-03089,ORG-005,ANALYST-17,2025-02-27T15:50:50,2025-02-27T22:46:32,482,resolved
INV-02184,A-03090,ORG-005,ANALYST-04,2025-06-02T09:33:00,2025-06-02T13:03:43,205,resolved
INV-02185,A-03091,ORG-005,ANALYST-20,2025-04-08T23:24:08,2025-04-09T00:21:23,406,resolved
INV-02186,A-03092,ORG-005,ANALYST-12,2025-05-29T10:38:19,2025-05-29T17:35:20,489,resolved
INV-02187,A-03093,ORG-005,ANALYST-05,2025-03-20T20:32:16,2025-03-20T21:20:17,149,escalated
INV-02188,A-03094,ORG-005,ANALYST-06,2025-01-22T18:08:14,2025-01-23T00:18:08,382,false_positive
INV-02189,A-03095,ORG-005,ANALYST-03,2025-06-27T01:52:38,2025-06-27T06:39:41,639,escalated
INV-02190,A-03096,ORG-005,ANALYST-04,2025-04-28T13:53:27,2025-04-28T19:53:28,352,open
INV-02191,A-03098,ORG-005,ANALYST-08,2025-01-17T09:57:13,2025-01-17T12:10:32,467,escalated
INV-02192,A-03099,ORG-005,ANALYST-09,2025-05-06T02:13:18,2025-05-06T09:12:54,487,resolved
INV-02193,A-03101,ORG-005,ANALYST-01,2025-04-01T18:40:39,2025-04-01T22:31:59,447,resolved
INV-02194,A-03103,ORG-005,ANALYST-13,2025-03-21T21:48:18,2025-03-22T04:03:13,478,false_positive
INV-02195,A-03104,ORG-005,ANALYST-08,2025-01-04T23:58:50,2025-01-05T07:39:09,626,false_positive
INV-02196,A-03105,ORG-005,ANALYST-07,2025-04-18T22:21:32,2025-04-18T23:18:17,84,resolved
INV-02197,A-03106,ORG-005,ANALYST-16,2025-06-30T13:40:40,2025-06-30T18:38:47,300,resolved
INV-02198,A-03107,ORG-005,ANALYST-20,2025-06-21T03:10:44,2025-06-21T07:33:49,305,resolved
INV-02199,A-03108,ORG-005,ANALYST-04,2025-04-26T14:57:27,2025-04-26T20:34:53,351,resolved
INV-02200,A-03110,ORG-005,ANALYST-20,2025-03-31T09:26:57,2025-03-31T16:02:58,189,resolved
INV-02201,A-03111,ORG-005,ANALYST-12,2025-02-21T16:29:41,2025-02-21T18:42:58,804,resolved
INV-02202,A-03112,ORG-005,ANALYST-20,2025-04-07T23:57:50,2025-04-08T06:03:16,521,escalated
INV-02203,A-03113,ORG-005,ANALYST-05,2025-04-25T15:45:37,2025-04-25T19:27:07,216,false_positive
INV-02204,A-03114,ORG-005,ANALYST-04,2025-04-23T09:12:02,2025-04-23T14:10:07,197,resolved
INV-02205,A-03115,ORG-005,ANALYST-03,2025-03-13T19:24:50,2025-03-14T01:37:19,225,escalated
INV-02206,A-03116,ORG-005,ANALYST-16,2025-03-18T12:46:39,2025-03-18T19:59:43,562,resolved
INV-02207,A-03117,ORG-005,ANALYST-16,2025-01-27T12:20:37,2025-01-27T17:50:22,439,resolved
INV-02208,A-03118,ORG-005,ANALYST-06,2025-02-26T10:29:55,2025-02-26T16:11:31,254,resolved
INV-02209,A-03119,ORG-005,ANALYST-08,2025-04-10T04:09:34,2025-04-10T11:52:46,831,escalated
INV-02210,A-03120,ORG-005,ANALYST-16,2025-05-06T03:41:58,2025-05-06T08:35:23,674,escalated
INV-02211,A-03121,ORG-005,ANALYST-12,2025-02-28T13:37:50,2025-02-28T16:00:33,433,resolved
INV-02212,A-03123,ORG-005,ANALYST-12,2025-02-06T14:27:06,2025-02-06T19:03:14,313,resolved
INV-02213,A-03124,ORG-005,ANALYST-15,2025-03-21T04:23:30,2025-03-21T12:05:29,254,false_positive
INV-02214,A-03126,ORG-005,ANALYST-19,2025-05-20T05:36:43,2025-05-20T10:32:33,342,resolved
INV-02215,A-03127,ORG-005,ANALYST-03,2025-06-28T21:53:52,2025-06-29T05:40:36,179,resolved
INV-02216,A-03129,ORG-005,ANALYST-03,2025-03-04T11:34:18,2025-03-04T16:38:53,151,resolved
INV-02217,A-03130,ORG-005,ANALYST-14,2025-03-31T01:47:12,2025-03-31T03:07:43,543,false_positive
INV-02218,A-03131,ORG-005,ANALYST-06,2025-03-04T19:45:15,2025-03-04T20:17:01,306,false_positive
INV-02219,A-03132,ORG-005,ANALYST-01,2025-02-03T01:13:55,2025-02-03T04:19:17,681,false_positive
INV-02220,A-03136,ORG-005,ANALYST-09,2025-01-22T01:44:54,2025-01-22T02:55:37,423,escalated
INV-02221,A-03137,ORG-005,ANALYST-03,2025-02-26T14:10:00,2025-02-26T18:18:06,642,resolved
INV-02222,A-03139,ORG-005,ANALYST-03,2025-03-11T21:50:13,2025-03-12T03:46:24,268,false_positive
INV-02223,A-03140,ORG-005,ANALYST-16,2025-03-27T10:13:51,2025-03-27T14:07:40,190,resolved
INV-02224,A-03141,ORG-005,ANALYST-04,2025-04-26T05:48:58,2025-04-26T11:38:23,355,escalated
INV-02225,A-03142,ORG-005,ANALYST-13,2025-02-12T02:18:22,2025-02-12T09:07:02,374,resolved
INV-02226,A-03143,ORG-005,ANALYST-05,2025-02-01T13:52:00,2025-02-01T14:45:27,302,escalated
INV-02227,A-03144,ORG-005,ANALYST-10,2025-04-10T18:51:31,2025-04-11T01:02:26,736,resolved
INV-02228,A-03145,ORG-005,ANALYST-20,2025-02-18T03:40:31,2025-02-18T07:09:04,293,resolved
INV-02229,A-03147,ORG-005,ANALYST-07,2025-01-23T02:22:56,2025-01-23T03:46:39,313,resolved
INV-02230,A-03148,ORG-005,ANALYST-01,2025-02-03T06:44:32,2025-02-03T09:31:27,308,resolved
INV-02231,A-03149,ORG-005,ANALYST-06,2025-04-03T14:27:05,2025-04-03T22:03:15,190,open
INV-02232,A-03150,ORG-005,ANALYST-15,2025-02-17T02:24:14,2025-02-17T03:15:43,171,resolved
INV-02233,A-03152,ORG-005,ANALYST-02,2025-06-24T19:32:29,2025-06-24T22:47:37,732,escalated
INV-02234,A-03153,ORG-005,ANALYST-02,2025-03-29T07:26:12,2025-03-29T10:35:43,55,resolved
INV-02235,A-03155,ORG-005,ANALYST-05,2025-04-06T20:01:55,2025-04-07T03:51:11,276,resolved
INV-02236,A-03156,ORG-005,ANALYST-07,2025-05-25T18:15:55,2025-05-26T00:09:33,362,resolved
INV-02237,A-03157,ORG-005,ANALYST-08,2025-02-15T13:33:30,2025-02-15T15:44:41,192,escalated
INV-02238,A-03158,ORG-005,ANALYST-06,2025-02-07T04:03:30,2025-02-07T10:15:41,720,resolved
INV-02239,A-03160,ORG-005,ANALYST-19,2025-02-14T23:22:28,2025-02-15T03:13:00,110,resolved
INV-02240,A-03161,ORG-005,ANALYST-10,2025-05-12T00:50:18,2025-05-12T03:36:31,462,resolved
INV-02241,A-03162,ORG-005,ANALYST-18,2025-01-01T15:33:26,2025-01-01T22:38:24,382,false_positive
INV-02242,A-03163,ORG-005,ANALYST-12,2025-04-29T10:05:43,2025-04-29T12:23:45,333,resolved
INV-02243,A-03164,ORG-005,ANALYST-11,2025-01-14T17:40:15,2025-01-15T01:33:38,283,resolved
INV-02244,A-03165,ORG-005,ANALYST-12,2025-05-24T16:53:16,2025-05-24T18:52:13,199,resolved
INV-02245,A-03166,ORG-005,ANALYST-04,2025-01-07T18:52:02,2025-01-07T22:02:40,198,resolved
INV-02246,A-03167,ORG-005,ANALYST-10,2025-06-29T11:26:32,2025-06-29T16:28:26,530,resolved
INV-02247,A-03169,ORG-005,ANALYST-08,2025-01-13T15:12:10,2025-01-13T16:58:59,447,resolved
INV-02248,A-03171,ORG-005,ANALYST-15,2025-05-04T01:54:39,2025-05-04T03:08:26,66,false_positive
INV-02249,A-03172,ORG-005,ANALYST-15,2025-04-21T18:54:07,2025-04-22T01:32:37,479,escalated
INV-02250,A-03173,ORG-005,ANALYST-14,2025-01-14T18:39:29,2025-01-15T00:26:58,112,escalated
INV-02251,A-03176,ORG-005,ANALYST-08,2025-04-23T22:06:40,2025-04-23T22:51:16,372,resolved
INV-02252,A-03177,ORG-005,ANALYST-02,2025-04-17T09:06:53,2025-04-17T09:57:19,312,resolved
INV-02253,A-03178,ORG-005,ANALYST-14,2025-01-27T05:54:42,2025-01-27T06:58:55,424,resolved
INV-02254,A-03179,ORG-005,ANALYST-16,2025-02-05T19:06:33,2025-02-06T00:49:59,105,resolved
INV-02255,A-03180,ORG-005,ANALYST-10,2025-05-10T03:17:08,2025-05-10T05:39:03,492,resolved
INV-02256,A-03181,ORG-005,ANALYST-04,2025-03-18T20:19:14,2025-03-18T23:28:51,202,resolved
INV-02257,A-03182,ORG-005,ANALYST-05,2025-04-22T01:32:48,2025-04-22T06:20:46,310,escalated
INV-02258,A-03183,ORG-005,ANALYST-03,2025-01-26T09:57:07,2025-01-26T17:41:14,463,resolved
INV-02259,A-03186,ORG-005,ANALYST-18,2025-05-08T11:37:52,2025-05-08T17:39:04,266,resolved
INV-02260,A-03187,ORG-005,ANALYST-09,2025-01-09T03:37:04,2025-01-09T04:28:16,284,resolved
INV-02261,A-03188,ORG-005,ANALYST-15,2025-06-30T11:50:06,2025-06-30T18:12:27,408,resolved
INV-02262,A-03189,ORG-005,ANALYST-04,2025-03-20T05:15:07,2025-03-20T08:00:32,606,false_positive
INV-02263,A-03190,ORG-005,ANALYST-13,2025-05-30T00:48:32,2025-05-30T07:19:53,468,resolved
INV-02264,A-03191,ORG-005,ANALYST-03,2025-02-07T04:07:02,2025-02-07T08:41:43,503,resolved
INV-02265,A-03193,ORG-005,ANALYST-12,2025-03-31T02:24:47,2025-03-31T03:24:54,617,escalated
INV-02266,A-03194,ORG-005,ANALYST-17,2025-02-24T22:22:01,2025-02-25T05:46:26,603,resolved
INV-02267,A-03195,ORG-005,ANALYST-04,2025-06-30T04:13:15,2025-06-30T05:57:12,490,false_positive
INV-02268,A-03197,ORG-005,ANALYST-12,2025-02-03T21:12:28,2025-02-04T01:44:43,753,resolved
INV-02269,A-03198,ORG-005,ANALYST-14,2025-04-18T04:49:14,2025-04-18T10:04:12,513,open
INV-02270,A-03199,ORG-005,ANALYST-03,2025-05-16T04:16:07,2025-05-16T09:02:48,297,false_positive
INV-02271,A-03200,ORG-005,ANALYST-10,2025-02-17T04:22:35,2025-02-17T05:18:15,480,resolved
INV-02272,A-03201,ORG-005,ANALYST-16,2025-05-09T03:48:12,2025-05-09T09:53:17,512,escalated
INV-02273,A-03202,ORG-005,ANALYST-15,2025-06-05T00:01:05,2025-06-05T07:49:31,326,escalated
INV-02274,A-03203,ORG-005,ANALYST-10,2025-01-28T19:57:26,2025-01-28T21:55:16,339,resolved
INV-02275,A-03204,ORG-005,ANALYST-08,2025-01-12T15:29:46,2025-01-12T18:37:16,389,resolved
INV-02276,A-03205,ORG-005,ANALYST-12,2025-01-19T20:29:47,2025-01-20T01:13:02,404,resolved
INV-02277,A-03206,ORG-005,ANALYST-12,2025-02-17T03:26:19,2025-02-17T05:20:43,640,false_positive
INV-02278,A-03207,ORG-005,ANALYST-05,2025-03-06T06:19:33,2025-03-06T07:39:28,205,resolved
INV-02279,A-03208,ORG-005,ANALYST-05,2025-01-23T01:26:11,2025-01-23T07:45:45,208,resolved
INV-02280,A-03209,ORG-005,ANALYST-03,2025-06-02T06:43:59,2025-06-02T08:50:23,445,resolved
INV-02281,A-03210,ORG-005,ANALYST-18,2025-02-17T14:36:26,2025-02-17T16:55:45,451,escalated
INV-02282,A-03211,ORG-005,ANALYST-20,2025-05-14T05:16:46,2025-05-14T10:58:32,568,resolved
INV-02283,A-03212,ORG-005,ANALYST-17,2025-03-27T04:50:17,2025-03-27T08:59:32,82,escalated
INV-02284,A-03213,ORG-005,ANALYST-02,2025-06-15T11:30:02,2025-06-15T14:49:51,437,escalated
INV-02285,A-03214,ORG-005,ANALYST-11,2025-01-12T00:01:22,2025-01-12T07:13:45,355,resolved
INV-02286,A-03215,ORG-005,ANALYST-15,2025-04-09T20:43:32,2025-04-10T04:42:03,256,resolved
INV-02287,A-03216,ORG-005,ANALYST-16,2025-01-26T16:14:58,2025-01-26T23:07:55,352,resolved
INV-02288,A-03217,ORG-005,ANALYST-10,2025-03-17T21:13:48,2025-03-17T22:02:19,318,resolved
INV-02289,A-03219,ORG-005,ANALYST-16,2025-03-30T23:48:12,2025-03-31T02:11:44,723,resolved
INV-02290,A-03221,ORG-005,ANALYST-09,2025-06-14T09:35:46,2025-06-14T13:22:37,612,escalated
INV-02291,A-03223,ORG-005,ANALYST-04,2025-03-27T13:00:47,2025-03-27T16:47:42,461,resolved
INV-02292,A-03224,ORG-005,ANALYST-19,2025-01-26T17:40:16,2025-01-26T20:16:29,484,resolved
INV-02293,A-03225,ORG-005,ANALYST-08,2025-03-31T08:17:55,2025-03-31T15:02:23,318,resolved
INV-02294,A-03226,ORG-005,ANALYST-20,2025-03-22T13:49:48,2025-03-22T17:07:04,457,escalated
INV-02295,A-03228,ORG-005,ANALYST-05,2025-05-18T22:16:57,2025-05-19T06:04:24,699,escalated
INV-02296,A-03229,ORG-005,ANALYST-05,2025-01-05T15:25:08,2025-01-05T19:30:23,171,resolved
INV-02297,A-03231,ORG-005,ANALYST-08,2025-03-13T07:04:55,2025-03-13T11:01:13,179,resolved
INV-02298,A-03232,ORG-005,ANALYST-06,2025-06-18T23:21:40,2025-06-19T05:21:02,218,resolved
INV-02299,A-03234,ORG-005,ANALYST-11,2025-04-04T15:03:10,2025-04-04T17:27:57,228,resolved
INV-02300,A-03235,ORG-005,ANALYST-15,2025-03-30T17:38:44,2025-03-31T00:39:27,712,open
INV-02301,A-03236,ORG-005,ANALYST-01,2025-03-08T23:16:17,2025-03-09T03:13:27,350,resolved
INV-02302,A-03237,ORG-005,ANALYST-13,2025-02-18T22:16:39,2025-02-19T04:50:38,601,resolved
INV-02303,A-03238,ORG-005,ANALYST-18,2025-01-06T05:29:45,2025-01-06T11:09:50,379,resolved
INV-02304,A-03239,ORG-005,ANALYST-15,2025-04-03T12:59:24,2025-04-03T17:44:29,216,resolved
INV-02305,A-03240,ORG-005,ANALYST-06,2025-05-25T02:43:49,2025-05-25T10:12:48,225,escalated
INV-02306,A-03241,ORG-005,ANALYST-01,2025-06-11T03:35:19,2025-06-11T09:02:28,50,escalated
INV-02307,A-03242,ORG-005,ANALYST-04,2025-05-03T00:45:46,2025-05-03T08:07:06,784,resolved
INV-02308,A-03243,ORG-005,ANALYST-05,2025-05-17T00:24:35,2025-05-17T01:15:13,490,resolved
INV-02309,A-03245,ORG-005,ANALYST-17,2025-02-08T13:14:47,2025-02-08T18:45:35,731,resolved
INV-02310,A-03246,ORG-005,ANALYST-09,2025-03-07T10:41:09,2025-03-07T17:52:08,304,false_positive
INV-02311,A-03247,ORG-005,ANALYST-11,2025-05-07T07:11:55,2025-05-07T12:06:34,274,escalated
INV-02312,A-03248,ORG-005,ANALYST-20,2025-04-22T16:14:42,2025-04-22T19:26:43,262,false_positive
INV-02313,A-03249,ORG-005,ANALYST-14,2025-05-12T12:44:45,2025-05-12T17:48:44,527,resolved
INV-02314,A-03250,ORG-005,ANALYST-11,2025-06-04T02:06:59,2025-06-04T09:35:00,123,escalated
INV-02315,A-03251,ORG-005,ANALYST-20,2025-04-05T14:36:10,2025-04-05T17:47:45,272,resolved
INV-02316,A-03252,ORG-005,ANALYST-09,2025-06-20T17:28:59,2025-06-20T22:04:16,214,resolved
INV-02317,A-03253,ORG-005,ANALYST-20,2025-04-10T06:26:01,2025-04-10T09:23:52,69,open
INV-02318,A-03255,ORG-005,ANALYST-11,2025-02-15T23:09:14,2025-02-16T05:13:00,471,resolved
INV-02319,A-03256,ORG-005,ANALYST-17,2025-05-24T22:21:35,2025-05-25T04:17:58,87,false_positive
INV-02320,A-03257,ORG-005,ANALYST-16,2025-01-03T21:29:34,2025-01-03T22:21:01,385,resolved
INV-02321,A-03258,ORG-005,ANALYST-08,2025-06-24T18:23:46,2025-06-25T01:56:10,442,open
INV-02322,A-03259,ORG-005,ANALYST-16,2025-05-31T19:42:42,2025-05-31T23:45:21,369,open
INV-02323,A-03260,ORG-005,ANALYST-12,2025-06-17T14:29:06,2025-06-17T16:01:58,419,resolved
INV-02324,A-03261,ORG-005,ANALYST-16,2025-04-23T16:43:18,2025-04-23T20:15:30,730,resolved
INV-02325,A-03262,ORG-005,ANALYST-13,2025-06-26T18:23:02,2025-06-27T02:21:51,526,escalated
INV-02326,A-03265,ORG-005,ANALYST-02,2025-01-20T08:07:33,2025-01-20T12:40:39,302,escalated
INV-02327,A-03266,ORG-005,ANALYST-13,2025-02-25T04:21:03,2025-02-25T05:36:04,222,resolved
INV-02328,A-03269,ORG-005,ANALYST-09,2025-05-28T16:52:53,2025-05-28T17:59:30,424,resolved
INV-02329,A-03270,ORG-005,ANALYST-07,2025-04-28T09:29:08,2025-04-28T13:47:33,444,escalated
INV-02330,A-03272,ORG-005,ANALYST-04,2025-06-02T15:57:02,2025-06-02T23:56:03,466,false_positive
INV-02331,A-03273,ORG-005,ANALYST-03,2025-06-01T17:29:13,2025-06-01T22:22:59,143,false_positive
INV-02332,A-03274,ORG-005,ANALYST-14,2025-05-16T03:51:13,2025-05-16T07:13:36,811,resolved
INV-02333,A-03275,ORG-005,ANALYST-15,2025-03-02T07:14:18,2025-03-02T12:12:45,589,false_positive
INV-02334,A-03276,ORG-005,ANALYST-01,2025-04-04T09:48:01,2025-04-04T11:26:40,692,escalated
INV-02335,A-03278,ORG-005,ANALYST-05,2025-04-13T20:47:25,2025-04-14T01:43:44,339,resolved
INV-02336,A-03279,ORG-005,ANALYST-20,2025-01-15T23:13:14,2025-01-16T03:29:25,424,resolved
INV-02337,A-03280,ORG-005,ANALYST-16,2025-06-02T11:22:52,2025-06-02T15:20:20,323,resolved
INV-02338,A-03281,ORG-005,ANALYST-03,2025-06-05T09:09:28,2025-06-05T11:25:24,378,escalated
INV-02339,A-03283,ORG-005,ANALYST-18,2025-05-10T21:08:18,2025-05-11T02:12:19,265,resolved
INV-02340,A-03284,ORG-005,ANALYST-03,2025-03-11T01:17:39,2025-03-11T04:55:18,463,resolved
INV-02341,A-03285,ORG-005,ANALYST-18,2025-02-11T02:07:24,2025-02-11T07:49:43,384,escalated
INV-02342,A-03288,ORG-005,ANALYST-05,2025-03-27T01:23:59,2025-03-27T06:45:33,267,false_positive
INV-02343,A-03290,ORG-005,ANALYST-06,2025-03-24T12:56:21,2025-03-24T17:16:13,380,resolved
INV-02344,A-03291,ORG-005,ANALYST-15,2025-06-17T02:17:34,2025-06-17T08:09:42,375,resolved
INV-02345,A-03292,ORG-005,ANALYST-03,2025-06-07T23:07:14,2025-06-08T04:07:16,205,escalated
INV-02346,A-03294,ORG-005,ANALYST-03,2025-06-27T20:31:21,2025-06-28T00:20:52,392,resolved
INV-02347,A-03295,ORG-005,ANALYST-14,2025-02-03T10:48:26,2025-02-03T13:46:15,367,resolved
INV-02348,A-03296,ORG-005,ANALYST-07,2025-02-11T05:30:28,2025-02-11T08:37:43,474,resolved
INV-02349,A-03297,ORG-005,ANALYST-11,2025-01-03T21:57:42,2025-01-04T01:19:07,404,escalated
INV-02350,A-03298,ORG-005,ANALYST-10,2025-02-01T01:21:40,2025-02-01T06:40:41,444,escalated
INV-02351,A-03299,ORG-005,ANALYST-17,2025-04-27T14:39:07,2025-04-27T16:49:39,235,false_positive
INV-02352,A-03300,ORG-005,ANALYST-07,2025-01-28T04:39:21,2025-01-28T12:19:33,144,resolved
INV-02353,A-03301,ORG-005,ANALYST-08,2025-04-19T06:41:30,2025-04-19T13:35:12,312,escalated
INV-02354,A-03302,ORG-005,ANALYST-05,2025-03-08T15:38:42,2025-03-08T20:07:40,634,resolved
INV-02355,A-03303,ORG-005,ANALYST-14,2025-04-01T23:41:22,2025-04-02T03:53:15,288,resolved
INV-02356,A-03304,ORG-005,ANALYST-02,2025-06-18T23:17:52,2025-06-19T04:00:32,171,open
INV-02357,A-03308,ORG-005,ANALYST-08,2025-01-14T16:32:06,2025-01-14T17:25:48,640,false_positive
INV-02358,A-03309,ORG-005,ANALYST-03,2025-05-16T09:40:26,2025-05-16T16:15:13,474,false_positive
INV-02359,A-03310,ORG-005,ANALYST-11,2025-06-11T22:35:57,2025-06-12T05:13:29,862,resolved
INV-02360,A-03311,ORG-005,ANALYST-19,2025-02-26T08:52:00,2025-02-26T16:10:54,256,escalated
INV-02361,A-03312,ORG-005,ANALYST-05,2025-05-28T14:58:00,2025-05-28T19:41:04,349,false_positive
INV-02362,A-03313,ORG-005,ANALYST-15,2025-03-31T19:14:15,2025-04-01T00:21:17,379,resolved
INV-02363,A-03314,ORG-005,ANALYST-19,2025-04-15T22:42:38,2025-04-15T23:36:26,294,false_positive
INV-02364,A-03315,ORG-005,ANALYST-11,2025-06-17T04:23:53,2025-06-17T08:57:25,540,resolved
INV-02365,A-03316,ORG-005,ANALYST-14,2025-05-08T02:18:44,2025-05-08T10:07:30,426,resolved
INV-02366,A-03319,ORG-005,ANALYST-17,2025-04-07T06:51:00,2025-04-07T07:58:07,555,resolved
INV-02367,A-03320,ORG-005,ANALYST-14,2025-03-11T18:45:20,2025-03-12T00:32:02,515,escalated
INV-02368,A-03321,ORG-005,ANALYST-05,2025-06-13T19:12:50,2025-06-13T22:02:48,270,resolved
INV-02369,A-03322,ORG-005,ANALYST-15,2025-04-25T07:08:02,2025-04-25T09:26:08,313,resolved
INV-02370,A-03323,ORG-005,ANALYST-18,2025-02-11T15:38:38,2025-02-11T16:33:53,259,resolved
INV-02371,A-03324,ORG-005,ANALYST-10,2025-06-01T10:46:35,2025-06-01T12:37:44,444,escalated
INV-02372,A-03325,ORG-005,ANALYST-14,2025-03-18T13:01:46,2025-03-18T17:43:27,446,escalated
INV-02373,A-03326,ORG-005,ANALYST-10,2025-06-28T21:59:35,2025-06-29T04:29:36,690,resolved
INV-02374,A-03327,ORG-005,ANALYST-20,2025-03-02T09:56:09,2025-03-02T13:52:11,129,escalated
INV-02375,A-03328,ORG-005,ANALYST-17,2025-04-20T19:55:46,2025-04-21T00:08:50,181,false_positive
INV-02376,A-03329,ORG-005,ANALYST-14,2025-03-05T13:31:16,2025-03-05T21:11:08,92,resolved
INV-02377,A-03330,ORG-005,ANALYST-11,2025-06-15T06:17:07,2025-06-15T08:05:04,638,escalated
INV-02378,A-03331,ORG-005,ANALYST-09,2025-04-16T00:17:22,2025-04-16T01:17:19,339,resolved
INV-02379,A-03332,ORG-005,ANALYST-12,2025-02-18T20:16:51,2025-02-18T21:11:57,151,false_positive
INV-02380,A-03334,ORG-005,ANALYST-17,2025-04-17T17:36:36,2025-04-17T22:50:33,662,false_positive
INV-02381,A-03335,ORG-005,ANALYST-20,2025-01-04T20:21:59,2025-01-05T03:46:37,548,resolved
INV-02382,A-03336,ORG-005,ANALYST-18,2025-02-14T14:09:05,2025-02-14T19:45:42,413,escalated
INV-02383,A-03337,ORG-005,ANALYST-03,2025-04-23T13:49:31,2025-04-23T19:39:20,169,escalated
INV-02384,A-03338,ORG-005,ANALYST-01,2025-06-02T13:32:12,2025-06-02T19:03:08,273,escalated
INV-02385,A-03339,ORG-005,ANALYST-01,2025-01-19T15:26:55,2025-01-19T16:13:53,892,resolved
INV-02386,A-03340,ORG-005,ANALYST-07,2025-06-08T03:41:19,2025-06-08T10:25:49,248,resolved
INV-02387,A-03341,ORG-005,ANALYST-06,2025-04-26T12:18:52,2025-04-26T13:50:15,887,resolved
INV-02388,A-03342,ORG-005,ANALYST-01,2025-03-19T11:01:07,2025-03-19T11:35:22,287,escalated
INV-02389,A-03343,ORG-005,ANALYST-06,2025-06-18T18:07:33,2025-06-19T02:05:49,551,false_positive
INV-02390,A-03344,ORG-005,ANALYST-11,2025-06-26T17:14:06,2025-06-26T18:23:49,471,escalated
INV-02391,A-03345,ORG-005,ANALYST-05,2025-06-24T09:20:02,2025-06-24T14:13:36,795,open
INV-02392,A-03346,ORG-005,ANALYST-07,2025-05-08T15:30:21,2025-05-08T22:37:26,539,escalated
INV-02393,A-03347,ORG-005,ANALYST-07,2025-05-10T09:57:44,2025-05-10T15:55:34,362,resolved
INV-02394,A-03348,ORG-005,ANALYST-02,2025-03-29T14:02:10,2025-03-29T20:30:10,183,resolved
INV-02395,A-03349,ORG-005,ANALYST-06,2025-02-26T11:40:37,2025-02-26T14:08:05,575,resolved
INV-02396,A-03350,ORG-005,ANALYST-14,2025-06-29T09:04:07,2025-06-29T14:27:23,388,open
INV-02397,A-03351,ORG-005,ANALYST-01,2025-05-27T11:11:00,2025-05-27T18:46:49,187,resolved
INV-02398,A-03352,ORG-005,ANALYST-01,2025-06-06T16:47:26,2025-06-06T19:51:56,549,escalated
INV-02399,A-03353,ORG-005,ANALYST-09,2025-03-28T21:01:16,2025-03-29T02:19:24,763,resolved
INV-02400,A-03354,ORG-005,ANALYST-20,2025-06-01T20:59:37,2025-06-02T01:36:30,683,resolved
INV-02401,A-03355,ORG-005,ANALYST-11,2025-06-11T10:11:33,2025-06-11T12:48:24,515,escalated
INV-02402,A-03356,ORG-005,ANALYST-01,2025-02-17T02:34:01,2025-02-17T08:12:25,300,false_positive
INV-02403,A-03357,ORG-005,ANALYST-14,2025-01-31T16:01:58,2025-01-31T16:47:05,380,false_positive
INV-02404,A-03358,ORG-005,ANALYST-03,2025-02-04T18:43:42,2025-02-04T19:48:46,445,resolved
INV-02405,A-03359,ORG-005,ANALYST-13,2025-01-16T02:13:04,2025-01-16T08:48:02,458,resolved
INV-02406,A-03360,ORG-005,ANALYST-09,2025-03-20T18:31:21,2025-03-20T20:30:39,128,resolved
INV-02407,A-03363,ORG-005,ANALYST-19,2025-04-08T03:31:07,2025-04-08T04:40:00,270,resolved
INV-02408,A-03364,ORG-005,ANALYST-15,2025-04-05T03:04:58,2025-04-05T04:26:36,612,resolved
INV-02409,A-03365,ORG-005,ANALYST-08,2025-02-10T01:42:07,2025-02-10T05:23:16,562,resolved
INV-02410,A-03366,ORG-005,ANALYST-19,2025-02-06T21:21:30,2025-02-07T03:38:54,429,escalated
INV-02411,A-03367,ORG-005,ANALYST-06,2025-06-02T07:24:42,2025-06-02T12:27:08,334,open
INV-02412,A-03369,ORG-005,ANALYST-08,2025-06-25T03:30:09,2025-06-25T09:34:36,394,resolved
INV-02413,A-03370,ORG-005,ANALYST-10,2025-04-13T16:29:50,2025-04-13T21:51:18,522,resolved
INV-02414,A-03371,ORG-005,ANALYST-08,2025-03-18T07:48:09,2025-03-18T14:45:57,259,resolved
INV-02415,A-03372,ORG-005,ANALYST-10,2025-04-02T23:01:49,2025-04-03T01:39:58,183,false_positive
INV-02416,A-03373,ORG-005,ANALYST-05,2025-02-22T12:26:24,2025-02-22T19:13:51,274,resolved
INV-02417,A-03374,ORG-005,ANALYST-17,2025-06-19T16:31:40,2025-06-20T00:18:24,384,resolved
INV-02418,A-03375,ORG-005,ANALYST-04,2025-02-25T02:09:00,2025-02-25T09:55:28,563,resolved
INV-02419,A-03376,ORG-005,ANALYST-19,2025-03-07T23:42:55,2025-03-08T02:52:56,590,resolved
INV-02420,A-03377,ORG-005,ANALYST-10,2025-05-20T15:53:54,2025-05-20T23:23:28,637,resolved
INV-02421,A-03378,ORG-005,ANALYST-13,2025-05-27T03:32:23,2025-05-27T06:19:49,545,resolved
INV-02422,A-03379,ORG-005,ANALYST-20,2025-05-22T13:54:33,2025-05-22T20:04:07,720,false_positive
INV-02423,A-03380,ORG-005,ANALYST-04,2025-06-15T21:50:46,2025-06-16T05:42:52,233,resolved
INV-02424,A-03381,ORG-005,ANALYST-08,2025-06-16T10:57:01,2025-06-16T13:03:54,299,resolved
INV-02425,A-03382,ORG-005,ANALYST-05,2025-02-08T06:32:18,2025-02-08T07:52:25,507,resolved
INV-02426,A-03384,ORG-005,ANALYST-14,2025-01-14T19:09:51,2025-01-14T23:32:22,477,escalated
INV-02427,A-03385,ORG-005,ANALYST-15,2025-06-18T00:05:00,2025-06-18T07:24:34,258,escalated
INV-02428,A-03387,ORG-005,ANALYST-03,2025-03-24T12:48:47,2025-03-24T17:17:51,608,resolved
INV-02429,A-03389,ORG-005,ANALYST-08,2025-04-19T11:51:45,2025-04-19T17:01:03,386,resolved
INV-02430,A-03390,ORG-005,ANALYST-13,2025-01-28T11:25:23,2025-01-28T17:33:09,490,resolved
INV-02431,A-03391,ORG-005,ANALYST-03,2025-06-19T22:41:30,2025-06-20T05:05:01,246,resolved
INV-02432,A-03392,ORG-005,ANALYST-08,2025-05-05T16:38:29,2025-05-05T18:41:05,796,false_positive
INV-02433,A-03393,ORG-005,ANALYST-15,2025-05-24T18:55:42,2025-05-24T21:54:56,265,escalated
INV-02434,A-03394,ORG-005,ANALYST-19,2025-04-06T04:59:19,2025-04-06T07:02:23,415,resolved
INV-02435,A-03395,ORG-005,ANALYST-15,2025-05-05T13:50:59,2025-05-05T17:53:56,624,resolved
INV-02436,A-03396,ORG-005,ANALYST-11,2025-04-28T15:14:45,2025-04-28T16:41:12,254,escalated
INV-02437,A-03399,ORG-005,ANALYST-01,2025-02-11T03:51:36,2025-02-11T07:56:07,747,resolved
INV-02438,A-03400,ORG-005,ANALYST-10,2025-05-09T23:07:03,2025-05-10T05:34:59,286,resolved
INV-02439,A-03402,ORG-005,ANALYST-15,2025-06-05T15:43:11,2025-06-05T23:15:16,518,resolved
INV-02440,A-03403,ORG-005,ANALYST-09,2025-05-31T08:36:10,2025-05-31T13:31:30,193,false_positive
INV-02441,A-03404,ORG-005,ANALYST-18,2025-03-06T04:47:12,2025-03-06T12:43:48,477,resolved
INV-02442,A-03405,ORG-005,ANALYST-19,2025-06-06T10:28:57,2025-06-06T15:21:15,899,false_positive
INV-02443,A-03406,ORG-005,ANALYST-16,2025-06-20T11:50:56,2025-06-20T15:57:58,230,escalated
INV-02444,A-03408,ORG-005,ANALYST-11,2025-01-01T07:55:04,2025-01-01T09:14:02,264,false_positive
INV-02445,A-03410,ORG-005,ANALYST-06,2025-04-29T04:02:44,2025-04-29T07:34:58,879,resolved
INV-02446,A-03411,ORG-005,ANALYST-08,2025-04-10T07:58:42,2025-04-10T15:40:28,459,resolved
INV-02447,A-03412,ORG-005,ANALYST-12,2025-03-29T06:47:50,2025-03-29T10:46:40,373,escalated
INV-02448,A-03414,ORG-005,ANALYST-10,2025-06-10T23:54:14,2025-06-11T03:48:19,538,resolved
INV-02449,A-03415,ORG-005,ANALYST-07,2025-05-10T06:01:19,2025-05-10T12:01:40,144,resolved
INV-02450,A-03416,ORG-005,ANALYST-16,2025-05-13T21:38:46,2025-05-14T01:55:41,471,open
INV-02451,A-03417,ORG-005,ANALYST-15,2025-04-01T03:25:07,2025-04-01T07:01:55,566,resolved
INV-02452,A-03418,ORG-005,ANALYST-09,2025-06-24T17:42:46,2025-06-25T01:32:54,101,resolved
INV-02453,A-03419,ORG-005,ANALYST-07,2025-03-16T05:00:17,2025-03-16T08:53:09,490,false_positive
INV-02454,A-03421,ORG-005,ANALYST-01,2025-03-03T03:50:27,2025-03-03T08:34:08,396,resolved
INV-02455,A-03422,ORG-005,ANALYST-17,2025-05-03T19:58:45,2025-05-03T23:15:42,668,resolved
INV-02456,A-03423,ORG-005,ANALYST-15,2025-01-27T12:53:14,2025-01-27T18:39:23,435,resolved
INV-02457,A-03424,ORG-005,ANALYST-08,2025-02-02T19:19:59,2025-02-02T21:16:05,549,resolved
INV-02458,A-03425,ORG-005,ANALYST-19,2025-05-29T20:44:58,2025-05-30T02:38:08,557,false_positive
INV-02459,A-03426,ORG-005,ANALYST-13,2025-01-14T05:14:18,2025-01-14T13:10:13,436,open
INV-02460,A-03427,ORG-005,ANALYST-09,2025-01-29T01:03:04,2025-01-29T01:49:32,254,open
INV-02461,A-03429,ORG-005,ANALYST-10,2025-05-14T12:41:12,2025-05-14T19:25:13,564,resolved
INV-02462,A-03431,ORG-005,ANALYST-16,2025-05-10T11:20:01,2025-05-10T12:07:44,497,resolved
INV-02463,A-03432,ORG-005,ANALYST-20,2025-05-09T23:05:24,2025-05-10T04:56:12,380,false_positive
INV-02464,A-03433,ORG-005,ANALYST-06,2025-06-13T18:17:32,2025-06-14T00:41:12,694,escalated
INV-02465,A-03434,ORG-005,ANALYST-02,2025-04-06T03:36:40,2025-04-06T07:20:34,316,false_positive
INV-02466,A-03435,ORG-005,ANALYST-14,2025-03-11T16:43:17,2025-03-11T20:32:30,223,resolved
INV-02467,A-03436,ORG-005,ANALYST-08,2025-02-28T15:14:51,2025-02-28T22:32:24,577,resolved
INV-02468,A-03437,ORG-005,ANALYST-07,2025-05-16T02:14:07,2025-05-16T04:43:45,200,resolved
INV-02469,A-03438,ORG-005,ANALYST-20,2025-03-14T04:56:53,2025-03-14T09:02:33,663,resolved
INV-02470,A-03439,ORG-005,ANALYST-13,2025-05-24T15:58:00,2025-05-24T22:50:08,198,resolved
INV-02471,A-03440,ORG-005,ANALYST-07,2025-04-09T14:59:46,2025-04-09T22:13:38,267,resolved
INV-02472,A-03441,ORG-005,ANALYST-06,2025-05-18T18:21:45,2025-05-18T20:31:48,535,false_positive
INV-02473,A-03442,ORG-005,ANALYST-01,2025-01-27T03:59:14,2025-01-27T11:01:37,363,resolved
INV-02474,A-03443,ORG-005,ANALYST-12,2025-04-01T17:29:21,2025-04-01T21:17:29,215,false_positive
INV-02475,A-03444,ORG-005,ANALYST-12,2025-03-22T08:05:22,2025-03-22T10:27:54,752,resolved
INV-02476,A-03445,ORG-005,ANALYST-02,2025-03-02T03:22:30,2025-03-02T03:57:05,472,false_positive
INV-02477,A-03446,ORG-005,ANALYST-07,2025-05-18T21:35:50,2025-05-19T01:33:52,512,resolved
INV-02478,A-03448,ORG-005,ANALYST-19,2025-05-14T12:19:20,2025-05-14T18:56:39,517,resolved
INV-02479,A-03450,ORG-005,ANALYST-16,2025-06-30T15:11:12,2025-06-30T19:56:02,408,resolved
INV-02480,A-03451,ORG-005,ANALYST-10,2025-03-18T12:05:35,2025-03-18T18:12:22,345,resolved
INV-02481,A-03452,ORG-005,ANALYST-07,2025-04-23T22:15:26,2025-04-24T00:30:33,753,escalated
INV-02482,A-03453,ORG-005,ANALYST-07,2025-02-13T17:54:58,2025-02-14T00:10:38,441,escalated
INV-02483,A-03454,ORG-005,ANALYST-11,2025-03-08T16:28:07,2025-03-08T23:14:13,674,resolved
INV-02484,A-03455,ORG-005,ANALYST-02,2025-01-11T16:17:34,2025-01-11T21:50:54,166,escalated
INV-02485,A-03456,ORG-005,ANALYST-03,2025-02-25T06:20:56,2025-02-25T12:20:35,356,resolved
INV-02486,A-03458,ORG-005,ANALYST-14,2025-01-24T13:09:50,2025-01-24T18:11:04,118,resolved
INV-02487,A-03459,ORG-005,ANALYST-06,2025-03-27T13:30:05,2025-03-27T18:37:35,387,escalated
INV-02488,A-03461,ORG-005,ANALYST-10,2025-04-20T07:50:45,2025-04-20T13:37:43,197,escalated
INV-02489,A-03462,ORG-005,ANALYST-03,2025-03-31T00:32:58,2025-03-31T04:38:44,423,false_positive
INV-02490,A-03463,ORG-005,ANALYST-12,2025-05-24T04:33:33,2025-05-24T05:52:55,404,resolved
INV-02491,A-03464,ORG-005,ANALYST-12,2025-02-10T14:13:40,2025-02-10T21:52:00,372,resolved
INV-02492,A-03465,ORG-005,ANALYST-11,2025-01-07T01:45:14,2025-01-07T09:18:29,485,resolved
INV-02493,A-03466,ORG-005,ANALYST-07,2025-01-01T04:31:31,2025-01-01T10:47:42,813,false_positive
INV-02494,A-03467,ORG-005,ANALYST-06,2025-06-15T13:45:55,2025-06-15T18:17:47,108,resolved
INV-02495,A-03468,ORG-005,ANALYST-15,2025-02-13T13:17:45,2025-02-13T13:48:16,283,resolved
INV-02496,A-03470,ORG-005,ANALYST-07,2025-01-07T18:11:29,2025-01-07T22:47:33,407,resolved
INV-02497,A-03471,ORG-005,ANALYST-18,2025-05-25T07:18:54,2025-05-25T12:49:08,353,escalated
INV-02498,A-03472,ORG-005,ANALYST-11,2025-04-08T14:46:50,2025-04-08T16:44:40,467,open
INV-02499,A-03473,ORG-005,ANALYST-02,2025-04-07T04:49:46,2025-04-07T11:34:38,515,resolved
INV-02500,A-03474,ORG-005,ANALYST-01,2025-06-11T15:36:43,2025-06-11T23:06:27,120,resolved
INV-02501,A-03475,ORG-005,ANALYST-13,2025-02-10T18:35:35,2025-02-10T21:26:17,325,false_positive
INV-02502,A-03477,ORG-005,ANALYST-04,2025-01-07T07:47:26,2025-01-07T10:12:29,723,resolved
INV-02503,A-03478,ORG-005,ANALYST-18,2025-02-09T02:03:46,2025-02-09T08:34:22,426,resolved
INV-02504,A-03480,ORG-005,ANALYST-19,2025-05-26T06:48:14,2025-05-26T13:19:40,469,resolved
INV-02505,A-03482,ORG-005,ANALYST-13,2025-03-23T09:35:00,2025-03-23T10:24:48,184,false_positive
INV-02506,A-03484,ORG-005,ANALYST-10,2025-04-29T22:13:43,2025-04-30T02:55:33,547,escalated
INV-02507,A-03485,ORG-005,ANALYST-15,2025-02-01T09:44:14,2025-02-01T15:54:44,461,resolved
INV-02508,A-03486,ORG-005,ANALYST-18,2025-06-20T10:59:59,2025-06-20T14:18:41,261,resolved
INV-02509,A-03487,ORG-005,ANALYST-03,2025-03-27T02:07:06,2025-03-27T07:06:30,403,resolved
INV-02510,A-03488,ORG-005,ANALYST-02,2025-04-18T07:57:19,2025-04-18T10:31:39,285,resolved
INV-02511,A-03489,ORG-005,ANALYST-06,2025-03-27T03:00:09,2025-03-27T09:11:04,110,escalated
INV-02512,A-03490,ORG-005,ANALYST-09,2025-04-14T00:26:31,2025-04-14T02:29:13,861,resolved
INV-02513,A-03491,ORG-005,ANALYST-16,2025-02-06T22:23:53,2025-02-07T02:40:05,444,escalated
INV-02514,A-03497,ORG-005,ANALYST-01,2025-03-13T15:50:36,2025-03-13T21:11:10,737,resolved
INV-02515,A-03499,ORG-005,ANALYST-13,2025-02-18T10:13:55,2025-02-18T13:51:50,387,escalated
INV-02516,A-03500,ORG-005,ANALYST-15,2025-05-02T06:10:16,2025-05-02T09:35:35,127,resolved
INV-02517,A-03502,ORG-005,ANALYST-09,2025-01-02T15:02:26,2025-01-02T17:03:11,328,resolved
INV-02518,A-03509,ORG-005,ANALYST-19,2025-01-01T05:48:42,2025-01-01T12:32:54,506,false_positive
INV-02519,A-03510,ORG-005,ANALYST-08,2025-04-15T19:16:08,2025-04-16T00:35:29,267,resolved
INV-02520,A-03511,ORG-005,ANALYST-10,2025-01-30T07:47:25,2025-01-30T14:22:05,877,resolved
INV-02521,A-03512,ORG-005,ANALYST-19,2025-03-28T04:26:25,2025-03-28T09:31:31,465,resolved
INV-02522,A-03513,ORG-005,ANALYST-14,2025-03-13T05:49:58,2025-03-13T11:14:49,799,resolved
INV-02523,A-03514,ORG-005,ANALYST-07,2025-05-14T03:59:04,2025-05-14T06:04:33,200,resolved
INV-02524,A-03515,ORG-005,ANALYST-07,2025-05-07T12:28:57,2025-05-07T19:01:47,652,resolved
INV-02525,A-03516,ORG-005,ANALYST-17,2025-01-21T02:34:14,2025-01-21T04:27:22,493,resolved
INV-02526,A-03517,ORG-005,ANALYST-16,2025-04-29T08:26:15,2025-04-29T11:31:20,244,resolved
INV-02527,A-03518,ORG-005,ANALYST-08,2025-06-15T19:37:00,2025-06-15T20:25:52,277,resolved
INV-02528,A-03520,ORG-005,ANALYST-20,2025-05-26T17:32:07,2025-05-26T22:09:54,567,resolved
INV-02529,A-03521,ORG-005,ANALYST-02,2025-01-01T10:39:04,2025-01-01T11:52:38,295,escalated
INV-02530,A-03522,ORG-005,ANALYST-10,2025-06-03T13:23:06,2025-06-03T13:56:26,314,resolved
INV-02531,A-03523,ORG-005,ANALYST-04,2025-03-07T06:35:53,2025-03-07T12:46:48,568,false_positive
INV-02532,A-03524,ORG-005,ANALYST-05,2025-04-17T01:24:10,2025-04-17T03:54:46,257,resolved
INV-02533,A-03525,ORG-005,ANALYST-01,2025-04-22T06:21:23,2025-04-22T09:10:14,167,resolved
INV-02534,A-03526,ORG-005,ANALYST-08,2025-02-03T07:41:35,2025-02-03T09:43:50,276,open
INV-02535,A-03527,ORG-005,ANALYST-07,2025-01-19T08:38:08,2025-01-19T11:09:34,248,resolved
INV-02536,A-03528,ORG-005,ANALYST-06,2025-03-03T16:12:01,2025-03-03T17:18:03,745,escalated
INV-02537,A-03529,ORG-005,ANALYST-03,2025-06-02T04:16:47,2025-06-02T09:46:32,615,escalated
INV-02538,A-03531,ORG-005,ANALYST-11,2025-03-23T01:18:23,2025-03-23T02:13:13,308,resolved
INV-02539,A-03532,ORG-005,ANALYST-06,2025-02-15T00:08:16,2025-02-15T02:53:11,554,resolved
INV-02540,A-03533,ORG-005,ANALYST-10,2025-06-03T04:20:21,2025-06-03T07:24:12,124,escalated
INV-02541,A-03534,ORG-005,ANALYST-07,2025-02-15T02:49:58,2025-02-15T05:40:15,202,resolved
INV-02542,A-03535,ORG-005,ANALYST-17,2025-03-11T05:57:31,2025-03-11T06:41:52,155,escalated
INV-02543,A-03536,ORG-005,ANALYST-17,2025-02-17T20:35:35,2025-02-17T21:31:08,506,false_positive
INV-02544,A-03537,ORG-005,ANALYST-01,2025-06-16T02:00:09,2025-06-16T07:49:23,502,resolved
INV-02545,A-03538,ORG-005,ANALYST-08,2025-04-04T22:39:39,2025-04-05T04:22:15,831,resolved
INV-02546,A-03539,ORG-005,ANALYST-17,2025-02-09T00:32:38,2025-02-09T07:13:47,226,resolved
INV-02547,A-03540,ORG-005,ANALYST-09,2025-04-05T13:59:06,2025-04-05T21:35:29,567,resolved
INV-02548,A-03541,ORG-005,ANALYST-09,2025-01-12T10:19:17,2025-01-12T15:05:56,286,resolved
INV-02549,A-03542,ORG-005,ANALYST-18,2025-02-10T23:44:43,2025-02-11T01:27:13,849,escalated
INV-02550,A-03543,ORG-005,ANALYST-15,2025-03-18T22:48:01,2025-03-19T03:41:52,632,resolved
INV-02551,A-03544,ORG-005,ANALYST-07,2025-01-10T23:46:58,2025-01-11T04:10:21,589,resolved
INV-02552,A-03545,ORG-005,ANALYST-20,2025-03-07T17:59:27,2025-03-07T19:55:02,363,resolved
INV-02553,A-03546,ORG-005,ANALYST-13,2025-03-11T12:42:03,2025-03-11T19:56:27,292,resolved
INV-02554,A-03547,ORG-005,ANALYST-01,2025-06-12T12:42:37,2025-06-12T19:37:32,345,resolved
INV-02555,A-03549,ORG-005,ANALYST-19,2025-01-08T07:07:37,2025-01-08T07:59:22,313,resolved
INV-02556,A-03550,ORG-005,ANALYST-20,2025-06-17T02:58:57,2025-06-17T05:36:12,574,resolved
INV-02557,A-03551,ORG-005,ANALYST-19,2025-03-08T17:03:46,2025-03-08T22:29:27,149,false_positive
INV-02558,A-03553,ORG-005,ANALYST-04,2025-02-11T19:24:52,2025-02-11T21:23:05,450,resolved
INV-02559,A-03554,ORG-005,ANALYST-04,2025-01-14T09:20:37,2025-01-14T15:11:50,576,resolved
INV-02560,A-03555,ORG-005,ANALYST-18,2025-01-07T07:02:18,2025-01-07T11:32:24,609,resolved
INV-02561,A-03556,ORG-005,ANALYST-05,2025-05-15T19:51:29,2025-05-16T01:23:37,300,resolved
INV-02562,A-03557,ORG-005,ANALYST-19,2025-03-13T09:17:06,2025-03-13T15:55:04,132,escalated
INV-02563,A-03558,ORG-005,ANALYST-11,2025-05-20T17:41:53,2025-05-21T01:16:59,288,resolved
INV-02564,A-03559,ORG-005,ANALYST-17,2025-02-11T16:45:17,2025-02-11T18:22:59,578,resolved
INV-02565,A-03560,ORG-005,ANALYST-04,2025-05-26T22:59:40,2025-05-27T04:28:38,457,escalated
INV-02566,A-03561,ORG-005,ANALYST-02,2025-03-21T19:48:53,2025-03-21T21:26:04,682,resolved
INV-02567,A-03562,ORG-005,ANALYST-18,2025-04-24T11:59:36,2025-04-24T14:05:58,178,escalated
INV-02568,A-03563,ORG-005,ANALYST-16,2025-06-29T11:10:27,2025-06-29T17:01:57,394,false_positive
INV-02569,A-03566,ORG-005,ANALYST-08,2025-06-12T12:42:50,2025-06-12T19:49:53,441,resolved
INV-02570,A-03567,ORG-005,ANALYST-02,2025-04-25T02:53:26,2025-04-25T08:45:42,253,resolved
INV-02571,A-03568,ORG-005,ANALYST-04,2025-02-08T00:36:40,2025-02-08T06:53:33,666,resolved
INV-02572,A-03569,ORG-005,ANALYST-04,2025-03-15T05:45:37,2025-03-15T08:05:22,154,escalated
INV-02573,A-03570,ORG-005,ANALYST-19,2025-05-31T19:12:46,2025-05-31T23:47:22,659,resolved
INV-02574,A-03571,ORG-005,ANALYST-06,2025-06-04T20:29:35,2025-06-05T01:09:59,204,escalated
INV-02575,A-03573,ORG-005,ANALYST-03,2025-02-17T22:20:39,2025-02-18T04:04:25,576,resolved
INV-02576,A-03574,ORG-005,ANALYST-17,2025-01-11T16:19:51,2025-01-11T21:05:06,341,open
INV-02577,A-03575,ORG-005,ANALYST-06,2025-05-18T21:17:30,2025-05-19T03:49:39,582,false_positive
INV-02578,A-03576,ORG-005,ANALYST-02,2025-01-19T07:51:59,2025-01-19T14:28:59,258,false_positive
INV-02579,A-03577,ORG-005,ANALYST-06,2025-02-25T16:21:32,2025-02-25T23:33:25,464,resolved
INV-02580,A-03578,ORG-005,ANALYST-14,2025-02-13T00:02:47,2025-02-13T05:06:09,255,resolved
INV-02581,A-03579,ORG-005,ANALYST-08,2025-01-07T06:15:03,2025-01-07T07:48:15,146,escalated
INV-02582,A-03580,ORG-005,ANALYST-05,2025-03-16T21:28:57,2025-03-17T01:22:16,309,resolved
INV-02583,A-03582,ORG-005,ANALYST-07,2025-04-06T16:56:50,2025-04-07T00:28:41,601,false_positive
INV-02584,A-03583,ORG-005,ANALYST-13,2025-03-26T08:17:17,2025-03-26T13:53:50,202,resolved
INV-02585,A-03584,ORG-005,ANALYST-03,2025-03-16T11:31:30,2025-03-16T15:10:22,554,resolved
INV-02586,A-03587,ORG-005,ANALYST-03,2025-02-18T18:49:54,2025-02-19T01:25:17,889,open
INV-02587,A-03588,ORG-005,ANALYST-11,2025-01-18T09:29:17,2025-01-18T10:41:18,88,false_positive
INV-02588,A-03589,ORG-005,ANALYST-09,2025-01-30T11:44:05,2025-01-30T19:26:00,640,resolved
INV-02589,A-03590,ORG-005,ANALYST-20,2025-01-22T02:09:09,2025-01-22T03:18:38,821,resolved
INV-02590,A-03591,ORG-005,ANALYST-05,2025-05-10T11:24:39,2025-05-10T12:59:51,305,resolved
INV-02591,A-03592,ORG-005,ANALYST-17,2025-05-22T08:10:26,2025-05-22T11:37:10,188,false_positive
INV-02592,A-03593,ORG-005,ANALYST-01,2025-06-26T13:19:43,2025-06-26T16:15:57,447,resolved
INV-02593,A-03594,ORG-005,ANALYST-11,2025-05-16T01:45:55,2025-05-16T04:16:48,428,resolved
INV-02594,A-03595,ORG-005,ANALYST-08,2025-04-25T15:38:24,2025-04-25T23:13:14,250,resolved
INV-02595,A-03597,ORG-005,ANALYST-12,2025-05-31T16:05:03,2025-05-31T17:56:26,194,resolved
INV-02596,A-03598,ORG-005,ANALYST-09,2025-06-07T04:50:59,2025-06-07T10:26:49,848,false_positive
INV-02597,A-03599,ORG-005,ANALYST-03,2025-06-17T10:23:45,2025-06-17T12:56:08,235,false_positive
INV-02598,A-03601,ORG-005,ANALYST-12,2025-01-19T20:44:33,2025-01-20T02:55:07,267,resolved
INV-02599,A-03602,ORG-005,ANALYST-02,2025-02-26T12:09:59,2025-02-26T15:52:03,370,resolved
INV-02600,A-03603,ORG-005,ANALYST-05,2025-03-04T17:52:14,2025-03-05T01:22:08,215,resolved
INV-02601,A-03604,ORG-005,ANALYST-14,2025-06-28T04:15:50,2025-06-28T06:27:36,75,false_positive
INV-02602,A-03605,ORG-005,ANALYST-13,2025-06-01T09:19:56,2025-06-01T14:47:04,160,resolved
INV-02603,A-03607,ORG-005,ANALYST-16,2025-06-29T20:25:27,2025-06-30T02:44:27,707,resolved
INV-02604,A-03608,ORG-005,ANALYST-07,2025-03-26T05:33:12,2025-03-26T11:38:06,432,resolved
INV-02605,A-03609,ORG-005,ANALYST-08,2025-05-14T17:56:46,2025-05-14T23:21:03,334,false_positive
INV-02606,A-03610,ORG-005,ANALYST-16,2025-05-24T16:11:35,2025-05-24T19:46:50,824,false_positive
INV-02607,A-03612,ORG-005,ANALYST-01,2025-01-06T06:06:43,2025-01-06T09:54:53,316,escalated
INV-02608,A-03613,ORG-005,ANALYST-10,2025-03-12T20:28:45,2025-03-13T02:49:39,432,escalated
INV-02609,A-03616,ORG-005,ANALYST-02,2025-04-02T10:22:43,2025-04-02T17:42:56,279,resolved
INV-02610,A-03618,ORG-005,ANALYST-12,2025-03-28T22:45:10,2025-03-29T04:54:14,429,resolved
INV-02611,A-03619,ORG-005,ANALYST-05,2025-01-26T22:11:14,2025-01-27T04:17:37,168,resolved
INV-02612,A-03620,ORG-005,ANALYST-15,2025-05-30T13:36:01,2025-05-30T17:23:46,445,resolved
INV-02613,A-03621,ORG-005,ANALYST-17,2025-06-20T08:58:03,2025-06-20T12:02:02,258,resolved
INV-02614,A-03622,ORG-005,ANALYST-16,2025-04-24T05:59:58,2025-04-24T11:21:43,735,false_positive
INV-02615,A-03623,ORG-005,ANALYST-19,2025-05-10T16:27:19,2025-05-10T22:39:06,823,resolved
INV-02616,A-03624,ORG-005,ANALYST-19,2025-01-12T00:19:42,2025-01-12T03:03:11,361,resolved
INV-02617,A-03625,ORG-005,ANALYST-16,2025-03-21T05:34:35,2025-03-21T12:07:51,856,open
INV-02618,A-03626,ORG-005,ANALYST-17,2025-06-04T03:46:33,2025-06-04T09:27:34,322,resolved
INV-02619,A-03627,ORG-005,ANALYST-11,2025-06-19T00:39:52,2025-06-19T03:48:33,300,escalated
INV-02620,A-03628,ORG-005,ANALYST-02,2025-03-07T05:43:51,2025-03-07T09:15:16,339,escalated
INV-02621,A-03629,ORG-005,ANALYST-13,2025-05-12T03:58:45,2025-05-12T09:47:22,280,resolved
INV-02622,A-03630,ORG-005,ANALYST-05,2025-04-01T08:18:48,2025-04-01T13:51:20,257,false_positive
INV-02623,A-03631,ORG-005,ANALYST-17,2025-01-05T13:38:30,2025-01-05T15:45:39,308,escalated
INV-02624,A-03632,ORG-005,ANALYST-09,2025-03-04T13:27:54,2025-03-04T14:56:42,223,resolved
INV-02625,A-03633,ORG-005,ANALYST-12,2025-05-10T00:56:41,2025-05-10T03:51:30,363,escalated
INV-02626,A-03634,ORG-005,ANALYST-19,2025-04-05T01:37:10,2025-04-05T04:47:10,583,resolved
INV-02627,A-03635,ORG-005,ANALYST-15,2025-01-09T17:51:32,2025-01-09T23:41:44,179,escalated
INV-02628,A-03636,ORG-005,ANALYST-12,2025-05-28T10:43:00,2025-05-28T15:26:01,638,escalated
INV-02629,A-03637,ORG-005,ANALYST-02,2025-03-17T10:35:02,2025-03-17T14:01:15,205,escalated
INV-02630,A-03638,ORG-005,ANALYST-06,2025-01-18T23:47:26,2025-01-19T00:58:24,361,resolved
INV-02631,A-03639,ORG-005,ANALYST-13,2025-04-26T20:28:04,2025-04-27T00:33:25,672,escalated
INV-02632,A-03640,ORG-005,ANALYST-06,2025-06-24T09:20:16,2025-06-24T16:40:14,476,escalated
INV-02633,A-03641,ORG-005,ANALYST-07,2025-05-23T20:42:47,2025-05-24T04:06:17,298,false_positive
INV-02634,A-03642,ORG-005,ANALYST-13,2025-06-21T15:57:43,2025-06-21T23:05:06,350,resolved
INV-02635,A-03643,ORG-005,ANALYST-17,2025-01-19T06:43:25,2025-01-19T08:49:27,409,escalated
INV-02636,A-03645,ORG-005,ANALYST-19,2025-02-09T18:47:33,2025-02-09T20:16:09,302,resolved
INV-02637,A-03646,ORG-005,ANALYST-19,2025-02-28T00:56:34,2025-02-28T01:47:27,506,resolved
INV-02638,A-03647,ORG-005,ANALYST-05,2025-01-04T06:01:19,2025-01-04T10:04:20,232,false_positive
INV-02639,A-03648,ORG-005,ANALYST-02,2025-03-17T14:37:08,2025-03-17T19:19:37,557,false_positive
INV-02640,A-03650,ORG-005,ANALYST-16,2025-05-03T14:29:32,2025-05-03T16:26:57,347,escalated
INV-02641,A-03651,ORG-005,ANALYST-19,2025-04-02T02:21:05,2025-04-02T07:33:20,399,escalated
INV-02642,A-03652,ORG-005,ANALYST-04,2025-06-28T18:51:07,2025-06-29T00:49:31,133,resolved
INV-02643,A-03653,ORG-005,ANALYST-04,2025-01-10T16:33:56,2025-01-10T19:02:23,104,open
INV-02644,A-03654,ORG-005,ANALYST-14,2025-02-20T20:37:44,2025-02-20T23:24:06,488,resolved
INV-02645,A-03655,ORG-005,ANALYST-09,2025-01-17T06:02:24,2025-01-17T11:19:49,426,escalated
INV-02646,A-03656,ORG-005,ANALYST-18,2025-01-17T13:49:50,2025-01-17T17:23:19,340,resolved
INV-02647,A-03657,ORG-005,ANALYST-01,2025-04-19T03:02:16,2025-04-19T05:18:44,404,escalated
INV-02648,A-03659,ORG-005,ANALYST-14,2025-05-22T03:13:35,2025-05-22T09:37:58,253,resolved
INV-02649,A-03660,ORG-005,ANALYST-11,2025-04-07T23:59:26,2025-04-08T03:46:00,117,resolved
INV-02650,A-03662,ORG-005,ANALYST-12,2025-04-15T23:22:47,2025-04-16T02:42:21,276,escalated
INV-02651,A-03664,ORG-005,ANALYST-19,2025-06-06T03:44:01,2025-06-06T04:57:22,397,resolved
INV-02652,A-03666,ORG-005,ANALYST-09,2025-02-12T16:00:15,2025-02-12T20:32:00,480,resolved
INV-02653,A-03667,ORG-005,ANALYST-06,2025-06-23T18:25:37,2025-06-23T22:50:40,764,resolved
INV-02654,A-03668,ORG-005,ANALYST-10,2025-02-10T05:53:45,2025-02-10T08:37:29,570,resolved
INV-02655,A-03669,ORG-005,ANALYST-20,2025-02-19T02:47:28,2025-02-19T03:31:53,739,false_positive
INV-02656,A-03670,ORG-005,ANALYST-01,2025-04-25T03:58:16,2025-04-25T07:54:30,392,resolved
INV-02657,A-03671,ORG-005,ANALYST-08,2025-04-19T03:41:58,2025-04-19T08:36:40,578,resolved
INV-02658,A-03672,ORG-005,ANALYST-12,2025-02-28T06:45:40,2025-02-28T13:27:01,550,resolved
INV-02659,A-03674,ORG-005,ANALYST-16,2025-02-05T06:16:54,2025-02-05T11:07:15,464,resolved
INV-02660,A-03675,ORG-005,ANALYST-20,2025-03-28T10:48:54,2025-03-28T11:58:36,141,false_positive
INV-02661,A-03676,ORG-005,ANALYST-08,2025-03-14T14:58:26,2025-03-14T20:22:10,82,escalated
INV-02662,A-03677,ORG-005,ANALYST-10,2025-06-28T07:05:13,2025-06-28T10:29:48,609,escalated
INV-02663,A-03678,ORG-005,ANALYST-10,2025-03-04T16:14:13,2025-03-04T19:15:37,194,resolved
INV-02664,A-03679,ORG-005,ANALYST-14,2025-01-27T05:10:58,2025-01-27T06:11:10,272,resolved
INV-02665,A-03680,ORG-005,ANALYST-18,2025-04-30T02:30:38,2025-04-30T08:20:17,110,resolved
INV-02666,A-03681,ORG-005,ANALYST-16,2025-05-17T16:41:58,2025-05-17T21:58:52,823,resolved
INV-02667,A-03683,ORG-005,ANALYST-17,2025-04-25T07:02:28,2025-04-25T13:22:39,235,resolved
INV-02668,A-03684,ORG-005,ANALYST-11,2025-04-08T02:21:35,2025-04-08T07:26:25,523,open
INV-02669,A-03685,ORG-005,ANALYST-13,2025-03-12T16:14:09,2025-03-12T22:12:09,180,false_positive
INV-02670,A-03686,ORG-005,ANALYST-08,2025-01-06T08:56:53,2025-01-06T15:01:12,463,resolved
INV-02671,A-03687,ORG-005,ANALYST-01,2025-04-11T10:21:20,2025-04-11T13:01:05,520,escalated
INV-02672,A-03688,ORG-005,ANALYST-15,2025-03-31T05:02:50,2025-03-31T10:33:49,348,resolved
INV-02673,A-03689,ORG-005,ANALYST-17,2025-06-14T08:29:39,2025-06-14T13:36:00,255,resolved
INV-02674,A-03690,ORG-005,ANALYST-13,2025-04-17T23:08:03,2025-04-18T06:23:05,526,escalated
INV-02675,A-03691,ORG-005,ANALYST-12,2025-01-07T14:14:20,2025-01-07T14:57:27,264,escalated
INV-02676,A-03692,ORG-005,ANALYST-18,2025-06-01T10:15:41,2025-06-01T14:17:39,428,resolved
INV-02677,A-03693,ORG-005,ANALYST-05,2025-03-06T22:33:24,2025-03-07T04:07:27,364,resolved
INV-02678,A-03694,ORG-005,ANALYST-07,2025-01-21T04:06:03,2025-01-21T10:52:03,216,false_positive
INV-02679,A-03695,ORG-005,ANALYST-17,2025-05-13T19:17:38,2025-05-14T02:52:43,376,resolved
INV-02680,A-03696,ORG-005,ANALYST-12,2025-03-19T13:39:20,2025-03-19T19:17:25,329,escalated
INV-02681,A-03697,ORG-005,ANALYST-15,2025-01-20T15:50:39,2025-01-20T23:14:11,346,false_positive
INV-02682,A-03698,ORG-005,ANALYST-20,2025-05-14T18:58:58,2025-05-15T01:24:29,694,resolved
INV-02683,A-03699,ORG-005,ANALYST-16,2025-03-08T16:17:46,2025-03-08T20:04:15,422,resolved
INV-02684,A-03700,ORG-005,ANALYST-15,2025-06-03T23:56:55,2025-06-04T07:37:55,560,resolved
INV-02685,A-03701,ORG-005,ANALYST-13,2025-06-09T18:29:50,2025-06-09T22:20:06,697,resolved
INV-02686,A-03702,ORG-005,ANALYST-11,2025-01-09T21:50:11,2025-01-10T01:10:30,745,resolved
INV-02687,A-03703,ORG-005,ANALYST-02,2025-01-05T14:26:06,2025-01-05T20:36:19,643,resolved
INV-02688,A-03704,ORG-005,ANALYST-02,2025-05-24T15:35:14,2025-05-24T20:41:41,410,escalated
INV-02689,A-03705,ORG-005,ANALYST-17,2025-06-19T03:59:52,2025-06-19T11:31:03,279,resolved
INV-02690,A-03706,ORG-005,ANALYST-20,2025-02-27T16:28:48,2025-02-27T19:27:25,895,false_positive
INV-02691,A-03707,ORG-005,ANALYST-18,2025-01-08T22:27:49,2025-01-09T04:20:57,109,resolved
INV-02692,A-03709,ORG-005,ANALYST-04,2025-01-21T09:44:33,2025-01-21T13:40:09,478,resolved
INV-02693,A-03712,ORG-005,ANALYST-04,2025-06-16T16:08:29,2025-06-16T22:07:39,434,resolved
INV-02694,A-03713,ORG-005,ANALYST-12,2025-01-30T19:52:20,2025-01-30T21:46:52,404,resolved
INV-02695,A-03714,ORG-005,ANALYST-16,2025-02-01T12:52:07,2025-02-01T16:35:48,496,resolved
INV-02696,A-03715,ORG-005,ANALYST-08,2025-04-30T20:09:38,2025-05-01T02:35:43,145,escalated
INV-02697,A-03716,ORG-005,ANALYST-09,2025-06-23T17:22:09,2025-06-23T18:37:11,508,resolved
INV-02698,A-03717,ORG-005,ANALYST-12,2025-01-21T09:42:24,2025-01-21T12:47:27,224,escalated
INV-02699,A-03718,ORG-005,ANALYST-03,2025-05-24T11:41:39,2025-05-24T14:31:58,837,escalated
INV-02700,A-03720,ORG-005,ANALYST-06,2025-02-07T10:17:13,2025-02-07T13:44:51,569,false_positive
INV-02701,A-03721,ORG-005,ANALYST-09,2025-02-24T16:23:35,2025-02-24T23:50:13,253,escalated
INV-02702,A-03722,ORG-005,ANALYST-05,2025-03-10T16:50:02,2025-03-10T19:07:52,690,escalated
INV-02703,A-03723,ORG-005,ANALYST-12,2025-03-11T22:19:33,2025-03-12T04:03:55,119,false_positive
INV-02704,A-03724,ORG-005,ANALYST-18,2025-06-18T06:57:27,2025-06-18T11:06:58,357,escalated
INV-02705,A-03725,ORG-005,ANALYST-03,2025-02-03T10:05:50,2025-02-03T14:52:57,334,resolved
INV-02706,A-03726,ORG-005,ANALYST-14,2025-04-13T20:56:07,2025-04-13T22:48:49,340,resolved
INV-02707,A-03727,ORG-005,ANALYST-11,2025-03-28T22:02:43,2025-03-29T04:08:15,283,resolved
INV-02708,A-03728,ORG-005,ANALYST-15,2025-02-26T23:11:44,2025-02-27T05:31:20,551,resolved
INV-02709,A-03729,ORG-005,ANALYST-13,2025-03-23T02:09:36,2025-03-23T04:05:20,668,resolved
INV-02710,A-03730,ORG-005,ANALYST-17,2025-02-14T17:37:20,2025-02-15T00:00:13,103,escalated
INV-02711,A-03732,ORG-005,ANALYST-07,2025-06-27T19:27:13,2025-06-27T21:58:14,384,resolved
INV-02712,A-03733,ORG-005,ANALYST-18,2025-04-10T12:30:58,2025-04-10T15:33:38,259,resolved
INV-02713,A-03734,ORG-005,ANALYST-20,2025-06-19T07:08:35,2025-06-19T13:57:07,429,false_positive
INV-02714,A-03735,ORG-005,ANALYST-12,2025-05-31T13:54:30,2025-05-31T15:15:58,746,resolved
INV-02715,A-03736,ORG-005,ANALYST-14,2025-05-11T20:07:30,2025-05-12T01:10:37,193,resolved
INV-02716,A-03738,ORG-005,ANALYST-18,2025-05-05T04:06:35,2025-05-05T05:33:47,329,false_positive
INV-02717,A-03739,ORG-005,ANALYST-03,2025-02-17T14:30:34,2025-02-17T16:09:02,311,resolved
INV-02718,A-03740,ORG-005,ANALYST-17,2025-05-07T16:07:09,2025-05-07T22:13:05,66,resolved
INV-02719,A-03741,ORG-005,ANALYST-02,2025-06-18T11:47:21,2025-06-18T15:41:41,726,resolved
INV-02720,A-03742,ORG-005,ANALYST-16,2025-02-01T22:17:05,2025-02-02T00:50:31,200,resolved
INV-02721,A-03743,ORG-005,ANALYST-20,2025-02-08T12:15:16,2025-02-08T12:50:44,338,resolved
INV-02722,A-03745,ORG-005,ANALYST-06,2025-05-02T05:14:08,2025-05-02T11:20:34,244,resolved
INV-02723,A-03746,ORG-005,ANALYST-06,2025-04-26T20:35:48,2025-04-27T01:13:28,296,escalated
INV-02724,A-03747,ORG-005,ANALYST-12,2025-06-15T19:04:09,2025-06-16T00:01:22,548,resolved
INV-02725,A-03748,ORG-005,ANALYST-19,2025-04-17T04:46:47,2025-04-17T11:00:23,357,escalated
INV-02726,A-03749,ORG-005,ANALYST-12,2025-04-12T16:14:24,2025-04-12T20:00:43,197,resolved
INV-02727,A-03750,ORG-005,ANALYST-19,2025-01-03T15:44:27,2025-01-03T21:51:27,127,escalated
INV-02728,A-03751,ORG-005,ANALYST-17,2025-01-16T05:25:44,2025-01-16T12:21:38,252,resolved
INV-02729,A-03752,ORG-005,ANALYST-03,2025-01-23T12:25:49,2025-01-23T13:12:44,416,escalated
INV-02730,A-03753,ORG-005,ANALYST-13,2025-01-02T10:12:31,2025-01-02T18:04:35,63,escalated
INV-02731,A-03756,ORG-005,ANALYST-09,2025-06-04T06:21:34,2025-06-04T13:34:52,123,resolved
INV-02732,A-03757,ORG-005,ANALYST-01,2025-04-18T17:35:41,2025-04-18T18:12:01,487,false_positive
INV-02733,A-03758,ORG-005,ANALYST-12,2025-05-04T21:54:18,2025-05-05T00:27:38,557,resolved
INV-02734,A-03759,ORG-005,ANALYST-13,2025-01-06T14:56:05,2025-01-06T20:14:02,670,open
INV-02735,A-03760,ORG-005,ANALYST-15,2025-02-02T15:18:45,2025-02-02T19:49:12,544,resolved
INV-02736,A-03761,ORG-005,ANALYST-20,2025-01-30T11:43:22,2025-01-30T17:54:10,755,escalated
INV-02737,A-03763,ORG-005,ANALYST-08,2025-06-06T21:22:14,2025-06-07T02:54:42,75,resolved
INV-02738,A-03766,ORG-005,ANALYST-09,2025-02-09T17:44:28,2025-02-09T22:31:07,344,resolved
INV-02739,A-03767,ORG-005,ANALYST-16,2025-06-25T18:49:38,2025-06-25T22:31:48,185,resolved
INV-02740,A-03768,ORG-005,ANALYST-07,2025-06-21T12:41:34,2025-06-21T14:08:30,287,resolved
INV-02741,A-03769,ORG-005,ANALYST-15,2025-05-10T04:41:43,2025-05-10T05:59:41,183,resolved
INV-02742,A-03770,ORG-005,ANALYST-19,2025-06-12T20:22:52,2025-06-12T21:27:37,245,escalated
INV-02743,A-03772,ORG-005,ANALYST-07,2025-01-29T22:23:16,2025-01-30T01:26:16,119,escalated
INV-02744,A-03773,ORG-005,ANALYST-10,2025-06-12T11:22:04,2025-06-12T14:45:14,437,resolved
INV-02745,A-03774,ORG-005,ANALYST-14,2025-01-29T08:11:09,2025-01-29T14:32:58,480,resolved
INV-02746,A-03776,ORG-005,ANALYST-13,2025-01-30T00:47:58,2025-01-30T05:08:44,263,resolved
INV-02747,A-03777,ORG-005,ANALYST-14,2025-03-05T02:40:57,2025-03-05T04:04:46,456,resolved
INV-02748,A-03778,ORG-005,ANALYST-04,2025-02-25T23:16:46,2025-02-26T04:06:37,214,escalated
INV-02749,A-03779,ORG-005,ANALYST-18,2025-05-03T20:59:10,2025-05-04T02:00:14,226,escalated
INV-02750,A-03780,ORG-005,ANALYST-17,2025-05-26T07:12:00,2025-05-26T14:59:18,216,open
INV-02751,A-03781,ORG-005,ANALYST-16,2025-06-16T20:03:47,2025-06-16T23:21:08,223,resolved
INV-02752,A-03782,ORG-005,ANALYST-20,2025-05-07T20:38:19,2025-05-08T01:04:15,669,resolved
INV-02753,A-03783,ORG-005,ANALYST-16,2025-06-12T15:04:20,2025-06-12T21:57:55,507,resolved
INV-02754,A-03784,ORG-005,ANALYST-13,2025-06-27T03:35:23,2025-06-27T09:44:44,750,resolved
INV-02755,A-03785,ORG-005,ANALYST-12,2025-04-20T19:15:20,2025-04-21T01:44:15,116,resolved
INV-02756,A-03786,ORG-005,ANALYST-13,2025-04-14T01:48:52,2025-04-14T05:52:10,358,resolved
INV-02757,A-03787,ORG-005,ANALYST-04,2025-05-04T09:54:50,2025-05-04T16:11:52,146,resolved
INV-02758,A-03788,ORG-005,ANALYST-06,2025-05-21T16:19:39,2025-05-21T20:17:51,749,resolved
INV-02759,A-03789,ORG-005,ANALYST-07,2025-05-25T18:59:57,2025-05-26T02:46:20,145,escalated
INV-02760,A-03790,ORG-005,ANALYST-06,2025-04-24T05:39:11,2025-04-24T07:30:17,103,resolved
INV-02761,A-03791,ORG-005,ANALYST-17,2025-03-09T08:52:31,2025-03-09T11:19:29,532,false_positive
INV-02762,A-03792,ORG-005,ANALYST-16,2025-02-20T21:04:25,2025-02-20T23:09:41,434,escalated
INV-02763,A-03794,ORG-005,ANALYST-16,2025-02-19T04:12:49,2025-02-19T06:53:02,233,resolved
INV-02764,A-03795,ORG-005,ANALYST-11,2025-04-30T17:13:49,2025-04-30T23:45:38,319,escalated
INV-02765,A-03797,ORG-005,ANALYST-20,2025-05-13T22:01:08,2025-05-14T05:48:26,409,resolved
INV-02766,A-03798,ORG-005,ANALYST-14,2025-01-30T01:13:59,2025-01-30T02:38:20,253,resolved
INV-02767,A-03799,ORG-005,ANALYST-11,2025-05-08T07:37:50,2025-05-08T12:27:28,98,resolved
INV-02768,A-03800,ORG-005,ANALYST-10,2025-03-20T18:01:13,2025-03-21T01:35:07,356,resolved
INV-02769,A-03801,ORG-005,ANALYST-16,2025-06-02T13:38:13,2025-06-02T20:32:37,65,false_positive
INV-02770,A-03802,ORG-005,ANALYST-12,2025-04-24T13:25:51,2025-04-24T18:43:32,387,false_positive
INV-02771,A-03804,ORG-005,ANALYST-04,2025-06-07T05:59:15,2025-06-07T09:52:37,889,resolved
INV-02772,A-03805,ORG-005,ANALYST-18,2025-04-16T21:12:53,2025-04-16T23:57:25,183,resolved
INV-02773,A-03806,ORG-005,ANALYST-07,2025-02-14T23:09:54,2025-02-15T06:52:58,636,resolved
INV-02774,A-03807,ORG-005,ANALYST-01,2025-03-02T21:49:06,2025-03-02T22:27:25,578,false_positive
INV-02775,A-03809,ORG-005,ANALYST-19,2025-04-10T10:06:04,2025-04-10T12:13:55,487,resolved
INV-02776,A-03810,ORG-005,ANALYST-06,2025-04-06T16:17:31,2025-04-06T23:44:38,598,resolved
INV-02777,A-03811,ORG-005,ANALYST-07,2025-02-27T09:38:45,2025-02-27T12:17:00,240,resolved
INV-02778,A-03812,ORG-005,ANALYST-13,2025-06-23T06:48:46,2025-06-23T13:40:01,398,escalated
INV-02779,A-03814,ORG-005,ANALYST-04,2025-02-12T20:41:23,2025-02-12T23:03:38,197,resolved
INV-02780,A-03816,ORG-005,ANALYST-10,2025-06-07T10:46:07,2025-06-07T11:24:04,559,resolved
INV-02781,A-03817,ORG-005,ANALYST-16,2025-02-28T02:08:29,2025-02-28T05:05:56,112,resolved
INV-02782,A-03819,ORG-005,ANALYST-04,2025-06-23T03:02:04,2025-06-23T09:13:00,166,resolved
INV-02783,A-03820,ORG-005,ANALYST-20,2025-01-07T18:04:31,2025-01-08T01:58:21,273,false_positive
INV-02784,A-03821,ORG-005,ANALYST-18,2025-04-21T12:33:26,2025-04-21T16:49:45,449,resolved
INV-02785,A-03822,ORG-005,ANALYST-15,2025-05-20T19:59:21,2025-05-21T03:07:33,449,resolved
INV-02786,A-03824,ORG-005,ANALYST-13,2025-01-02T21:13:06,2025-01-02T22:47:01,690,escalated
INV-02787,A-03826,ORG-005,ANALYST-09,2025-04-04T00:29:12,2025-04-04T08:07:03,321,resolved
INV-02788,A-03827,ORG-005,ANALYST-14,2025-01-08T20:50:46,2025-01-09T03:50:16,510,false_positive
INV-02789,A-03829,ORG-005,ANALYST-13,2025-06-23T20:39:14,2025-06-23T23:43:15,615,resolved
INV-02790,A-03830,ORG-005,ANALYST-17,2025-04-02T09:16:28,2025-04-02T10:35:10,364,resolved
INV-02791,A-03831,ORG-005,ANALYST-12,2025-05-08T21:09:33,2025-05-08T22:43:43,517,escalated
INV-02792,A-03832,ORG-005,ANALYST-14,2025-06-30T13:57:19,2025-06-30T15:06:10,531,resolved
INV-02793,A-03834,ORG-005,ANALYST-08,2025-06-23T09:13:27,2025-06-23T16:06:03,374,resolved
INV-02794,A-03835,ORG-005,ANALYST-13,2025-03-22T07:35:28,2025-03-22T10:37:19,609,resolved
INV-02795,A-03836,ORG-005,ANALYST-08,2025-02-18T22:18:37,2025-02-19T03:44:45,194,resolved
INV-02796,A-03838,ORG-005,ANALYST-06,2025-05-13T07:40:58,2025-05-13T13:36:17,648,escalated
INV-02797,A-03840,ORG-005,ANALYST-11,2025-06-22T16:56:37,2025-06-22T20:56:35,489,false_positive
INV-02798,A-03841,ORG-005,ANALYST-17,2025-01-31T03:31:02,2025-01-31T10:45:57,686,resolved
INV-02799,A-03842,ORG-005,ANALYST-09,2025-05-05T02:09:33,2025-05-05T09:57:59,661,false_positive
INV-02800,A-03843,ORG-005,ANALYST-04,2025-01-22T18:18:42,2025-01-22T22:56:57,613,resolved
INV-02801,A-03844,ORG-005,ANALYST-02,2025-03-26T01:43:36,2025-03-26T09:05:08,263,resolved
INV-02802,A-03845,ORG-005,ANALYST-07,2025-01-25T15:09:29,2025-01-25T21:13:17,365,resolved
INV-02803,A-03846,ORG-005,ANALYST-19,2025-06-04T04:24:47,2025-06-04T07:48:45,79,resolved
INV-02804,A-03847,ORG-005,ANALYST-16,2025-02-11T10:30:20,2025-02-11T14:47:20,123,escalated
INV-02805,A-03848,ORG-005,ANALYST-15,2025-06-28T01:55:31,2025-06-28T09:45:07,339,false_positive
INV-02806,A-03849,ORG-005,ANALYST-20,2025-05-16T10:41:39,2025-05-16T13:31:29,468,resolved
INV-02807,A-03850,ORG-005,ANALYST-07,2025-03-31T01:43:46,2025-03-31T07:57:47,351,resolved
INV-02808,A-03852,ORG-005,ANALYST-09,2025-05-27T08:24:18,2025-05-27T11:59:02,194,resolved
INV-02809,A-03853,ORG-005,ANALYST-06,2025-03-08T10:36:45,2025-03-08T15:12:08,661,false_positive
INV-02810,A-03854,ORG-005,ANALYST-18,2025-04-03T07:58:01,2025-04-03T13:05:11,354,resolved
INV-02811,A-03855,ORG-005,ANALYST-13,2025-06-17T18:36:42,2025-06-17T22:59:33,111,resolved
INV-02812,A-03856,ORG-005,ANALYST-10,2025-06-03T02:26:13,2025-06-03T06:53:52,235,resolved
INV-02813,A-03857,ORG-005,ANALYST-16,2025-02-25T10:46:02,2025-02-25T11:46:57,408,false_positive
INV-02814,A-03858,ORG-005,ANALYST-09,2025-04-07T09:32:09,2025-04-07T14:49:08,322,resolved
INV-02815,A-03859,ORG-005,ANALYST-16,2025-05-13T02:56:38,2025-05-13T09:41:36,188,resolved
INV-02816,A-03860,ORG-005,ANALYST-16,2025-03-09T19:33:38,2025-03-09T20:37:28,889,resolved
INV-02817,A-03861,ORG-005,ANALYST-05,2025-06-15T03:56:22,2025-06-15T04:36:24,463,false_positive
INV-02818,A-03863,ORG-005,ANALYST-12,2025-01-18T15:33:40,2025-01-18T21:52:29,300,resolved
INV-02819,A-03865,ORG-005,ANALYST-05,2025-03-26T10:11:57,2025-03-26T11:26:47,57,false_positive
INV-02820,A-03867,ORG-005,ANALYST-18,2025-02-19T08:19:03,2025-02-19T10:32:12,445,resolved
INV-02821,A-03869,ORG-005,ANALYST-11,2025-05-20T20:09:57,2025-05-21T01:40:15,234,escalated
INV-02822,A-03870,ORG-005,ANALYST-06,2025-03-30T04:03:37,2025-03-30T08:12:37,616,resolved
INV-02823,A-03871,ORG-005,ANALYST-10,2025-04-28T21:40:28,2025-04-29T04:07:59,773,resolved
INV-02824,A-03872,ORG-005,ANALYST-17,2025-05-18T09:59:10,2025-05-18T17:09:55,440,resolved
INV-02825,A-03874,ORG-005,ANALYST-02,2025-04-07T19:11:03,2025-04-07T20:26:37,250,resolved
INV-02826,A-03876,ORG-005,ANALYST-08,2025-05-26T13:49:17,2025-05-26T18:44:44,256,escalated
INV-02827,A-03877,ORG-005,ANALYST-09,2025-06-06T11:29:23,2025-06-06T17:24:24,227,escalated
INV-02828,A-03878,ORG-005,ANALYST-20,2025-03-12T18:54:28,2025-03-12T22:03:26,151,resolved
INV-02829,A-03879,ORG-005,ANALYST-01,2025-03-13T23:39:00,2025-03-14T00:52:23,366,escalated
INV-02830,A-03880,ORG-005,ANALYST-02,2025-01-18T19:26:54,2025-01-19T02:16:08,247,open
INV-02831,A-03881,ORG-005,ANALYST-06,2025-03-22T14:34:57,2025-03-22T15:08:40,356,escalated
INV-02832,A-03883,ORG-005,ANALYST-06,2025-06-13T10:58:09,2025-06-13T16:37:05,311,resolved
INV-02833,A-03885,ORG-005,ANALYST-19,2025-01-16T02:08:44,2025-01-16T05:06:08,616,false_positive
INV-02834,A-03886,ORG-005,ANALYST-03,2025-05-21T08:04:57,2025-05-21T12:52:09,245,false_positive
INV-02835,A-03887,ORG-005,ANALYST-03,2025-01-11T08:39:29,2025-01-11T11:21:52,365,resolved
INV-02836,A-03889,ORG-005,ANALYST-16,2025-06-22T17:10:38,2025-06-22T22:10:38,410,resolved
INV-02837,A-03890,ORG-005,ANALYST-12,2025-06-23T01:44:32,2025-06-23T06:32:24,188,false_positive
INV-02838,A-03891,ORG-005,ANALYST-14,2025-06-20T09:09:45,2025-06-20T14:12:56,487,resolved
INV-02839,A-03892,ORG-005,ANALYST-16,2025-06-20T21:06:11,2025-06-21T02:08:30,291,escalated
INV-02840,A-03893,ORG-005,ANALYST-16,2025-03-13T16:36:48,2025-03-13T22:16:44,443,escalated
INV-02841,A-03894,ORG-005,ANALYST-11,2025-02-03T04:48:08,2025-02-03T08:46:26,277,resolved
INV-02842,A-03895,ORG-005,ANALYST-05,2025-02-24T05:33:16,2025-02-24T13:01:28,594,resolved
INV-02843,A-03896,ORG-005,ANALYST-15,2025-01-09T12:02:50,2025-01-09T14:36:59,774,escalated
INV-02844,A-03897,ORG-005,ANALYST-03,2025-04-30T22:13:15,2025-05-01T01:02:23,600,escalated
INV-02845,A-03898,ORG-005,ANALYST-02,2025-03-16T08:05:46,2025-03-16T08:41:33,159,resolved
INV-02846,A-03899,ORG-005,ANALYST-15,2025-04-02T18:46:23,2025-04-03T00:41:51,580,resolved
INV-02847,A-03900,ORG-005,ANALYST-01,2025-03-04T17:07:24,2025-03-04T21:33:33,70,escalated
INV-02848,A-03902,ORG-005,ANALYST-14,2025-03-12T12:21:57,2025-03-12T18:33:21,744,resolved
INV-02849,A-03903,ORG-005,ANALYST-19,2025-06-10T18:03:13,2025-06-10T21:16:43,160,resolved
INV-02850,A-03904,ORG-005,ANALYST-12,2025-03-12T09:47:08,2025-03-12T17:04:10,418,resolved
INV-02851,A-03906,ORG-005,ANALYST-10,2025-01-09T21:16:32,2025-01-10T00:12:40,726,escalated
INV-02852,A-03907,ORG-005,ANALYST-11,2025-01-06T20:02:08,2025-01-06T22:02:20,243,resolved
INV-02853,A-03908,ORG-005,ANALYST-12,2025-01-03T20:11:00,2025-01-03T22:02:13,682,false_positive
INV-02854,A-03909,ORG-005,ANALYST-08,2025-05-08T01:02:29,2025-05-08T02:06:29,630,false_positive
INV-02855,A-03912,ORG-005,ANALYST-12,2025-02-07T11:13:02,2025-02-07T12:55:32,429,open
INV-02856,A-03913,ORG-005,ANALYST-02,2025-05-01T05:22:34,2025-05-01T09:08:56,256,resolved
INV-02857,A-03914,ORG-005,ANALYST-07,2025-01-04T17:17:15,2025-01-04T22:00:09,822,resolved
INV-02858,A-03915,ORG-005,ANALYST-11,2025-01-11T22:47:39,2025-01-12T02:50:22,732,resolved
INV-02859,A-03916,ORG-005,ANALYST-01,2025-05-27T15:59:41,2025-05-27T23:22:48,120,resolved
INV-02860,A-03917,ORG-005,ANALYST-16,2025-03-22T12:43:57,2025-03-22T19:34:13,219,resolved
INV-02861,A-03918,ORG-005,ANALYST-02,2025-06-04T19:39:41,2025-06-05T01:43:09,502,escalated
INV-02862,A-03919,ORG-005,ANALYST-09,2025-04-13T23:08:09,2025-04-14T03:30:30,627,resolved
INV-02863,A-03920,ORG-005,ANALYST-11,2025-06-23T20:46:07,2025-06-24T01:44:14,252,resolved
INV-02864,A-03921,ORG-005,ANALYST-06,2025-02-24T21:59:09,2025-02-25T01:58:12,361,resolved
INV-02865,A-03922,ORG-005,ANALYST-05,2025-03-03T04:37:05,2025-03-03T11:25:48,799,resolved
INV-02866,A-03923,ORG-005,ANALYST-15,2025-01-31T12:15:46,2025-01-31T20:03:12,816,resolved
INV-02867,A-03925,ORG-005,ANALYST-10,2025-01-18T04:43:12,2025-01-18T06:03:45,76,resolved
INV-02868,A-03927,ORG-005,ANALYST-07,2025-03-06T11:34:45,2025-03-06T14:00:59,495,resolved
INV-02869,A-03928,ORG-005,ANALYST-15,2025-03-16T10:12:52,2025-03-16T13:07:43,215,resolved
INV-02870,A-03929,ORG-005,ANALYST-02,2025-01-30T08:07:20,2025-01-30T14:06:30,564,open
INV-02871,A-03930,ORG-005,ANALYST-10,2025-02-28T14:58:55,2025-02-28T21:01:55,880,resolved
INV-02872,A-03931,ORG-005,ANALYST-14,2025-06-23T13:53:18,2025-06-23T16:06:53,252,resolved
INV-02873,A-03934,ORG-005,ANALYST-13,2025-04-16T11:27:21,2025-04-16T14:37:39,488,escalated
INV-02874,A-03935,ORG-005,ANALYST-02,2025-06-20T10:16:25,2025-06-20T16:54:23,165,resolved
INV-02875,A-03936,ORG-005,ANALYST-08,2025-06-07T23:06:57,2025-06-08T05:21:45,153,escalated
INV-02876,A-03937,ORG-005,ANALYST-01,2025-04-29T13:45:35,2025-04-29T16:36:45,112,escalated
INV-02877,A-03938,ORG-005,ANALYST-16,2025-03-15T19:03:05,2025-03-15T19:54:59,433,resolved
INV-02878,A-03939,ORG-005,ANALYST-14,2025-04-09T09:21:18,2025-04-09T11:41:54,695,resolved
INV-02879,A-03940,ORG-005,ANALYST-15,2025-01-29T14:31:22,2025-01-29T20:09:31,57,resolved
INV-02880,A-03941,ORG-005,ANALYST-12,2025-04-01T06:21:04,2025-04-01T11:05:57,150,resolved
INV-02881,A-03942,ORG-005,ANALYST-07,2025-04-09T13:59:03,2025-04-09T18:15:09,663,resolved
INV-02882,A-03943,ORG-005,ANALYST-01,2025-06-20T20:53:27,2025-06-21T00:54:55,107,resolved
INV-02883,A-03944,ORG-005,ANALYST-19,2025-05-13T06:16:09,2025-05-13T11:11:45,228,resolved
INV-02884,A-03946,ORG-005,ANALYST-20,2025-04-26T22:40:30,2025-04-27T00:05:35,412,escalated
INV-02885,A-03947,ORG-005,ANALYST-18,2025-01-09T01:32:46,2025-01-09T04:27:09,184,escalated
INV-02886,A-03948,ORG-005,ANALYST-09,2025-04-14T01:38:43,2025-04-14T09:36:30,373,resolved
INV-02887,A-03950,ORG-005,ANALYST-01,2025-02-12T03:39:52,2025-02-12T10:25:27,612,escalated
INV-02888,A-03951,ORG-005,ANALYST-08,2025-06-21T19:40:49,2025-06-21T22:56:40,274,resolved
INV-02889,A-03952,ORG-005,ANALYST-15,2025-06-29T05:49:28,2025-06-29T08:31:11,289,resolved
INV-02890,A-03953,ORG-005,ANALYST-18,2025-06-23T22:10:56,2025-06-24T03:06:41,425,resolved
INV-02891,A-03954,ORG-005,ANALYST-11,2025-02-25T02:52:21,2025-02-25T07:43:24,577,open
INV-02892,A-03955,ORG-005,ANALYST-06,2025-02-17T22:02:39,2025-02-18T03:30:05,640,resolved
INV-02893,A-03956,ORG-005,ANALYST-15,2025-03-26T11:25:23,2025-03-26T12:03:02,183,resolved
INV-02894,A-03957,ORG-005,ANALYST-13,2025-01-23T09:07:05,2025-01-23T13:18:58,322,resolved
INV-02895,A-03958,ORG-005,ANALYST-10,2025-03-08T15:58:05,2025-03-08T22:30:42,176,resolved
INV-02896,A-03959,ORG-005,ANALYST-06,2025-04-29T11:50:21,2025-04-29T16:33:19,318,open
INV-02897,A-03961,ORG-005,ANALYST-20,2025-03-21T02:38:22,2025-03-21T05:17:34,318,false_positive
INV-02898,A-03962,ORG-005,ANALYST-17,2025-01-31T04:18:01,2025-01-31T08:39:08,478,resolved
INV-02899,A-03963,ORG-005,ANALYST-18,2025-02-14T02:43:12,2025-02-14T05:39:56,63,resolved
INV-02900,A-03964,ORG-005,ANALYST-05,2025-03-01T08:11:46,2025-03-01T12:25:54,672,resolved
INV-02901,A-03965,ORG-005,ANALYST-02,2025-01-29T22:12:20,2025-01-30T02:15:31,849,escalated
INV-02902,A-03966,ORG-005,ANALYST-19,2025-01-21T19:43:46,2025-01-22T02:17:29,580,resolved
INV-02903,A-03969,ORG-005,ANALYST-19,2025-02-05T06:16:58,2025-02-05T11:47:17,768,false_positive
INV-02904,A-03970,ORG-005,ANALYST-13,2025-02-08T14:05:40,2025-02-08T17:59:39,833,false_positive
INV-02905,A-03972,ORG-005,ANALYST-01,2025-02-19T04:03:19,2025-02-19T04:51:37,666,resolved
INV-02906,A-03973,ORG-005,ANALYST-11,2025-04-22T20:21:15,2025-04-23T00:37:17,323,false_positive
INV-02907,A-03974,ORG-005,ANALYST-03,2025-02-25T08:50:52,2025-02-25T11:44:42,333,open
INV-02908,A-03975,ORG-005,ANALYST-12,2025-06-12T22:03:52,2025-06-13T01:41:23,203,escalated
INV-02909,A-03976,ORG-005,ANALYST-12,2025-05-24T14:24:12,2025-05-24T15:32:17,275,resolved
INV-02910,A-03979,ORG-005,ANALYST-08,2025-05-18T00:47:56,2025-05-18T03:54:49,483,escalated
INV-02911,A-03982,ORG-005,ANALYST-17,2025-02-23T08:26:14,2025-02-23T16:07:14,208,escalated
INV-02912,A-03984,ORG-005,ANALYST-20,2025-04-22T04:37:54,2025-04-22T06:42:47,770,resolved
INV-02913,A-03985,ORG-005,ANALYST-20,2025-04-08T17:30:52,2025-04-08T21:11:16,661,open
INV-02914,A-03986,ORG-005,ANALYST-12,2025-03-12T17:50:39,2025-03-12T19:09:02,791,escalated
INV-02915,A-03987,ORG-005,ANALYST-10,2025-01-23T20:49:23,2025-01-23T23:21:08,389,false_positive
INV-02916,A-03988,ORG-005,ANALYST-03,2025-05-31T01:43:10,2025-05-31T04:11:22,425,resolved
INV-02917,A-03989,ORG-005,ANALYST-20,2025-05-26T14:24:01,2025-05-26T17:52:08,201,escalated
INV-02918,A-03990,ORG-005,ANALYST-04,2025-01-14T23:41:04,2025-01-15T01:34:10,773,resolved
INV-02919,A-03991,ORG-005,ANALYST-16,2025-02-12T07:26:30,2025-02-12T08:24:48,64,resolved
INV-02920,A-03992,ORG-005,ANALYST-07,2025-01-04T21:46:50,2025-01-05T01:47:00,194,resolved
INV-02921,A-03993,ORG-005,ANALYST-05,2025-06-20T10:42:33,2025-06-20T15:19:57,101,open
INV-02922,A-03994,ORG-005,ANALYST-08,2025-04-06T11:38:02,2025-04-06T19:20:06,325,escalated
INV-02923,A-03995,ORG-005,ANALYST-14,2025-05-17T02:48:07,2025-05-17T08:57:39,379,resolved
INV-02924,A-03996,ORG-005,ANALYST-08,2025-01-22T00:25:24,2025-01-22T05:53:13,699,false_positive
INV-02925,A-03997,ORG-005,ANALYST-14,2025-03-19T15:18:47,2025-03-19T16:43:43,280,resolved
INV-02926,A-03998,ORG-005,ANALYST-16,2025-06-30T11:01:16,2025-06-30T16:28:01,150,resolved
INV-02927,A-03999,ORG-005,ANALYST-03,2025-05-06T21:43:14,2025-05-07T00:17:35,398,escalated
INV-02928,A-04000,ORG-005,ANALYST-12,2025-06-11T14:57:58,2025-06-11T18:55:12,231,resolved
INV-02929,A-04001,ORG-005,ANALYST-19,2025-04-13T17:12:26,2025-04-14T00:43:33,282,false_positive
INV-02930,A-04002,ORG-005,ANALYST-04,2025-06-20T11:26:32,2025-06-20T15:08:14,425,resolved
INV-02931,A-04003,ORG-005,ANALYST-20,2025-06-19T20:55:03,2025-06-19T22:17:14,458,resolved
INV-02932,A-04004,ORG-005,ANALYST-15,2025-03-16T12:45:17,2025-03-16T18:19:05,212,resolved
INV-02933,A-04005,ORG-005,ANALYST-06,2025-04-07T20:20:36,2025-04-08T00:20:45,433,resolved
INV-02934,A-04006,ORG-005,ANALYST-07,2025-05-26T01:58:21,2025-05-26T09:23:13,731,resolved
INV-02935,A-04008,ORG-005,ANALYST-09,2025-01-23T10:00:34,2025-01-23T16:30:53,503,open
INV-02936,A-04009,ORG-005,ANALYST-01,2025-05-04T00:39:10,2025-05-04T03:40:57,394,false_positive
INV-02937,A-04010,ORG-005,ANALYST-14,2025-05-10T04:33:51,2025-05-10T07:08:39,790,resolved
INV-02938,A-04012,ORG-006,ANALYST-10,2025-02-20T21:51:52,2025-02-20T23:04:19,433,escalated
INV-02939,A-04014,ORG-006,ANALYST-04,2025-01-02T17:38:14,2025-01-02T21:11:09,506,resolved
INV-02940,A-04017,ORG-006,ANALYST-20,2025-03-09T19:02:31,2025-03-10T02:54:30,247,open
INV-02941,A-04019,ORG-006,ANALYST-14,2025-06-25T00:48:18,2025-06-25T08:01:08,426,resolved
INV-02942,A-04020,ORG-006,ANALYST-01,2025-06-19T06:12:47,2025-06-19T07:49:58,268,resolved
INV-02943,A-04022,ORG-006,ANALYST-08,2025-01-05T18:52:09,2025-01-05T22:11:07,702,resolved
INV-02944,A-04023,ORG-006,ANALYST-14,2025-05-15T11:57:45,2025-05-15T15:51:16,687,resolved
INV-02945,A-04024,ORG-006,ANALYST-07,2025-02-05T02:32:55,2025-02-05T07:22:48,185,open
INV-02946,A-04025,ORG-006,ANALYST-02,2025-05-12T08:43:43,2025-05-12T14:25:32,514,resolved
INV-02947,A-04026,ORG-006,ANALYST-13,2025-05-14T01:39:22,2025-05-14T06:14:12,182,escalated
INV-02948,A-04027,ORG-006,ANALYST-14,2025-03-16T19:38:52,2025-03-17T02:57:40,117,false_positive
INV-02949,A-04028,ORG-006,ANALYST-08,2025-04-02T11:25:57,2025-04-02T13:37:34,319,escalated
INV-02950,A-04029,ORG-006,ANALYST-17,2025-02-18T11:22:13,2025-02-18T12:33:18,234,resolved
INV-02951,A-04032,ORG-006,ANALYST-12,2025-02-14T12:27:19,2025-02-14T15:54:03,313,false_positive
INV-02952,A-04034,ORG-006,ANALYST-01,2025-03-20T06:54:03,2025-03-20T07:34:20,738,false_positive
INV-02953,A-04035,ORG-006,ANALYST-17,2025-01-25T06:23:43,2025-01-25T11:12:32,286,resolved
INV-02954,A-04036,ORG-006,ANALYST-05,2025-02-21T12:07:42,2025-02-21T12:58:18,122,resolved
INV-02955,A-04037,ORG-006,ANALYST-09,2025-06-01T21:30:20,2025-06-01T23:52:24,454,resolved
INV-02956,A-04039,ORG-006,ANALYST-05,2025-01-17T14:41:41,2025-01-17T22:08:26,853,escalated
INV-02957,A-04040,ORG-006,ANALYST-08,2025-02-14T15:16:47,2025-02-14T20:33:18,463,resolved
INV-02958,A-04041,ORG-006,ANALYST-14,2025-02-06T00:30:57,2025-02-06T07:18:01,748,false_positive
INV-02959,A-04042,ORG-006,ANALYST-04,2025-05-04T14:03:29,2025-05-04T19:38:26,821,resolved
INV-02960,A-04043,ORG-006,ANALYST-07,2025-04-14T21:54:42,2025-04-14T23:12:57,657,resolved
INV-02961,A-04044,ORG-006,ANALYST-13,2025-06-27T13:28:44,2025-06-27T18:07:15,193,resolved
INV-02962,A-04045,ORG-006,ANALYST-11,2025-06-27T09:01:32,2025-06-27T09:33:36,281,resolved
INV-02963,A-04046,ORG-006,ANALYST-11,2025-04-29T11:58:41,2025-04-29T17:23:37,424,resolved
INV-02964,A-04048,ORG-006,ANALYST-19,2025-01-19T19:02:08,2025-01-19T21:48:37,262,resolved
INV-02965,A-04049,ORG-006,ANALYST-10,2025-02-17T05:15:35,2025-02-17T11:30:55,361,resolved
INV-02966,A-04050,ORG-006,ANALYST-13,2025-06-22T17:15:18,2025-06-23T01:11:49,760,resolved
INV-02967,A-04051,ORG-006,ANALYST-10,2025-01-16T01:09:38,2025-01-16T03:59:04,162,resolved
INV-02968,A-04052,ORG-006,ANALYST-10,2025-02-09T05:56:08,2025-02-09T10:29:56,178,resolved
INV-02969,A-04053,ORG-006,ANALYST-05,2025-03-24T17:12:45,2025-03-25T01:01:17,642,resolved
INV-02970,A-04055,ORG-006,ANALYST-16,2025-04-21T13:35:14,2025-04-21T21:07:10,249,resolved
INV-02971,A-04056,ORG-006,ANALYST-08,2025-06-22T12:25:38,2025-06-22T15:08:43,343,escalated
INV-02972,A-04057,ORG-006,ANALYST-16,2025-02-22T23:38:35,2025-02-23T04:15:55,687,false_positive
INV-02973,A-04058,ORG-006,ANALYST-17,2025-02-15T12:26:56,2025-02-15T20:16:23,376,resolved
INV-02974,A-04059,ORG-006,ANALYST-09,2025-05-01T07:41:29,2025-05-01T10:38:12,133,resolved
INV-02975,A-04060,ORG-006,ANALYST-17,2025-01-13T04:24:01,2025-01-13T12:17:29,94,escalated
INV-02976,A-04061,ORG-006,ANALYST-08,2025-06-27T10:59:34,2025-06-27T11:31:24,324,escalated
INV-02977,A-04063,ORG-006,ANALYST-18,2025-02-19T16:41:29,2025-02-19T22:45:08,259,resolved
INV-02978,A-04064,ORG-006,ANALYST-01,2025-05-31T22:32:49,2025-06-01T03:15:24,757,false_positive
INV-02979,A-04065,ORG-006,ANALYST-16,2025-01-25T21:00:18,2025-01-26T03:39:37,555,resolved
INV-02980,A-04066,ORG-006,ANALYST-07,2025-03-12T23:02:24,2025-03-13T02:58:51,332,resolved
INV-02981,A-04067,ORG-006,ANALYST-11,2025-05-27T14:04:32,2025-05-27T15:06:55,261,resolved
INV-02982,A-04068,ORG-006,ANALYST-01,2025-01-23T11:51:12,2025-01-23T19:26:32,482,resolved
INV-02983,A-04069,ORG-006,ANALYST-15,2025-06-17T07:53:32,2025-06-17T09:06:50,637,resolved
INV-02984,A-04070,ORG-006,ANALYST-07,2025-03-31T22:23:35,2025-04-01T01:33:47,217,escalated
INV-02985,A-04071,ORG-006,ANALYST-09,2025-03-29T20:08:46,2025-03-29T23:56:26,301,escalated
INV-02986,A-04072,ORG-006,ANALYST-18,2025-03-23T04:53:28,2025-03-23T10:10:07,411,false_positive
INV-02987,A-04073,ORG-006,ANALYST-04,2025-03-15T09:26:48,2025-03-15T16:33:13,181,resolved
INV-02988,A-04074,ORG-006,ANALYST-10,2025-02-26T05:29:56,2025-02-26T08:01:45,369,resolved
INV-02989,A-04075,ORG-006,ANALYST-02,2025-01-24T13:50:07,2025-01-24T19:54:36,418,resolved
INV-02990,A-04076,ORG-006,ANALYST-06,2025-05-14T14:04:55,2025-05-14T20:49:50,71,escalated
INV-02991,A-04077,ORG-006,ANALYST-02,2025-06-11T13:28:57,2025-06-11T14:15:38,171,resolved
INV-02992,A-04078,ORG-006,ANALYST-13,2025-04-19T05:10:56,2025-04-19T06:12:16,428,resolved
INV-02993,A-04079,ORG-006,ANALYST-04,2025-03-27T23:25:00,2025-03-28T03:17:13,233,resolved
INV-02994,A-04080,ORG-006,ANALYST-07,2025-04-28T20:16:41,2025-04-29T03:05:15,311,escalated
INV-02995,A-04081,ORG-006,ANALYST-05,2025-03-05T19:19:36,2025-03-06T03:11:27,115,false_positive
INV-02996,A-04082,ORG-006,ANALYST-10,2025-04-15T14:59:32,2025-04-15T18:01:15,388,resolved
INV-02997,A-04083,ORG-006,ANALYST-16,2025-02-24T05:22:42,2025-02-24T09:23:59,238,escalated
INV-02998,A-04087,ORG-006,ANALYST-12,2025-02-24T05:42:12,2025-02-24T07:27:24,253,resolved
INV-02999,A-04088,ORG-006,ANALYST-06,2025-01-12T22:07:57,2025-01-13T04:32:30,742,resolved
INV-03000,A-04089,ORG-006,ANALYST-01,2025-02-17T18:18:19,2025-02-17T22:16:50,111,resolved
INV-03001,A-04090,ORG-006,ANALYST-04,2025-03-03T02:55:00,2025-03-03T08:57:45,223,false_positive
INV-03002,A-04091,ORG-006,ANALYST-12,2025-04-04T09:50:32,2025-04-04T14:37:02,115,resolved
INV-03003,A-04092,ORG-006,ANALYST-15,2025-06-05T22:18:59,2025-06-06T02:23:59,413,false_positive
INV-03004,A-04093,ORG-006,ANALYST-03,2025-05-31T07:14:08,2025-05-31T09:57:50,670,escalated
INV-03005,A-04094,ORG-006,ANALYST-08,2025-06-15T07:14:18,2025-06-15T09:51:14,491,resolved
INV-03006,A-04095,ORG-006,ANALYST-20,2025-01-28T18:58:43,2025-01-29T02:56:08,778,resolved
INV-03007,A-04096,ORG-006,ANALYST-13,2025-04-05T12:53:44,2025-04-05T15:26:36,252,resolved
INV-03008,A-04097,ORG-006,ANALYST-15,2025-05-07T05:14:17,2025-05-07T06:43:46,569,resolved
INV-03009,A-04098,ORG-006,ANALYST-06,2025-06-17T20:01:44,2025-06-18T01:08:59,186,resolved
INV-03010,A-04100,ORG-006,ANALYST-02,2025-04-12T23:52:27,2025-04-13T00:43:59,261,escalated
INV-03011,A-04102,ORG-006,ANALYST-05,2025-03-30T15:17:48,2025-03-30T22:07:28,723,resolved
INV-03012,A-04103,ORG-006,ANALYST-08,2025-03-29T05:51:35,2025-03-29T13:40:51,215,resolved
INV-03013,A-04104,ORG-006,ANALYST-09,2025-06-25T17:58:52,2025-06-25T20:55:05,253,resolved
INV-03014,A-04106,ORG-006,ANALYST-03,2025-01-11T07:27:28,2025-01-11T09:54:13,186,resolved
INV-03015,A-04107,ORG-006,ANALYST-07,2025-05-10T20:39:19,2025-05-10T22:26:04,115,escalated
INV-03016,A-04108,ORG-006,ANALYST-02,2025-03-25T12:43:35,2025-03-25T20:30:36,212,escalated
INV-03017,A-04109,ORG-006,ANALYST-02,2025-05-12T05:13:04,2025-05-12T11:51:38,138,false_positive
INV-03018,A-04112,ORG-006,ANALYST-14,2025-05-19T23:06:54,2025-05-20T05:41:54,256,escalated
INV-03019,A-04114,ORG-006,ANALYST-09,2025-06-04T10:39:53,2025-06-04T17:53:27,224,resolved
INV-03020,A-04116,ORG-006,ANALYST-05,2025-03-03T07:01:14,2025-03-03T08:13:52,310,resolved
INV-03021,A-04117,ORG-006,ANALYST-11,2025-04-26T00:28:45,2025-04-26T02:23:41,222,escalated
INV-03022,A-04118,ORG-006,ANALYST-05,2025-02-14T07:29:40,2025-02-14T14:53:52,380,resolved
INV-03023,A-04119,ORG-006,ANALYST-16,2025-02-02T02:18:51,2025-02-02T03:14:58,386,resolved
INV-03024,A-04120,ORG-006,ANALYST-07,2025-01-06T09:19:07,2025-01-06T12:17:25,370,escalated
INV-03025,A-04122,ORG-006,ANALYST-12,2025-02-28T15:09:50,2025-02-28T22:54:54,633,resolved
INV-03026,A-04123,ORG-006,ANALYST-17,2025-01-06T17:56:06,2025-01-06T23:20:44,360,resolved
INV-03027,A-04125,ORG-006,ANALYST-18,2025-03-28T16:22:23,2025-03-28T17:31:15,204,resolved
INV-03028,A-04126,ORG-006,ANALYST-01,2025-05-30T01:30:21,2025-05-30T09:13:41,330,escalated
INV-03029,A-04127,ORG-006,ANALYST-07,2025-05-12T22:16:01,2025-05-12T22:47:57,340,resolved
INV-03030,A-04128,ORG-006,ANALYST-02,2025-03-29T21:16:19,2025-03-30T02:47:52,440,resolved
INV-03031,A-04129,ORG-006,ANALYST-15,2025-01-09T23:33:18,2025-01-10T00:28:57,123,resolved
INV-03032,A-04130,ORG-006,ANALYST-05,2025-04-04T05:56:27,2025-04-04T06:49:04,126,escalated
INV-03033,A-04131,ORG-006,ANALYST-16,2025-05-13T11:17:25,2025-05-13T17:00:58,70,false_positive
INV-03034,A-04132,ORG-006,ANALYST-13,2025-01-14T03:56:41,2025-01-14T11:20:16,350,false_positive
INV-03035,A-04134,ORG-006,ANALYST-16,2025-05-05T02:16:18,2025-05-05T05:16:15,317,open
INV-03036,A-04135,ORG-006,ANALYST-01,2025-03-23T18:05:49,2025-03-24T01:02:04,736,resolved
INV-03037,A-04136,ORG-006,ANALYST-17,2025-05-07T13:45:35,2025-05-07T14:59:18,213,resolved
INV-03038,A-04137,ORG-006,ANALYST-13,2025-06-13T02:26:03,2025-06-13T09:39:17,274,resolved
INV-03039,A-04138,ORG-006,ANALYST-08,2025-03-15T09:27:52,2025-03-15T15:01:38,278,resolved
INV-03040,A-04139,ORG-006,ANALYST-02,2025-01-23T14:52:44,2025-01-23T18:57:36,320,resolved
INV-03041,A-04140,ORG-006,ANALYST-18,2025-04-14T06:55:28,2025-04-14T08:32:13,300,resolved
INV-03042,A-04141,ORG-006,ANALYST-02,2025-04-02T14:36:58,2025-04-02T19:58:05,357,escalated
INV-03043,A-04142,ORG-006,ANALYST-12,2025-05-04T22:36:04,2025-05-05T04:50:01,332,escalated
INV-03044,A-04143,ORG-006,ANALYST-11,2025-05-23T03:19:05,2025-05-23T10:26:47,898,resolved
INV-03045,A-04144,ORG-006,ANALYST-20,2025-06-11T23:49:24,2025-06-12T05:56:54,402,escalated
INV-03046,A-04145,ORG-006,ANALYST-01,2025-03-03T01:59:04,2025-03-03T07:22:54,247,resolved
INV-03047,A-04146,ORG-006,ANALYST-02,2025-04-29T23:16:10,2025-04-30T03:59:01,50,resolved
INV-03048,A-04147,ORG-006,ANALYST-20,2025-02-21T00:21:57,2025-02-21T07:19:06,322,false_positive
INV-03049,A-04148,ORG-006,ANALYST-05,2025-04-13T17:58:32,2025-04-13T22:45:49,899,resolved
INV-03050,A-04150,ORG-006,ANALYST-01,2025-06-28T10:10:29,2025-06-28T16:28:30,187,false_positive
INV-03051,A-04151,ORG-006,ANALYST-10,2025-01-21T22:34:21,2025-01-21T23:15:39,491,escalated
INV-03052,A-04152,ORG-006,ANALYST-15,2025-04-01T05:00:02,2025-04-01T06:42:57,289,escalated
INV-03053,A-04154,ORG-006,ANALYST-07,2025-01-17T15:21:08,2025-01-17T20:15:27,261,escalated
INV-03054,A-04155,ORG-006,ANALYST-14,2025-04-14T19:22:16,2025-04-14T22:21:57,494,resolved
INV-03055,A-04156,ORG-006,ANALYST-10,2025-04-17T18:46:42,2025-04-17T23:31:31,195,resolved
INV-03056,A-04157,ORG-006,ANALYST-16,2025-04-24T08:01:58,2025-04-24T13:00:17,406,escalated
INV-03057,A-04159,ORG-006,ANALYST-20,2025-01-06T23:53:27,2025-01-07T00:32:43,280,escalated
INV-03058,A-04160,ORG-006,ANALYST-20,2025-06-07T13:52:46,2025-06-07T15:16:04,412,false_positive
INV-03059,A-04161,ORG-006,ANALYST-05,2025-02-13T12:25:19,2025-02-13T17:23:38,272,escalated
INV-03060,A-04163,ORG-006,ANALYST-05,2025-02-14T16:56:44,2025-02-14T21:01:39,487,open
INV-03061,A-04164,ORG-006,ANALYST-03,2025-03-26T12:08:04,2025-03-26T17:15:58,264,escalated
INV-03062,A-04165,ORG-006,ANALYST-02,2025-06-03T19:46:22,2025-06-04T01:08:37,539,false_positive
INV-03063,A-04166,ORG-006,ANALYST-02,2025-02-09T20:44:10,2025-02-10T02:02:13,714,resolved
INV-03064,A-04167,ORG-006,ANALYST-04,2025-04-05T18:04:09,2025-04-05T20:56:27,230,resolved
INV-03065,A-04168,ORG-006,ANALYST-10,2025-05-25T19:48:36,2025-05-26T00:00:55,761,resolved
INV-03066,A-04169,ORG-006,ANALYST-06,2025-04-12T14:25:41,2025-04-12T20:44:19,398,false_positive
INV-03067,A-04170,ORG-006,ANALYST-05,2025-01-08T22:11:01,2025-01-09T03:28:23,636,resolved
INV-03068,A-04171,ORG-006,ANALYST-15,2025-04-12T08:40:42,2025-04-12T14:16:45,150,open
INV-03069,A-04172,ORG-006,ANALYST-14,2025-03-27T22:44:04,2025-03-28T03:29:26,529,escalated
INV-03070,A-04174,ORG-006,ANALYST-05,2025-01-15T02:06:07,2025-01-15T08:51:40,894,resolved
INV-03071,A-04175,ORG-006,ANALYST-15,2025-03-05T14:07:52,2025-03-05T21:57:49,516,escalated
INV-03072,A-04176,ORG-006,ANALYST-18,2025-04-14T20:29:11,2025-04-14T23:02:31,435,resolved
INV-03073,A-04177,ORG-006,ANALYST-05,2025-04-28T22:14:57,2025-04-29T05:51:39,231,resolved
INV-03074,A-04178,ORG-006,ANALYST-07,2025-04-15T05:40:40,2025-04-15T12:12:56,275,resolved
INV-03075,A-04179,ORG-006,ANALYST-04,2025-03-10T16:13:26,2025-03-10T19:06:32,285,escalated
INV-03076,A-04180,ORG-006,ANALYST-03,2025-03-31T22:28:00,2025-04-01T05:09:39,894,resolved
INV-03077,A-04181,ORG-006,ANALYST-04,2025-04-12T01:44:11,2025-04-12T02:18:39,317,resolved
INV-03078,A-04182,ORG-006,ANALYST-01,2025-04-08T14:59:34,2025-04-08T20:58:06,263,resolved
INV-03079,A-04183,ORG-006,ANALYST-07,2025-06-26T19:43:06,2025-06-26T20:14:11,209,escalated
INV-03080,A-04184,ORG-006,ANALYST-04,2025-04-21T00:33:52,2025-04-21T03:26:38,409,escalated
INV-03081,A-04185,ORG-006,ANALYST-11,2025-01-31T02:21:05,2025-01-31T05:08:36,164,false_positive
INV-03082,A-04186,ORG-006,ANALYST-14,2025-01-03T20:21:10,2025-01-03T23:46:03,191,open
INV-03083,A-04187,ORG-006,ANALYST-18,2025-04-16T14:46:16,2025-04-16T20:03:21,361,resolved
INV-03084,A-04188,ORG-006,ANALYST-16,2025-03-30T15:23:23,2025-03-30T20:39:29,894,resolved
INV-03085,A-04189,ORG-006,ANALYST-14,2025-01-03T01:36:55,2025-01-03T02:41:03,834,escalated
INV-03086,A-04190,ORG-006,ANALYST-12,2025-03-18T02:19:21,2025-03-18T03:27:05,456,resolved
INV-03087,A-04191,ORG-006,ANALYST-06,2025-06-12T19:57:38,2025-06-13T02:06:02,455,resolved
INV-03088,A-04192,ORG-006,ANALYST-10,2025-03-21T13:16:32,2025-03-21T15:56:21,199,resolved
INV-03089,A-04193,ORG-006,ANALYST-09,2025-06-24T00:25:51,2025-06-24T06:48:01,511,resolved
INV-03090,A-04194,ORG-006,ANALYST-08,2025-04-08T22:21:42,2025-04-09T03:33:12,448,resolved
INV-03091,A-04196,ORG-006,ANALYST-20,2025-04-25T03:08:55,2025-04-25T08:58:30,308,open
INV-03092,A-04197,ORG-006,ANALYST-06,2025-03-25T08:25:23,2025-03-25T14:55:05,216,resolved
INV-03093,A-04198,ORG-006,ANALYST-03,2025-05-13T12:46:59,2025-05-13T18:12:39,136,resolved
INV-03094,A-04199,ORG-006,ANALYST-18,2025-04-10T18:46:27,2025-04-10T22:00:45,745,resolved
INV-03095,A-04202,ORG-006,ANALYST-03,2025-05-09T16:58:31,2025-05-09T17:39:48,195,false_positive
INV-03096,A-04203,ORG-006,ANALYST-20,2025-05-10T03:32:47,2025-05-10T05:22:59,311,resolved
INV-03097,A-04204,ORG-006,ANALYST-09,2025-03-24T00:24:43,2025-03-24T05:53:34,317,false_positive
INV-03098,A-04205,ORG-006,ANALYST-13,2025-05-08T00:22:19,2025-05-08T02:47:35,406,resolved
INV-03099,A-04206,ORG-006,ANALYST-05,2025-04-22T05:33:10,2025-04-22T10:08:05,565,escalated
INV-03100,A-04207,ORG-006,ANALYST-16,2025-04-05T04:56:54,2025-04-05T09:48:36,475,resolved
INV-03101,A-04208,ORG-006,ANALYST-20,2025-02-11T10:07:03,2025-02-11T15:30:06,280,false_positive
INV-03102,A-04209,ORG-006,ANALYST-03,2025-05-05T14:41:17,2025-05-05T21:19:50,179,resolved
INV-03103,A-04210,ORG-006,ANALYST-19,2025-01-30T23:12:44,2025-01-31T06:49:15,344,false_positive
INV-03104,A-04211,ORG-006,ANALYST-17,2025-03-26T04:12:43,2025-03-26T06:24:58,671,resolved
INV-03105,A-04212,ORG-006,ANALYST-12,2025-04-09T21:40:07,2025-04-10T03:05:21,205,escalated
INV-03106,A-04213,ORG-006,ANALYST-16,2025-04-13T00:55:19,2025-04-13T06:03:55,78,resolved
INV-03107,A-04214,ORG-006,ANALYST-10,2025-05-05T12:55:27,2025-05-05T15:35:47,635,escalated
INV-03108,A-04215,ORG-006,ANALYST-10,2025-02-26T01:15:55,2025-02-26T02:50:30,290,resolved
INV-03109,A-04216,ORG-006,ANALYST-04,2025-04-04T17:45:21,2025-04-05T00:09:39,247,resolved
INV-03110,A-04217,ORG-006,ANALYST-19,2025-06-16T04:41:40,2025-06-16T08:09:32,536,resolved
INV-03111,A-04218,ORG-006,ANALYST-15,2025-01-30T14:27:31,2025-01-30T20:33:08,336,escalated
INV-03112,A-04220,ORG-006,ANALYST-17,2025-01-11T00:39:38,2025-01-11T06:33:33,134,escalated
INV-03113,A-04222,ORG-006,ANALYST-19,2025-03-01T11:29:37,2025-03-01T16:50:49,104,escalated
INV-03114,A-04223,ORG-006,ANALYST-13,2025-05-17T04:54:53,2025-05-17T09:35:46,494,open
INV-03115,A-04224,ORG-006,ANALYST-03,2025-06-03T08:33:20,2025-06-03T10:32:06,455,resolved
INV-03116,A-04225,ORG-006,ANALYST-14,2025-06-16T22:12:44,2025-06-16T23:56:00,270,resolved
INV-03117,A-04227,ORG-006,ANALYST-06,2025-04-22T11:24:52,2025-04-22T12:46:14,156,resolved
INV-03118,A-04228,ORG-006,ANALYST-19,2025-01-22T06:09:19,2025-01-22T09:49:40,257,resolved
INV-03119,A-04229,ORG-006,ANALYST-17,2025-04-24T08:50:19,2025-04-24T12:42:15,128,open
INV-03120,A-04230,ORG-006,ANALYST-15,2025-06-28T02:48:23,2025-06-28T10:41:16,456,escalated
INV-03121,A-04231,ORG-006,ANALYST-02,2025-06-09T15:26:22,2025-06-09T22:19:06,337,resolved
INV-03122,A-04232,ORG-006,ANALYST-16,2025-05-25T11:22:20,2025-05-25T11:53:54,149,resolved
INV-03123,A-04233,ORG-006,ANALYST-07,2025-03-22T18:09:39,2025-03-22T22:04:38,431,escalated
INV-03124,A-04234,ORG-006,ANALYST-05,2025-04-17T07:28:02,2025-04-17T10:58:40,148,resolved
INV-03125,A-04236,ORG-006,ANALYST-10,2025-06-29T06:48:10,2025-06-29T13:56:57,374,resolved
INV-03126,A-04237,ORG-006,ANALYST-05,2025-06-09T17:41:46,2025-06-09T22:28:46,186,resolved
INV-03127,A-04238,ORG-006,ANALYST-04,2025-06-08T00:07:28,2025-06-08T01:19:26,107,escalated
INV-03128,A-04240,ORG-006,ANALYST-08,2025-05-27T04:24:06,2025-05-27T10:57:04,474,resolved
INV-03129,A-04241,ORG-006,ANALYST-07,2025-01-13T09:43:45,2025-01-13T12:36:05,413,resolved
INV-03130,A-04242,ORG-006,ANALYST-12,2025-04-19T22:04:19,2025-04-20T05:05:39,350,escalated
INV-03131,A-04244,ORG-006,ANALYST-15,2025-04-23T07:14:55,2025-04-23T10:02:28,559,resolved
INV-03132,A-04245,ORG-006,ANALYST-20,2025-03-18T03:52:03,2025-03-18T09:47:08,219,escalated
INV-03133,A-04246,ORG-006,ANALYST-06,2025-05-26T10:15:16,2025-05-26T13:23:21,60,resolved
INV-03134,A-04247,ORG-006,ANALYST-16,2025-01-21T11:38:09,2025-01-21T17:16:00,283,escalated
INV-03135,A-04248,ORG-006,ANALYST-05,2025-05-11T11:40:43,2025-05-11T18:43:14,230,open
INV-03136,A-04250,ORG-006,ANALYST-20,2025-02-25T20:58:42,2025-02-25T23:51:22,179,resolved
INV-03137,A-04251,ORG-006,ANALYST-05,2025-05-17T10:18:05,2025-05-17T12:32:13,638,resolved
INV-03138,A-04252,ORG-006,ANALYST-19,2025-02-15T21:43:05,2025-02-16T02:39:45,149,escalated
INV-03139,A-04253,ORG-006,ANALYST-06,2025-03-16T00:14:53,2025-03-16T04:29:15,401,resolved
INV-03140,A-04254,ORG-006,ANALYST-20,2025-04-05T22:48:05,2025-04-06T04:11:33,332,resolved
INV-03141,A-04255,ORG-006,ANALYST-02,2025-01-01T19:17:16,2025-01-02T00:01:11,235,resolved
INV-03142,A-04256,ORG-006,ANALYST-06,2025-05-21T05:35:11,2025-05-21T12:40:36,681,resolved
INV-03143,A-04257,ORG-006,ANALYST-18,2025-01-29T09:20:30,2025-01-29T15:55:35,835,resolved
INV-03144,A-04258,ORG-006,ANALYST-03,2025-05-15T07:43:18,2025-05-15T09:38:36,243,resolved
INV-03145,A-04259,ORG-006,ANALYST-03,2025-06-16T00:02:54,2025-06-16T07:42:21,451,resolved
INV-03146,A-04260,ORG-006,ANALYST-19,2025-03-16T17:30:18,2025-03-17T01:01:35,478,false_positive
INV-03147,A-04261,ORG-006,ANALYST-19,2025-01-15T11:40:24,2025-01-15T13:51:43,179,resolved
INV-03148,A-04262,ORG-006,ANALYST-08,2025-05-10T05:53:23,2025-05-10T11:37:33,536,resolved
INV-03149,A-04263,ORG-006,ANALYST-18,2025-03-31T04:31:58,2025-03-31T08:08:44,472,false_positive
INV-03150,A-04265,ORG-006,ANALYST-09,2025-01-05T05:07:27,2025-01-05T10:53:49,274,resolved
INV-03151,A-04266,ORG-006,ANALYST-08,2025-02-06T01:16:16,2025-02-06T02:56:46,366,escalated
INV-03152,A-04267,ORG-006,ANALYST-10,2025-04-19T07:56:03,2025-04-19T13:00:43,653,escalated
INV-03153,A-04268,ORG-006,ANALYST-12,2025-05-01T09:38:49,2025-05-01T16:52:55,430,resolved
INV-03154,A-04269,ORG-006,ANALYST-01,2025-04-21T23:36:24,2025-04-22T04:16:34,482,resolved
INV-03155,A-04270,ORG-006,ANALYST-04,2025-06-05T17:51:40,2025-06-06T00:03:29,156,escalated
INV-03156,A-04271,ORG-006,ANALYST-14,2025-03-21T17:28:00,2025-03-21T19:16:00,218,resolved
INV-03157,A-04273,ORG-006,ANALYST-09,2025-02-28T17:30:45,2025-02-28T21:52:28,187,false_positive
INV-03158,A-04274,ORG-006,ANALYST-08,2025-01-31T07:51:52,2025-01-31T14:58:36,323,open
INV-03159,A-04276,ORG-006,ANALYST-04,2025-01-30T01:05:10,2025-01-30T08:49:16,224,escalated
INV-03160,A-04277,ORG-006,ANALYST-08,2025-06-26T22:03:45,2025-06-27T01:53:10,259,escalated
INV-03161,A-04278,ORG-006,ANALYST-14,2025-03-28T08:28:19,2025-03-28T09:32:02,324,escalated
INV-03162,A-04280,ORG-006,ANALYST-02,2025-04-12T22:26:56,2025-04-12T23:34:43,155,resolved
INV-03163,A-04281,ORG-006,ANALYST-05,2025-01-02T22:16:25,2025-01-03T01:28:47,76,resolved
INV-03164,A-04282,ORG-006,ANALYST-02,2025-01-04T22:51:16,2025-01-04T23:59:15,243,resolved
INV-03165,A-04283,ORG-006,ANALYST-19,2025-06-28T04:14:18,2025-06-28T07:18:58,407,resolved
INV-03166,A-04284,ORG-006,ANALYST-09,2025-01-17T17:10:14,2025-01-17T18:02:08,391,resolved
INV-03167,A-04285,ORG-006,ANALYST-02,2025-05-22T11:06:51,2025-05-22T14:29:41,646,resolved
INV-03168,A-04286,ORG-006,ANALYST-03,2025-02-21T22:47:21,2025-02-22T02:26:04,270,resolved
INV-03169,A-04287,ORG-006,ANALYST-03,2025-06-30T23:36:24,,600,escalated
INV-03170,A-04288,ORG-006,ANALYST-04,2025-06-26T07:23:40,2025-06-26T12:10:49,442,resolved
INV-03171,A-04290,ORG-006,ANALYST-07,2025-02-11T20:24:16,2025-02-12T01:25:34,761,false_positive
INV-03172,A-04291,ORG-006,ANALYST-17,2025-03-04T07:40:14,2025-03-04T13:09:56,697,escalated
INV-03173,A-04292,ORG-006,ANALYST-19,2025-02-15T17:25:26,2025-02-15T18:03:35,423,escalated
INV-03174,A-04293,ORG-006,ANALYST-20,2025-06-12T14:31:49,2025-06-12T22:24:54,875,escalated
INV-03175,A-04294,ORG-006,ANALYST-10,2025-06-14T05:56:48,2025-06-14T10:31:10,475,resolved
INV-03176,A-04295,ORG-006,ANALYST-11,2025-01-30T04:11:49,2025-01-30T07:24:29,260,resolved
INV-03177,A-04298,ORG-006,ANALYST-16,2025-01-29T23:10:23,2025-01-30T03:33:04,341,resolved
INV-03178,A-04299,ORG-006,ANALYST-05,2025-04-09T13:45:43,2025-04-09T18:54:36,228,open
INV-03179,A-04300,ORG-006,ANALYST-12,2025-01-17T07:34:54,2025-01-17T08:57:55,332,resolved
INV-03180,A-04302,ORG-006,ANALYST-04,2025-06-10T12:19:31,2025-06-10T19:30:06,393,resolved
INV-03181,A-04304,ORG-006,ANALYST-19,2025-02-22T17:20:55,2025-02-22T18:05:38,96,escalated
INV-03182,A-04305,ORG-006,ANALYST-08,2025-02-12T02:51:08,2025-02-12T07:09:06,277,false_positive
INV-03183,A-04306,ORG-006,ANALYST-14,2025-03-18T01:52:55,2025-03-18T06:52:17,104,escalated
INV-03184,A-04307,ORG-006,ANALYST-20,2025-05-06T23:06:30,2025-05-07T05:47:12,304,resolved
INV-03185,A-04309,ORG-006,ANALYST-03,2025-06-05T11:46:30,2025-06-05T14:53:44,266,resolved
INV-03186,A-04310,ORG-006,ANALYST-20,2025-05-16T21:56:17,2025-05-17T03:45:25,223,resolved
INV-03187,A-04311,ORG-006,ANALYST-09,2025-06-20T11:14:05,2025-06-20T16:29:05,412,resolved
INV-03188,A-04313,ORG-006,ANALYST-11,2025-05-10T17:34:40,2025-05-10T22:34:17,383,escalated
INV-03189,A-04314,ORG-006,ANALYST-18,2025-05-01T15:43:44,2025-05-01T18:29:03,301,resolved
INV-03190,A-04315,ORG-006,ANALYST-16,2025-02-26T14:36:15,2025-02-26T18:42:19,626,false_positive
INV-03191,A-04316,ORG-006,ANALYST-16,2025-02-20T08:34:18,2025-02-20T10:18:55,251,resolved
INV-03192,A-04319,ORG-006,ANALYST-15,2025-01-02T21:09:11,2025-01-03T02:54:11,605,resolved
INV-03193,A-04320,ORG-006,ANALYST-10,2025-01-17T11:09:05,2025-01-17T14:01:28,452,false_positive
INV-03194,A-04322,ORG-006,ANALYST-11,2025-06-13T03:37:37,2025-06-13T04:17:48,525,escalated
INV-03195,A-04323,ORG-006,ANALYST-14,2025-05-25T20:35:54,2025-05-26T04:20:11,614,escalated
INV-03196,A-04324,ORG-006,ANALYST-20,2025-03-16T11:10:43,2025-03-16T13:57:20,394,false_positive
INV-03197,A-04326,ORG-006,ANALYST-10,2025-04-16T03:43:24,2025-04-16T04:59:24,255,resolved
INV-03198,A-04328,ORG-006,ANALYST-08,2025-06-14T07:23:50,2025-06-14T10:59:13,498,escalated
INV-03199,A-04329,ORG-006,ANALYST-06,2025-01-21T11:01:22,2025-01-21T13:50:35,196,resolved
INV-03200,A-04331,ORG-006,ANALYST-14,2025-03-03T15:49:35,2025-03-03T17:20:24,351,resolved
INV-03201,A-04332,ORG-006,ANALYST-17,2025-01-18T07:07:52,2025-01-18T10:31:10,276,escalated
INV-03202,A-04333,ORG-006,ANALYST-05,2025-05-23T19:22:37,2025-05-24T00:54:16,840,resolved
INV-03203,A-04334,ORG-006,ANALYST-01,2025-05-09T02:19:00,2025-05-09T05:52:54,452,resolved
INV-03204,A-04335,ORG-006,ANALYST-01,2025-05-26T00:53:54,2025-05-26T06:53:02,715,resolved
INV-03205,A-04336,ORG-006,ANALYST-06,2025-04-28T13:16:21,2025-04-28T15:49:18,749,escalated
INV-03206,A-04338,ORG-006,ANALYST-01,2025-02-26T16:56:45,2025-02-26T21:18:45,327,resolved
INV-03207,A-04339,ORG-006,ANALYST-05,2025-06-07T06:52:04,2025-06-07T12:10:19,408,open
INV-03208,A-04340,ORG-006,ANALYST-17,2025-04-09T17:39:13,2025-04-09T23:15:05,290,resolved
INV-03209,A-04342,ORG-006,ANALYST-15,2025-03-11T04:47:00,2025-03-11T05:47:18,770,resolved
INV-03210,A-04343,ORG-006,ANALYST-13,2025-02-07T01:02:37,2025-02-07T07:17:55,311,escalated
INV-03211,A-04345,ORG-006,ANALYST-14,2025-03-26T10:44:37,2025-03-26T15:13:07,462,resolved
INV-03212,A-04347,ORG-006,ANALYST-15,2025-03-08T10:50:39,2025-03-08T17:40:25,550,escalated
INV-03213,A-04348,ORG-006,ANALYST-03,2025-01-06T18:43:33,2025-01-07T02:11:49,859,resolved
INV-03214,A-04349,ORG-006,ANALYST-20,2025-05-12T12:26:41,2025-05-12T15:56:56,435,false_positive
INV-03215,A-04350,ORG-006,ANALYST-11,2025-06-06T20:01:13,2025-06-07T00:00:04,446,resolved
INV-03216,A-04352,ORG-006,ANALYST-14,2025-05-06T19:19:08,2025-05-07T03:04:44,600,resolved
INV-03217,A-04353,ORG-006,ANALYST-09,2025-03-30T06:47:41,2025-03-30T13:25:53,194,resolved
INV-03218,A-04354,ORG-006,ANALYST-08,2025-04-28T13:33:47,2025-04-28T17:03:35,304,escalated
INV-03219,A-04355,ORG-006,ANALYST-09,2025-06-16T05:44:44,2025-06-16T09:15:52,516,resolved
INV-03220,A-04356,ORG-006,ANALYST-15,2025-05-09T13:51:21,2025-05-09T20:59:14,297,escalated
INV-03221,A-04357,ORG-006,ANALYST-05,2025-02-22T23:53:35,2025-02-23T06:58:16,781,resolved
INV-03222,A-04358,ORG-006,ANALYST-05,2025-05-07T13:06:40,2025-05-07T13:50:07,398,escalated
INV-03223,A-04359,ORG-006,ANALYST-09,2025-03-03T18:35:07,2025-03-04T02:23:43,65,resolved
INV-03224,A-04360,ORG-006,ANALYST-17,2025-05-29T13:38:00,2025-05-29T18:49:33,297,escalated
INV-03225,A-04361,ORG-006,ANALYST-07,2025-05-01T20:04:34,2025-05-02T00:13:19,230,false_positive
INV-03226,A-04362,ORG-006,ANALYST-07,2025-01-21T05:28:41,2025-01-21T10:07:46,671,escalated
INV-03227,A-04363,ORG-006,ANALYST-16,2025-01-31T12:08:57,2025-01-31T16:05:26,267,resolved
INV-03228,A-04364,ORG-006,ANALYST-04,2025-05-05T08:28:40,2025-05-05T15:15:57,657,resolved
INV-03229,A-04365,ORG-006,ANALYST-17,2025-05-12T02:04:06,2025-05-12T07:32:02,621,resolved
INV-03230,A-04366,ORG-006,ANALYST-06,2025-03-02T17:09:01,2025-03-02T23:23:04,378,resolved
INV-03231,A-04367,ORG-006,ANALYST-03,2025-01-09T09:40:06,2025-01-09T14:12:06,213,resolved
INV-03232,A-04368,ORG-006,ANALYST-07,2025-03-06T23:47:11,2025-03-07T01:51:24,503,open
INV-03233,A-04369,ORG-006,ANALYST-09,2025-05-28T08:52:47,2025-05-28T11:33:24,274,resolved
INV-03234,A-04371,ORG-006,ANALYST-03,2025-01-13T23:19:20,2025-01-14T02:51:19,163,resolved
INV-03235,A-04372,ORG-006,ANALYST-20,2025-03-26T12:21:21,2025-03-26T18:55:52,452,false_positive
INV-03236,A-04373,ORG-006,ANALYST-12,2025-02-08T05:00:11,2025-02-08T06:58:18,510,open
INV-03237,A-04375,ORG-006,ANALYST-10,2025-03-20T11:18:50,2025-03-20T12:26:31,843,resolved
INV-03238,A-04376,ORG-006,ANALYST-16,2025-04-02T15:26:16,2025-04-02T23:15:44,100,resolved
INV-03239,A-04377,ORG-006,ANALYST-07,2025-02-08T03:37:32,2025-02-08T11:25:19,268,resolved
INV-03240,A-04378,ORG-006,ANALYST-08,2025-03-19T00:14:38,2025-03-19T06:59:31,161,resolved
INV-03241,A-04380,ORG-006,ANALYST-15,2025-06-30T21:51:43,,447,resolved
INV-03242,A-04381,ORG-006,ANALYST-05,2025-01-28T10:13:54,2025-01-28T16:16:56,487,resolved
INV-03243,A-04382,ORG-006,ANALYST-02,2025-02-11T09:15:31,2025-02-11T12:51:51,691,escalated
INV-03244,A-04383,ORG-006,ANALYST-05,2025-02-10T05:37:09,2025-02-10T06:58:42,268,resolved
INV-03245,A-04384,ORG-006,ANALYST-12,2025-06-28T00:36:19,2025-06-28T08:12:50,209,resolved
INV-03246,A-04386,ORG-006,ANALYST-09,2025-03-02T08:01:42,2025-03-02T14:44:14,315,resolved
INV-03247,A-04387,ORG-006,ANALYST-01,2025-06-18T19:56:09,2025-06-19T00:13:29,283,resolved
INV-03248,A-04388,ORG-006,ANALYST-20,2025-06-26T18:40:54,2025-06-27T00:49:12,166,resolved
INV-03249,A-04389,ORG-006,ANALYST-02,2025-04-26T22:01:27,2025-04-27T05:47:59,248,resolved
INV-03250,A-04391,ORG-006,ANALYST-03,2025-06-02T18:36:27,2025-06-02T19:21:21,610,false_positive
INV-03251,A-04392,ORG-006,ANALYST-20,2025-03-22T21:50:29,2025-03-23T00:15:17,126,resolved
INV-03252,A-04393,ORG-006,ANALYST-14,2025-04-06T17:15:59,2025-04-06T23:04:35,284,false_positive
INV-03253,A-04394,ORG-006,ANALYST-14,2025-03-11T19:51:37,2025-03-11T23:29:25,481,resolved
INV-03254,A-04395,ORG-006,ANALYST-18,2025-05-25T05:42:45,2025-05-25T13:40:39,54,false_positive
INV-03255,A-04396,ORG-006,ANALYST-11,2025-03-22T02:29:21,2025-03-22T05:59:49,282,open
INV-03256,A-04397,ORG-006,ANALYST-15,2025-05-20T09:26:05,2025-05-20T16:53:45,487,escalated
INV-03257,A-04398,ORG-006,ANALYST-01,2025-04-20T23:18:51,2025-04-21T00:42:27,420,resolved
INV-03258,A-04399,ORG-006,ANALYST-05,2025-03-27T16:38:13,2025-03-27T20:24:58,137,open
INV-03259,A-04401,ORG-006,ANALYST-18,2025-04-10T23:51:07,2025-04-11T03:19:27,424,resolved
INV-03260,A-04402,ORG-006,ANALYST-15,2025-04-16T17:02:18,2025-04-16T19:29:21,732,resolved
INV-03261,A-04403,ORG-006,ANALYST-02,2025-05-05T19:10:32,2025-05-06T01:58:24,333,resolved
INV-03262,A-04404,ORG-006,ANALYST-04,2025-02-19T20:24:33,2025-02-20T03:12:07,240,resolved
INV-03263,A-04405,ORG-006,ANALYST-02,2025-06-13T23:58:06,2025-06-14T00:29:23,241,resolved
INV-03264,A-04406,ORG-006,ANALYST-17,2025-06-15T06:01:27,2025-06-15T08:48:26,153,resolved
INV-03265,A-04408,ORG-006,ANALYST-19,2025-01-16T05:51:32,2025-01-16T12:23:42,735,resolved
INV-03266,A-04409,ORG-006,ANALYST-04,2025-02-19T18:00:12,2025-02-19T19:30:03,348,false_positive
INV-03267,A-04410,ORG-006,ANALYST-05,2025-01-08T09:48:46,2025-01-08T17:12:15,671,false_positive
INV-03268,A-04411,ORG-006,ANALYST-06,2025-06-28T01:26:00,2025-06-28T02:31:06,463,resolved
INV-03269,A-04412,ORG-006,ANALYST-13,2025-04-23T15:27:34,2025-04-23T21:39:15,725,false_positive
INV-03270,A-04413,ORG-006,ANALYST-10,2025-04-09T02:27:32,2025-04-09T05:45:21,150,false_positive
INV-03271,A-04414,ORG-006,ANALYST-17,2025-05-09T16:53:00,2025-05-09T19:12:04,835,escalated
INV-03272,A-04415,ORG-006,ANALYST-08,2025-02-01T12:14:36,2025-02-01T17:41:22,151,resolved
INV-03273,A-04416,ORG-006,ANALYST-04,2025-05-17T01:12:19,2025-05-17T04:18:53,231,false_positive
INV-03274,A-04417,ORG-006,ANALYST-03,2025-06-25T22:23:20,2025-06-26T05:42:42,145,resolved
INV-03275,A-04418,ORG-006,ANALYST-11,2025-03-13T12:34:19,2025-03-13T15:19:06,171,resolved
INV-03276,A-04419,ORG-006,ANALYST-06,2025-02-21T11:42:02,2025-02-21T18:17:56,830,resolved
INV-03277,A-04420,ORG-006,ANALYST-08,2025-02-03T11:47:46,2025-02-03T18:14:48,468,resolved
INV-03278,A-04422,ORG-006,ANALYST-05,2025-01-27T16:29:42,2025-01-27T17:32:43,121,false_positive
INV-03279,A-04423,ORG-006,ANALYST-03,2025-02-24T18:20:31,2025-02-24T20:31:30,538,resolved
INV-03280,A-04424,ORG-006,ANALYST-05,2025-03-14T05:24:04,2025-03-14T07:09:29,278,resolved
INV-03281,A-04425,ORG-006,ANALYST-16,2025-01-11T09:19:38,2025-01-11T15:29:50,206,resolved
INV-03282,A-04426,ORG-006,ANALYST-10,2025-03-10T08:25:54,2025-03-10T14:49:46,69,resolved
INV-03283,A-04427,ORG-006,ANALYST-06,2025-06-02T18:08:23,2025-06-02T22:45:04,229,resolved
INV-03284,A-04428,ORG-006,ANALYST-10,2025-01-06T03:09:53,2025-01-06T09:16:16,691,resolved
INV-03285,A-04429,ORG-006,ANALYST-01,2025-01-19T15:11:11,2025-01-19T20:05:17,474,resolved
INV-03286,A-04430,ORG-006,ANALYST-18,2025-02-13T09:54:50,2025-02-13T12:19:38,267,false_positive
INV-03287,A-04432,ORG-006,ANALYST-17,2025-04-05T12:13:37,2025-04-05T18:13:16,467,resolved
INV-03288,A-04434,ORG-006,ANALYST-01,2025-01-23T21:47:24,2025-01-24T01:56:12,436,resolved
INV-03289,A-04436,ORG-006,ANALYST-12,2025-06-07T20:56:26,2025-06-08T01:57:47,271,resolved
INV-03290,A-04437,ORG-006,ANALYST-17,2025-05-02T22:15:46,2025-05-03T03:17:35,444,escalated
INV-03291,A-04438,ORG-006,ANALYST-08,2025-04-09T21:20:29,2025-04-10T00:38:03,632,escalated
INV-03292,A-04440,ORG-006,ANALYST-10,2025-02-02T21:44:47,2025-02-03T00:15:04,706,resolved
INV-03293,A-04441,ORG-006,ANALYST-08,2025-05-17T00:41:25,2025-05-17T07:29:07,428,escalated
INV-03294,A-04442,ORG-006,ANALYST-07,2025-03-03T17:48:29,2025-03-03T19:24:30,252,resolved
INV-03295,A-04443,ORG-006,ANALYST-01,2025-05-09T15:37:46,2025-05-09T23:28:34,235,resolved
INV-03296,A-04444,ORG-006,ANALYST-07,2025-01-11T19:26:28,2025-01-11T23:00:43,277,open
INV-03297,A-04445,ORG-006,ANALYST-06,2025-02-03T10:39:00,2025-02-03T16:57:36,747,resolved
INV-03298,A-04446,ORG-006,ANALYST-16,2025-05-06T13:19:37,2025-05-06T14:46:44,660,resolved
INV-03299,A-04447,ORG-006,ANALYST-07,2025-03-01T23:07:03,2025-03-02T02:04:19,698,resolved
INV-03300,A-04448,ORG-006,ANALYST-13,2025-02-23T12:01:36,2025-02-23T17:43:21,292,resolved
INV-03301,A-04449,ORG-006,ANALYST-20,2025-05-21T16:59:57,2025-05-21T17:55:40,155,resolved
INV-03302,A-04451,ORG-006,ANALYST-14,2025-06-03T09:31:46,2025-06-03T10:02:21,472,resolved
INV-03303,A-04453,ORG-006,ANALYST-04,2025-02-12T06:37:26,2025-02-12T07:46:51,207,false_positive
INV-03304,A-04454,ORG-006,ANALYST-14,2025-04-06T12:53:28,2025-04-06T13:55:24,397,resolved
INV-03305,A-04455,ORG-006,ANALYST-19,2025-04-28T02:40:44,2025-04-28T04:48:23,154,resolved
INV-03306,A-04456,ORG-006,ANALYST-02,2025-05-12T20:09:19,2025-05-12T22:17:20,687,false_positive
INV-03307,A-04457,ORG-006,ANALYST-20,2025-02-02T18:57:45,2025-02-02T21:46:21,405,false_positive
INV-03308,A-04458,ORG-006,ANALYST-02,2025-04-05T15:22:35,2025-04-05T19:29:40,142,resolved
INV-03309,A-04459,ORG-006,ANALYST-17,2025-05-10T16:45:00,2025-05-10T21:49:31,64,resolved
INV-03310,A-04460,ORG-006,ANALYST-08,2025-05-14T10:56:58,2025-05-14T16:16:12,622,false_positive
INV-03311,A-04461,ORG-006,ANALYST-06,2025-04-12T20:35:11,2025-04-13T02:48:48,520,resolved
INV-03312,A-04463,ORG-006,ANALYST-08,2025-03-05T04:21:14,2025-03-05T10:11:01,381,escalated
INV-03313,A-04465,ORG-006,ANALYST-14,2025-04-02T23:53:27,2025-04-03T05:56:58,438,escalated
INV-03314,A-04466,ORG-006,ANALYST-07,2025-04-25T03:24:41,2025-04-25T06:19:30,681,resolved
INV-03315,A-04467,ORG-006,ANALYST-08,2025-03-04T13:43:25,2025-03-04T15:45:22,711,false_positive
INV-03316,A-04468,ORG-006,ANALYST-12,2025-06-07T02:28:11,2025-06-07T09:53:15,144,resolved
INV-03317,A-04469,ORG-006,ANALYST-13,2025-03-18T08:08:50,2025-03-18T14:46:32,174,escalated
INV-03318,A-04470,ORG-006,ANALYST-06,2025-03-07T12:26:34,2025-03-07T19:25:05,715,resolved
INV-03319,A-04472,ORG-006,ANALYST-03,2025-04-18T06:39:33,2025-04-18T10:42:41,681,resolved
INV-03320,A-04473,ORG-006,ANALYST-14,2025-04-12T04:21:30,2025-04-12T08:49:36,194,resolved
INV-03321,A-04474,ORG-006,ANALYST-07,2025-05-23T10:42:36,2025-05-23T15:51:48,581,false_positive
INV-03322,A-04476,ORG-006,ANALYST-01,2025-01-10T16:52:44,2025-01-10T20:41:51,386,escalated
INV-03323,A-04477,ORG-006,ANALYST-03,2025-04-19T20:25:55,2025-04-20T01:03:05,117,resolved
INV-03324,A-04478,ORG-006,ANALYST-06,2025-02-04T07:57:34,2025-02-04T13:43:39,327,escalated
INV-03325,A-04479,ORG-006,ANALYST-05,2025-03-05T19:14:16,2025-03-05T23:31:46,412,resolved
INV-03326,A-04481,ORG-006,ANALYST-04,2025-06-01T23:14:34,2025-06-02T04:18:54,895,false_positive
INV-03327,A-04482,ORG-006,ANALYST-02,2025-06-09T02:52:54,2025-06-09T09:58:12,519,resolved
INV-03328,A-04483,ORG-006,ANALYST-09,2025-03-06T00:29:47,2025-03-06T06:28:42,84,resolved
INV-03329,A-04484,ORG-006,ANALYST-11,2025-04-05T02:11:19,2025-04-05T03:36:58,278,resolved
INV-03330,A-04485,ORG-006,ANALYST-15,2025-06-18T00:37:35,2025-06-18T06:17:04,229,resolved
INV-03331,A-04486,ORG-006,ANALYST-13,2025-06-01T14:29:22,2025-06-01T19:57:54,357,escalated
INV-03332,A-04487,ORG-006,ANALYST-01,2025-02-08T20:38:54,2025-02-09T03:42:57,529,false_positive
INV-03333,A-04488,ORG-006,ANALYST-17,2025-06-26T05:04:19,2025-06-26T06:25:22,267,resolved
INV-03334,A-04489,ORG-006,ANALYST-09,2025-04-22T08:34:14,2025-04-22T13:57:41,589,resolved
INV-03335,A-04490,ORG-006,ANALYST-13,2025-05-16T02:58:02,2025-05-16T04:02:37,167,false_positive
INV-03336,A-04492,ORG-006,ANALYST-06,2025-06-10T05:35:08,2025-06-10T06:38:41,85,resolved
INV-03337,A-04493,ORG-006,ANALYST-08,2025-06-04T00:09:16,2025-06-04T03:17:16,641,escalated
INV-03338,A-04494,ORG-006,ANALYST-07,2025-04-28T22:09:15,2025-04-29T02:33:59,302,resolved
INV-03339,A-04496,ORG-006,ANALYST-03,2025-06-07T08:18:09,2025-06-07T13:28:25,840,resolved
INV-03340,A-04497,ORG-006,ANALYST-08,2025-01-07T03:29:16,2025-01-07T08:54:25,822,resolved
INV-03341,A-04498,ORG-006,ANALYST-07,2025-03-03T01:19:12,2025-03-03T02:37:01,505,escalated
INV-03342,A-04502,ORG-006,ANALYST-18,2025-03-05T00:06:51,2025-03-05T04:20:51,392,open
INV-03343,A-04505,ORG-006,ANALYST-17,2025-04-22T09:06:43,2025-04-22T15:28:38,337,resolved
INV-03344,A-04506,ORG-006,ANALYST-17,2025-02-18T08:36:04,2025-02-18T11:04:34,694,resolved
INV-03345,A-04507,ORG-006,ANALYST-09,2025-03-25T17:10:33,2025-03-25T20:34:36,426,resolved
INV-03346,A-04508,ORG-006,ANALYST-09,2025-02-16T00:53:57,2025-02-16T05:56:00,347,resolved
INV-03347,A-04509,ORG-006,ANALYST-17,2025-06-06T07:52:51,2025-06-06T15:33:59,258,escalated
INV-03348,A-04510,ORG-006,ANALYST-15,2025-05-01T20:38:12,2025-05-02T01:00:57,394,false_positive
INV-03349,A-04511,ORG-006,ANALYST-15,2025-04-30T16:18:21,2025-04-30T21:49:47,571,escalated
INV-03350,A-04513,ORG-006,ANALYST-04,2025-03-07T01:58:48,2025-03-07T06:02:23,624,resolved
INV-03351,A-04515,ORG-006,ANALYST-19,2025-03-27T13:37:33,2025-03-27T14:38:54,481,resolved
INV-03352,A-04516,ORG-006,ANALYST-06,2025-01-12T01:07:38,2025-01-12T04:33:33,769,escalated
INV-03353,A-04517,ORG-006,ANALYST-12,2025-02-12T01:18:04,2025-02-12T06:40:40,208,resolved
INV-03354,A-04518,ORG-006,ANALYST-19,2025-03-21T13:56:28,2025-03-21T18:00:26,331,resolved
INV-03355,A-04519,ORG-006,ANALYST-16,2025-03-21T01:39:36,2025-03-21T06:44:04,279,resolved
INV-03356,A-04520,ORG-006,ANALYST-07,2025-05-04T17:56:56,2025-05-04T21:36:29,455,false_positive
INV-03357,A-04521,ORG-006,ANALYST-14,2025-04-08T15:25:55,2025-04-08T20:49:48,220,escalated
INV-03358,A-04522,ORG-006,ANALYST-04,2025-04-12T04:46:25,2025-04-12T07:47:32,328,resolved
INV-03359,A-04524,ORG-006,ANALYST-13,2025-02-19T00:44:30,2025-02-19T06:31:08,653,false_positive
INV-03360,A-04526,ORG-006,ANALYST-14,2025-04-01T09:29:48,2025-04-01T14:12:02,294,false_positive
INV-03361,A-04527,ORG-006,ANALYST-11,2025-05-09T01:37:55,2025-05-09T06:34:42,258,escalated
INV-03362,A-04528,ORG-006,ANALYST-08,2025-05-01T18:35:39,2025-05-01T20:38:15,467,open
INV-03363,A-04529,ORG-006,ANALYST-19,2025-05-24T21:09:25,2025-05-24T23:02:56,405,resolved
INV-03364,A-04530,ORG-006,ANALYST-12,2025-05-01T03:46:41,2025-05-01T10:32:33,295,resolved
INV-03365,A-04531,ORG-006,ANALYST-12,2025-06-14T08:41:01,2025-06-14T09:40:57,559,resolved
INV-03366,A-04532,ORG-006,ANALYST-10,2025-04-30T05:04:06,2025-04-30T12:34:36,260,resolved
INV-03367,A-04533,ORG-006,ANALYST-18,2025-02-15T01:58:19,2025-02-15T09:32:34,737,false_positive
INV-03368,A-04534,ORG-006,ANALYST-02,2025-02-10T06:35:19,2025-02-10T14:17:50,321,resolved
INV-03369,A-04535,ORG-006,ANALYST-19,2025-02-19T12:14:52,2025-02-19T20:04:15,222,resolved
INV-03370,A-04537,ORG-006,ANALYST-02,2025-05-14T14:29:27,2025-05-14T21:26:28,714,resolved
INV-03371,A-04538,ORG-006,ANALYST-07,2025-01-18T22:59:42,2025-01-19T05:32:57,391,resolved
INV-03372,A-04539,ORG-006,ANALYST-01,2025-05-10T07:25:32,2025-05-10T13:56:45,189,false_positive
INV-03373,A-04540,ORG-006,ANALYST-16,2025-06-28T10:03:32,2025-06-28T15:48:45,256,escalated
INV-03374,A-04541,ORG-006,ANALYST-20,2025-03-24T04:10:33,2025-03-24T05:18:30,373,resolved
INV-03375,A-04542,ORG-006,ANALYST-01,2025-04-25T23:03:01,2025-04-26T02:20:13,410,resolved
INV-03376,A-04543,ORG-006,ANALYST-11,2025-04-03T05:37:49,2025-04-03T08:30:32,260,escalated
INV-03377,A-04544,ORG-006,ANALYST-08,2025-04-04T03:22:51,2025-04-04T09:29:06,414,resolved
INV-03378,A-04547,ORG-006,ANALYST-13,2025-06-16T22:29:47,2025-06-17T02:32:20,713,escalated
INV-03379,A-04548,ORG-006,ANALYST-04,2025-03-06T08:00:17,2025-03-06T08:31:09,552,escalated
INV-03380,A-04549,ORG-006,ANALYST-04,2025-01-28T10:29:07,2025-01-28T14:19:14,254,escalated
INV-03381,A-04550,ORG-006,ANALYST-15,2025-02-06T19:13:58,2025-02-07T01:39:53,166,resolved
INV-03382,A-04551,ORG-006,ANALYST-19,2025-05-26T09:30:16,2025-05-26T12:11:56,326,resolved
INV-03383,A-04552,ORG-006,ANALYST-03,2025-02-14T16:16:09,2025-02-14T23:42:16,236,open
INV-03384,A-04553,ORG-006,ANALYST-05,2025-06-08T19:50:18,2025-06-08T21:22:47,621,resolved
INV-03385,A-04554,ORG-006,ANALYST-06,2025-02-11T05:42:34,2025-02-11T07:51:14,537,resolved
INV-03386,A-04555,ORG-006,ANALYST-04,2025-01-24T00:21:31,2025-01-24T02:19:06,206,resolved
INV-03387,A-04556,ORG-006,ANALYST-12,2025-02-04T11:06:35,2025-02-04T15:13:52,151,resolved
INV-03388,A-04557,ORG-006,ANALYST-10,2025-06-14T05:23:50,2025-06-14T11:03:23,554,resolved
INV-03389,A-04558,ORG-006,ANALYST-06,2025-06-14T10:08:27,2025-06-14T15:41:54,537,open
INV-03390,A-04559,ORG-006,ANALYST-11,2025-04-07T17:17:34,2025-04-07T23:50:13,688,resolved
INV-03391,A-04560,ORG-006,ANALYST-14,2025-03-19T02:38:10,2025-03-19T08:25:30,466,false_positive
INV-03392,A-04561,ORG-006,ANALYST-06,2025-03-06T08:30:33,2025-03-06T11:50:04,614,resolved
INV-03393,A-04562,ORG-006,ANALYST-13,2025-04-16T23:33:06,2025-04-17T06:19:11,597,false_positive
INV-03394,A-04563,ORG-006,ANALYST-10,2025-06-09T02:13:30,2025-06-09T03:00:47,284,resolved
INV-03395,A-04564,ORG-006,ANALYST-11,2025-02-01T15:24:20,2025-02-01T17:32:55,94,resolved
INV-03396,A-04566,ORG-006,ANALYST-08,2025-06-20T18:08:29,2025-06-20T22:04:56,511,open
INV-03397,A-04567,ORG-006,ANALYST-20,2025-01-18T19:42:04,2025-01-19T02:19:34,268,resolved
INV-03398,A-04568,ORG-006,ANALYST-11,2025-04-17T04:27:30,2025-04-17T07:01:29,356,false_positive
INV-03399,A-04570,ORG-006,ANALYST-05,2025-05-06T08:13:49,2025-05-06T10:01:59,743,escalated
INV-03400,A-04571,ORG-006,ANALYST-10,2025-05-15T14:12:23,2025-05-15T19:13:33,838,resolved
INV-03401,A-04573,ORG-006,ANALYST-20,2025-03-03T05:18:12,2025-03-03T08:44:10,484,resolved
INV-03402,A-04574,ORG-006,ANALYST-20,2025-02-22T09:53:41,2025-02-22T13:41:27,351,resolved
INV-03403,A-04575,ORG-006,ANALYST-01,2025-03-11T11:31:12,2025-03-11T12:49:48,486,resolved
INV-03404,A-04577,ORG-006,ANALYST-02,2025-04-01T09:41:51,2025-04-01T13:11:30,562,resolved
INV-03405,A-04580,ORG-006,ANALYST-09,2025-03-20T03:11:29,2025-03-20T09:02:02,365,resolved
INV-03406,A-04582,ORG-006,ANALYST-15,2025-06-11T03:54:31,2025-06-11T08:49:03,477,resolved
INV-03407,A-04584,ORG-006,ANALYST-17,2025-06-23T03:12:47,2025-06-23T03:54:10,362,resolved
INV-03408,A-04586,ORG-006,ANALYST-07,2025-03-16T16:04:52,2025-03-16T20:51:11,230,resolved
INV-03409,A-04587,ORG-006,ANALYST-19,2025-05-09T08:14:23,2025-05-09T12:00:11,774,escalated
INV-03410,A-04588,ORG-006,ANALYST-18,2025-04-02T23:05:35,2025-04-03T00:37:17,708,resolved
INV-03411,A-04589,ORG-006,ANALYST-11,2025-05-21T01:45:41,2025-05-21T07:48:52,442,false_positive
INV-03412,A-04591,ORG-006,ANALYST-20,2025-02-16T16:48:23,2025-02-17T00:13:09,221,false_positive
INV-03413,A-04593,ORG-006,ANALYST-17,2025-02-16T13:46:21,2025-02-16T18:44:23,280,resolved
INV-03414,A-04595,ORG-006,ANALYST-05,2025-05-17T15:08:10,2025-05-17T17:07:46,240,escalated
INV-03415,A-04597,ORG-006,ANALYST-09,2025-02-16T09:11:03,2025-02-16T11:35:31,58,resolved
INV-03416,A-04598,ORG-006,ANALYST-03,2025-05-10T16:46:36,2025-05-10T23:42:49,759,resolved
INV-03417,A-04599,ORG-006,ANALYST-05,2025-02-01T20:01:19,2025-02-01T23:34:05,877,open
INV-03418,A-04600,ORG-006,ANALYST-02,2025-02-04T04:58:26,2025-02-04T05:33:10,313,resolved
INV-03419,A-04601,ORG-006,ANALYST-13,2025-02-22T03:51:47,2025-02-22T10:20:16,160,resolved
INV-03420,A-04602,ORG-006,ANALYST-08,2025-03-17T13:01:51,2025-03-17T14:35:20,520,resolved
INV-03421,A-04604,ORG-006,ANALYST-17,2025-04-20T12:17:25,2025-04-20T15:23:13,849,false_positive
INV-03422,A-04605,ORG-006,ANALYST-15,2025-05-23T20:27:02,2025-05-23T23:38:00,265,resolved
INV-03423,A-04607,ORG-006,ANALYST-13,2025-02-19T23:40:45,2025-02-20T07:34:55,513,resolved
INV-03424,A-04608,ORG-006,ANALYST-11,2025-04-05T08:01:10,2025-04-05T11:10:51,343,resolved
INV-03425,A-04609,ORG-006,ANALYST-20,2025-03-18T11:58:08,2025-03-18T17:34:06,217,false_positive
INV-03426,A-04610,ORG-006,ANALYST-08,2025-02-27T03:50:03,2025-02-27T05:13:31,248,resolved
INV-03427,A-04611,ORG-006,ANALYST-16,2025-04-13T10:04:38,2025-04-13T14:59:26,279,open
INV-03428,A-04613,ORG-006,ANALYST-07,2025-06-04T15:07:07,2025-06-04T21:47:04,531,escalated
INV-03429,A-04615,ORG-006,ANALYST-06,2025-01-10T15:51:42,2025-01-10T18:30:42,420,resolved
INV-03430,A-04617,ORG-006,ANALYST-06,2025-05-05T10:37:51,2025-05-05T16:06:04,312,false_positive
INV-03431,A-04619,ORG-006,ANALYST-03,2025-04-09T15:27:16,2025-04-09T20:39:00,370,resolved
INV-03432,A-04620,ORG-006,ANALYST-08,2025-04-20T03:32:12,2025-04-20T09:08:11,246,resolved
INV-03433,A-04621,ORG-006,ANALYST-07,2025-05-08T20:13:43,2025-05-08T23:49:04,496,resolved
INV-03434,A-04622,ORG-006,ANALYST-19,2025-03-28T10:22:10,2025-03-28T11:19:44,445,false_positive
INV-03435,A-04623,ORG-006,ANALYST-20,2025-05-02T16:41:47,2025-05-02T17:25:07,262,escalated
INV-03436,A-04624,ORG-006,ANALYST-17,2025-01-26T23:37:54,2025-01-27T06:07:04,759,escalated
INV-03437,A-04625,ORG-006,ANALYST-06,2025-06-29T05:18:09,2025-06-29T06:33:47,143,resolved
INV-03438,A-04626,ORG-006,ANALYST-17,2025-01-16T04:41:45,2025-01-16T10:22:26,264,false_positive
INV-03439,A-04627,ORG-006,ANALYST-13,2025-05-07T12:19:08,2025-05-07T16:49:47,834,resolved
INV-03440,A-04629,ORG-006,ANALYST-18,2025-01-21T17:52:22,2025-01-21T19:20:34,229,resolved
INV-03441,A-04630,ORG-006,ANALYST-04,2025-03-17T17:35:09,2025-03-17T20:06:32,299,resolved
INV-03442,A-04631,ORG-006,ANALYST-18,2025-01-04T20:12:17,2025-01-05T03:32:06,537,resolved
INV-03443,A-04632,ORG-006,ANALYST-03,2025-02-16T03:15:01,2025-02-16T07:51:20,240,escalated
INV-03444,A-04633,ORG-006,ANALYST-04,2025-06-18T03:12:36,2025-06-18T05:18:54,94,resolved
INV-03445,A-04634,ORG-006,ANALYST-05,2025-04-03T04:22:50,2025-04-03T05:43:49,860,escalated
INV-03446,A-04635,ORG-006,ANALYST-15,2025-01-17T19:39:56,2025-01-17T22:16:53,205,resolved
INV-03447,A-04636,ORG-006,ANALYST-06,2025-05-12T09:31:38,2025-05-12T15:16:04,513,resolved
INV-03448,A-04637,ORG-006,ANALYST-03,2025-05-11T14:48:13,2025-05-11T22:41:32,160,escalated
INV-03449,A-04638,ORG-006,ANALYST-10,2025-01-11T10:47:19,2025-01-11T14:31:11,342,false_positive
INV-03450,A-04639,ORG-006,ANALYST-13,2025-06-14T05:23:26,2025-06-14T10:16:34,255,resolved
INV-03451,A-04640,ORG-006,ANALYST-06,2025-03-07T04:16:39,2025-03-07T11:22:05,224,resolved
INV-03452,A-04641,ORG-006,ANALYST-08,2025-04-28T10:03:47,2025-04-28T13:02:13,173,resolved
INV-03453,A-04642,ORG-006,ANALYST-17,2025-05-16T00:40:21,2025-05-16T08:29:13,209,resolved
INV-03454,A-04643,ORG-006,ANALYST-19,2025-01-24T22:18:15,2025-01-25T00:56:20,867,resolved
INV-03455,A-04644,ORG-006,ANALYST-01,2025-02-24T09:17:46,2025-02-24T12:57:26,446,escalated
INV-03456,A-04645,ORG-006,ANALYST-17,2025-05-17T18:21:46,2025-05-17T19:06:22,704,resolved
INV-03457,A-04646,ORG-006,ANALYST-18,2025-02-13T15:09:52,2025-02-13T21:25:55,164,resolved
INV-03458,A-04647,ORG-006,ANALYST-10,2025-05-19T04:43:53,2025-05-19T11:54:33,182,escalated
INV-03459,A-04648,ORG-006,ANALYST-16,2025-02-28T22:07:37,2025-03-01T05:53:01,584,resolved
INV-03460,A-04649,ORG-006,ANALYST-16,2025-01-13T02:46:10,2025-01-13T07:11:36,287,resolved
INV-03461,A-04650,ORG-006,ANALYST-17,2025-03-06T20:27:49,2025-03-07T00:57:36,859,resolved
INV-03462,A-04651,ORG-006,ANALYST-20,2025-04-04T18:56:24,2025-04-05T00:33:42,857,resolved
INV-03463,A-04653,ORG-006,ANALYST-15,2025-06-05T18:08:15,2025-06-05T21:49:52,236,resolved
INV-03464,A-04654,ORG-006,ANALYST-14,2025-05-13T21:10:15,2025-05-14T00:30:30,460,escalated
INV-03465,A-04655,ORG-006,ANALYST-11,2025-01-14T20:54:26,2025-01-15T01:53:42,185,open
INV-03466,A-04657,ORG-006,ANALYST-16,2025-01-16T05:17:02,2025-01-16T08:02:42,278,escalated
INV-03467,A-04658,ORG-006,ANALYST-14,2025-04-03T13:48:47,2025-04-03T15:16:26,392,escalated
INV-03468,A-04659,ORG-006,ANALYST-20,2025-03-22T08:35:40,2025-03-22T12:43:57,433,false_positive
INV-03469,A-04660,ORG-006,ANALYST-12,2025-03-31T17:59:15,2025-03-31T19:41:29,894,escalated
INV-03470,A-04661,ORG-006,ANALYST-08,2025-03-15T10:58:40,2025-03-15T18:38:10,257,resolved
INV-03471,A-04663,ORG-006,ANALYST-11,2025-06-11T01:17:31,2025-06-11T02:10:21,348,false_positive
INV-03472,A-04664,ORG-006,ANALYST-13,2025-06-03T08:58:30,2025-06-03T09:31:20,337,resolved
INV-03473,A-04665,ORG-006,ANALYST-03,2025-06-12T22:38:27,2025-06-12T23:51:47,615,resolved
INV-03474,A-04667,ORG-006,ANALYST-05,2025-01-29T10:06:02,2025-01-29T10:46:49,514,resolved
INV-03475,A-04668,ORG-006,ANALYST-03,2025-01-31T15:25:47,2025-01-31T17:21:21,710,escalated
INV-03476,A-04669,ORG-006,ANALYST-20,2025-04-13T00:22:58,2025-04-13T04:01:32,264,open
INV-03477,A-04670,ORG-006,ANALYST-06,2025-05-07T10:27:17,2025-05-07T14:21:58,482,resolved
INV-03478,A-04671,ORG-006,ANALYST-13,2025-06-13T21:33:44,2025-06-13T22:12:49,146,escalated
INV-03479,A-04672,ORG-006,ANALYST-15,2025-01-21T15:28:36,2025-01-21T22:38:23,243,resolved
INV-03480,A-04673,ORG-006,ANALYST-02,2025-04-18T17:51:44,2025-04-18T23:57:34,294,false_positive
INV-03481,A-04674,ORG-006,ANALYST-14,2025-06-27T16:05:58,2025-06-27T23:29:44,358,resolved
INV-03482,A-04675,ORG-006,ANALYST-09,2025-06-14T01:59:19,2025-06-14T02:52:00,684,resolved
INV-03483,A-04676,ORG-006,ANALYST-10,2025-06-11T07:33:53,2025-06-11T14:44:08,308,resolved
INV-03484,A-04677,ORG-006,ANALYST-09,2025-06-08T08:56:53,2025-06-08T11:14:45,92,resolved
INV-03485,A-04678,ORG-006,ANALYST-06,2025-04-12T05:45:41,2025-04-12T07:35:25,659,escalated
INV-03486,A-04679,ORG-006,ANALYST-20,2025-02-26T06:52:07,2025-02-26T14:21:48,494,escalated
INV-03487,A-04680,ORG-006,ANALYST-01,2025-02-23T13:43:06,2025-02-23T14:29:31,179,escalated
INV-03488,A-04682,ORG-006,ANALYST-11,2025-02-03T11:48:50,2025-02-03T15:05:45,235,resolved
INV-03489,A-04683,ORG-006,ANALYST-14,2025-01-26T20:24:48,2025-01-27T03:35:48,553,escalated
INV-03490,A-04685,ORG-006,ANALYST-20,2025-06-07T06:24:03,2025-06-07T07:34:02,329,false_positive
INV-03491,A-04686,ORG-006,ANALYST-04,2025-01-23T12:33:02,2025-01-23T17:51:34,639,false_positive
INV-03492,A-04687,ORG-006,ANALYST-11,2025-03-11T16:44:18,2025-03-11T20:55:29,289,resolved
INV-03493,A-04689,ORG-006,ANALYST-18,2025-06-19T09:48:53,2025-06-19T15:48:31,147,resolved
INV-03494,A-04690,ORG-006,ANALYST-05,2025-01-04T00:54:04,2025-01-04T03:27:06,242,resolved
INV-03495,A-04691,ORG-006,ANALYST-01,2025-03-28T17:43:15,2025-03-28T23:15:35,718,resolved
INV-03496,A-04693,ORG-006,ANALYST-16,2025-03-31T05:00:51,2025-03-31T10:05:31,260,resolved
INV-03497,A-04694,ORG-006,ANALYST-09,2025-01-27T04:23:49,2025-01-27T08:19:22,640,false_positive
INV-03498,A-04695,ORG-006,ANALYST-05,2025-06-19T10:37:09,2025-06-19T13:51:14,733,escalated
INV-03499,A-04696,ORG-006,ANALYST-19,2025-02-25T06:37:19,2025-02-25T12:11:51,124,resolved
INV-03500,A-04697,ORG-006,ANALYST-20,2025-06-05T15:12:33,2025-06-05T23:08:39,334,false_positive
INV-03501,A-04698,ORG-006,ANALYST-01,2025-06-29T21:42:23,2025-06-30T00:53:32,472,escalated
INV-03502,A-04699,ORG-006,ANALYST-04,2025-02-28T09:02:56,2025-02-28T10:37:37,734,resolved
INV-03503,A-04700,ORG-006,ANALYST-20,2025-05-07T02:18:16,2025-05-07T09:12:27,739,resolved
INV-03504,A-04701,ORG-006,ANALYST-08,2025-06-02T11:52:40,2025-06-02T19:40:13,188,resolved
INV-03505,A-04702,ORG-006,ANALYST-12,2025-02-08T01:28:27,2025-02-08T03:38:33,304,escalated
INV-03506,A-04703,ORG-006,ANALYST-10,2025-02-12T10:40:01,2025-02-12T12:36:22,142,resolved
INV-03507,A-04704,ORG-006,ANALYST-16,2025-01-19T12:21:40,2025-01-19T13:58:15,221,escalated
INV-03508,A-04705,ORG-006,ANALYST-03,2025-06-11T15:33:49,2025-06-11T19:07:48,597,resolved
INV-03509,A-04706,ORG-006,ANALYST-07,2025-03-30T23:53:44,2025-03-31T05:56:05,139,false_positive
INV-03510,A-04707,ORG-006,ANALYST-06,2025-06-27T12:54:05,2025-06-27T18:18:11,269,resolved
INV-03511,A-04708,ORG-006,ANALYST-04,2025-06-02T18:58:26,2025-06-02T21:18:48,620,resolved
INV-03512,A-04709,ORG-006,ANALYST-16,2025-04-03T11:52:00,2025-04-03T18:41:22,346,resolved
INV-03513,A-04710,ORG-006,ANALYST-12,2025-01-27T15:34:06,2025-01-27T22:52:57,216,false_positive
INV-03514,A-04711,ORG-006,ANALYST-17,2025-05-23T10:42:23,2025-05-23T14:48:32,268,resolved
INV-03515,A-04712,ORG-006,ANALYST-03,2025-04-22T04:42:10,2025-04-22T05:57:55,577,resolved
INV-03516,A-04713,ORG-006,ANALYST-02,2025-03-17T03:25:34,2025-03-17T08:38:24,582,escalated
INV-03517,A-04714,ORG-006,ANALYST-18,2025-02-03T02:46:17,2025-02-03T04:23:07,266,false_positive
INV-03518,A-04715,ORG-006,ANALYST-08,2025-03-19T11:48:54,2025-03-19T16:19:18,885,resolved
INV-03519,A-04716,ORG-006,ANALYST-01,2025-03-04T10:29:49,2025-03-04T11:16:00,655,escalated
INV-03520,A-04718,ORG-006,ANALYST-17,2025-06-13T08:15:54,2025-06-13T09:40:39,395,resolved
INV-03521,A-04720,ORG-006,ANALYST-15,2025-05-14T13:59:31,2025-05-14T14:59:58,239,resolved
INV-03522,A-04722,ORG-006,ANALYST-17,2025-01-29T18:01:54,2025-01-29T22:21:44,881,resolved
INV-03523,A-04723,ORG-006,ANALYST-09,2025-02-19T11:21:55,2025-02-19T17:46:05,245,resolved
INV-03524,A-04724,ORG-006,ANALYST-19,2025-03-26T16:48:20,2025-03-26T20:12:11,251,escalated
INV-03525,A-04725,ORG-006,ANALYST-04,2025-05-14T09:21:09,2025-05-14T14:17:48,149,escalated
INV-03526,A-04726,ORG-006,ANALYST-03,2025-05-19T01:58:29,2025-05-19T06:48:51,389,resolved
INV-03527,A-04728,ORG-006,ANALYST-15,2025-03-22T08:44:38,2025-03-22T09:55:03,238,resolved
INV-03528,A-04729,ORG-006,ANALYST-05,2025-04-12T02:17:51,2025-04-12T05:42:17,379,resolved
INV-03529,A-04730,ORG-006,ANALYST-13,2025-04-30T09:14:20,2025-04-30T16:59:03,626,resolved
INV-03530,A-04731,ORG-006,ANALYST-10,2025-01-17T08:42:43,2025-01-17T13:24:25,431,resolved
INV-03531,A-04732,ORG-006,ANALYST-20,2025-03-24T22:25:20,2025-03-25T02:02:29,226,open
INV-03532,A-04733,ORG-006,ANALYST-11,2025-06-20T16:03:25,2025-06-20T20:24:54,292,resolved
INV-03533,A-04734,ORG-006,ANALYST-18,2025-02-18T23:40:23,2025-02-19T01:44:24,275,false_positive
INV-03534,A-04735,ORG-006,ANALYST-16,2025-02-06T11:34:17,2025-02-06T18:34:00,498,open
INV-03535,A-04736,ORG-006,ANALYST-11,2025-02-28T15:18:36,2025-02-28T22:10:48,255,escalated
INV-03536,A-04737,ORG-006,ANALYST-06,2025-04-05T22:56:22,2025-04-06T05:26:33,358,escalated
INV-03537,A-04739,ORG-006,ANALYST-12,2025-01-14T00:07:05,2025-01-14T04:04:12,235,resolved
INV-03538,A-04740,ORG-006,ANALYST-09,2025-05-15T00:47:15,2025-05-15T08:28:15,480,resolved
INV-03539,A-04741,ORG-006,ANALYST-08,2025-05-05T15:56:54,2025-05-05T22:16:29,519,false_positive
INV-03540,A-04743,ORG-006,ANALYST-16,2025-01-31T13:45:19,2025-01-31T21:42:03,230,false_positive
INV-03541,A-04744,ORG-006,ANALYST-18,2025-03-30T05:04:28,2025-03-30T05:52:44,437,resolved
INV-03542,A-04746,ORG-006,ANALYST-06,2025-05-24T00:23:34,2025-05-24T05:32:43,172,escalated
INV-03543,A-04747,ORG-006,ANALYST-03,2025-06-28T20:15:08,2025-06-28T22:40:27,191,resolved
INV-03544,A-04748,ORG-006,ANALYST-16,2025-04-08T13:12:14,2025-04-08T18:19:47,466,false_positive
INV-03545,A-04749,ORG-006,ANALYST-20,2025-03-10T00:59:01,2025-03-10T05:57:29,475,false_positive
INV-03546,A-04750,ORG-006,ANALYST-14,2025-02-26T20:59:40,2025-02-27T00:10:04,134,escalated
INV-03547,A-04753,ORG-006,ANALYST-17,2025-01-26T21:19:11,2025-01-27T01:23:31,317,resolved
INV-03548,A-04754,ORG-006,ANALYST-11,2025-01-29T09:53:48,2025-01-29T13:54:12,130,escalated
INV-03549,A-04755,ORG-006,ANALYST-15,2025-01-19T05:59:26,2025-01-19T06:50:54,154,resolved
INV-03550,A-04756,ORG-006,ANALYST-14,2025-06-13T00:36:47,2025-06-13T05:26:57,234,resolved
INV-03551,A-04757,ORG-006,ANALYST-19,2025-01-07T00:08:29,2025-01-07T06:49:41,348,escalated
INV-03552,A-04758,ORG-006,ANALYST-19,2025-04-16T10:11:54,2025-04-16T17:01:19,639,resolved
INV-03553,A-04759,ORG-006,ANALYST-09,2025-02-28T09:47:00,2025-02-28T10:54:16,234,resolved
INV-03554,A-04760,ORG-006,ANALYST-18,2025-06-28T00:45:54,2025-06-28T04:02:01,551,resolved
INV-03555,A-04762,ORG-006,ANALYST-09,2025-01-21T06:41:25,2025-01-21T13:42:39,437,false_positive
INV-03556,A-04763,ORG-006,ANALYST-15,2025-06-08T17:06:42,2025-06-08T20:16:21,306,false_positive
INV-03557,A-04766,ORG-006,ANALYST-18,2025-01-07T21:49:41,2025-01-08T00:45:48,492,resolved
INV-03558,A-04768,ORG-006,ANALYST-09,2025-02-13T16:36:31,2025-02-13T23:08:17,400,resolved
INV-03559,A-04769,ORG-006,ANALYST-16,2025-03-04T00:32:10,2025-03-04T02:35:56,274,resolved
INV-03560,A-04770,ORG-006,ANALYST-06,2025-06-25T04:52:39,2025-06-25T09:20:41,399,resolved
INV-03561,A-04771,ORG-006,ANALYST-07,2025-01-24T23:58:29,2025-01-25T05:40:10,268,resolved
INV-03562,A-04772,ORG-006,ANALYST-15,2025-05-04T17:16:18,2025-05-04T23:39:28,395,false_positive
INV-03563,A-04773,ORG-006,ANALYST-01,2025-02-05T14:30:31,2025-02-05T16:47:32,458,open
INV-03564,A-04775,ORG-006,ANALYST-14,2025-03-01T20:46:11,2025-03-02T02:11:22,188,escalated
INV-03565,A-04776,ORG-006,ANALYST-06,2025-04-05T14:57:31,2025-04-05T17:13:08,187,resolved
INV-03566,A-04777,ORG-006,ANALYST-12,2025-04-02T11:14:05,2025-04-02T16:01:00,145,open
INV-03567,A-04778,ORG-006,ANALYST-13,2025-06-16T20:48:01,2025-06-17T03:36:50,512,resolved
INV-03568,A-04779,ORG-006,ANALYST-06,2025-01-04T12:56:41,2025-01-04T14:48:39,138,open
INV-03569,A-04780,ORG-006,ANALYST-12,2025-03-23T21:52:40,2025-03-24T04:40:42,183,resolved
INV-03570,A-04781,ORG-006,ANALYST-05,2025-03-28T06:39:46,2025-03-28T12:21:07,218,open
INV-03571,A-04782,ORG-006,ANALYST-05,2025-04-06T10:45:50,2025-04-06T16:19:10,764,resolved
INV-03572,A-04783,ORG-006,ANALYST-09,2025-06-14T07:43:45,2025-06-14T12:07:48,295,escalated
INV-03573,A-04784,ORG-006,ANALYST-08,2025-04-28T06:00:22,2025-04-28T13:37:07,243,escalated
INV-03574,A-04785,ORG-006,ANALYST-17,2025-02-08T03:10:11,2025-02-08T08:42:41,395,resolved
INV-03575,A-04787,ORG-006,ANALYST-08,2025-06-27T01:21:00,2025-06-27T03:08:34,270,resolved
INV-03576,A-04788,ORG-006,ANALYST-08,2025-05-03T19:04:54,2025-05-04T00:02:46,475,escalated
INV-03577,A-04790,ORG-006,ANALYST-20,2025-06-30T14:12:02,2025-06-30T21:48:00,609,resolved
INV-03578,A-04791,ORG-006,ANALYST-13,2025-03-26T06:38:19,2025-03-26T11:13:48,700,resolved
INV-03579,A-04792,ORG-006,ANALYST-18,2025-05-11T07:59:47,2025-05-11T09:10:52,134,open
INV-03580,A-04794,ORG-006,ANALYST-05,2025-02-24T12:42:54,2025-02-24T15:32:52,577,resolved
INV-03581,A-04795,ORG-006,ANALYST-18,2025-04-07T17:57:53,2025-04-07T23:16:19,120,escalated
INV-03582,A-04796,ORG-006,ANALYST-13,2025-01-16T19:18:47,2025-01-16T20:00:29,110,false_positive
INV-03583,A-04797,ORG-006,ANALYST-05,2025-06-14T19:56:42,2025-06-15T00:46:33,656,escalated
INV-03584,A-04798,ORG-006,ANALYST-12,2025-02-28T05:08:10,2025-02-28T11:57:29,787,escalated
INV-03585,A-04799,ORG-006,ANALYST-11,2025-03-26T08:28:51,2025-03-26T11:25:04,453,resolved
INV-03586,A-04801,ORG-006,ANALYST-11,2025-03-14T19:44:09,2025-03-15T03:28:14,420,open
INV-03587,A-04802,ORG-006,ANALYST-15,2025-04-05T17:51:48,2025-04-05T23:52:19,647,resolved
INV-03588,A-04804,ORG-006,ANALYST-20,2025-05-31T14:52:00,2025-05-31T19:11:05,661,escalated
INV-03589,A-04805,ORG-006,ANALYST-18,2025-01-08T14:09:26,2025-01-08T16:50:40,566,escalated
INV-03590,A-04806,ORG-006,ANALYST-01,2025-01-31T02:17:15,2025-01-31T03:17:06,306,escalated
INV-03591,A-04809,ORG-006,ANALYST-10,2025-03-07T19:17:15,2025-03-07T20:39:37,728,open
INV-03592,A-04810,ORG-006,ANALYST-13,2025-04-22T01:23:03,2025-04-22T05:57:17,827,resolved
INV-03593,A-04811,ORG-006,ANALYST-14,2025-04-25T02:34:23,2025-04-25T09:47:26,558,escalated
INV-03594,A-04812,ORG-006,ANALYST-02,2025-06-06T23:07:44,2025-06-07T02:16:48,764,escalated
INV-03595,A-04813,ORG-006,ANALYST-05,2025-06-11T18:38:31,2025-06-11T21:59:59,379,resolved
INV-03596,A-04814,ORG-006,ANALYST-08,2025-04-23T19:16:27,2025-04-24T01:01:10,103,escalated
INV-03597,A-04815,ORG-006,ANALYST-18,2025-04-08T15:32:13,2025-04-08T16:30:43,444,escalated
INV-03598,A-04816,ORG-006,ANALYST-14,2025-04-17T04:31:27,2025-04-17T10:11:14,583,resolved
INV-03599,A-04817,ORG-006,ANALYST-12,2025-06-19T20:33:47,2025-06-20T00:57:27,495,resolved
INV-03600,A-04818,ORG-006,ANALYST-16,2025-03-14T10:44:23,2025-03-14T16:03:33,118,resolved
INV-03601,A-04819,ORG-006,ANALYST-01,2025-06-30T00:07:29,2025-06-30T04:11:50,496,resolved
INV-03602,A-04822,ORG-006,ANALYST-15,2025-01-05T04:07:31,2025-01-05T08:01:00,688,resolved
INV-03603,A-04823,ORG-006,ANALYST-16,2025-05-16T23:01:20,2025-05-17T02:19:45,118,resolved
INV-03604,A-04826,ORG-006,ANALYST-10,2025-06-26T04:19:38,2025-06-26T11:49:46,441,resolved
INV-03605,A-04827,ORG-006,ANALYST-05,2025-01-10T15:16:02,2025-01-10T22:42:08,490,resolved
INV-03606,A-04828,ORG-006,ANALYST-06,2025-06-26T00:45:48,2025-06-26T04:37:51,227,resolved
INV-03607,A-04830,ORG-006,ANALYST-13,2025-05-04T00:24:08,2025-05-04T03:48:50,815,resolved
INV-03608,A-04832,ORG-006,ANALYST-12,2025-05-27T09:58:48,2025-05-27T14:45:00,127,false_positive
INV-03609,A-04833,ORG-006,ANALYST-18,2025-05-14T17:17:03,2025-05-14T21:55:01,289,resolved
INV-03610,A-04835,ORG-006,ANALYST-04,2025-01-23T08:28:20,2025-01-23T16:08:11,294,resolved
INV-03611,A-04836,ORG-006,ANALYST-02,2025-04-26T10:04:43,2025-04-26T11:25:37,253,false_positive
INV-03612,A-04837,ORG-006,ANALYST-11,2025-03-25T05:01:34,2025-03-25T12:39:36,220,resolved
INV-03613,A-04838,ORG-006,ANALYST-20,2025-04-07T16:54:35,2025-04-07T22:54:42,280,escalated
INV-03614,A-04839,ORG-006,ANALYST-04,2025-06-05T00:34:21,2025-06-05T06:10:45,618,resolved
INV-03615,A-04840,ORG-006,ANALYST-10,2025-05-06T13:34:54,2025-05-06T14:57:42,297,false_positive
INV-03616,A-04842,ORG-006,ANALYST-12,2025-01-17T01:41:57,2025-01-17T03:59:31,621,resolved
INV-03617,A-04844,ORG-006,ANALYST-20,2025-05-01T14:04:22,2025-05-01T15:15:57,457,open
INV-03618,A-04845,ORG-006,ANALYST-09,2025-04-12T12:22:02,2025-04-12T20:16:32,451,resolved
INV-03619,A-04846,ORG-006,ANALYST-09,2025-03-01T04:13:54,2025-03-01T08:48:00,114,false_positive
INV-03620,A-04847,ORG-006,ANALYST-16,2025-01-21T08:02:44,2025-01-21T12:32:38,853,resolved
INV-03621,A-04848,ORG-006,ANALYST-17,2025-02-26T04:21:31,2025-02-26T05:38:39,119,resolved
INV-03622,A-04849,ORG-006,ANALYST-14,2025-01-25T12:08:27,2025-01-25T17:19:05,422,resolved
INV-03623,A-04851,ORG-006,ANALYST-12,2025-03-01T03:21:38,2025-03-01T08:20:28,363,resolved
INV-03624,A-04852,ORG-006,ANALYST-12,2025-01-22T06:19:26,2025-01-22T07:31:15,735,resolved
INV-03625,A-04853,ORG-006,ANALYST-16,2025-05-01T05:40:15,2025-05-01T11:53:55,359,resolved
INV-03626,A-04854,ORG-006,ANALYST-04,2025-04-04T15:26:56,2025-04-04T19:05:14,499,resolved
INV-03627,A-04855,ORG-006,ANALYST-20,2025-02-11T09:26:52,2025-02-11T11:32:21,653,resolved
INV-03628,A-04856,ORG-006,ANALYST-17,2025-06-21T22:35:25,2025-06-22T01:55:13,323,false_positive
INV-03629,A-04857,ORG-006,ANALYST-10,2025-04-26T10:52:55,2025-04-26T18:33:04,470,false_positive
INV-03630,A-04858,ORG-006,ANALYST-12,2025-05-09T17:58:10,2025-05-09T20:51:05,307,escalated
INV-03631,A-04859,ORG-006,ANALYST-13,2025-02-11T01:45:18,2025-02-11T08:03:48,111,escalated
INV-03632,A-04860,ORG-006,ANALYST-02,2025-04-07T11:37:47,2025-04-07T15:04:43,518,false_positive
INV-03633,A-04861,ORG-006,ANALYST-14,2025-03-11T06:51:42,2025-03-11T08:51:25,624,resolved
INV-03634,A-04862,ORG-006,ANALYST-12,2025-03-01T09:42:49,2025-03-01T16:12:29,414,resolved
INV-03635,A-04863,ORG-006,ANALYST-20,2025-06-10T02:54:55,2025-06-10T08:31:39,649,resolved
INV-03636,A-04865,ORG-006,ANALYST-02,2025-05-17T05:55:22,2025-05-17T09:14:55,428,open
INV-03637,A-04866,ORG-006,ANALYST-19,2025-03-25T03:27:07,2025-03-25T08:52:02,218,resolved
INV-03638,A-04867,ORG-006,ANALYST-11,2025-04-29T10:15:47,2025-04-29T16:11:46,487,resolved
INV-03639,A-04868,ORG-006,ANALYST-20,2025-04-04T18:39:07,2025-04-04T20:45:12,527,escalated
INV-03640,A-04869,ORG-006,ANALYST-11,2025-06-14T09:52:52,2025-06-14T16:00:20,626,resolved
INV-03641,A-04870,ORG-006,ANALYST-03,2025-01-16T14:53:57,2025-01-16T21:06:35,225,resolved
INV-03642,A-04871,ORG-006,ANALYST-09,2025-03-11T08:22:51,2025-03-11T16:01:39,191,resolved
INV-03643,A-04872,ORG-006,ANALYST-15,2025-03-07T08:32:13,2025-03-07T12:03:17,247,resolved
INV-03644,A-04874,ORG-006,ANALYST-11,2025-06-18T14:17:01,2025-06-18T16:32:02,504,false_positive
INV-03645,A-04875,ORG-006,ANALYST-14,2025-05-13T04:23:55,2025-05-13T05:05:31,725,escalated
INV-03646,A-04876,ORG-006,ANALYST-11,2025-02-19T17:42:09,2025-02-19T22:32:00,312,false_positive
INV-03647,A-04880,ORG-006,ANALYST-11,2025-05-25T11:57:44,2025-05-25T14:51:57,387,false_positive
INV-03648,A-04881,ORG-006,ANALYST-02,2025-04-16T15:37:08,2025-04-16T23:29:23,246,false_positive
INV-03649,A-04882,ORG-006,ANALYST-06,2025-01-20T14:35:41,2025-01-20T17:48:42,200,false_positive
INV-03650,A-04883,ORG-006,ANALYST-07,2025-06-04T03:21:42,2025-06-04T04:13:53,376,escalated
INV-03651,A-04884,ORG-006,ANALYST-06,2025-03-08T08:27:47,2025-03-08T11:12:51,455,escalated
INV-03652,A-04885,ORG-006,ANALYST-13,2025-04-02T03:59:04,2025-04-02T10:13:07,186,false_positive
INV-03653,A-04886,ORG-006,ANALYST-18,2025-02-15T08:11:36,2025-02-15T14:17:58,623,resolved
INV-03654,A-04887,ORG-006,ANALYST-19,2025-04-19T23:43:37,2025-04-20T03:47:41,402,escalated
INV-03655,A-04888,ORG-006,ANALYST-15,2025-04-21T11:40:38,2025-04-21T18:23:05,119,resolved
INV-03656,A-04889,ORG-006,ANALYST-12,2025-05-09T15:16:54,2025-05-09T16:36:37,272,resolved
INV-03657,A-04891,ORG-006,ANALYST-13,2025-01-26T11:20:39,2025-01-26T17:20:48,598,open
INV-03658,A-04892,ORG-006,ANALYST-06,2025-04-15T18:03:55,2025-04-15T22:04:17,283,resolved
INV-03659,A-04893,ORG-006,ANALYST-15,2025-05-27T15:18:48,2025-05-27T18:07:00,205,escalated
INV-03660,A-04894,ORG-006,ANALYST-15,2025-02-26T10:03:00,2025-02-26T13:46:08,353,resolved
INV-03661,A-04895,ORG-006,ANALYST-18,2025-01-29T00:40:09,2025-01-29T01:32:48,422,resolved
INV-03662,A-04896,ORG-006,ANALYST-10,2025-03-29T17:11:25,2025-03-29T22:26:10,388,resolved
INV-03663,A-04897,ORG-006,ANALYST-02,2025-01-20T19:19:00,2025-01-20T23:45:36,317,resolved
INV-03664,A-04898,ORG-006,ANALYST-19,2025-01-21T22:19:46,2025-01-21T23:15:50,883,resolved
INV-03665,A-04899,ORG-006,ANALYST-01,2025-01-01T12:38:39,2025-01-01T16:19:03,261,escalated
INV-03666,A-04901,ORG-006,ANALYST-09,2025-03-22T01:21:50,2025-03-22T08:09:48,226,resolved
INV-03667,A-04905,ORG-006,ANALYST-06,2025-03-19T20:29:13,2025-03-20T02:40:57,165,escalated
INV-03668,A-04906,ORG-006,ANALYST-04,2025-01-04T20:24:33,2025-01-05T01:54:20,349,resolved
INV-03669,A-04907,ORG-006,ANALYST-16,2025-06-01T10:55:37,2025-06-01T18:44:49,181,resolved
INV-03670,A-04908,ORG-006,ANALYST-11,2025-03-26T13:22:30,2025-03-26T20:07:18,418,resolved
INV-03671,A-04909,ORG-006,ANALYST-08,2025-03-27T11:39:56,2025-03-27T14:01:14,355,resolved
INV-03672,A-04911,ORG-006,ANALYST-08,2025-01-27T22:25:46,2025-01-28T01:01:36,482,resolved
INV-03673,A-04912,ORG-006,ANALYST-08,2025-02-22T18:15:20,2025-02-22T20:29:33,135,false_positive
INV-03674,A-04914,ORG-006,ANALYST-10,2025-03-22T01:47:54,2025-03-22T05:38:51,208,resolved
INV-03675,A-04915,ORG-006,ANALYST-03,2025-05-07T20:33:23,2025-05-07T23:18:08,282,false_positive
INV-03676,A-04916,ORG-006,ANALYST-10,2025-03-15T16:08:16,2025-03-15T20:17:13,678,false_positive
INV-03677,A-04917,ORG-006,ANALYST-07,2025-02-02T21:34:23,2025-02-02T23:18:28,171,false_positive
INV-03678,A-04919,ORG-006,ANALYST-15,2025-05-19T08:19:52,2025-05-19T12:03:54,333,resolved
INV-03679,A-04920,ORG-006,ANALYST-10,2025-05-11T01:09:45,2025-05-11T05:11:24,186,open
INV-03680,A-04921,ORG-006,ANALYST-10,2025-05-05T10:02:59,2025-05-05T11:57:56,233,open
INV-03681,A-04922,ORG-006,ANALYST-01,2025-01-03T20:32:51,2025-01-04T01:34:31,444,escalated
INV-03682,A-04925,ORG-006,ANALYST-17,2025-03-02T22:25:30,2025-03-03T02:43:52,672,escalated
INV-03683,A-04926,ORG-006,ANALYST-07,2025-06-30T02:37:26,2025-06-30T06:50:26,184,false_positive
INV-03684,A-04928,ORG-006,ANALYST-20,2025-05-05T13:33:33,2025-05-05T15:09:25,195,resolved
INV-03685,A-04929,ORG-006,ANALYST-15,2025-06-16T11:58:46,2025-06-16T19:10:02,281,resolved
INV-03686,A-04930,ORG-006,ANALYST-05,2025-04-16T20:14:42,2025-04-17T03:02:06,303,resolved
INV-03687,A-04931,ORG-006,ANALYST-03,2025-04-08T13:37:28,2025-04-08T17:48:05,128,escalated
INV-03688,A-04932,ORG-006,ANALYST-06,2025-01-14T16:54:42,2025-01-14T19:08:27,474,resolved
INV-03689,A-04933,ORG-006,ANALYST-19,2025-04-09T00:20:47,2025-04-09T04:42:06,107,resolved
INV-03690,A-04935,ORG-006,ANALYST-01,2025-01-16T07:26:41,2025-01-16T09:52:46,262,false_positive
INV-03691,A-04936,ORG-006,ANALYST-04,2025-03-12T11:41:14,2025-03-12T18:34:44,227,escalated
INV-03692,A-04937,ORG-006,ANALYST-08,2025-01-30T18:13:42,2025-01-30T20:35:28,630,escalated
INV-03693,A-04941,ORG-006,ANALYST-10,2025-01-31T11:48:11,2025-01-31T17:19:17,366,resolved
INV-03694,A-04942,ORG-006,ANALYST-17,2025-03-06T00:42:07,2025-03-06T03:34:13,292,resolved
INV-03695,A-04943,ORG-006,ANALYST-18,2025-06-09T06:14:15,2025-06-09T09:33:14,555,false_positive
INV-03696,A-04944,ORG-006,ANALYST-01,2025-02-03T15:30:50,2025-02-03T17:54:41,488,resolved
INV-03697,A-04946,ORG-006,ANALYST-07,2025-05-17T03:46:02,2025-05-17T06:32:07,110,escalated
INV-03698,A-04947,ORG-006,ANALYST-08,2025-04-22T00:38:44,2025-04-22T03:43:13,266,false_positive
INV-03699,A-04949,ORG-006,ANALYST-14,2025-05-07T05:14:33,2025-05-07T12:59:22,338,escalated
INV-03700,A-04950,ORG-006,ANALYST-11,2025-02-23T02:52:09,2025-02-23T10:20:52,271,resolved
INV-03701,A-04951,ORG-006,ANALYST-11,2025-02-16T19:19:53,2025-02-16T19:57:30,347,escalated
INV-03702,A-04952,ORG-006,ANALYST-20,2025-06-30T04:33:04,2025-06-30T08:05:48,524,resolved
INV-03703,A-04953,ORG-006,ANALYST-11,2025-04-13T07:16:14,2025-04-13T09:54:10,176,resolved
INV-03704,A-04954,ORG-006,ANALYST-17,2025-05-31T20:03:54,2025-06-01T04:03:06,531,false_positive
INV-03705,A-04956,ORG-006,ANALYST-18,2025-05-31T03:28:26,2025-05-31T04:52:11,288,resolved
INV-03706,A-04957,ORG-006,ANALYST-12,2025-02-25T10:20:13,2025-02-25T17:48:30,113,false_positive
INV-03707,A-04958,ORG-006,ANALYST-09,2025-02-01T16:17:03,2025-02-01T23:55:32,124,resolved
INV-03708,A-04959,ORG-006,ANALYST-13,2025-02-14T09:32:12,2025-02-14T13:31:07,125,resolved
INV-03709,A-04960,ORG-006,ANALYST-17,2025-06-24T01:37:18,2025-06-24T06:23:10,494,escalated
INV-03710,A-04961,ORG-006,ANALYST-10,2025-04-30T15:53:04,2025-04-30T18:28:25,760,escalated
INV-03711,A-04962,ORG-006,ANALYST-18,2025-05-25T02:20:24,2025-05-25T08:32:52,281,resolved
INV-03712,A-04963,ORG-006,ANALYST-03,2025-05-16T10:21:04,2025-05-16T13:40:56,488,escalated
INV-03713,A-04964,ORG-006,ANALYST-08,2025-02-27T17:19:07,2025-02-27T21:34:30,487,resolved
INV-03714,A-04966,ORG-006,ANALYST-03,2025-01-12T22:56:57,2025-01-13T00:15:42,382,escalated
INV-03715,A-04967,ORG-006,ANALYST-18,2025-05-17T14:56:11,2025-05-17T19:05:41,524,false_positive
INV-03716,A-04969,ORG-006,ANALYST-19,2025-04-12T17:10:29,2025-04-12T21:13:03,652,escalated
INV-03717,A-04970,ORG-006,ANALYST-15,2025-03-13T21:21:14,2025-03-14T02:23:27,93,resolved
INV-03718,A-04971,ORG-006,ANALYST-14,2025-03-20T12:23:55,2025-03-20T13:34:32,187,open
INV-03719,A-04973,ORG-006,ANALYST-13,2025-05-16T20:21:10,2025-05-17T01:38:59,498,false_positive
INV-03720,A-04974,ORG-006,ANALYST-02,2025-04-10T21:07:12,2025-04-11T03:35:02,256,resolved
INV-03721,A-04976,ORG-006,ANALYST-13,2025-06-26T04:18:45,2025-06-26T07:41:04,149,resolved
INV-03722,A-04977,ORG-006,ANALYST-04,2025-06-09T18:03:04,2025-06-09T18:42:52,367,escalated
INV-03723,A-04978,ORG-006,ANALYST-19,2025-02-07T08:04:52,2025-02-07T14:19:33,195,false_positive
INV-03724,A-04979,ORG-006,ANALYST-01,2025-01-27T16:08:37,2025-01-27T19:49:27,493,resolved
INV-03725,A-04981,ORG-006,ANALYST-01,2025-05-10T23:38:53,2025-05-11T06:59:29,229,resolved
INV-03726,A-04982,ORG-006,ANALYST-04,2025-06-13T08:07:17,2025-06-13T09:48:42,253,resolved
INV-03727,A-04983,ORG-006,ANALYST-08,2025-01-02T20:56:42,2025-01-02T21:52:36,350,false_positive
INV-03728,A-04984,ORG-006,ANALYST-04,2025-05-23T23:00:42,2025-05-23T23:39:22,491,resolved
INV-03729,A-04985,ORG-006,ANALYST-20,2025-03-29T12:51:54,2025-03-29T20:05:40,297,escalated
INV-03730,A-04986,ORG-006,ANALYST-03,2025-01-02T10:17:34,2025-01-02T16:17:46,294,resolved
INV-03731,A-04987,ORG-006,ANALYST-14,2025-03-15T22:48:41,2025-03-16T00:02:06,458,resolved
INV-03732,A-04988,ORG-006,ANALYST-19,2025-03-30T13:16:51,2025-03-30T17:31:20,461,resolved
INV-03733,A-04989,ORG-006,ANALYST-20,2025-01-20T10:00:48,2025-01-20T15:25:51,723,false_positive
INV-03734,A-04990,ORG-006,ANALYST-16,2025-02-20T05:19:28,2025-02-20T09:52:18,216,resolved
INV-03735,A-04991,ORG-006,ANALYST-18,2025-03-04T14:38:08,2025-03-04T22:37:38,262,resolved
INV-03736,A-04992,ORG-006,ANALYST-12,2025-05-09T03:14:59,2025-05-09T10:15:48,271,resolved
INV-03737,A-04993,ORG-006,ANALYST-03,2025-04-13T02:42:45,2025-04-13T09:43:23,555,false_positive
INV-03738,A-04994,ORG-006,ANALYST-18,2025-06-16T20:17:43,2025-06-16T22:22:59,439,escalated
INV-03739,A-04995,ORG-006,ANALYST-07,2025-02-04T10:33:56,2025-02-04T17:19:18,546,false_positive
INV-03740,A-04996,ORG-006,ANALYST-08,2025-02-15T06:46:00,2025-02-15T07:22:17,256,resolved
INV-03741,A-04998,ORG-006,ANALYST-16,2025-02-27T13:08:14,2025-02-27T14:33:47,721,false_positive
INV-03742,A-04999,ORG-006,ANALYST-20,2025-05-01T14:40:57,2025-05-01T20:22:51,692,false_positive
INV-03743,A-05000,ORG-006,ANALYST-03,2025-04-01T10:38:57,2025-04-01T12:13:26,220,resolved
INV-03744,A-05001,ORG-007,ANALYST-08,2025-03-22T00:46:08,2025-03-22T07:55:21,666,resolved
INV-03745,A-05003,ORG-007,ANALYST-18,2025-03-07T15:41:35,2025-03-07T22:03:42,288,resolved
INV-03746,A-05005,ORG-007,ANALYST-15,2025-02-18T07:58:52,2025-02-18T13:09:33,224,resolved
INV-03747,A-05006,ORG-007,ANALYST-11,2025-05-19T20:32:23,2025-05-20T00:11:37,497,escalated
INV-03748,A-05007,ORG-007,ANALYST-02,2025-01-11T18:12:34,2025-01-11T23:14:37,629,resolved
INV-03749,A-05008,ORG-007,ANALYST-03,2025-01-03T02:36:17,2025-01-03T09:07:57,277,escalated
INV-03750,A-05009,ORG-007,ANALYST-18,2025-06-10T14:38:09,2025-06-10T15:09:49,472,resolved
INV-03751,A-05010,ORG-007,ANALYST-13,2025-02-26T23:45:45,2025-02-27T05:35:38,425,resolved
INV-03752,A-05011,ORG-007,ANALYST-13,2025-04-30T20:11:10,2025-05-01T02:25:51,296,resolved
INV-03753,A-05012,ORG-007,ANALYST-05,2025-04-19T19:32:21,2025-04-19T22:17:01,151,resolved
INV-03754,A-05013,ORG-007,ANALYST-04,2025-05-12T13:09:11,2025-05-12T17:53:11,655,resolved
INV-03755,A-05014,ORG-007,ANALYST-20,2025-01-31T20:06:29,2025-02-01T01:18:07,381,false_positive
INV-03756,A-05015,ORG-007,ANALYST-11,2025-01-21T09:36:33,2025-01-21T10:24:13,285,resolved
INV-03757,A-05017,ORG-007,ANALYST-06,2025-03-21T05:42:07,2025-03-21T06:59:01,226,false_positive
INV-03758,A-05019,ORG-007,ANALYST-08,2025-02-07T15:08:45,2025-02-07T17:27:52,704,resolved
INV-03759,A-05020,ORG-007,ANALYST-01,2025-02-21T00:24:44,2025-02-21T03:47:53,315,open
INV-03760,A-05021,ORG-007,ANALYST-16,2025-05-07T15:02:51,2025-05-07T21:14:21,677,resolved
INV-03761,A-05022,ORG-007,ANALYST-11,2025-04-17T10:37:34,2025-04-17T11:42:58,401,resolved
INV-03762,A-05023,ORG-007,ANALYST-20,2025-01-15T19:35:32,2025-01-15T21:59:29,89,escalated
INV-03763,A-05024,ORG-007,ANALYST-02,2025-06-01T11:43:25,2025-06-01T13:00:16,117,resolved
INV-03764,A-05026,ORG-007,ANALYST-06,2025-05-23T10:16:34,2025-05-23T18:03:55,431,resolved
INV-03765,A-05027,ORG-007,ANALYST-08,2025-02-16T11:18:24,2025-02-16T17:48:12,650,resolved
INV-03766,A-05028,ORG-007,ANALYST-06,2025-05-26T03:36:40,2025-05-26T09:38:27,462,resolved
INV-03767,A-05029,ORG-007,ANALYST-06,2025-05-25T11:30:56,2025-05-25T15:54:27,494,escalated
INV-03768,A-05030,ORG-007,ANALYST-04,2025-04-06T23:49:19,2025-04-07T03:57:45,627,resolved
INV-03769,A-05033,ORG-007,ANALYST-01,2025-05-20T19:02:13,2025-05-21T01:53:26,494,resolved
INV-03770,A-05034,ORG-007,ANALYST-16,2025-02-19T08:27:34,2025-02-19T15:00:48,73,escalated
INV-03771,A-05035,ORG-007,ANALYST-10,2025-04-15T15:35:58,2025-04-15T17:16:11,542,resolved
INV-03772,A-05038,ORG-007,ANALYST-18,2025-02-19T00:25:00,2025-02-19T05:02:23,469,resolved
INV-03773,A-05040,ORG-007,ANALYST-10,2025-04-01T12:01:08,2025-04-01T16:22:50,209,resolved
INV-03774,A-05041,ORG-007,ANALYST-12,2025-05-23T05:35:34,2025-05-23T07:45:14,402,resolved
INV-03775,A-05042,ORG-007,ANALYST-19,2025-05-27T15:27:30,2025-05-27T17:02:19,293,resolved
INV-03776,A-05043,ORG-007,ANALYST-09,2025-05-16T11:34:41,2025-05-16T19:26:33,755,resolved
INV-03777,A-05044,ORG-007,ANALYST-04,2025-03-24T09:08:48,2025-03-24T09:39:05,461,resolved
INV-03778,A-05045,ORG-007,ANALYST-16,2025-03-28T04:31:41,2025-03-28T10:00:56,348,resolved
INV-03779,A-05047,ORG-007,ANALYST-17,2025-04-17T19:46:47,2025-04-17T20:42:29,429,resolved
INV-03780,A-05048,ORG-007,ANALYST-05,2025-06-24T07:35:21,2025-06-24T13:22:15,614,resolved
INV-03781,A-05049,ORG-007,ANALYST-19,2025-01-16T23:01:35,2025-01-17T03:59:07,166,resolved
INV-03782,A-05050,ORG-007,ANALYST-16,2025-01-05T10:57:11,2025-01-05T12:59:41,862,resolved
INV-03783,A-05053,ORG-007,ANALYST-16,2025-02-28T07:35:09,2025-02-28T12:20:37,282,resolved
INV-03784,A-05054,ORG-007,ANALYST-13,2025-01-10T14:14:16,2025-01-10T17:24:39,193,resolved
INV-03785,A-05055,ORG-007,ANALYST-03,2025-02-01T10:02:49,2025-02-01T13:48:24,499,resolved
INV-03786,A-05056,ORG-007,ANALYST-10,2025-01-05T07:48:05,2025-01-05T12:27:30,395,resolved
INV-03787,A-05057,ORG-007,ANALYST-16,2025-06-24T10:46:56,2025-06-24T15:50:26,434,resolved
INV-03788,A-05058,ORG-007,ANALYST-14,2025-05-27T16:42:49,2025-05-27T22:27:17,359,resolved
INV-03789,A-05060,ORG-007,ANALYST-19,2025-01-15T13:55:25,2025-01-15T16:05:58,453,escalated
INV-03790,A-05062,ORG-007,ANALYST-03,2025-04-07T11:16:31,2025-04-07T17:14:18,228,resolved
INV-03791,A-05063,ORG-007,ANALYST-03,2025-04-02T07:32:27,2025-04-02T11:07:15,290,resolved
INV-03792,A-05065,ORG-007,ANALYST-11,2025-04-16T06:25:54,2025-04-16T07:31:00,255,resolved
INV-03793,A-05066,ORG-007,ANALYST-09,2025-04-12T10:05:20,2025-04-12T16:09:28,861,escalated
INV-03794,A-05067,ORG-007,ANALYST-13,2025-01-23T21:58:46,2025-01-24T04:26:02,613,resolved
INV-03795,A-05069,ORG-007,ANALYST-09,2025-01-01T23:17:08,2025-01-02T01:26:04,527,resolved
INV-03796,A-05070,ORG-007,ANALYST-17,2025-03-03T03:23:17,2025-03-03T09:34:49,80,escalated
INV-03797,A-05071,ORG-007,ANALYST-08,2025-01-13T16:56:20,2025-01-13T20:01:58,305,resolved
INV-03798,A-05072,ORG-007,ANALYST-20,2025-02-22T10:18:46,2025-02-22T15:40:18,459,resolved
INV-03799,A-05073,ORG-007,ANALYST-19,2025-06-20T13:59:30,2025-06-20T18:16:54,583,resolved
INV-03800,A-05074,ORG-007,ANALYST-13,2025-01-17T19:17:12,2025-01-17T21:19:11,297,resolved
INV-03801,A-05075,ORG-007,ANALYST-19,2025-01-10T10:15:19,2025-01-10T15:53:17,195,resolved
INV-03802,A-05076,ORG-007,ANALYST-04,2025-01-12T16:54:08,2025-01-12T22:38:16,632,escalated
INV-03803,A-05077,ORG-007,ANALYST-16,2025-06-11T04:07:26,2025-06-11T06:34:55,124,resolved
INV-03804,A-05078,ORG-007,ANALYST-14,2025-04-26T09:49:50,2025-04-26T16:58:57,574,escalated
INV-03805,A-05080,ORG-007,ANALYST-18,2025-05-23T06:45:48,2025-05-23T14:31:14,564,open
INV-03806,A-05081,ORG-007,ANALYST-16,2025-04-01T05:11:28,2025-04-01T05:53:57,892,escalated
INV-03807,A-05082,ORG-007,ANALYST-20,2025-04-16T20:01:36,2025-04-17T03:03:01,369,resolved
INV-03808,A-05083,ORG-007,ANALYST-10,2025-04-17T00:45:20,2025-04-17T03:40:39,82,resolved
INV-03809,A-05085,ORG-007,ANALYST-11,2025-03-28T04:40:33,2025-03-28T06:50:50,231,resolved
INV-03810,A-05086,ORG-007,ANALYST-03,2025-05-10T04:02:54,2025-05-10T08:06:24,440,resolved
INV-03811,A-05087,ORG-007,ANALYST-11,2025-05-17T18:10:14,2025-05-17T18:51:57,560,false_positive
INV-03812,A-05088,ORG-007,ANALYST-12,2025-06-29T09:03:09,2025-06-29T13:23:04,432,resolved
INV-03813,A-05090,ORG-007,ANALYST-09,2025-03-17T22:38:09,2025-03-18T00:31:01,429,resolved
INV-03814,A-05091,ORG-007,ANALYST-13,2025-03-04T09:17:20,2025-03-04T09:52:16,535,escalated
INV-03815,A-05092,ORG-007,ANALYST-20,2025-04-17T23:55:50,2025-04-18T00:49:06,681,escalated
INV-03816,A-05093,ORG-007,ANALYST-08,2025-03-23T09:02:41,2025-03-23T15:25:33,546,resolved
INV-03817,A-05094,ORG-007,ANALYST-05,2025-03-08T19:55:40,2025-03-08T22:17:05,252,open
INV-03818,A-05096,ORG-007,ANALYST-02,2025-01-26T00:16:04,2025-01-26T01:58:29,302,resolved
INV-03819,A-05097,ORG-007,ANALYST-15,2025-03-19T11:58:57,2025-03-19T19:35:23,346,resolved
INV-03820,A-05098,ORG-007,ANALYST-17,2025-05-28T16:10:41,2025-05-28T23:01:22,405,resolved
INV-03821,A-05100,ORG-007,ANALYST-12,2025-02-16T04:51:34,2025-02-16T06:22:03,333,false_positive
INV-03822,A-05101,ORG-007,ANALYST-20,2025-05-27T00:05:58,2025-05-27T06:30:39,394,escalated
INV-03823,A-05102,ORG-007,ANALYST-05,2025-04-10T17:40:13,2025-04-10T22:49:46,272,open
INV-03824,A-05103,ORG-007,ANALYST-03,2025-03-07T10:45:00,2025-03-07T18:44:40,279,resolved
INV-03825,A-05104,ORG-007,ANALYST-10,2025-04-16T21:58:20,2025-04-17T00:14:50,195,false_positive
INV-03826,A-05105,ORG-007,ANALYST-13,2025-03-08T11:30:50,2025-03-08T15:59:28,565,resolved
INV-03827,A-05106,ORG-007,ANALYST-09,2025-03-01T08:04:45,2025-03-01T14:52:39,162,escalated
INV-03828,A-05108,ORG-007,ANALYST-08,2025-02-14T22:19:28,2025-02-15T01:39:22,472,escalated
INV-03829,A-05110,ORG-007,ANALYST-19,2025-03-27T22:30:52,2025-03-28T05:13:07,467,escalated
INV-03830,A-05111,ORG-007,ANALYST-08,2025-05-04T04:59:27,2025-05-04T10:01:47,138,resolved
INV-03831,A-05112,ORG-007,ANALYST-06,2025-02-21T02:49:15,2025-02-21T06:20:19,297,resolved
INV-03832,A-05113,ORG-007,ANALYST-20,2025-05-18T22:13:36,2025-05-19T03:43:02,546,resolved
INV-03833,A-05115,ORG-007,ANALYST-18,2025-02-11T18:03:42,2025-02-11T23:30:41,272,resolved
INV-03834,A-05116,ORG-007,ANALYST-07,2025-03-31T21:42:31,2025-04-01T01:02:50,392,resolved
INV-03835,A-05117,ORG-007,ANALYST-10,2025-02-19T18:59:49,2025-02-19T21:00:34,600,escalated
INV-03836,A-05118,ORG-007,ANALYST-15,2025-01-15T21:41:35,2025-01-16T00:36:30,378,escalated
INV-03837,A-05119,ORG-007,ANALYST-10,2025-05-19T16:59:38,2025-05-19T22:42:33,535,resolved
INV-03838,A-05120,ORG-007,ANALYST-10,2025-06-02T14:53:31,2025-06-02T22:05:02,254,open
INV-03839,A-05121,ORG-007,ANALYST-09,2025-04-01T02:45:22,2025-04-01T04:06:11,385,resolved
INV-03840,A-05122,ORG-007,ANALYST-13,2025-01-26T05:39:04,2025-01-26T12:11:13,368,false_positive
INV-03841,A-05123,ORG-007,ANALYST-07,2025-06-24T04:52:19,2025-06-24T06:23:22,326,resolved
INV-03842,A-05125,ORG-007,ANALYST-07,2025-04-20T04:22:05,2025-04-20T10:26:14,230,resolved
INV-03843,A-05126,ORG-007,ANALYST-19,2025-02-11T07:22:01,2025-02-11T08:39:38,444,resolved
INV-03844,A-05127,ORG-007,ANALYST-18,2025-01-03T15:45:07,2025-01-03T19:00:48,509,resolved
INV-03845,A-05128,ORG-007,ANALYST-11,2025-01-17T22:03:34,2025-01-18T03:07:50,654,escalated
INV-03846,A-05129,ORG-007,ANALYST-10,2025-03-18T09:25:38,2025-03-18T11:32:22,108,false_positive
INV-03847,A-05130,ORG-007,ANALYST-03,2025-06-19T10:33:06,2025-06-19T14:14:44,231,false_positive
INV-03848,A-05131,ORG-007,ANALYST-07,2025-05-07T07:28:30,2025-05-07T11:28:43,224,resolved
INV-03849,A-05132,ORG-007,ANALYST-20,2025-01-18T08:46:42,2025-01-18T09:56:47,713,escalated
INV-03850,A-05133,ORG-007,ANALYST-19,2025-03-11T12:18:58,2025-03-11T17:51:20,712,escalated
INV-03851,A-05134,ORG-007,ANALYST-16,2025-01-30T11:47:20,2025-01-30T12:55:03,318,resolved
INV-03852,A-05135,ORG-007,ANALYST-18,2025-06-27T23:30:52,2025-06-28T01:50:48,342,resolved
INV-03853,A-05136,ORG-007,ANALYST-16,2025-05-10T12:03:22,2025-05-10T16:55:58,406,resolved
INV-03854,A-05137,ORG-007,ANALYST-04,2025-06-11T00:18:33,2025-06-11T07:27:37,324,resolved
INV-03855,A-05138,ORG-007,ANALYST-09,2025-02-13T02:29:17,2025-02-13T06:55:01,648,resolved
INV-03856,A-05139,ORG-007,ANALYST-17,2025-02-26T10:14:57,2025-02-26T13:11:14,189,resolved
INV-03857,A-05140,ORG-007,ANALYST-12,2025-05-27T13:07:02,2025-05-27T16:46:32,507,open
INV-03858,A-05142,ORG-007,ANALYST-07,2025-02-25T11:24:04,2025-02-25T19:19:55,651,resolved
INV-03859,A-05143,ORG-007,ANALYST-14,2025-06-04T03:50:20,2025-06-04T10:59:28,298,resolved
INV-03860,A-05145,ORG-007,ANALYST-07,2025-05-23T14:51:35,2025-05-23T21:22:09,482,open
INV-03861,A-05146,ORG-007,ANALYST-06,2025-03-25T22:18:14,2025-03-26T02:59:43,177,false_positive
INV-03862,A-05148,ORG-007,ANALYST-15,2025-01-01T22:54:45,2025-01-02T04:53:34,342,escalated
INV-03863,A-05149,ORG-007,ANALYST-20,2025-03-13T19:29:19,2025-03-14T03:01:05,275,escalated
INV-03864,A-05150,ORG-007,ANALYST-10,2025-04-12T13:35:27,2025-04-12T15:02:39,691,open
INV-03865,A-05152,ORG-007,ANALYST-05,2025-05-16T17:27:50,2025-05-16T19:25:32,201,resolved
INV-03866,A-05153,ORG-007,ANALYST-10,2025-01-07T16:32:22,2025-01-07T21:48:16,194,resolved
INV-03867,A-05155,ORG-007,ANALYST-06,2025-01-21T01:25:22,2025-01-21T07:10:10,492,open
INV-03868,A-05156,ORG-007,ANALYST-08,2025-06-09T14:12:53,2025-06-09T17:46:27,705,resolved
INV-03869,A-05157,ORG-007,ANALYST-13,2025-06-10T17:45:11,2025-06-10T19:10:31,125,resolved
INV-03870,A-05158,ORG-007,ANALYST-05,2025-06-06T11:58:54,2025-06-06T15:51:48,259,resolved
INV-03871,A-05159,ORG-007,ANALYST-08,2025-04-06T08:47:57,2025-04-06T15:06:26,459,escalated
INV-03872,A-05160,ORG-007,ANALYST-09,2025-06-29T13:03:40,2025-06-29T14:37:41,835,escalated
INV-03873,A-05161,ORG-007,ANALYST-18,2025-05-06T17:17:29,2025-05-06T20:08:29,345,open
INV-03874,A-05162,ORG-007,ANALYST-06,2025-02-23T07:48:16,2025-02-23T08:49:07,319,resolved
INV-03875,A-05163,ORG-007,ANALYST-16,2025-04-03T19:09:51,2025-04-04T02:29:08,294,resolved
INV-03876,A-05164,ORG-007,ANALYST-09,2025-02-07T12:42:42,2025-02-07T16:12:57,362,escalated
INV-03877,A-05165,ORG-007,ANALYST-13,2025-03-03T21:22:15,2025-03-04T01:29:52,626,escalated
INV-03878,A-05166,ORG-007,ANALYST-15,2025-01-26T16:28:22,2025-01-26T21:44:07,276,resolved
INV-03879,A-05167,ORG-007,ANALYST-12,2025-05-23T10:19:20,2025-05-23T14:49:20,227,resolved
INV-03880,A-05168,ORG-007,ANALYST-02,2025-03-04T16:19:53,2025-03-04T21:23:49,170,resolved
INV-03881,A-05169,ORG-007,ANALYST-13,2025-04-11T12:38:47,2025-04-11T19:08:41,191,open
INV-03882,A-05170,ORG-007,ANALYST-15,2025-05-14T00:12:27,2025-05-14T08:03:31,236,resolved
INV-03883,A-05172,ORG-007,ANALYST-05,2025-06-05T09:03:22,2025-06-05T14:16:01,191,open
INV-03884,A-05173,ORG-007,ANALYST-11,2025-05-22T22:55:11,2025-05-23T03:15:36,896,resolved
INV-03885,A-05174,ORG-007,ANALYST-11,2025-01-21T03:24:59,2025-01-21T11:09:04,799,false_positive
INV-03886,A-05175,ORG-007,ANALYST-05,2025-02-02T09:07:20,2025-02-02T11:58:48,237,resolved
INV-03887,A-05176,ORG-007,ANALYST-03,2025-02-11T17:42:32,2025-02-12T00:17:04,440,escalated
INV-03888,A-05177,ORG-007,ANALYST-06,2025-05-11T05:35:43,2025-05-11T07:15:01,357,false_positive
INV-03889,A-05178,ORG-007,ANALYST-17,2025-04-27T20:44:50,2025-04-27T21:39:37,462,resolved
INV-03890,A-05179,ORG-007,ANALYST-11,2025-05-06T00:59:28,2025-05-06T07:47:51,432,resolved
INV-03891,A-05180,ORG-007,ANALYST-09,2025-01-26T14:58:42,2025-01-26T15:56:42,182,false_positive
INV-03892,A-05181,ORG-007,ANALYST-11,2025-02-21T04:20:28,2025-02-21T10:49:37,414,escalated
INV-03893,A-05182,ORG-007,ANALYST-15,2025-04-11T03:08:31,2025-04-11T05:34:18,525,false_positive
INV-03894,A-05183,ORG-007,ANALYST-08,2025-04-18T00:51:05,2025-04-18T05:47:19,695,escalated
INV-03895,A-05185,ORG-007,ANALYST-17,2025-04-01T21:49:08,2025-04-02T00:20:35,208,resolved
INV-03896,A-05187,ORG-007,ANALYST-04,2025-04-26T11:09:36,2025-04-26T15:07:01,413,resolved
INV-03897,A-05188,ORG-007,ANALYST-05,2025-05-25T10:18:16,2025-05-25T14:27:09,121,resolved
INV-03898,A-05189,ORG-007,ANALYST-11,2025-02-01T04:46:12,2025-02-01T09:24:26,318,resolved
INV-03899,A-05190,ORG-007,ANALYST-01,2025-01-11T16:50:38,2025-01-11T23:39:16,245,resolved
INV-03900,A-05191,ORG-007,ANALYST-02,2025-06-19T11:58:51,2025-06-19T13:29:57,314,resolved
INV-03901,A-05192,ORG-007,ANALYST-16,2025-06-03T10:06:36,2025-06-03T10:59:47,307,escalated
INV-03902,A-05193,ORG-007,ANALYST-10,2025-04-11T05:04:11,2025-04-11T07:04:40,242,resolved
INV-03903,A-05194,ORG-007,ANALYST-16,2025-04-19T18:46:53,2025-04-20T00:08:12,161,escalated
INV-03904,A-05195,ORG-007,ANALYST-08,2025-02-08T01:42:57,2025-02-08T09:17:27,360,false_positive
INV-03905,A-05196,ORG-007,ANALYST-08,2025-02-10T00:23:06,2025-02-10T04:53:57,361,resolved
INV-03906,A-05198,ORG-007,ANALYST-19,2025-01-22T04:12:11,2025-01-22T08:01:30,267,open
INV-03907,A-05199,ORG-007,ANALYST-02,2025-04-24T08:45:41,2025-04-24T14:02:30,886,resolved
INV-03908,A-05201,ORG-007,ANALYST-02,2025-03-25T08:43:35,2025-03-25T11:00:54,407,resolved
INV-03909,A-05202,ORG-007,ANALYST-13,2025-04-16T23:42:03,2025-04-17T06:06:30,228,escalated
INV-03910,A-05203,ORG-007,ANALYST-04,2025-02-19T21:45:03,2025-02-19T22:50:08,738,resolved
INV-03911,A-05204,ORG-007,ANALYST-17,2025-03-07T01:11:17,2025-03-07T02:37:14,227,resolved
INV-03912,A-05209,ORG-007,ANALYST-04,2025-04-24T05:55:00,2025-04-24T10:39:35,701,escalated
INV-03913,A-05210,ORG-007,ANALYST-02,2025-06-28T10:52:41,2025-06-28T13:59:06,414,resolved
INV-03914,A-05211,ORG-007,ANALYST-04,2025-03-26T21:24:22,2025-03-27T02:21:49,617,escalated
INV-03915,A-05212,ORG-007,ANALYST-01,2025-01-19T04:08:10,2025-01-19T08:10:56,583,resolved
INV-03916,A-05213,ORG-007,ANALYST-16,2025-06-01T23:11:38,2025-06-02T06:05:30,188,resolved
INV-03917,A-05214,ORG-007,ANALYST-03,2025-05-23T08:31:53,2025-05-23T11:18:29,200,resolved
INV-03918,A-05215,ORG-007,ANALYST-07,2025-03-03T17:14:09,2025-03-03T23:25:12,486,escalated
INV-03919,A-05218,ORG-007,ANALYST-03,2025-06-08T15:10:42,2025-06-08T23:06:07,646,resolved
INV-03920,A-05219,ORG-007,ANALYST-13,2025-04-23T05:12:09,2025-04-23T11:54:05,303,resolved
INV-03921,A-05221,ORG-007,ANALYST-16,2025-06-27T04:37:59,2025-06-27T12:09:17,388,resolved
INV-03922,A-05222,ORG-007,ANALYST-18,2025-02-01T11:46:14,2025-02-01T18:46:32,78,resolved
INV-03923,A-05223,ORG-007,ANALYST-20,2025-02-03T05:57:47,2025-02-03T07:23:34,454,resolved
INV-03924,A-05224,ORG-007,ANALYST-18,2025-02-26T11:20:09,2025-02-26T19:05:42,194,false_positive
INV-03925,A-05225,ORG-007,ANALYST-06,2025-03-10T23:01:43,2025-03-11T01:45:49,297,resolved
INV-03926,A-05226,ORG-007,ANALYST-15,2025-06-27T14:51:16,2025-06-27T19:16:40,775,resolved
INV-03927,A-05228,ORG-007,ANALYST-04,2025-06-05T21:07:25,2025-06-06T04:19:47,232,resolved
INV-03928,A-05230,ORG-007,ANALYST-11,2025-05-01T20:28:20,2025-05-02T01:38:24,343,false_positive
INV-03929,A-05231,ORG-007,ANALYST-09,2025-05-13T19:39:18,2025-05-13T22:06:13,235,false_positive
INV-03930,A-05232,ORG-007,ANALYST-16,2025-04-29T04:00:56,2025-04-29T07:36:26,473,escalated
INV-03931,A-05233,ORG-007,ANALYST-06,2025-04-30T23:16:28,2025-05-01T00:50:43,439,open
INV-03932,A-05234,ORG-007,ANALYST-19,2025-05-02T09:51:13,2025-05-02T14:28:34,262,resolved
INV-03933,A-05235,ORG-007,ANALYST-16,2025-01-29T22:17:12,2025-01-30T04:51:27,366,resolved
INV-03934,A-05236,ORG-007,ANALYST-13,2025-02-09T05:27:00,2025-02-09T07:35:51,674,escalated
INV-03935,A-05237,ORG-007,ANALYST-20,2025-03-31T03:48:51,2025-03-31T05:51:35,470,resolved
INV-03936,A-05238,ORG-007,ANALYST-10,2025-01-14T12:51:08,2025-01-14T16:35:28,228,resolved
INV-03937,A-05239,ORG-007,ANALYST-17,2025-03-16T09:43:29,2025-03-16T13:10:55,243,resolved
INV-03938,A-05240,ORG-007,ANALYST-13,2025-01-25T16:30:13,2025-01-25T23:29:40,214,escalated
INV-03939,A-05241,ORG-007,ANALYST-20,2025-02-28T07:25:41,2025-02-28T11:42:36,498,false_positive
INV-03940,A-05243,ORG-007,ANALYST-03,2025-04-28T18:08:32,2025-04-28T22:29:03,117,resolved
INV-03941,A-05245,ORG-007,ANALYST-20,2025-03-24T00:29:53,2025-03-24T07:28:26,678,resolved
INV-03942,A-05247,ORG-007,ANALYST-04,2025-05-04T08:42:51,2025-05-04T09:55:28,742,open
INV-03943,A-05248,ORG-007,ANALYST-15,2025-04-03T05:08:41,2025-04-03T09:57:56,701,escalated
INV-03944,A-05249,ORG-007,ANALYST-11,2025-01-05T16:28:48,2025-01-05T22:47:04,238,resolved
INV-03945,A-05252,ORG-007,ANALYST-15,2025-06-10T02:37:01,2025-06-10T07:25:13,63,false_positive
INV-03946,A-05255,ORG-007,ANALYST-09,2025-02-19T12:16:50,2025-02-19T16:37:30,668,resolved
INV-03947,A-05256,ORG-007,ANALYST-18,2025-06-17T11:16:33,2025-06-17T14:46:11,395,resolved
INV-03948,A-05257,ORG-007,ANALYST-19,2025-01-31T03:17:39,2025-01-31T06:44:58,348,resolved
INV-03949,A-05258,ORG-007,ANALYST-20,2025-03-25T11:35:44,2025-03-25T16:38:47,329,false_positive
INV-03950,A-05260,ORG-007,ANALYST-17,2025-06-14T21:13:45,2025-06-15T02:21:15,307,escalated
INV-03951,A-05261,ORG-007,ANALYST-16,2025-06-23T09:35:01,2025-06-23T14:34:54,498,resolved
INV-03952,A-05262,ORG-007,ANALYST-05,2025-05-29T14:13:55,2025-05-29T15:30:22,168,false_positive
INV-03953,A-05263,ORG-007,ANALYST-16,2025-02-09T11:46:24,2025-02-09T13:41:44,254,open
INV-03954,A-05264,ORG-007,ANALYST-07,2025-02-02T14:53:35,2025-02-02T22:33:09,397,resolved
INV-03955,A-05265,ORG-007,ANALYST-08,2025-05-27T12:29:42,2025-05-27T17:54:11,553,open
INV-03956,A-05266,ORG-007,ANALYST-05,2025-01-02T21:30:02,2025-01-02T22:52:00,459,resolved
INV-03957,A-05267,ORG-007,ANALYST-03,2025-03-15T08:48:57,2025-03-15T11:55:32,210,false_positive
INV-03958,A-05268,ORG-007,ANALYST-13,2025-02-24T11:50:15,2025-02-24T18:39:39,790,escalated
INV-03959,A-05270,ORG-007,ANALYST-12,2025-06-13T19:48:11,2025-06-13T23:38:16,435,escalated
INV-03960,A-05271,ORG-007,ANALYST-19,2025-06-05T21:41:25,2025-06-06T04:21:00,853,resolved
INV-03961,A-05272,ORG-007,ANALYST-09,2025-01-02T13:07:16,2025-01-02T16:56:29,679,resolved
INV-03962,A-05273,ORG-007,ANALYST-11,2025-05-12T16:12:34,2025-05-12T19:04:26,331,escalated
INV-03963,A-05274,ORG-007,ANALYST-14,2025-04-03T12:21:18,2025-04-03T15:06:08,202,false_positive
INV-03964,A-05275,ORG-007,ANALYST-16,2025-01-07T16:19:04,2025-01-07T22:21:31,140,resolved
INV-03965,A-05276,ORG-007,ANALYST-14,2025-03-03T01:16:30,2025-03-03T04:47:21,460,resolved
INV-03966,A-05277,ORG-007,ANALYST-04,2025-05-25T23:41:34,2025-05-26T02:46:14,721,resolved
INV-03967,A-05278,ORG-007,ANALYST-14,2025-01-29T00:54:34,2025-01-29T07:16:37,213,resolved
INV-03968,A-05279,ORG-007,ANALYST-07,2025-02-16T19:45:33,2025-02-17T03:20:29,387,escalated
INV-03969,A-05280,ORG-007,ANALYST-15,2025-03-31T18:02:29,2025-03-31T21:18:35,173,resolved
INV-03970,A-05281,ORG-007,ANALYST-12,2025-03-28T18:53:26,2025-03-28T20:56:19,601,resolved
INV-03971,A-05282,ORG-007,ANALYST-14,2025-05-29T03:39:20,2025-05-29T04:41:13,463,resolved
INV-03972,A-05283,ORG-007,ANALYST-14,2025-01-14T22:21:43,2025-01-15T01:11:51,744,resolved
INV-03973,A-05284,ORG-007,ANALYST-11,2025-05-24T15:32:44,2025-05-24T20:58:25,419,resolved
INV-03974,A-05285,ORG-007,ANALYST-07,2025-06-30T21:03:59,2025-06-30T23:32:09,118,resolved
INV-03975,A-05286,ORG-007,ANALYST-19,2025-06-23T19:16:24,2025-06-24T01:48:49,668,escalated
INV-03976,A-05287,ORG-007,ANALYST-10,2025-04-13T09:16:32,2025-04-13T15:52:48,339,resolved
INV-03977,A-05288,ORG-007,ANALYST-05,2025-05-15T15:41:34,2025-05-15T19:01:48,359,resolved
INV-03978,A-05289,ORG-007,ANALYST-09,2025-05-18T13:02:58,2025-05-18T19:05:59,390,false_positive
INV-03979,A-05290,ORG-007,ANALYST-20,2025-02-03T22:44:46,2025-02-04T01:44:44,740,resolved
INV-03980,A-05291,ORG-007,ANALYST-20,2025-05-10T03:26:54,2025-05-10T08:02:20,212,resolved
INV-03981,A-05293,ORG-007,ANALYST-07,2025-05-05T06:52:50,2025-05-05T11:37:51,211,resolved
INV-03982,A-05294,ORG-007,ANALYST-18,2025-01-13T04:55:41,2025-01-13T08:20:35,544,resolved
INV-03983,A-05297,ORG-007,ANALYST-17,2025-02-17T15:32:34,2025-02-17T18:57:42,285,false_positive
INV-03984,A-05299,ORG-007,ANALYST-11,2025-04-01T18:47:32,2025-04-01T23:28:44,112,resolved
INV-03985,A-05300,ORG-007,ANALYST-20,2025-03-12T17:01:09,2025-03-13T00:51:39,420,resolved
INV-03986,A-05302,ORG-007,ANALYST-03,2025-06-11T22:19:18,2025-06-12T06:19:07,440,false_positive
INV-03987,A-05303,ORG-007,ANALYST-02,2025-05-06T20:59:40,2025-05-07T01:02:50,563,escalated
INV-03988,A-05304,ORG-007,ANALYST-11,2025-03-23T02:53:10,2025-03-23T05:37:56,335,false_positive
INV-03989,A-05305,ORG-007,ANALYST-01,2025-04-28T10:21:30,2025-04-28T16:09:20,454,resolved
INV-03990,A-05306,ORG-007,ANALYST-15,2025-05-16T09:31:16,2025-05-16T13:07:00,287,escalated
INV-03991,A-05307,ORG-007,ANALYST-19,2025-06-06T18:57:35,2025-06-07T01:02:27,312,resolved
INV-03992,A-05309,ORG-007,ANALYST-13,2025-05-30T16:58:05,2025-05-30T22:14:48,645,false_positive
INV-03993,A-05310,ORG-007,ANALYST-12,2025-03-09T23:46:36,2025-03-10T02:57:48,374,resolved
INV-03994,A-05311,ORG-007,ANALYST-08,2025-04-23T19:42:04,2025-04-23T21:08:29,141,escalated
INV-03995,A-05314,ORG-007,ANALYST-03,2025-02-07T06:51:07,2025-02-07T09:04:35,552,false_positive
INV-03996,A-05315,ORG-007,ANALYST-01,2025-05-07T09:27:00,2025-05-07T11:10:02,325,escalated
INV-03997,A-05316,ORG-007,ANALYST-06,2025-04-11T15:44:58,2025-04-11T16:44:33,167,resolved
INV-03998,A-05317,ORG-007,ANALYST-14,2025-01-26T04:31:29,2025-01-26T08:52:48,273,resolved
INV-03999,A-05318,ORG-007,ANALYST-12,2025-05-22T03:52:13,2025-05-22T06:50:13,305,escalated
INV-04000,A-05319,ORG-007,ANALYST-07,2025-01-13T20:07:05,2025-01-14T01:41:06,195,resolved
INV-04001,A-05320,ORG-007,ANALYST-12,2025-01-04T20:02:42,2025-01-05T00:35:22,119,resolved
INV-04002,A-05321,ORG-007,ANALYST-17,2025-02-20T03:32:16,2025-02-20T06:52:23,609,resolved
INV-04003,A-05324,ORG-007,ANALYST-09,2025-05-05T06:25:04,2025-05-05T11:37:52,683,false_positive
INV-04004,A-05325,ORG-007,ANALYST-03,2025-04-06T09:32:35,2025-04-06T17:13:15,267,escalated
INV-04005,A-05326,ORG-007,ANALYST-09,2025-01-07T13:12:06,2025-01-07T15:39:24,386,open
INV-04006,A-05327,ORG-007,ANALYST-12,2025-02-11T02:07:28,2025-02-11T04:32:15,263,resolved
INV-04007,A-05328,ORG-007,ANALYST-19,2025-02-16T15:49:22,2025-02-16T20:06:17,466,escalated
INV-04008,A-05329,ORG-007,ANALYST-11,2025-01-14T21:03:50,2025-01-15T03:53:14,455,resolved
INV-04009,A-05330,ORG-007,ANALYST-13,2025-03-03T05:48:44,2025-03-03T11:44:29,177,resolved
INV-04010,A-05331,ORG-007,ANALYST-17,2025-04-16T07:15:53,2025-04-16T12:42:46,583,resolved
INV-04011,A-05332,ORG-007,ANALYST-04,2025-06-04T02:19:20,2025-06-04T03:33:57,527,resolved
INV-04012,A-05333,ORG-007,ANALYST-19,2025-05-27T21:22:25,2025-05-28T03:56:36,158,resolved
INV-04013,A-05334,ORG-007,ANALYST-12,2025-03-14T04:32:41,2025-03-14T08:39:21,148,open
INV-04014,A-05335,ORG-007,ANALYST-15,2025-06-06T00:06:22,2025-06-06T00:45:57,545,false_positive
INV-04015,A-05336,ORG-007,ANALYST-20,2025-02-01T22:42:22,2025-02-02T01:57:17,513,resolved
INV-04016,A-05338,ORG-007,ANALYST-12,2025-01-08T03:35:09,2025-01-08T07:48:07,221,escalated
INV-04017,A-05339,ORG-007,ANALYST-04,2025-02-12T11:44:49,2025-02-12T14:35:51,259,resolved
INV-04018,A-05340,ORG-007,ANALYST-06,2025-05-24T09:41:09,2025-05-24T13:34:06,267,escalated
INV-04019,A-05341,ORG-007,ANALYST-20,2025-02-11T12:45:03,2025-02-11T14:42:11,124,resolved
INV-04020,A-05342,ORG-007,ANALYST-09,2025-05-14T19:29:29,2025-05-14T22:23:37,498,false_positive
INV-04021,A-05343,ORG-007,ANALYST-03,2025-02-08T17:45:49,2025-02-08T23:06:18,279,resolved
INV-04022,A-05344,ORG-007,ANALYST-17,2025-05-27T08:01:53,2025-05-27T09:16:43,466,escalated
INV-04023,A-05345,ORG-007,ANALYST-01,2025-05-20T22:05:31,2025-05-21T01:01:57,279,escalated
INV-04024,A-05346,ORG-007,ANALYST-18,2025-04-24T21:25:32,2025-04-25T03:24:04,424,resolved
INV-04025,A-05347,ORG-007,ANALYST-15,2025-02-02T18:50:42,2025-02-02T20:38:10,129,resolved
INV-04026,A-05349,ORG-007,ANALYST-04,2025-06-26T12:26:25,2025-06-26T18:02:01,125,escalated
INV-04027,A-05351,ORG-007,ANALYST-05,2025-02-19T17:01:00,2025-02-19T18:36:49,377,escalated
INV-04028,A-05352,ORG-007,ANALYST-08,2025-06-04T18:47:52,2025-06-04T22:56:30,151,escalated
INV-04029,A-05353,ORG-007,ANALYST-05,2025-03-28T00:47:08,2025-03-28T08:19:51,842,resolved
INV-04030,A-05355,ORG-007,ANALYST-09,2025-01-31T22:34:32,2025-02-01T03:38:03,795,resolved
INV-04031,A-05356,ORG-007,ANALYST-10,2025-06-05T12:03:23,2025-06-05T17:16:29,138,open
INV-04032,A-05358,ORG-007,ANALYST-07,2025-03-07T00:19:33,2025-03-07T08:01:24,640,resolved
INV-04033,A-05359,ORG-007,ANALYST-20,2025-01-12T07:23:57,2025-01-12T09:22:15,359,resolved
INV-04034,A-05360,ORG-007,ANALYST-04,2025-01-09T17:38:27,2025-01-09T21:53:22,118,resolved
INV-04035,A-05361,ORG-007,ANALYST-04,2025-04-10T16:02:00,2025-04-10T16:56:06,322,false_positive
INV-04036,A-05362,ORG-007,ANALYST-05,2025-03-30T07:53:54,2025-03-30T10:29:57,257,escalated
INV-04037,A-05363,ORG-007,ANALYST-19,2025-01-09T00:30:51,2025-01-09T06:35:00,388,resolved
INV-04038,A-05366,ORG-007,ANALYST-18,2025-05-12T01:48:38,2025-05-12T02:58:22,623,resolved
INV-04039,A-05367,ORG-007,ANALYST-11,2025-05-15T04:52:20,2025-05-15T09:08:18,127,resolved
INV-04040,A-05368,ORG-007,ANALYST-18,2025-05-26T12:36:21,2025-05-26T19:31:56,296,resolved
INV-04041,A-05370,ORG-007,ANALYST-06,2025-04-06T16:03:06,2025-04-06T21:32:55,281,resolved
INV-04042,A-05372,ORG-007,ANALYST-16,2025-06-12T00:00:50,2025-06-12T02:29:44,662,escalated
INV-04043,A-05373,ORG-007,ANALYST-08,2025-05-01T14:23:38,2025-05-01T15:30:43,207,resolved
INV-04044,A-05374,ORG-007,ANALYST-16,2025-05-19T14:38:11,2025-05-19T15:35:08,483,escalated
INV-04045,A-05375,ORG-007,ANALYST-18,2025-04-23T17:09:59,2025-04-23T19:50:48,175,escalated
INV-04046,A-05376,ORG-007,ANALYST-18,2025-05-14T14:06:37,2025-05-14T16:53:00,452,false_positive
INV-04047,A-05377,ORG-007,ANALYST-10,2025-05-17T15:35:45,2025-05-17T16:39:51,355,escalated
INV-04048,A-05378,ORG-007,ANALYST-03,2025-06-26T01:41:27,2025-06-26T03:12:11,52,resolved
INV-04049,A-05379,ORG-007,ANALYST-20,2025-06-05T03:40:36,2025-06-05T04:45:16,351,escalated
INV-04050,A-05381,ORG-007,ANALYST-03,2025-01-08T15:11:15,2025-01-08T21:57:13,257,resolved
INV-04051,A-05382,ORG-007,ANALYST-17,2025-06-28T03:02:51,2025-06-28T07:33:02,492,false_positive
INV-04052,A-05383,ORG-007,ANALYST-16,2025-05-28T23:16:05,2025-05-29T02:01:36,124,resolved
INV-04053,A-05384,ORG-007,ANALYST-16,2025-04-08T09:56:56,2025-04-08T17:15:50,224,resolved
INV-04054,A-05385,ORG-007,ANALYST-03,2025-04-28T02:37:19,2025-04-28T08:33:27,105,resolved
INV-04055,A-05388,ORG-007,ANALYST-06,2025-02-09T13:33:27,2025-02-09T20:59:55,613,false_positive
INV-04056,A-05391,ORG-007,ANALYST-06,2025-03-22T23:48:48,2025-03-23T03:03:23,684,resolved
INV-04057,A-05392,ORG-007,ANALYST-17,2025-06-23T02:08:41,2025-06-23T02:54:33,403,resolved
INV-04058,A-05393,ORG-007,ANALYST-04,2025-04-04T03:07:26,2025-04-04T06:34:55,507,false_positive
INV-04059,A-05395,ORG-007,ANALYST-19,2025-03-14T13:40:07,2025-03-14T20:01:23,522,escalated
INV-04060,A-05397,ORG-007,ANALYST-17,2025-03-06T09:37:46,2025-03-06T11:38:05,230,resolved
INV-04061,A-05398,ORG-007,ANALYST-07,2025-01-11T14:28:52,2025-01-11T15:31:25,741,escalated
INV-04062,A-05399,ORG-007,ANALYST-06,2025-03-06T05:09:48,2025-03-06T09:38:15,659,resolved
INV-04063,A-05400,ORG-007,ANALYST-09,2025-04-14T03:41:15,2025-04-14T04:30:45,74,resolved
INV-04064,A-05401,ORG-007,ANALYST-17,2025-06-07T01:10:42,2025-06-07T08:11:16,334,false_positive
INV-04065,A-05402,ORG-007,ANALYST-08,2025-03-23T17:54:38,2025-03-23T20:11:35,237,resolved
INV-04066,A-05403,ORG-007,ANALYST-17,2025-06-01T00:55:03,2025-06-01T07:26:56,139,resolved
INV-04067,A-05404,ORG-007,ANALYST-20,2025-03-12T01:10:50,2025-03-12T08:21:32,462,escalated
INV-04068,A-05405,ORG-007,ANALYST-20,2025-03-28T02:03:05,2025-03-28T04:09:17,204,escalated
INV-04069,A-05406,ORG-007,ANALYST-06,2025-03-20T09:10:25,2025-03-20T10:12:47,278,resolved
INV-04070,A-05407,ORG-007,ANALYST-19,2025-05-18T09:16:47,2025-05-18T15:54:58,406,resolved
INV-04071,A-05408,ORG-007,ANALYST-12,2025-03-18T23:28:10,2025-03-19T06:11:19,274,false_positive
INV-04072,A-05409,ORG-007,ANALYST-17,2025-01-23T07:05:02,2025-01-23T12:57:02,481,resolved
INV-04073,A-05410,ORG-007,ANALYST-08,2025-01-20T13:50:38,2025-01-20T21:00:43,497,resolved
INV-04074,A-05411,ORG-007,ANALYST-12,2025-05-22T01:27:12,2025-05-22T02:49:15,284,resolved
INV-04075,A-05412,ORG-007,ANALYST-05,2025-06-17T19:34:51,2025-06-17T23:03:37,259,open
INV-04076,A-05413,ORG-007,ANALYST-02,2025-05-09T08:06:00,2025-05-09T14:26:05,213,resolved
INV-04077,A-05414,ORG-007,ANALYST-02,2025-01-17T06:05:31,2025-01-17T12:24:31,194,resolved
INV-04078,A-05415,ORG-007,ANALYST-17,2025-04-14T03:30:07,2025-04-14T08:26:46,469,resolved
INV-04079,A-05416,ORG-007,ANALYST-14,2025-05-11T20:09:42,2025-05-12T03:59:06,498,resolved
INV-04080,A-05417,ORG-007,ANALYST-09,2025-02-27T17:07:06,2025-02-28T00:04:33,274,resolved
INV-04081,A-05418,ORG-007,ANALYST-07,2025-05-05T22:24:43,2025-05-06T06:18:51,416,escalated
INV-04082,A-05419,ORG-007,ANALYST-09,2025-06-12T09:18:32,2025-06-12T09:51:34,613,false_positive
INV-04083,A-05421,ORG-007,ANALYST-16,2025-04-02T09:41:50,2025-04-02T16:19:23,461,resolved
INV-04084,A-05422,ORG-007,ANALYST-01,2025-01-05T01:29:55,2025-01-05T08:15:09,477,escalated
INV-04085,A-05423,ORG-007,ANALYST-07,2025-04-15T09:49:27,2025-04-15T14:06:48,438,resolved
INV-04086,A-05425,ORG-007,ANALYST-05,2025-01-05T03:19:37,2025-01-05T08:52:30,720,escalated
INV-04087,A-05426,ORG-007,ANALYST-18,2025-01-17T16:33:22,2025-01-17T21:44:50,279,resolved
INV-04088,A-05427,ORG-007,ANALYST-18,2025-03-16T00:22:06,2025-03-16T02:09:55,128,resolved
INV-04089,A-05428,ORG-007,ANALYST-02,2025-05-19T18:45:46,2025-05-19T20:52:32,394,open
INV-04090,A-05429,ORG-007,ANALYST-10,2025-03-02T15:42:03,2025-03-02T20:32:30,114,resolved
INV-04091,A-05430,ORG-007,ANALYST-08,2025-02-20T22:50:02,2025-02-21T00:50:25,469,escalated
INV-04092,A-05431,ORG-007,ANALYST-03,2025-02-24T09:59:39,2025-02-24T13:27:34,509,resolved
INV-04093,A-05432,ORG-007,ANALYST-19,2025-05-31T10:39:08,2025-05-31T11:34:19,445,escalated
INV-04094,A-05434,ORG-007,ANALYST-14,2025-03-21T01:35:33,2025-03-21T04:41:12,347,resolved
INV-04095,A-05436,ORG-007,ANALYST-04,2025-05-15T01:05:17,2025-05-15T06:35:19,451,resolved
INV-04096,A-05439,ORG-007,ANALYST-04,2025-03-12T02:31:05,2025-03-12T09:24:52,427,resolved
INV-04097,A-05440,ORG-007,ANALYST-09,2025-05-30T04:03:43,2025-05-30T08:40:54,291,resolved
INV-04098,A-05441,ORG-007,ANALYST-08,2025-01-30T05:55:18,2025-01-30T08:09:14,343,false_positive
INV-04099,A-05442,ORG-007,ANALYST-04,2025-02-09T02:52:56,2025-02-09T07:53:31,365,resolved
INV-04100,A-05443,ORG-007,ANALYST-06,2025-03-05T19:50:38,2025-03-05T22:41:09,494,escalated
INV-04101,A-05444,ORG-007,ANALYST-11,2025-02-16T15:12:44,2025-02-16T18:58:46,291,open
INV-04102,A-05445,ORG-007,ANALYST-05,2025-02-08T21:40:41,2025-02-09T01:08:34,281,resolved
INV-04103,A-05446,ORG-007,ANALYST-20,2025-04-26T03:22:10,2025-04-26T03:54:13,466,escalated
INV-04104,A-05447,ORG-007,ANALYST-07,2025-03-18T02:38:24,2025-03-18T08:35:46,143,resolved
INV-04105,A-05449,ORG-007,ANALYST-18,2025-06-11T09:45:25,2025-06-11T15:02:27,408,false_positive
INV-04106,A-05450,ORG-007,ANALYST-03,2025-01-12T23:07:58,2025-01-13T04:56:29,155,resolved
INV-04107,A-05451,ORG-007,ANALYST-19,2025-05-05T22:16:59,2025-05-06T01:57:25,533,false_positive
INV-04108,A-05452,ORG-007,ANALYST-13,2025-02-24T10:25:08,2025-02-24T14:56:45,401,escalated
INV-04109,A-05453,ORG-007,ANALYST-08,2025-03-31T12:31:20,2025-03-31T15:30:33,839,resolved
INV-04110,A-05455,ORG-007,ANALYST-12,2025-04-03T01:34:45,2025-04-03T08:07:33,314,resolved
INV-04111,A-05456,ORG-007,ANALYST-19,2025-06-24T08:51:08,2025-06-24T12:50:21,369,resolved
INV-04112,A-05457,ORG-007,ANALYST-10,2025-06-14T02:24:40,2025-06-14T05:37:53,499,false_positive
INV-04113,A-05458,ORG-007,ANALYST-15,2025-05-01T13:39:55,2025-05-01T16:32:28,487,escalated
INV-04114,A-05459,ORG-007,ANALYST-20,2025-03-19T12:00:06,2025-03-19T13:54:18,291,resolved
INV-04115,A-05461,ORG-007,ANALYST-05,2025-02-14T20:12:56,2025-02-15T00:06:10,343,resolved
INV-04116,A-05462,ORG-007,ANALYST-04,2025-01-03T06:48:03,2025-01-03T09:48:37,463,resolved
INV-04117,A-05463,ORG-007,ANALYST-18,2025-01-20T00:16:27,2025-01-20T07:59:59,430,resolved
INV-04118,A-05464,ORG-007,ANALYST-17,2025-01-03T11:06:33,2025-01-03T16:53:41,235,escalated
INV-04119,A-05465,ORG-007,ANALYST-09,2025-03-14T15:30:27,2025-03-14T19:53:19,291,false_positive
INV-04120,A-05466,ORG-007,ANALYST-14,2025-02-03T05:48:57,2025-02-03T09:50:48,71,open
INV-04121,A-05467,ORG-007,ANALYST-12,2025-04-20T01:53:22,2025-04-20T06:03:41,759,false_positive
INV-04122,A-05468,ORG-007,ANALYST-17,2025-04-21T23:45:30,2025-04-22T06:54:12,235,resolved
INV-04123,A-05469,ORG-007,ANALYST-09,2025-06-22T22:10:35,2025-06-23T05:39:02,839,resolved
INV-04124,A-05470,ORG-007,ANALYST-15,2025-06-12T19:25:37,2025-06-12T20:25:48,206,escalated
INV-04125,A-05471,ORG-007,ANALYST-11,2025-01-26T23:40:22,2025-01-27T06:26:01,395,resolved
INV-04126,A-05473,ORG-007,ANALYST-03,2025-02-15T02:59:10,2025-02-15T03:44:51,638,resolved
INV-04127,A-05474,ORG-007,ANALYST-14,2025-02-01T03:40:07,2025-02-01T10:26:21,257,escalated
INV-04128,A-05475,ORG-007,ANALYST-06,2025-02-05T03:35:51,2025-02-05T05:01:14,516,open
INV-04129,A-05476,ORG-007,ANALYST-01,2025-05-24T21:45:29,2025-05-25T05:39:30,395,resolved
INV-04130,A-05477,ORG-007,ANALYST-04,2025-02-20T19:36:00,2025-02-20T22:57:01,327,escalated
INV-04131,A-05479,ORG-007,ANALYST-16,2025-06-20T00:28:11,2025-06-20T06:34:33,629,escalated
INV-04132,A-05480,ORG-007,ANALYST-13,2025-06-24T16:10:46,2025-06-24T16:46:14,151,resolved
INV-04133,A-05481,ORG-007,ANALYST-19,2025-04-23T03:42:32,2025-04-23T09:40:03,110,resolved
INV-04134,A-05482,ORG-007,ANALYST-02,2025-04-21T00:44:49,2025-04-21T01:53:50,232,resolved
INV-04135,A-05483,ORG-007,ANALYST-13,2025-03-24T02:37:19,2025-03-24T03:36:47,463,resolved
INV-04136,A-05484,ORG-007,ANALYST-15,2025-02-06T21:41:23,2025-02-07T05:29:30,347,escalated
INV-04137,A-05485,ORG-007,ANALYST-20,2025-04-08T03:29:23,2025-04-08T08:36:18,137,resolved
INV-04138,A-05487,ORG-007,ANALYST-01,2025-06-02T14:08:48,2025-06-02T14:40:33,114,false_positive
INV-04139,A-05489,ORG-007,ANALYST-05,2025-02-28T13:44:36,2025-02-28T16:38:47,205,false_positive
INV-04140,A-05490,ORG-007,ANALYST-07,2025-04-18T04:28:29,2025-04-18T06:33:32,478,resolved
INV-04141,A-05491,ORG-007,ANALYST-15,2025-01-13T09:52:02,2025-01-13T13:58:43,502,false_positive
INV-04142,A-05492,ORG-007,ANALYST-07,2025-01-22T04:28:33,2025-01-22T09:07:48,338,resolved
INV-04143,A-05493,ORG-007,ANALYST-15,2025-04-03T01:35:31,2025-04-03T03:07:51,460,resolved
INV-04144,A-05494,ORG-007,ANALYST-15,2025-03-06T13:26:25,2025-03-06T15:04:01,179,resolved
INV-04145,A-05495,ORG-007,ANALYST-06,2025-06-07T08:07:24,2025-06-07T15:39:50,573,resolved
INV-04146,A-05497,ORG-007,ANALYST-02,2025-04-23T11:19:11,2025-04-23T13:39:34,402,resolved
INV-04147,A-05498,ORG-007,ANALYST-07,2025-02-19T06:35:44,2025-02-19T07:28:24,706,resolved
INV-04148,A-05499,ORG-007,ANALYST-05,2025-03-30T21:39:26,2025-03-30T23:16:52,837,resolved
INV-04149,A-05500,ORG-007,ANALYST-08,2025-03-06T19:37:36,2025-03-07T02:41:11,372,resolved
INV-04150,A-05501,ORG-007,ANALYST-14,2025-02-08T04:34:17,2025-02-08T12:29:28,620,escalated
INV-04151,A-05502,ORG-007,ANALYST-06,2025-03-21T08:14:28,2025-03-21T11:38:06,377,resolved
INV-04152,A-05503,ORG-007,ANALYST-16,2025-06-16T12:02:58,2025-06-16T16:06:18,746,escalated
INV-04153,A-05504,ORG-007,ANALYST-17,2025-06-11T03:51:20,2025-06-11T09:14:16,248,resolved
INV-04154,A-05505,ORG-007,ANALYST-10,2025-03-29T16:57:15,2025-03-29T20:42:35,543,resolved
INV-04155,A-05506,ORG-007,ANALYST-19,2025-04-10T21:01:26,2025-04-11T01:02:46,125,resolved
INV-04156,A-05507,ORG-007,ANALYST-18,2025-04-15T21:30:21,2025-04-16T03:39:48,255,escalated
INV-04157,A-05508,ORG-007,ANALYST-12,2025-03-17T09:18:29,2025-03-17T15:00:22,494,resolved
INV-04158,A-05512,ORG-007,ANALYST-10,2025-04-06T19:38:13,2025-04-07T01:03:32,353,escalated
INV-04159,A-05513,ORG-007,ANALYST-18,2025-02-12T20:42:44,2025-02-13T01:56:45,360,escalated
INV-04160,A-05514,ORG-007,ANALYST-06,2025-03-01T02:19:45,2025-03-01T05:20:04,170,resolved
INV-04161,A-05515,ORG-007,ANALYST-17,2025-06-12T06:26:33,2025-06-12T09:45:52,608,resolved
INV-04162,A-05516,ORG-007,ANALYST-01,2025-05-15T08:09:43,2025-05-15T09:30:50,353,resolved
INV-04163,A-05517,ORG-007,ANALYST-11,2025-04-06T05:16:15,2025-04-06T11:32:35,277,escalated
INV-04164,A-05518,ORG-007,ANALYST-06,2025-02-03T10:33:38,2025-02-03T16:50:19,555,resolved
INV-04165,A-05519,ORG-007,ANALYST-10,2025-03-24T12:33:24,2025-03-24T19:01:39,454,resolved
INV-04166,A-05520,ORG-007,ANALYST-14,2025-01-04T02:42:16,2025-01-04T08:01:06,799,false_positive
INV-04167,A-05521,ORG-007,ANALYST-13,2025-06-07T05:53:09,2025-06-07T08:13:03,427,resolved
INV-04168,A-05522,ORG-007,ANALYST-20,2025-04-09T15:29:52,2025-04-09T21:15:53,100,escalated
INV-04169,A-05523,ORG-007,ANALYST-02,2025-05-27T22:32:50,2025-05-28T03:19:18,250,escalated
INV-04170,A-05524,ORG-007,ANALYST-03,2025-02-21T21:52:20,2025-02-22T00:28:36,128,open
INV-04171,A-05525,ORG-007,ANALYST-08,2025-01-06T17:47:23,2025-01-06T19:53:22,324,escalated
INV-04172,A-05527,ORG-007,ANALYST-06,2025-01-29T21:27:18,2025-01-30T03:20:16,409,resolved
INV-04173,A-05528,ORG-007,ANALYST-10,2025-01-15T02:07:40,2025-01-15T08:30:17,663,resolved
INV-04174,A-05529,ORG-007,ANALYST-14,2025-06-29T06:39:11,2025-06-29T13:43:10,882,resolved
INV-04175,A-05530,ORG-007,ANALYST-17,2025-04-24T06:08:47,2025-04-24T12:22:06,222,escalated
INV-04176,A-05531,ORG-007,ANALYST-09,2025-03-04T06:24:23,2025-03-04T10:56:01,343,resolved
INV-04177,A-05532,ORG-007,ANALYST-14,2025-02-21T20:35:28,2025-02-22T03:15:21,502,resolved
INV-04178,A-05533,ORG-007,ANALYST-06,2025-02-17T20:01:09,2025-02-18T00:30:43,562,resolved
INV-04179,A-05534,ORG-007,ANALYST-16,2025-05-20T12:49:10,2025-05-20T18:55:58,487,resolved
INV-04180,A-05535,ORG-007,ANALYST-16,2025-05-21T06:07:49,2025-05-21T10:55:48,369,resolved
INV-04181,A-05536,ORG-007,ANALYST-16,2025-06-02T01:45:59,2025-06-02T08:20:18,672,escalated
INV-04182,A-05537,ORG-007,ANALYST-20,2025-01-21T15:35:45,2025-01-21T21:24:16,383,resolved
INV-04183,A-05538,ORG-007,ANALYST-02,2025-06-11T10:54:37,2025-06-11T17:43:06,308,escalated
INV-04184,A-05539,ORG-007,ANALYST-14,2025-05-21T11:25:12,2025-05-21T17:00:30,663,false_positive
INV-04185,A-05540,ORG-007,ANALYST-15,2025-01-14T23:08:57,2025-01-15T02:09:37,138,false_positive
INV-04186,A-05542,ORG-007,ANALYST-17,2025-03-07T10:58:38,2025-03-07T12:38:57,276,escalated
INV-04187,A-05543,ORG-007,ANALYST-05,2025-01-02T14:56:50,2025-01-02T18:51:48,196,false_positive
INV-04188,A-05544,ORG-007,ANALYST-07,2025-03-14T04:30:50,2025-03-14T05:40:14,663,resolved
INV-04189,A-05545,ORG-007,ANALYST-19,2025-02-27T05:31:25,2025-02-27T07:30:15,269,resolved
INV-04190,A-05546,ORG-007,ANALYST-10,2025-03-10T19:40:20,2025-03-10T21:25:40,229,resolved
INV-04191,A-05547,ORG-007,ANALYST-12,2025-03-19T14:13:29,2025-03-19T14:50:24,384,resolved
INV-04192,A-05548,ORG-007,ANALYST-03,2025-02-11T03:08:00,2025-02-11T08:13:11,272,open
INV-04193,A-05549,ORG-007,ANALYST-14,2025-06-10T12:37:04,2025-06-10T14:05:40,735,escalated
INV-04194,A-05550,ORG-007,ANALYST-20,2025-04-29T07:56:41,2025-04-29T10:47:12,768,escalated
INV-04195,A-05552,ORG-007,ANALYST-03,2025-02-20T05:01:06,2025-02-20T12:49:44,320,resolved
INV-04196,A-05553,ORG-007,ANALYST-10,2025-03-01T09:40:48,2025-03-01T14:25:28,414,resolved
INV-04197,A-05555,ORG-007,ANALYST-18,2025-01-22T05:25:07,2025-01-22T09:32:59,258,false_positive
INV-04198,A-05556,ORG-007,ANALYST-01,2025-03-13T22:43:27,2025-03-14T03:01:28,257,resolved
INV-04199,A-05557,ORG-007,ANALYST-01,2025-06-18T05:43:00,2025-06-18T08:17:15,331,resolved
INV-04200,A-05559,ORG-007,ANALYST-05,2025-05-02T12:27:27,2025-05-02T16:21:08,77,resolved
INV-04201,A-05560,ORG-007,ANALYST-18,2025-04-24T01:30:06,2025-04-24T09:18:40,316,resolved
INV-04202,A-05562,ORG-007,ANALYST-15,2025-06-23T01:19:56,2025-06-23T08:32:09,100,resolved
INV-04203,A-05563,ORG-007,ANALYST-12,2025-04-26T18:22:56,2025-04-26T19:36:51,614,resolved
INV-04204,A-05565,ORG-007,ANALYST-20,2025-05-19T03:57:52,2025-05-19T11:33:05,355,resolved
INV-04205,A-05566,ORG-007,ANALYST-16,2025-04-01T03:36:51,2025-04-01T06:48:13,155,resolved
INV-04206,A-05567,ORG-007,ANALYST-19,2025-02-14T03:57:04,2025-02-14T05:25:53,427,escalated
INV-04207,A-05568,ORG-007,ANALYST-10,2025-06-06T01:14:44,2025-06-06T09:13:31,260,resolved
INV-04208,A-05569,ORG-007,ANALYST-20,2025-01-20T17:06:01,2025-01-20T21:32:39,675,escalated
INV-04209,A-05570,ORG-007,ANALYST-06,2025-04-09T02:12:19,2025-04-09T10:05:00,294,false_positive
INV-04210,A-05571,ORG-007,ANALYST-19,2025-06-04T17:47:22,2025-06-04T22:06:58,762,false_positive
INV-04211,A-05572,ORG-007,ANALYST-04,2025-05-14T18:09:56,2025-05-14T22:50:25,629,open
INV-04212,A-05573,ORG-007,ANALYST-07,2025-01-04T01:12:43,2025-01-04T06:39:16,445,escalated
INV-04213,A-05574,ORG-007,ANALYST-01,2025-01-16T07:39:43,2025-01-16T11:40:51,679,escalated
INV-04214,A-05575,ORG-007,ANALYST-02,2025-06-27T10:18:08,2025-06-27T11:15:28,233,resolved
INV-04215,A-05576,ORG-007,ANALYST-05,2025-06-17T13:05:28,2025-06-17T14:58:12,478,open
INV-04216,A-05578,ORG-007,ANALYST-01,2025-02-22T20:48:15,2025-02-23T01:55:28,395,false_positive
INV-04217,A-05579,ORG-007,ANALYST-09,2025-06-14T18:18:14,2025-06-14T19:03:13,263,escalated
INV-04218,A-05580,ORG-007,ANALYST-13,2025-01-06T10:40:02,2025-01-06T16:43:30,86,resolved
INV-04219,A-05581,ORG-007,ANALYST-08,2025-01-08T23:29:51,2025-01-09T04:36:58,586,false_positive
INV-04220,A-05582,ORG-007,ANALYST-18,2025-05-21T05:45:48,2025-05-21T09:31:17,450,resolved
INV-04221,A-05584,ORG-007,ANALYST-12,2025-01-28T01:47:34,2025-01-28T08:44:49,56,false_positive
INV-04222,A-05585,ORG-007,ANALYST-18,2025-02-20T14:18:04,2025-02-20T19:37:20,68,escalated
INV-04223,A-05586,ORG-007,ANALYST-15,2025-01-29T07:23:25,2025-01-29T08:01:52,390,escalated
INV-04224,A-05587,ORG-007,ANALYST-12,2025-06-05T02:07:49,2025-06-05T10:07:07,565,resolved
INV-04225,A-05589,ORG-007,ANALYST-02,2025-01-23T07:40:51,2025-01-23T08:55:41,448,resolved
INV-04226,A-05590,ORG-007,ANALYST-03,2025-03-15T15:12:20,2025-03-15T18:43:38,236,resolved
INV-04227,A-05591,ORG-007,ANALYST-03,2025-04-28T03:48:04,2025-04-28T08:56:54,302,escalated
INV-04228,A-05592,ORG-007,ANALYST-02,2025-04-27T16:25:03,2025-04-28T00:00:48,339,open
INV-04229,A-05593,ORG-007,ANALYST-14,2025-01-16T06:25:50,2025-01-16T10:07:34,753,false_positive
INV-04230,A-05595,ORG-007,ANALYST-06,2025-04-21T05:06:03,2025-04-21T11:06:09,413,resolved
INV-04231,A-05596,ORG-007,ANALYST-12,2025-01-06T09:43:14,2025-01-06T11:00:03,361,escalated
INV-04232,A-05597,ORG-007,ANALYST-12,2025-01-13T21:40:21,2025-01-13T23:42:06,525,escalated
INV-04233,A-05598,ORG-007,ANALYST-12,2025-02-03T05:55:18,2025-02-03T06:58:24,139,resolved
INV-04234,A-05600,ORG-007,ANALYST-02,2025-03-27T22:49:48,2025-03-28T00:44:26,277,false_positive
INV-04235,A-05601,ORG-007,ANALYST-06,2025-03-25T17:34:03,2025-03-25T23:21:03,503,resolved
INV-04236,A-05602,ORG-007,ANALYST-14,2025-04-22T20:15:51,2025-04-22T23:08:49,730,escalated
INV-04237,A-05604,ORG-007,ANALYST-03,2025-05-17T10:49:51,2025-05-17T15:46:59,575,false_positive
INV-04238,A-05605,ORG-007,ANALYST-06,2025-02-26T19:55:49,2025-02-27T00:14:00,349,resolved
INV-04239,A-05606,ORG-007,ANALYST-08,2025-03-01T03:57:40,2025-03-01T09:42:52,187,false_positive
INV-04240,A-05608,ORG-007,ANALYST-03,2025-02-02T16:32:58,2025-02-02T19:09:14,217,resolved
INV-04241,A-05611,ORG-007,ANALYST-15,2025-05-25T03:34:16,2025-05-25T08:28:40,415,resolved
INV-04242,A-05612,ORG-007,ANALYST-12,2025-04-28T19:30:11,2025-04-28T21:21:39,112,false_positive
INV-04243,A-05613,ORG-007,ANALYST-08,2025-06-27T19:27:57,2025-06-27T20:35:08,162,false_positive
INV-04244,A-05614,ORG-007,ANALYST-19,2025-05-11T18:00:14,2025-05-11T19:36:33,283,resolved
INV-04245,A-05615,ORG-007,ANALYST-17,2025-02-19T18:11:55,2025-02-19T23:45:47,285,escalated
INV-04246,A-05616,ORG-007,ANALYST-01,2025-01-30T15:38:22,2025-01-30T17:00:47,785,escalated
INV-04247,A-05617,ORG-007,ANALYST-13,2025-06-02T18:18:28,2025-06-03T02:18:26,261,resolved
INV-04248,A-05618,ORG-007,ANALYST-18,2025-04-07T21:19:17,2025-04-08T04:43:33,301,escalated
INV-04249,A-05619,ORG-007,ANALYST-01,2025-04-02T17:06:58,2025-04-02T18:38:07,301,escalated
INV-04250,A-05620,ORG-007,ANALYST-14,2025-03-23T20:58:43,2025-03-23T22:17:52,270,false_positive
INV-04251,A-05621,ORG-007,ANALYST-01,2025-03-17T13:09:05,2025-03-17T19:14:43,685,resolved
INV-04252,A-05622,ORG-007,ANALYST-01,2025-02-26T02:12:52,2025-02-26T09:32:16,639,escalated
INV-04253,A-05623,ORG-007,ANALYST-06,2025-04-04T01:51:13,2025-04-04T05:01:26,298,resolved
INV-04254,A-05624,ORG-007,ANALYST-10,2025-04-27T13:14:35,2025-04-27T19:39:57,679,false_positive
INV-04255,A-05625,ORG-007,ANALYST-09,2025-04-14T15:15:05,2025-04-14T17:13:29,393,resolved
INV-04256,A-05626,ORG-007,ANALYST-20,2025-02-15T21:57:33,2025-02-16T02:10:37,145,false_positive
INV-04257,A-05627,ORG-007,ANALYST-16,2025-02-12T16:29:49,2025-02-12T22:36:51,814,resolved
INV-04258,A-05629,ORG-007,ANALYST-14,2025-04-01T12:16:41,2025-04-01T18:27:46,261,resolved
INV-04259,A-05631,ORG-007,ANALYST-09,2025-04-27T03:43:07,2025-04-27T10:31:59,288,false_positive
INV-04260,A-05632,ORG-007,ANALYST-17,2025-05-22T08:16:04,2025-05-22T10:14:16,196,resolved
INV-04261,A-05633,ORG-007,ANALYST-16,2025-01-15T10:14:01,2025-01-15T15:39:25,189,resolved
INV-04262,A-05634,ORG-007,ANALYST-12,2025-06-28T16:52:20,2025-06-29T00:44:51,319,escalated
INV-04263,A-05635,ORG-007,ANALYST-02,2025-02-09T10:30:54,2025-02-09T14:43:43,69,resolved
INV-04264,A-05636,ORG-007,ANALYST-14,2025-06-10T19:44:26,2025-06-11T02:31:24,403,resolved
INV-04265,A-05637,ORG-007,ANALYST-10,2025-06-27T01:15:16,2025-06-27T02:10:36,429,resolved
INV-04266,A-05638,ORG-007,ANALYST-15,2025-01-24T13:10:57,2025-01-24T19:01:38,480,resolved
INV-04267,A-05639,ORG-007,ANALYST-01,2025-06-09T16:28:32,2025-06-09T23:00:56,368,resolved
INV-04268,A-05640,ORG-007,ANALYST-03,2025-06-15T18:28:21,2025-06-16T00:11:47,226,resolved
INV-04269,A-05641,ORG-007,ANALYST-03,2025-01-17T19:18:13,2025-01-18T00:32:43,521,resolved
INV-04270,A-05642,ORG-007,ANALYST-19,2025-03-15T06:02:13,2025-03-15T06:51:26,230,resolved
INV-04271,A-05643,ORG-007,ANALYST-09,2025-04-11T02:36:51,2025-04-11T04:54:41,429,resolved
INV-04272,A-05644,ORG-007,ANALYST-16,2025-04-29T17:05:02,2025-04-29T19:27:25,392,resolved
INV-04273,A-05645,ORG-007,ANALYST-10,2025-03-16T01:07:03,2025-03-16T03:45:42,430,resolved
INV-04274,A-05647,ORG-007,ANALYST-16,2025-01-18T11:08:21,2025-01-18T12:06:30,764,resolved
INV-04275,A-05648,ORG-007,ANALYST-16,2025-03-22T21:23:58,2025-03-22T22:18:13,288,escalated
INV-04276,A-05649,ORG-007,ANALYST-08,2025-05-17T17:29:49,2025-05-17T21:23:55,508,resolved
INV-04277,A-05650,ORG-007,ANALYST-02,2025-06-21T20:13:03,2025-06-22T00:14:24,307,escalated
INV-04278,A-05651,ORG-007,ANALYST-20,2025-06-27T14:04:49,2025-06-27T15:33:43,215,resolved
INV-04279,A-05652,ORG-007,ANALYST-02,2025-06-18T16:13:01,2025-06-18T17:13:59,498,open
INV-04280,A-05653,ORG-007,ANALYST-09,2025-02-18T14:34:37,2025-02-18T21:10:42,501,false_positive
INV-04281,A-05655,ORG-007,ANALYST-06,2025-01-09T21:14:14,2025-01-09T22:57:08,877,resolved
INV-04282,A-05656,ORG-007,ANALYST-01,2025-02-02T02:20:15,2025-02-02T04:23:27,280,resolved
INV-04283,A-05658,ORG-007,ANALYST-16,2025-05-08T03:40:24,2025-05-08T08:50:03,466,resolved
INV-04284,A-05659,ORG-007,ANALYST-07,2025-05-17T14:03:23,2025-05-17T15:27:45,649,escalated
INV-04285,A-05660,ORG-007,ANALYST-06,2025-03-12T00:11:22,2025-03-12T03:59:53,264,resolved
INV-04286,A-05661,ORG-007,ANALYST-09,2025-05-24T02:48:46,2025-05-24T06:10:45,153,open
INV-04287,A-05662,ORG-007,ANALYST-18,2025-04-06T19:08:07,2025-04-06T19:39:21,774,resolved
INV-04288,A-05663,ORG-007,ANALYST-02,2025-01-24T02:41:06,2025-01-24T06:29:13,570,resolved
INV-04289,A-05664,ORG-007,ANALYST-17,2025-01-10T13:00:58,2025-01-10T13:40:06,379,resolved
INV-04290,A-05665,ORG-007,ANALYST-06,2025-03-06T15:44:28,2025-03-06T19:09:34,408,resolved
INV-04291,A-05668,ORG-007,ANALYST-02,2025-03-12T11:17:27,2025-03-12T17:56:56,81,false_positive
INV-04292,A-05669,ORG-007,ANALYST-18,2025-05-03T07:51:36,2025-05-03T11:49:34,215,resolved
INV-04293,A-05670,ORG-007,ANALYST-10,2025-02-28T00:11:08,2025-02-28T06:23:26,648,resolved
INV-04294,A-05671,ORG-007,ANALYST-10,2025-05-01T12:37:54,2025-05-01T14:55:40,408,resolved
INV-04295,A-05673,ORG-007,ANALYST-08,2025-02-27T11:25:23,2025-02-27T19:15:15,377,resolved
INV-04296,A-05674,ORG-007,ANALYST-04,2025-05-14T08:09:55,2025-05-14T09:47:50,221,resolved
INV-04297,A-05676,ORG-007,ANALYST-13,2025-06-02T09:52:02,2025-06-02T16:39:34,382,escalated
INV-04298,A-05677,ORG-007,ANALYST-07,2025-03-25T12:51:26,2025-03-25T15:10:37,340,resolved
INV-04299,A-05678,ORG-007,ANALYST-09,2025-01-28T06:04:14,2025-01-28T07:33:15,305,resolved
INV-04300,A-05679,ORG-007,ANALYST-08,2025-02-21T14:26:40,2025-02-21T17:30:36,403,resolved
INV-04301,A-05680,ORG-007,ANALYST-08,2025-04-11T12:13:28,2025-04-11T19:44:19,627,resolved
INV-04302,A-05681,ORG-007,ANALYST-05,2025-01-07T23:55:38,2025-01-08T05:57:51,638,escalated
INV-04303,A-05682,ORG-007,ANALYST-12,2025-02-14T15:03:31,2025-02-14T18:52:25,612,resolved
INV-04304,A-05684,ORG-007,ANALYST-01,2025-02-27T13:10:31,2025-02-27T18:01:16,443,escalated
INV-04305,A-05685,ORG-007,ANALYST-07,2025-05-06T05:19:48,2025-05-06T06:46:06,579,escalated
INV-04306,A-05686,ORG-007,ANALYST-11,2025-03-20T14:21:22,2025-03-20T19:19:52,240,resolved
INV-04307,A-05687,ORG-007,ANALYST-12,2025-03-12T12:17:43,2025-03-12T16:31:40,297,resolved
INV-04308,A-05688,ORG-007,ANALYST-01,2025-04-17T06:40:26,2025-04-17T07:43:29,244,false_positive
INV-04309,A-05691,ORG-007,ANALYST-05,2025-04-16T16:04:53,2025-04-16T17:27:56,474,resolved
INV-04310,A-05692,ORG-007,ANALYST-03,2025-02-04T04:32:02,2025-02-04T06:23:09,886,resolved
INV-04311,A-05694,ORG-007,ANALYST-19,2025-03-26T21:34:29,2025-03-27T00:45:22,695,escalated
INV-04312,A-05695,ORG-007,ANALYST-05,2025-06-19T15:56:57,2025-06-19T23:50:16,712,false_positive
INV-04313,A-05696,ORG-007,ANALYST-07,2025-01-01T18:30:16,2025-01-01T20:55:30,123,escalated
INV-04314,A-05697,ORG-007,ANALYST-12,2025-02-01T11:34:36,2025-02-01T17:03:08,409,resolved
INV-04315,A-05699,ORG-007,ANALYST-11,2025-03-16T11:23:39,2025-03-16T15:50:24,304,resolved
INV-04316,A-05700,ORG-007,ANALYST-12,2025-04-14T06:53:37,2025-04-14T12:43:02,376,resolved
INV-04317,A-05701,ORG-007,ANALYST-18,2025-04-13T09:27:09,2025-04-13T15:56:03,188,resolved
INV-04318,A-05702,ORG-007,ANALYST-09,2025-04-24T18:20:23,2025-04-24T21:46:36,839,escalated
INV-04319,A-05703,ORG-007,ANALYST-03,2025-04-17T03:44:58,2025-04-17T11:42:49,399,false_positive
INV-04320,A-05704,ORG-007,ANALYST-12,2025-02-26T20:29:38,2025-02-27T00:59:21,698,false_positive
INV-04321,A-05705,ORG-007,ANALYST-08,2025-06-17T17:22:54,2025-06-18T00:47:47,243,escalated
INV-04322,A-05706,ORG-007,ANALYST-12,2025-03-30T13:38:04,2025-03-30T14:57:25,255,resolved
INV-04323,A-05707,ORG-007,ANALYST-18,2025-05-11T16:24:58,2025-05-12T00:02:39,298,resolved
INV-04324,A-05708,ORG-007,ANALYST-06,2025-06-18T16:43:28,2025-06-18T18:40:55,308,escalated
INV-04325,A-05709,ORG-007,ANALYST-13,2025-04-20T15:08:19,2025-04-20T16:22:44,468,escalated
INV-04326,A-05710,ORG-007,ANALYST-08,2025-06-16T05:33:54,2025-06-16T12:40:34,780,escalated
INV-04327,A-05711,ORG-007,ANALYST-04,2025-01-04T18:33:45,2025-01-05T01:22:20,456,escalated
INV-04328,A-05712,ORG-007,ANALYST-03,2025-06-04T05:56:58,2025-06-04T11:41:37,215,resolved
INV-04329,A-05713,ORG-007,ANALYST-11,2025-06-29T10:03:19,2025-06-29T11:15:05,638,false_positive
INV-04330,A-05714,ORG-007,ANALYST-02,2025-01-14T03:58:11,2025-01-14T08:46:01,839,resolved
INV-04331,A-05715,ORG-007,ANALYST-18,2025-01-23T23:20:41,2025-01-24T01:40:37,288,false_positive
INV-04332,A-05716,ORG-007,ANALYST-03,2025-06-07T00:43:57,2025-06-07T03:51:28,556,false_positive
INV-04333,A-05717,ORG-007,ANALYST-16,2025-04-16T12:06:22,2025-04-16T16:04:10,373,resolved
INV-04334,A-05719,ORG-007,ANALYST-19,2025-03-14T20:39:52,2025-03-15T00:37:44,504,resolved
INV-04335,A-05720,ORG-007,ANALYST-13,2025-03-16T21:15:59,2025-03-17T04:51:29,532,resolved
INV-04336,A-05721,ORG-007,ANALYST-18,2025-03-10T14:41:26,2025-03-10T19:02:08,249,resolved
INV-04337,A-05722,ORG-007,ANALYST-18,2025-01-13T04:39:09,2025-01-13T09:12:14,878,escalated
INV-04338,A-05723,ORG-007,ANALYST-14,2025-02-23T12:42:45,2025-02-23T14:53:13,173,false_positive
INV-04339,A-05724,ORG-007,ANALYST-04,2025-06-02T07:11:11,2025-06-02T09:13:00,255,escalated
INV-04340,A-05725,ORG-007,ANALYST-13,2025-03-27T08:06:29,2025-03-27T12:32:40,724,resolved
INV-04341,A-05726,ORG-007,ANALYST-08,2025-02-11T14:26:42,2025-02-11T21:00:30,733,escalated
INV-04342,A-05727,ORG-007,ANALYST-18,2025-05-30T06:28:53,2025-05-30T10:37:42,171,resolved
INV-04343,A-05728,ORG-007,ANALYST-05,2025-04-23T12:51:05,2025-04-23T16:04:08,164,escalated
INV-04344,A-05729,ORG-007,ANALYST-01,2025-06-26T09:07:01,2025-06-26T14:22:39,59,resolved
INV-04345,A-05731,ORG-007,ANALYST-02,2025-04-05T21:23:26,2025-04-06T02:13:26,135,resolved
INV-04346,A-05732,ORG-007,ANALYST-19,2025-02-25T02:37:01,2025-02-25T08:45:57,402,false_positive
INV-04347,A-05733,ORG-007,ANALYST-09,2025-01-08T01:06:07,2025-01-08T04:42:10,87,resolved
INV-04348,A-05736,ORG-007,ANALYST-05,2025-03-01T19:20:53,2025-03-02T00:50:53,286,resolved
INV-04349,A-05737,ORG-007,ANALYST-20,2025-05-18T22:39:20,2025-05-19T00:02:12,295,resolved
INV-04350,A-05738,ORG-007,ANALYST-06,2025-03-22T22:44:11,2025-03-23T00:39:30,197,resolved
INV-04351,A-05739,ORG-007,ANALYST-15,2025-06-08T15:57:15,2025-06-08T18:59:26,73,false_positive
INV-04352,A-05740,ORG-007,ANALYST-18,2025-02-26T23:58:32,2025-02-27T07:55:22,378,false_positive
INV-04353,A-05742,ORG-007,ANALYST-04,2025-01-20T13:51:31,2025-01-20T20:45:54,747,resolved
INV-04354,A-05743,ORG-007,ANALYST-14,2025-04-24T15:16:28,2025-04-24T17:15:28,435,resolved
INV-04355,A-05744,ORG-007,ANALYST-02,2025-03-15T19:01:20,2025-03-15T20:08:20,402,resolved
INV-04356,A-05745,ORG-007,ANALYST-14,2025-06-25T10:40:54,2025-06-25T18:26:22,793,escalated
INV-04357,A-05746,ORG-007,ANALYST-15,2025-05-18T12:52:10,2025-05-18T20:34:20,500,resolved
INV-04358,A-05747,ORG-007,ANALYST-09,2025-04-21T13:59:28,2025-04-21T17:18:03,578,resolved
INV-04359,A-05748,ORG-007,ANALYST-10,2025-01-15T21:19:35,2025-01-15T23:38:47,331,false_positive
INV-04360,A-05749,ORG-007,ANALYST-13,2025-01-16T03:52:14,2025-01-16T10:24:37,499,resolved
INV-04361,A-05750,ORG-007,ANALYST-08,2025-06-14T21:46:44,2025-06-14T23:19:16,521,resolved
INV-04362,A-05751,ORG-007,ANALYST-15,2025-04-21T11:58:24,2025-04-21T15:20:11,254,false_positive
INV-04363,A-05753,ORG-007,ANALYST-12,2025-02-21T07:33:23,2025-02-21T10:36:45,319,resolved
INV-04364,A-05754,ORG-007,ANALYST-02,2025-06-08T01:19:48,2025-06-08T03:05:57,574,resolved
INV-04365,A-05755,ORG-007,ANALYST-11,2025-05-19T11:03:49,2025-05-19T15:49:10,594,resolved
INV-04366,A-05756,ORG-007,ANALYST-03,2025-03-27T18:46:54,2025-03-28T01:47:04,405,resolved
INV-04367,A-05757,ORG-007,ANALYST-05,2025-02-24T02:39:50,2025-02-24T10:15:08,182,resolved
INV-04368,A-05759,ORG-007,ANALYST-19,2025-03-01T11:04:10,2025-03-01T14:09:17,363,resolved
INV-04369,A-05760,ORG-007,ANALYST-07,2025-06-13T18:39:19,2025-06-14T00:15:27,682,resolved
INV-04370,A-05761,ORG-007,ANALYST-12,2025-01-17T17:18:28,2025-01-17T21:33:52,459,escalated
INV-04371,A-05762,ORG-007,ANALYST-16,2025-05-29T18:37:33,2025-05-29T19:34:33,546,resolved
INV-04372,A-05763,ORG-007,ANALYST-02,2025-02-22T23:32:00,2025-02-23T02:32:19,164,escalated
INV-04373,A-05764,ORG-007,ANALYST-11,2025-05-14T19:33:01,2025-05-15T01:09:21,509,resolved
INV-04374,A-05765,ORG-007,ANALYST-12,2025-03-07T13:02:06,2025-03-07T20:16:32,392,escalated
INV-04375,A-05766,ORG-007,ANALYST-07,2025-01-22T15:54:43,2025-01-22T23:42:31,638,false_positive
INV-04376,A-05767,ORG-007,ANALYST-12,2025-04-17T10:25:07,2025-04-17T17:14:03,202,resolved
INV-04377,A-05768,ORG-007,ANALYST-03,2025-05-18T17:47:42,2025-05-18T19:42:55,217,resolved
INV-04378,A-05769,ORG-007,ANALYST-18,2025-06-19T21:55:19,2025-06-20T02:08:22,177,open
INV-04379,A-05770,ORG-007,ANALYST-09,2025-01-03T20:36:53,2025-01-04T02:04:33,608,resolved
INV-04380,A-05771,ORG-007,ANALYST-07,2025-01-18T02:59:55,2025-01-18T04:33:56,256,open
INV-04381,A-05772,ORG-007,ANALYST-04,2025-03-15T20:52:42,2025-03-16T02:52:55,386,false_positive
INV-04382,A-05773,ORG-007,ANALYST-03,2025-02-23T16:05:26,2025-02-23T16:36:38,548,resolved
INV-04383,A-05774,ORG-007,ANALYST-08,2025-04-19T10:10:07,2025-04-19T14:03:25,208,resolved
INV-04384,A-05775,ORG-007,ANALYST-08,2025-01-22T05:06:26,2025-01-22T08:58:12,466,open
INV-04385,A-05776,ORG-007,ANALYST-15,2025-03-10T03:00:59,2025-03-10T03:32:44,439,resolved
INV-04386,A-05777,ORG-007,ANALYST-13,2025-04-10T06:33:25,2025-04-10T13:50:51,340,resolved
INV-04387,A-05778,ORG-007,ANALYST-02,2025-01-01T13:47:03,2025-01-01T16:09:24,459,escalated
INV-04388,A-05779,ORG-007,ANALYST-13,2025-05-11T19:24:05,2025-05-11T22:09:42,686,resolved
INV-04389,A-05780,ORG-007,ANALYST-11,2025-03-19T02:44:32,2025-03-19T07:25:08,257,resolved
INV-04390,A-05781,ORG-007,ANALYST-07,2025-06-14T18:22:31,2025-06-15T01:38:00,882,resolved
INV-04391,A-05783,ORG-007,ANALYST-13,2025-06-21T20:10:29,2025-06-22T03:35:18,107,resolved
INV-04392,A-05784,ORG-007,ANALYST-07,2025-04-01T08:42:00,2025-04-01T09:54:57,425,resolved
INV-04393,A-05786,ORG-007,ANALYST-19,2025-01-09T16:34:06,2025-01-09T19:01:40,503,resolved
INV-04394,A-05788,ORG-007,ANALYST-10,2025-02-14T17:11:51,2025-02-14T23:01:29,731,false_positive
INV-04395,A-05789,ORG-007,ANALYST-01,2025-02-19T22:28:17,2025-02-20T05:09:35,376,escalated
INV-04396,A-05790,ORG-007,ANALYST-10,2025-03-12T03:22:33,2025-03-12T09:18:39,364,resolved
INV-04397,A-05791,ORG-007,ANALYST-16,2025-03-04T14:05:21,2025-03-04T18:46:54,163,resolved
INV-04398,A-05792,ORG-007,ANALYST-08,2025-05-02T06:42:44,2025-05-02T13:47:54,304,resolved
INV-04399,A-05793,ORG-007,ANALYST-02,2025-01-24T05:43:46,2025-01-24T09:03:20,299,escalated
INV-04400,A-05794,ORG-007,ANALYST-05,2025-05-13T19:36:49,2025-05-14T00:24:28,280,resolved
INV-04401,A-05796,ORG-007,ANALYST-03,2025-04-09T12:34:22,2025-04-09T18:38:30,299,resolved
INV-04402,A-05797,ORG-007,ANALYST-16,2025-01-23T16:00:34,2025-01-23T22:38:49,281,resolved
INV-04403,A-05799,ORG-007,ANALYST-01,2025-01-25T06:13:17,2025-01-25T10:59:34,255,resolved
INV-04404,A-05800,ORG-007,ANALYST-13,2025-01-24T23:37:33,2025-01-25T00:19:54,771,resolved
INV-04405,A-05802,ORG-007,ANALYST-14,2025-03-28T08:10:39,2025-03-28T14:20:35,212,resolved
INV-04406,A-05803,ORG-007,ANALYST-12,2025-03-12T08:49:52,2025-03-12T11:27:05,859,resolved
INV-04407,A-05804,ORG-007,ANALYST-05,2025-03-03T01:59:26,2025-03-03T07:57:15,413,resolved
INV-04408,A-05805,ORG-007,ANALYST-11,2025-06-04T03:24:55,2025-06-04T11:16:37,571,false_positive
INV-04409,A-05806,ORG-007,ANALYST-19,2025-02-04T15:27:29,2025-02-04T20:32:43,152,resolved
INV-04410,A-05808,ORG-007,ANALYST-12,2025-01-01T16:59:22,2025-01-01T23:01:38,544,false_positive
INV-04411,A-05809,ORG-007,ANALYST-03,2025-06-11T07:58:46,2025-06-11T09:37:43,606,escalated
INV-04412,A-05810,ORG-007,ANALYST-02,2025-03-15T06:12:34,2025-03-15T11:10:55,422,escalated
INV-04413,A-05811,ORG-007,ANALYST-04,2025-01-11T13:42:06,2025-01-11T18:20:35,448,resolved
INV-04414,A-05812,ORG-007,ANALYST-14,2025-02-14T02:01:34,2025-02-14T07:32:51,519,resolved
INV-04415,A-05813,ORG-007,ANALYST-01,2025-01-31T13:13:06,2025-01-31T14:14:44,431,false_positive
INV-04416,A-05815,ORG-007,ANALYST-09,2025-02-22T09:29:13,2025-02-22T14:02:11,526,resolved
INV-04417,A-05816,ORG-007,ANALYST-03,2025-02-20T05:12:00,2025-02-20T10:00:10,427,escalated
INV-04418,A-05817,ORG-007,ANALYST-09,2025-06-14T07:11:07,2025-06-14T09:20:43,210,escalated
INV-04419,A-05818,ORG-007,ANALYST-01,2025-01-23T01:51:26,2025-01-23T04:26:33,363,open
INV-04420,A-05819,ORG-007,ANALYST-04,2025-01-15T13:08:02,2025-01-15T19:25:07,280,false_positive
INV-04421,A-05821,ORG-007,ANALYST-16,2025-04-04T09:36:52,2025-04-04T12:05:17,572,resolved
INV-04422,A-05822,ORG-007,ANALYST-02,2025-05-29T03:49:37,2025-05-29T10:51:08,464,resolved
INV-04423,A-05823,ORG-007,ANALYST-04,2025-04-18T06:18:32,2025-04-18T13:35:34,550,escalated
INV-04424,A-05824,ORG-007,ANALYST-05,2025-02-07T08:16:16,2025-02-07T10:30:06,271,resolved
INV-04425,A-05825,ORG-007,ANALYST-09,2025-02-26T09:23:33,2025-02-26T12:09:04,140,resolved
INV-04426,A-05826,ORG-007,ANALYST-12,2025-05-23T07:19:38,2025-05-23T11:19:42,188,escalated
INV-04427,A-05828,ORG-007,ANALYST-14,2025-04-08T05:15:44,2025-04-08T12:16:41,298,false_positive
INV-04428,A-05829,ORG-007,ANALYST-07,2025-05-03T05:19:44,2025-05-03T11:21:17,262,escalated
INV-04429,A-05830,ORG-007,ANALYST-09,2025-02-05T04:25:13,2025-02-05T07:13:19,441,escalated
INV-04430,A-05832,ORG-007,ANALYST-10,2025-01-12T10:15:44,2025-01-12T11:48:16,645,false_positive
INV-04431,A-05834,ORG-007,ANALYST-20,2025-01-14T05:32:01,2025-01-14T11:00:39,732,resolved
INV-04432,A-05835,ORG-007,ANALYST-09,2025-02-25T10:48:33,2025-02-25T17:09:56,533,escalated
INV-04433,A-05836,ORG-007,ANALYST-03,2025-01-27T01:56:03,2025-01-27T03:14:52,194,escalated
INV-04434,A-05837,ORG-007,ANALYST-05,2025-04-21T11:35:51,2025-04-21T18:16:46,152,resolved
INV-04435,A-05838,ORG-007,ANALYST-14,2025-03-21T00:25:18,2025-03-21T08:15:13,188,escalated
INV-04436,A-05840,ORG-007,ANALYST-06,2025-02-28T00:46:53,2025-02-28T05:20:04,90,resolved
INV-04437,A-05841,ORG-007,ANALYST-19,2025-04-23T16:04:21,2025-04-23T19:06:41,109,resolved
INV-04438,A-05842,ORG-007,ANALYST-03,2025-06-30T22:33:47,,855,escalated
INV-04439,A-05843,ORG-007,ANALYST-11,2025-01-18T04:56:02,2025-01-18T12:52:49,226,false_positive
INV-04440,A-05844,ORG-007,ANALYST-04,2025-02-12T16:35:01,2025-02-12T19:56:19,227,open
INV-04441,A-05845,ORG-007,ANALYST-16,2025-01-08T19:10:12,2025-01-08T23:35:54,168,resolved
INV-04442,A-05846,ORG-007,ANALYST-04,2025-04-15T06:19:57,2025-04-15T08:08:50,487,false_positive
INV-04443,A-05847,ORG-007,ANALYST-19,2025-05-29T08:31:18,2025-05-29T16:00:03,552,false_positive
INV-04444,A-05848,ORG-007,ANALYST-15,2025-02-19T00:33:59,2025-02-19T05:03:11,308,resolved
INV-04445,A-05850,ORG-007,ANALYST-16,2025-01-02T13:37:38,2025-01-02T16:04:53,264,resolved
INV-04446,A-05851,ORG-007,ANALYST-14,2025-01-23T15:31:16,2025-01-23T23:27:02,364,escalated
INV-04447,A-05852,ORG-007,ANALYST-02,2025-04-03T20:14:51,2025-04-04T01:52:44,434,false_positive
INV-04448,A-05853,ORG-007,ANALYST-13,2025-02-26T13:18:39,2025-02-26T19:46:00,698,resolved
INV-04449,A-05854,ORG-007,ANALYST-08,2025-01-29T09:33:11,2025-01-29T17:27:01,196,escalated
INV-04450,A-05856,ORG-007,ANALYST-14,2025-06-19T00:00:58,2025-06-19T03:21:27,186,resolved
INV-04451,A-05859,ORG-007,ANALYST-09,2025-03-27T17:28:03,2025-03-27T21:58:43,378,resolved
INV-04452,A-05860,ORG-007,ANALYST-11,2025-03-14T23:08:20,2025-03-15T04:30:42,157,resolved
INV-04453,A-05861,ORG-007,ANALYST-17,2025-01-19T21:32:53,2025-01-20T02:39:43,105,resolved
INV-04454,A-05863,ORG-007,ANALYST-13,2025-01-29T10:45:51,2025-01-29T15:07:14,327,resolved
INV-04455,A-05865,ORG-007,ANALYST-03,2025-03-14T05:09:10,2025-03-14T10:53:22,464,resolved
INV-04456,A-05866,ORG-007,ANALYST-15,2025-06-13T20:56:22,2025-06-13T22:44:27,316,escalated
INV-04457,A-05867,ORG-007,ANALYST-14,2025-04-10T18:59:07,2025-04-11T00:48:37,697,resolved
INV-04458,A-05868,ORG-007,ANALYST-09,2025-05-30T23:52:37,2025-05-31T03:14:37,653,resolved
INV-04459,A-05869,ORG-007,ANALYST-08,2025-04-18T15:55:56,2025-04-18T19:11:47,296,false_positive
INV-04460,A-05870,ORG-007,ANALYST-20,2025-01-23T11:51:10,2025-01-23T18:12:36,446,resolved
INV-04461,A-05871,ORG-007,ANALYST-09,2025-04-08T01:54:48,2025-04-08T02:26:36,319,resolved
INV-04462,A-05872,ORG-007,ANALYST-13,2025-01-13T17:46:49,2025-01-13T18:53:59,343,resolved
INV-04463,A-05873,ORG-007,ANALYST-03,2025-03-16T19:35:58,2025-03-16T20:15:25,746,resolved
INV-04464,A-05874,ORG-007,ANALYST-03,2025-04-01T02:58:01,2025-04-01T06:58:09,431,resolved
INV-04465,A-05876,ORG-007,ANALYST-06,2025-01-26T11:43:54,2025-01-26T18:43:49,67,resolved
INV-04466,A-05877,ORG-007,ANALYST-02,2025-06-03T12:40:36,2025-06-03T13:19:59,449,resolved
INV-04467,A-05878,ORG-007,ANALYST-12,2025-04-09T08:06:55,2025-04-09T14:55:58,336,resolved
INV-04468,A-05880,ORG-007,ANALYST-11,2025-03-13T20:47:14,2025-03-14T04:19:10,873,open
INV-04469,A-05882,ORG-007,ANALYST-12,2025-03-04T01:01:00,2025-03-04T09:00:22,265,resolved
INV-04470,A-05883,ORG-007,ANALYST-03,2025-02-02T20:24:36,2025-02-02T23:16:11,220,escalated
INV-04471,A-05884,ORG-007,ANALYST-07,2025-05-31T09:15:12,2025-05-31T11:40:28,468,resolved
INV-04472,A-05885,ORG-007,ANALYST-16,2025-01-16T06:23:56,2025-01-16T09:07:15,171,false_positive
INV-04473,A-05886,ORG-007,ANALYST-04,2025-05-20T06:21:16,2025-05-20T13:36:45,291,resolved
INV-04474,A-05887,ORG-007,ANALYST-04,2025-06-29T12:11:43,2025-06-29T13:23:32,364,resolved
INV-04475,A-05888,ORG-007,ANALYST-08,2025-01-10T14:19:35,2025-01-10T16:46:03,205,resolved
INV-04476,A-05889,ORG-007,ANALYST-18,2025-05-07T04:26:20,2025-05-07T10:28:02,682,false_positive
INV-04477,A-05890,ORG-007,ANALYST-08,2025-04-09T09:00:15,2025-04-09T11:55:30,388,escalated
INV-04478,A-05891,ORG-007,ANALYST-18,2025-02-04T21:09:02,2025-02-05T02:15:05,52,resolved
INV-04479,A-05892,ORG-007,ANALYST-14,2025-05-08T23:27:14,2025-05-09T04:06:58,192,resolved
INV-04480,A-05893,ORG-007,ANALYST-13,2025-01-31T21:28:43,2025-02-01T02:47:58,458,resolved
INV-04481,A-05894,ORG-007,ANALYST-05,2025-01-08T21:39:56,2025-01-08T23:29:04,519,resolved
INV-04482,A-05895,ORG-007,ANALYST-07,2025-05-31T17:52:20,2025-05-31T22:01:41,290,resolved
INV-04483,A-05896,ORG-007,ANALYST-09,2025-04-13T01:31:09,2025-04-13T04:15:45,375,false_positive
INV-04484,A-05897,ORG-007,ANALYST-06,2025-03-23T20:48:15,2025-03-24T03:14:17,282,resolved
INV-04485,A-05898,ORG-007,ANALYST-19,2025-05-11T02:37:53,2025-05-11T06:24:08,293,resolved
INV-04486,A-05899,ORG-007,ANALYST-02,2025-03-17T14:11:54,2025-03-17T20:01:33,717,escalated
INV-04487,A-05900,ORG-007,ANALYST-06,2025-01-09T10:54:49,2025-01-09T11:32:33,350,escalated
INV-04488,A-05903,ORG-007,ANALYST-09,2025-02-26T05:16:12,2025-02-26T12:27:35,796,resolved
INV-04489,A-05904,ORG-007,ANALYST-11,2025-05-20T21:25:00,2025-05-21T00:30:13,325,escalated
INV-04490,A-05905,ORG-007,ANALYST-01,2025-05-07T14:33:08,2025-05-07T21:24:22,425,resolved
INV-04491,A-05906,ORG-007,ANALYST-02,2025-06-02T18:27:01,2025-06-03T00:33:20,338,resolved
INV-04492,A-05908,ORG-007,ANALYST-07,2025-03-07T15:41:45,2025-03-07T22:31:17,205,resolved
INV-04493,A-05910,ORG-007,ANALYST-08,2025-05-16T22:38:14,2025-05-17T05:28:03,348,resolved
INV-04494,A-05911,ORG-007,ANALYST-11,2025-06-23T16:22:00,2025-06-23T17:58:49,783,false_positive
INV-04495,A-05913,ORG-007,ANALYST-14,2025-04-02T07:33:40,2025-04-02T10:37:18,86,open
INV-04496,A-05914,ORG-007,ANALYST-17,2025-05-16T10:19:06,2025-05-16T14:23:29,357,resolved
INV-04497,A-05915,ORG-007,ANALYST-15,2025-04-17T01:24:12,2025-04-17T09:16:51,512,resolved
INV-04498,A-05916,ORG-007,ANALYST-04,2025-01-16T14:36:59,2025-01-16T21:55:36,496,resolved
INV-04499,A-05917,ORG-007,ANALYST-09,2025-04-19T22:47:25,2025-04-20T01:16:58,207,escalated
INV-04500,A-05918,ORG-007,ANALYST-13,2025-01-21T10:29:23,2025-01-21T15:48:06,730,escalated
INV-04501,A-05919,ORG-007,ANALYST-15,2025-02-25T12:22:12,2025-02-25T19:10:19,97,resolved
INV-04502,A-05921,ORG-007,ANALYST-05,2025-02-06T22:50:02,2025-02-07T05:33:25,290,resolved
INV-04503,A-05922,ORG-007,ANALYST-01,2025-02-17T16:50:35,2025-02-17T21:27:28,527,escalated
INV-04504,A-05923,ORG-007,ANALYST-07,2025-06-25T12:57:54,2025-06-25T15:55:21,88,resolved
INV-04505,A-05925,ORG-007,ANALYST-05,2025-05-20T18:10:29,2025-05-20T21:14:53,249,false_positive
INV-04506,A-05926,ORG-007,ANALYST-01,2025-05-16T06:06:26,2025-05-16T10:18:55,135,escalated
INV-04507,A-05927,ORG-007,ANALYST-19,2025-05-14T14:14:42,2025-05-14T20:02:15,371,resolved
INV-04508,A-05928,ORG-007,ANALYST-17,2025-06-18T15:32:21,2025-06-18T21:19:57,222,escalated
INV-04509,A-05929,ORG-007,ANALYST-17,2025-02-05T16:02:45,2025-02-05T21:47:34,110,false_positive
INV-04510,A-05930,ORG-007,ANALYST-01,2025-06-25T18:57:52,2025-06-25T22:01:02,359,escalated
INV-04511,A-05931,ORG-007,ANALYST-10,2025-05-18T08:07:16,2025-05-18T13:00:23,229,false_positive
INV-04512,A-05932,ORG-007,ANALYST-11,2025-06-13T04:12:08,2025-06-13T11:23:35,55,resolved
INV-04513,A-05933,ORG-007,ANALYST-12,2025-06-11T06:01:09,2025-06-11T06:37:26,519,resolved
INV-04514,A-05934,ORG-007,ANALYST-15,2025-01-30T00:33:05,2025-01-30T07:04:31,148,open
INV-04515,A-05935,ORG-007,ANALYST-04,2025-05-12T07:44:51,2025-05-12T15:25:43,112,false_positive
INV-04516,A-05936,ORG-007,ANALYST-19,2025-04-29T00:52:06,2025-04-29T01:39:29,153,escalated
INV-04517,A-05937,ORG-007,ANALYST-04,2025-06-22T19:58:00,2025-06-22T23:19:56,360,false_positive
INV-04518,A-05939,ORG-007,ANALYST-03,2025-05-07T17:18:04,2025-05-08T00:04:46,492,escalated
INV-04519,A-05940,ORG-007,ANALYST-14,2025-03-17T12:46:30,2025-03-17T19:31:54,121,open
INV-04520,A-05941,ORG-007,ANALYST-07,2025-03-05T13:10:03,2025-03-05T19:00:29,359,escalated
INV-04521,A-05943,ORG-007,ANALYST-01,2025-01-24T14:32:51,2025-01-24T15:58:01,362,resolved
INV-04522,A-05944,ORG-007,ANALYST-13,2025-04-23T09:24:13,2025-04-23T17:16:27,460,open
INV-04523,A-05945,ORG-007,ANALYST-06,2025-02-03T04:10:25,2025-02-03T11:09:19,840,resolved
INV-04524,A-05946,ORG-007,ANALYST-05,2025-06-07T16:30:02,2025-06-07T22:48:13,466,resolved
INV-04525,A-05947,ORG-007,ANALYST-05,2025-02-06T06:02:55,2025-02-06T08:06:53,75,escalated
INV-04526,A-05948,ORG-007,ANALYST-20,2025-06-14T20:15:04,2025-06-14T21:31:09,397,resolved
INV-04527,A-05949,ORG-007,ANALYST-06,2025-04-29T15:31:07,2025-04-29T22:02:50,258,false_positive
INV-04528,A-05950,ORG-007,ANALYST-20,2025-05-07T22:59:57,2025-05-08T00:35:48,431,resolved
INV-04529,A-05952,ORG-007,ANALYST-04,2025-04-26T14:57:28,2025-04-26T22:17:46,290,resolved
INV-04530,A-05953,ORG-007,ANALYST-10,2025-01-11T02:17:31,2025-01-11T02:48:11,445,open
INV-04531,A-05954,ORG-007,ANALYST-01,2025-03-21T00:00:29,2025-03-21T01:50:01,422,resolved
INV-04532,A-05955,ORG-007,ANALYST-19,2025-02-07T00:27:49,2025-02-07T06:51:46,204,escalated
INV-04533,A-05956,ORG-007,ANALYST-15,2025-05-25T09:40:56,2025-05-25T13:55:57,416,escalated
INV-04534,A-05957,ORG-007,ANALYST-10,2025-06-23T16:05:11,2025-06-23T22:11:50,457,escalated
INV-04535,A-05958,ORG-007,ANALYST-19,2025-02-09T06:57:54,2025-02-09T10:16:55,645,false_positive
INV-04536,A-05961,ORG-007,ANALYST-05,2025-04-16T12:29:04,2025-04-16T13:06:42,663,escalated
INV-04537,A-05962,ORG-007,ANALYST-05,2025-03-04T05:40:21,2025-03-04T10:06:10,92,resolved
INV-04538,A-05963,ORG-007,ANALYST-20,2025-01-04T12:58:03,2025-01-04T19:20:14,378,resolved
INV-04539,A-05964,ORG-007,ANALYST-04,2025-03-08T11:12:43,2025-03-08T15:54:30,745,resolved
INV-04540,A-05965,ORG-007,ANALYST-07,2025-02-22T15:48:56,2025-02-22T19:01:32,201,escalated
INV-04541,A-05966,ORG-007,ANALYST-11,2025-05-19T07:22:29,2025-05-19T12:27:23,406,resolved
INV-04542,A-05967,ORG-007,ANALYST-12,2025-02-20T06:00:10,2025-02-20T13:51:15,323,resolved
INV-04543,A-05968,ORG-007,ANALYST-20,2025-04-02T11:25:19,2025-04-02T18:59:15,533,false_positive
INV-04544,A-05970,ORG-007,ANALYST-12,2025-01-28T06:24:48,2025-01-28T09:49:39,238,false_positive
INV-04545,A-05974,ORG-007,ANALYST-11,2025-05-25T00:42:40,2025-05-25T06:48:36,529,resolved
INV-04546,A-05976,ORG-007,ANALYST-19,2025-04-09T10:42:17,2025-04-09T14:16:00,414,resolved
INV-04547,A-05979,ORG-007,ANALYST-11,2025-02-27T09:44:32,2025-02-27T12:05:07,221,resolved
INV-04548,A-05980,ORG-007,ANALYST-10,2025-06-12T14:44:37,2025-06-12T20:24:14,273,resolved
INV-04549,A-05981,ORG-007,ANALYST-20,2025-05-01T05:56:05,2025-05-01T13:00:20,572,false_positive
INV-04550,A-05982,ORG-007,ANALYST-12,2025-05-08T16:27:12,2025-05-08T20:48:24,606,escalated
INV-04551,A-05983,ORG-007,ANALYST-13,2025-02-11T08:37:40,2025-02-11T13:45:30,297,resolved
INV-04552,A-05985,ORG-007,ANALYST-17,2025-04-08T19:20:36,2025-04-08T21:31:58,391,open
INV-04553,A-05986,ORG-007,ANALYST-14,2025-04-08T04:20:02,2025-04-08T07:05:05,237,resolved
INV-04554,A-05987,ORG-007,ANALYST-11,2025-05-31T01:35:04,2025-05-31T08:52:45,59,resolved
INV-04555,A-05989,ORG-007,ANALYST-10,2025-01-11T18:45:16,2025-01-11T23:54:28,147,resolved
INV-04556,A-05990,ORG-007,ANALYST-14,2025-05-10T21:21:52,2025-05-11T00:38:55,206,resolved
INV-04557,A-05991,ORG-007,ANALYST-04,2025-04-15T09:04:40,2025-04-15T14:07:21,418,open
INV-04558,A-05992,ORG-007,ANALYST-02,2025-03-07T10:01:31,2025-03-07T16:03:14,566,false_positive
INV-04559,A-05995,ORG-007,ANALYST-06,2025-04-02T05:46:17,2025-04-02T06:31:35,341,resolved
INV-04560,A-05997,ORG-007,ANALYST-14,2025-02-21T19:19:03,2025-02-21T23:57:45,457,resolved
INV-04561,A-05998,ORG-007,ANALYST-16,2025-01-15T06:21:59,2025-01-15T12:44:24,705,false_positive
INV-04562,A-05999,ORG-007,ANALYST-12,2025-01-03T14:03:49,2025-01-03T15:37:05,301,escalated
INV-04563,A-06000,ORG-007,ANALYST-20,2025-05-06T18:37:59,2025-05-06T19:55:18,798,resolved
INV-04564,A-06002,ORG-007,ANALYST-12,2025-01-03T17:32:28,2025-01-03T22:03:15,790,resolved
INV-04565,A-06003,ORG-007,ANALYST-03,2025-06-06T17:02:14,2025-06-06T21:04:30,655,resolved
INV-04566,A-06004,ORG-007,ANALYST-19,2025-02-09T02:18:08,2025-02-09T04:33:59,609,resolved
INV-04567,A-06005,ORG-007,ANALYST-16,2025-04-10T23:57:33,2025-04-11T03:19:17,279,resolved
INV-04568,A-06006,ORG-007,ANALYST-02,2025-04-05T04:38:03,2025-04-05T12:15:08,186,resolved
INV-04569,A-06007,ORG-007,ANALYST-19,2025-04-15T14:13:54,2025-04-15T18:54:16,452,resolved
INV-04570,A-06008,ORG-007,ANALYST-20,2025-05-14T08:53:47,2025-05-14T16:12:35,111,resolved
INV-04571,A-06009,ORG-007,ANALYST-05,2025-01-13T04:41:43,2025-01-13T08:07:46,151,resolved
INV-04572,A-06010,ORG-007,ANALYST-13,2025-05-05T08:30:35,2025-05-05T12:21:25,614,resolved
INV-04573,A-06011,ORG-008,ANALYST-06,2025-05-17T01:46:35,2025-05-17T08:09:01,276,resolved
INV-04574,A-06012,ORG-008,ANALYST-05,2025-01-25T21:14:35,2025-01-25T23:44:50,265,resolved
INV-04575,A-06013,ORG-008,ANALYST-01,2025-04-15T18:59:50,2025-04-15T21:43:19,741,resolved
INV-04576,A-06014,ORG-008,ANALYST-09,2025-01-15T20:53:35,2025-01-15T22:37:58,420,resolved
INV-04577,A-06016,ORG-008,ANALYST-12,2025-02-22T23:30:21,2025-02-23T06:36:31,302,resolved
INV-04578,A-06017,ORG-008,ANALYST-04,2025-03-04T14:23:44,2025-03-04T18:16:36,142,open
INV-04579,A-06018,ORG-008,ANALYST-11,2025-05-10T03:01:30,2025-05-10T04:59:45,65,false_positive
INV-04580,A-06019,ORG-008,ANALYST-13,2025-05-29T16:08:36,2025-05-29T18:17:50,169,false_positive
INV-04581,A-06020,ORG-008,ANALYST-20,2025-01-02T15:10:34,2025-01-02T18:15:48,223,resolved
INV-04582,A-06021,ORG-008,ANALYST-13,2025-02-23T14:19:06,2025-02-23T17:08:48,800,resolved
INV-04583,A-06022,ORG-008,ANALYST-10,2025-01-09T05:32:51,2025-01-09T13:16:21,732,escalated
INV-04584,A-06024,ORG-008,ANALYST-08,2025-04-30T07:44:06,2025-04-30T09:54:09,377,false_positive
INV-04585,A-06025,ORG-008,ANALYST-18,2025-05-28T08:17:23,2025-05-28T13:11:43,377,resolved
INV-04586,A-06027,ORG-008,ANALYST-15,2025-04-18T09:18:09,2025-04-18T12:59:25,343,resolved
INV-04587,A-06029,ORG-008,ANALYST-06,2025-06-07T14:54:17,2025-06-07T17:59:57,213,resolved
INV-04588,A-06030,ORG-008,ANALYST-11,2025-03-17T22:25:28,2025-03-17T23:31:14,418,false_positive
INV-04589,A-06031,ORG-008,ANALYST-14,2025-06-30T20:57:53,2025-06-30T22:31:28,869,resolved
INV-04590,A-06032,ORG-008,ANALYST-04,2025-03-03T04:00:56,2025-03-03T09:17:35,444,resolved
INV-04591,A-06033,ORG-008,ANALYST-07,2025-04-27T23:17:12,2025-04-28T03:33:20,532,resolved
INV-04592,A-06034,ORG-008,ANALYST-10,2025-06-21T01:16:40,2025-06-21T07:22:55,140,resolved
INV-04593,A-06035,ORG-008,ANALYST-15,2025-06-15T08:21:00,2025-06-15T13:08:13,341,resolved
INV-04594,A-06036,ORG-008,ANALYST-04,2025-06-28T03:37:07,2025-06-28T05:59:05,79,resolved
INV-04595,A-06037,ORG-008,ANALYST-16,2025-04-06T19:19:59,2025-04-07T00:45:25,218,escalated
INV-04596,A-06038,ORG-008,ANALYST-19,2025-04-23T11:56:49,2025-04-23T12:58:43,129,false_positive
INV-04597,A-06039,ORG-008,ANALYST-20,2025-04-18T18:36:52,2025-04-18T19:35:09,185,false_positive
INV-04598,A-06040,ORG-008,ANALYST-01,2025-03-21T07:00:59,2025-03-21T10:33:32,676,resolved
INV-04599,A-06041,ORG-008,ANALYST-18,2025-04-12T05:45:45,2025-04-12T12:04:17,234,resolved
INV-04600,A-06043,ORG-008,ANALYST-15,2025-03-29T01:17:00,2025-03-29T06:58:20,489,resolved
INV-04601,A-06044,ORG-008,ANALYST-19,2025-06-13T06:01:12,2025-06-13T12:39:57,414,resolved
INV-04602,A-06045,ORG-008,ANALYST-02,2025-02-20T07:48:47,2025-02-20T11:12:10,354,resolved
INV-04603,A-06047,ORG-008,ANALYST-01,2025-02-12T12:37:02,2025-02-12T19:33:31,52,resolved
INV-04604,A-06048,ORG-008,ANALYST-05,2025-03-26T17:12:41,2025-03-26T18:27:24,215,resolved
INV-04605,A-06049,ORG-008,ANALYST-14,2025-03-20T16:24:09,2025-03-20T23:05:17,225,resolved
INV-04606,A-06050,ORG-008,ANALYST-20,2025-03-31T21:38:19,2025-04-01T02:04:56,329,resolved
INV-04607,A-06051,ORG-008,ANALYST-15,2025-02-17T16:05:55,2025-02-17T21:17:00,447,resolved
INV-04608,A-06052,ORG-008,ANALYST-17,2025-06-29T14:49:49,2025-06-29T19:49:19,452,resolved
INV-04609,A-06053,ORG-008,ANALYST-04,2025-04-25T20:23:20,2025-04-26T00:45:35,745,open
INV-04610,A-06054,ORG-008,ANALYST-01,2025-06-22T06:29:29,2025-06-22T10:25:45,681,resolved
INV-04611,A-06055,ORG-008,ANALYST-07,2025-06-23T06:39:00,2025-06-23T12:22:18,299,false_positive
INV-04612,A-06057,ORG-008,ANALYST-11,2025-02-23T10:10:29,2025-02-23T15:25:31,452,open
INV-04613,A-06058,ORG-008,ANALYST-14,2025-04-10T08:51:10,2025-04-10T12:12:32,293,escalated
INV-04614,A-06059,ORG-008,ANALYST-17,2025-06-10T21:30:28,2025-06-11T04:55:55,203,resolved
INV-04615,A-06060,ORG-008,ANALYST-15,2025-05-14T01:23:30,2025-05-14T04:00:55,101,resolved
INV-04616,A-06061,ORG-008,ANALYST-09,2025-04-12T23:38:21,2025-04-13T01:21:12,392,false_positive
INV-04617,A-06063,ORG-008,ANALYST-18,2025-01-19T21:52:13,2025-01-20T04:03:31,319,resolved
INV-04618,A-06064,ORG-008,ANALYST-13,2025-05-27T12:46:43,2025-05-27T20:18:21,593,resolved
INV-04619,A-06066,ORG-008,ANALYST-03,2025-02-25T04:58:39,2025-02-25T10:45:00,243,resolved
INV-04620,A-06067,ORG-008,ANALYST-03,2025-03-12T12:46:15,2025-03-12T14:43:24,345,resolved
INV-04621,A-06068,ORG-008,ANALYST-05,2025-03-04T13:51:22,2025-03-04T21:48:27,304,escalated
INV-04622,A-06070,ORG-008,ANALYST-06,2025-05-17T07:56:07,2025-05-17T13:00:06,642,resolved
INV-04623,A-06071,ORG-008,ANALYST-08,2025-06-28T23:04:00,2025-06-28T23:49:08,373,resolved
INV-04624,A-06072,ORG-008,ANALYST-16,2025-04-28T11:31:58,2025-04-28T15:54:49,672,resolved
INV-04625,A-06075,ORG-008,ANALYST-16,2025-02-03T21:35:36,2025-02-03T23:05:52,342,resolved
INV-04626,A-06077,ORG-008,ANALYST-06,2025-02-22T20:14:35,2025-02-22T23:34:02,560,open
INV-04627,A-06078,ORG-008,ANALYST-13,2025-02-02T03:12:49,2025-02-02T04:30:58,748,resolved
INV-04628,A-06079,ORG-008,ANALYST-05,2025-03-27T02:10:15,2025-03-27T04:28:24,419,resolved
INV-04629,A-06080,ORG-008,ANALYST-17,2025-05-17T04:29:23,2025-05-17T08:17:23,371,resolved
INV-04630,A-06081,ORG-008,ANALYST-04,2025-04-10T17:26:25,2025-04-10T20:37:49,134,false_positive
INV-04631,A-06082,ORG-008,ANALYST-04,2025-03-19T22:40:56,2025-03-20T03:01:45,242,resolved
INV-04632,A-06083,ORG-008,ANALYST-16,2025-01-15T05:53:19,2025-01-15T08:37:18,184,false_positive
INV-04633,A-06084,ORG-008,ANALYST-11,2025-03-18T10:29:08,2025-03-18T11:24:15,538,resolved
INV-04634,A-06085,ORG-008,ANALYST-10,2025-05-27T16:54:12,2025-05-28T00:52:19,65,escalated
INV-04635,A-06086,ORG-008,ANALYST-04,2025-04-26T01:25:58,2025-04-26T06:55:21,475,resolved
INV-04636,A-06087,ORG-008,ANALYST-20,2025-05-23T07:52:57,2025-05-23T12:53:13,388,escalated
INV-04637,A-06088,ORG-008,ANALYST-18,2025-02-16T21:44:16,2025-02-16T22:58:08,351,resolved
INV-04638,A-06089,ORG-008,ANALYST-18,2025-02-19T00:27:10,2025-02-19T02:27:01,895,resolved
INV-04639,A-06090,ORG-008,ANALYST-19,2025-06-15T05:44:01,2025-06-15T07:29:42,535,resolved
INV-04640,A-06091,ORG-008,ANALYST-08,2025-04-04T00:56:37,2025-04-04T07:17:03,474,resolved
INV-04641,A-06092,ORG-008,ANALYST-11,2025-02-12T05:44:38,2025-02-12T10:17:56,634,resolved
INV-04642,A-06093,ORG-008,ANALYST-15,2025-03-01T06:50:55,2025-03-01T14:48:40,106,resolved
INV-04643,A-06094,ORG-008,ANALYST-19,2025-01-17T09:38:19,2025-01-17T16:54:30,463,open
INV-04644,A-06096,ORG-008,ANALYST-17,2025-04-28T00:37:30,2025-04-28T05:47:31,108,resolved
INV-04645,A-06097,ORG-008,ANALYST-20,2025-02-20T23:41:01,2025-02-21T00:25:31,360,escalated
INV-04646,A-06098,ORG-008,ANALYST-10,2025-03-10T00:27:10,2025-03-10T06:21:36,470,resolved
INV-04647,A-06099,ORG-008,ANALYST-07,2025-06-29T00:13:28,2025-06-29T05:50:28,183,escalated
INV-04648,A-06100,ORG-008,ANALYST-08,2025-04-05T08:25:59,2025-04-05T13:00:19,684,resolved
INV-04649,A-06102,ORG-008,ANALYST-02,2025-05-25T05:44:17,2025-05-25T10:16:19,542,resolved
INV-04650,A-06103,ORG-008,ANALYST-08,2025-05-07T16:48:21,2025-05-08T00:29:23,417,resolved
INV-04651,A-06104,ORG-008,ANALYST-08,2025-01-23T03:08:14,2025-01-23T10:17:06,446,resolved
INV-04652,A-06105,ORG-008,ANALYST-03,2025-05-09T13:13:41,2025-05-09T14:01:11,299,false_positive
INV-04653,A-06106,ORG-008,ANALYST-13,2025-01-25T11:58:25,2025-01-25T19:44:55,375,resolved
INV-04654,A-06107,ORG-008,ANALYST-16,2025-05-05T19:04:13,2025-05-06T02:23:50,54,escalated
INV-04655,A-06110,ORG-008,ANALYST-20,2025-04-22T11:59:57,2025-04-22T13:40:14,369,resolved
INV-04656,A-06111,ORG-008,ANALYST-07,2025-01-03T20:27:26,2025-01-04T00:19:00,165,escalated
INV-04657,A-06113,ORG-008,ANALYST-07,2025-05-27T22:33:21,2025-05-28T01:59:42,456,resolved
INV-04658,A-06114,ORG-008,ANALYST-10,2025-06-10T09:18:57,2025-06-10T13:16:34,276,escalated
INV-04659,A-06115,ORG-008,ANALYST-09,2025-02-27T02:41:18,2025-02-27T10:40:17,602,escalated
INV-04660,A-06116,ORG-008,ANALYST-02,2025-04-02T20:22:37,2025-04-02T21:02:52,719,resolved
INV-04661,A-06117,ORG-008,ANALYST-07,2025-01-03T14:19:54,2025-01-03T17:37:02,826,resolved
INV-04662,A-06118,ORG-008,ANALYST-18,2025-06-22T00:47:26,2025-06-22T03:13:34,710,resolved
INV-04663,A-06119,ORG-008,ANALYST-05,2025-03-02T13:27:33,2025-03-02T21:24:33,493,escalated
INV-04664,A-06120,ORG-008,ANALYST-18,2025-05-25T22:10:49,2025-05-26T05:09:53,187,resolved
INV-04665,A-06121,ORG-008,ANALYST-02,2025-01-19T21:58:25,2025-01-20T02:15:02,481,resolved
INV-04666,A-06125,ORG-008,ANALYST-13,2025-06-03T10:18:36,2025-06-03T12:45:51,584,escalated
INV-04667,A-06126,ORG-008,ANALYST-01,2025-05-31T17:38:57,2025-05-31T21:17:57,673,false_positive
INV-04668,A-06127,ORG-008,ANALYST-10,2025-06-26T20:45:21,2025-06-26T23:44:34,515,resolved
INV-04669,A-06128,ORG-008,ANALYST-17,2025-06-05T03:43:35,2025-06-05T10:43:58,171,false_positive
INV-04670,A-06129,ORG-008,ANALYST-11,2025-01-07T01:08:37,2025-01-07T03:01:37,346,resolved
INV-04671,A-06130,ORG-008,ANALYST-07,2025-01-24T02:57:28,2025-01-24T10:56:35,705,escalated
INV-04672,A-06131,ORG-008,ANALYST-08,2025-04-12T00:42:39,2025-04-12T03:06:36,524,resolved
INV-04673,A-06132,ORG-008,ANALYST-04,2025-01-26T11:36:34,2025-01-26T12:15:39,444,escalated
INV-04674,A-06133,ORG-008,ANALYST-01,2025-03-17T22:00:37,2025-03-18T02:20:38,663,resolved
INV-04675,A-06134,ORG-008,ANALYST-08,2025-02-28T17:05:26,2025-02-28T20:25:22,881,resolved
INV-04676,A-06135,ORG-008,ANALYST-13,2025-02-18T10:08:39,2025-02-18T13:01:20,692,false_positive
INV-04677,A-06136,ORG-008,ANALYST-04,2025-05-25T09:02:38,2025-05-25T15:14:49,328,false_positive
INV-04678,A-06137,ORG-008,ANALYST-13,2025-03-25T00:29:22,2025-03-25T08:17:04,285,escalated
INV-04679,A-06138,ORG-008,ANALYST-06,2025-03-15T11:57:20,2025-03-15T17:35:07,321,resolved
INV-04680,A-06139,ORG-008,ANALYST-10,2025-04-17T22:03:48,2025-04-18T04:55:09,310,escalated
INV-04681,A-06141,ORG-008,ANALYST-02,2025-03-29T20:14:17,2025-03-29T21:06:35,291,resolved
INV-04682,A-06142,ORG-008,ANALYST-16,2025-05-22T16:17:26,2025-05-22T18:55:31,312,escalated
INV-04683,A-06143,ORG-008,ANALYST-16,2025-01-13T22:22:06,2025-01-14T01:56:23,317,resolved
INV-04684,A-06144,ORG-008,ANALYST-07,2025-06-15T06:43:02,2025-06-15T07:39:46,289,resolved
INV-04685,A-06146,ORG-008,ANALYST-12,2025-03-02T02:18:17,2025-03-02T05:53:19,596,resolved
INV-04686,A-06147,ORG-008,ANALYST-12,2025-01-10T23:35:30,2025-01-11T04:57:24,471,resolved
INV-04687,A-06149,ORG-008,ANALYST-11,2025-01-13T05:27:40,2025-01-13T09:36:48,228,false_positive
INV-04688,A-06150,ORG-008,ANALYST-12,2025-06-02T11:05:42,2025-06-02T12:40:51,327,resolved
INV-04689,A-06151,ORG-008,ANALYST-09,2025-01-12T15:41:49,2025-01-12T19:18:06,277,resolved
INV-04690,A-06152,ORG-008,ANALYST-04,2025-04-03T05:54:08,2025-04-03T11:05:22,370,resolved
INV-04691,A-06153,ORG-008,ANALYST-01,2025-02-11T16:02:15,2025-02-11T17:56:40,205,resolved
INV-04692,A-06154,ORG-008,ANALYST-08,2025-05-03T09:06:34,2025-05-03T13:53:09,655,resolved
INV-04693,A-06155,ORG-008,ANALYST-09,2025-03-26T16:02:18,2025-03-26T16:40:00,279,resolved
INV-04694,A-06156,ORG-008,ANALYST-09,2025-05-28T09:34:14,2025-05-28T15:20:36,837,open
INV-04695,A-06157,ORG-008,ANALYST-06,2025-05-07T12:14:00,2025-05-07T13:07:50,386,resolved
INV-04696,A-06159,ORG-008,ANALYST-12,2025-06-01T05:01:52,2025-06-01T12:04:34,224,resolved
INV-04697,A-06160,ORG-008,ANALYST-13,2025-02-21T14:33:38,2025-02-21T21:31:08,330,false_positive
INV-04698,A-06161,ORG-008,ANALYST-06,2025-03-15T11:57:11,2025-03-15T19:42:01,186,resolved
INV-04699,A-06162,ORG-008,ANALYST-17,2025-03-17T03:54:02,2025-03-17T07:48:33,347,resolved
INV-04700,A-06163,ORG-008,ANALYST-04,2025-06-20T03:03:19,2025-06-20T08:34:33,133,open
INV-04701,A-06164,ORG-008,ANALYST-19,2025-05-07T14:52:23,2025-05-07T21:39:46,438,resolved
INV-04702,A-06165,ORG-008,ANALYST-05,2025-03-24T08:40:51,2025-03-24T10:05:00,276,resolved
INV-04703,A-06167,ORG-008,ANALYST-12,2025-03-02T16:25:15,2025-03-02T21:21:52,205,resolved
INV-04704,A-06168,ORG-008,ANALYST-19,2025-05-31T17:00:00,2025-05-31T18:31:48,240,resolved
INV-04705,A-06169,ORG-008,ANALYST-18,2025-03-01T01:13:07,2025-03-01T04:32:34,309,escalated
INV-04706,A-06170,ORG-008,ANALYST-12,2025-03-26T19:54:30,2025-03-27T01:42:21,245,resolved
INV-04707,A-06171,ORG-008,ANALYST-09,2025-05-21T20:00:38,2025-05-21T21:30:17,191,false_positive
INV-04708,A-06172,ORG-008,ANALYST-12,2025-04-08T00:30:57,2025-04-08T05:45:44,276,resolved
INV-04709,A-06173,ORG-008,ANALYST-13,2025-06-24T17:28:38,2025-06-24T20:24:13,218,false_positive
INV-04710,A-06174,ORG-008,ANALYST-05,2025-05-25T20:24:06,2025-05-26T00:59:57,206,resolved
INV-04711,A-06177,ORG-008,ANALYST-10,2025-05-03T09:58:26,2025-05-03T16:44:06,399,resolved
INV-04712,A-06179,ORG-008,ANALYST-04,2025-02-01T21:57:03,2025-02-02T00:26:14,133,resolved
INV-04713,A-06180,ORG-008,ANALYST-15,2025-03-02T11:14:46,2025-03-02T18:02:26,895,escalated
INV-04714,A-06181,ORG-008,ANALYST-03,2025-04-22T02:31:09,2025-04-22T05:05:29,463,false_positive
INV-04715,A-06182,ORG-008,ANALYST-06,2025-04-24T04:26:06,2025-04-24T07:09:37,776,resolved
INV-04716,A-06183,ORG-008,ANALYST-17,2025-04-20T14:19:41,2025-04-20T19:34:41,119,resolved
INV-04717,A-06184,ORG-008,ANALYST-15,2025-04-13T11:46:23,2025-04-13T13:53:55,211,resolved
INV-04718,A-06185,ORG-008,ANALYST-14,2025-04-14T13:06:37,2025-04-14T20:41:32,862,escalated
INV-04719,A-06186,ORG-008,ANALYST-03,2025-01-16T13:34:11,2025-01-16T14:15:19,675,resolved
INV-04720,A-06188,ORG-008,ANALYST-20,2025-04-06T11:07:01,2025-04-06T16:40:58,109,resolved
INV-04721,A-06189,ORG-008,ANALYST-09,2025-03-06T23:28:36,2025-03-07T02:06:02,203,resolved
INV-04722,A-06190,ORG-008,ANALYST-11,2025-03-28T12:44:18,2025-03-28T18:23:33,445,false_positive
INV-04723,A-06191,ORG-008,ANALYST-04,2025-06-12T12:07:24,2025-06-12T17:19:50,242,escalated
INV-04724,A-06192,ORG-008,ANALYST-01,2025-03-13T22:05:43,2025-03-13T23:03:52,251,escalated
INV-04725,A-06193,ORG-008,ANALYST-04,2025-03-22T05:18:17,2025-03-22T11:31:53,667,false_positive
INV-04726,A-06194,ORG-008,ANALYST-02,2025-01-19T06:42:05,2025-01-19T08:37:45,666,resolved
INV-04727,A-06195,ORG-008,ANALYST-11,2025-06-24T16:30:25,2025-06-24T22:32:41,519,resolved
INV-04728,A-06196,ORG-008,ANALYST-08,2025-06-07T18:07:59,2025-06-07T23:09:08,432,resolved
INV-04729,A-06197,ORG-008,ANALYST-20,2025-06-05T02:27:29,2025-06-05T06:05:30,474,resolved
INV-04730,A-06199,ORG-008,ANALYST-07,2025-01-19T06:31:23,2025-01-19T07:01:26,267,false_positive
INV-04731,A-06200,ORG-008,ANALYST-09,2025-06-23T13:25:00,2025-06-23T20:09:24,233,resolved
INV-04732,A-06203,ORG-008,ANALYST-07,2025-06-23T03:23:40,2025-06-23T03:58:36,634,resolved
INV-04733,A-06204,ORG-008,ANALYST-01,2025-03-06T11:32:36,2025-03-06T18:30:16,474,escalated
INV-04734,A-06205,ORG-008,ANALYST-10,2025-05-30T18:46:07,2025-05-30T19:50:57,227,false_positive
INV-04735,A-06206,ORG-008,ANALYST-02,2025-03-11T01:19:07,2025-03-11T02:25:27,224,false_positive
INV-04736,A-06211,ORG-008,ANALYST-06,2025-06-17T11:28:13,2025-06-17T19:24:00,635,false_positive
INV-04737,A-06212,ORG-008,ANALYST-07,2025-02-06T22:01:35,2025-02-06T23:47:05,116,open
INV-04738,A-06215,ORG-008,ANALYST-19,2025-04-22T02:57:25,2025-04-22T04:38:38,64,resolved
INV-04739,A-06216,ORG-008,ANALYST-06,2025-04-04T18:51:03,2025-04-05T00:30:52,771,resolved
INV-04740,A-06217,ORG-008,ANALYST-15,2025-05-20T03:32:26,2025-05-20T10:30:36,281,escalated
INV-04741,A-06218,ORG-008,ANALYST-18,2025-02-13T10:43:15,2025-02-13T17:04:44,643,resolved
INV-04742,A-06219,ORG-008,ANALYST-04,2025-06-27T13:18:36,2025-06-27T15:08:49,677,false_positive
INV-04743,A-06220,ORG-008,ANALYST-06,2025-03-20T14:29:13,2025-03-20T17:37:54,795,resolved
INV-04744,A-06221,ORG-008,ANALYST-07,2025-05-12T09:28:31,2025-05-12T14:09:11,279,resolved
INV-04745,A-06222,ORG-008,ANALYST-10,2025-04-20T03:04:35,2025-04-20T07:17:16,259,open
INV-04746,A-06224,ORG-008,ANALYST-10,2025-02-15T18:09:10,2025-02-16T01:06:05,320,resolved
INV-04747,A-06225,ORG-008,ANALYST-17,2025-03-27T20:47:29,2025-03-27T23:54:38,226,escalated
INV-04748,A-06227,ORG-008,ANALYST-06,2025-04-06T05:08:23,2025-04-06T08:54:24,755,resolved
INV-04749,A-06229,ORG-008,ANALYST-19,2025-02-03T09:42:18,2025-02-03T16:03:01,256,false_positive
INV-04750,A-06230,ORG-008,ANALYST-14,2025-01-21T08:57:08,2025-01-21T11:32:12,149,resolved
INV-04751,A-06231,ORG-008,ANALYST-20,2025-06-24T10:53:14,2025-06-24T15:18:56,324,resolved
INV-04752,A-06232,ORG-008,ANALYST-06,2025-05-28T06:53:16,2025-05-28T12:21:16,596,escalated
INV-04753,A-06234,ORG-008,ANALYST-20,2025-01-25T01:53:22,2025-01-25T02:33:45,662,escalated
INV-04754,A-06235,ORG-008,ANALYST-05,2025-04-21T08:30:04,2025-04-21T11:21:27,621,resolved
INV-04755,A-06236,ORG-008,ANALYST-05,2025-03-05T01:17:25,2025-03-05T02:49:05,108,resolved
INV-04756,A-06237,ORG-008,ANALYST-20,2025-02-18T09:34:11,2025-02-18T12:29:34,446,false_positive
INV-04757,A-06238,ORG-008,ANALYST-05,2025-05-15T04:56:19,2025-05-15T12:13:19,684,resolved
INV-04758,A-06239,ORG-008,ANALYST-19,2025-04-20T11:56:34,2025-04-20T19:02:02,209,resolved
INV-04759,A-06240,ORG-008,ANALYST-13,2025-03-03T12:31:24,2025-03-03T14:14:22,134,open
INV-04760,A-06241,ORG-008,ANALYST-12,2025-05-19T06:46:44,2025-05-19T10:42:55,445,escalated
INV-04761,A-06242,ORG-008,ANALYST-14,2025-05-02T19:22:58,2025-05-02T21:18:36,243,false_positive
INV-04762,A-06243,ORG-008,ANALYST-09,2025-03-22T14:50:09,2025-03-22T16:07:39,286,resolved
INV-04763,A-06244,ORG-008,ANALYST-03,2025-05-11T21:01:29,2025-05-12T01:41:27,665,resolved
INV-04764,A-06245,ORG-008,ANALYST-11,2025-06-17T10:53:29,2025-06-17T11:38:51,573,resolved
INV-04765,A-06246,ORG-008,ANALYST-16,2025-06-27T03:13:37,2025-06-27T10:06:51,396,escalated
INV-04766,A-06247,ORG-008,ANALYST-17,2025-04-27T19:59:27,2025-04-27T22:51:42,194,resolved
INV-04767,A-06249,ORG-008,ANALYST-11,2025-01-29T14:57:52,2025-01-29T19:47:11,55,resolved
INV-04768,A-06250,ORG-008,ANALYST-18,2025-02-05T22:19:07,2025-02-06T03:12:12,240,false_positive
INV-04769,A-06254,ORG-008,ANALYST-14,2025-03-05T21:28:50,2025-03-05T22:11:03,330,false_positive
INV-04770,A-06255,ORG-008,ANALYST-18,2025-05-11T18:24:25,2025-05-12T00:40:10,687,escalated
INV-04771,A-06256,ORG-008,ANALYST-09,2025-03-13T21:42:43,2025-03-14T01:59:14,128,resolved
INV-04772,A-06257,ORG-008,ANALYST-13,2025-01-19T15:25:28,2025-01-19T21:06:49,129,resolved
INV-04773,A-06258,ORG-008,ANALYST-11,2025-05-29T20:57:16,2025-05-30T04:13:48,70,resolved
INV-04774,A-06261,ORG-008,ANALYST-04,2025-02-14T16:18:13,2025-02-14T23:26:14,654,escalated
INV-04775,A-06262,ORG-008,ANALYST-18,2025-04-15T09:25:56,2025-04-15T13:12:51,295,resolved
INV-04776,A-06263,ORG-008,ANALYST-13,2025-05-15T10:10:20,2025-05-15T18:07:10,801,resolved
INV-04777,A-06264,ORG-008,ANALYST-09,2025-04-09T17:03:25,2025-04-09T23:43:51,523,resolved
INV-04778,A-06265,ORG-008,ANALYST-02,2025-02-14T04:24:53,2025-02-14T09:49:42,359,false_positive
INV-04779,A-06266,ORG-008,ANALYST-16,2025-02-15T00:31:22,2025-02-15T06:47:48,151,resolved
INV-04780,A-06269,ORG-008,ANALYST-02,2025-02-02T02:13:53,2025-02-02T04:21:00,317,resolved
INV-04781,A-06271,ORG-008,ANALYST-04,2025-03-01T00:04:58,2025-03-01T07:05:31,425,resolved
INV-04782,A-06272,ORG-008,ANALYST-05,2025-01-18T14:56:46,2025-01-18T17:45:38,724,open
INV-04783,A-06273,ORG-008,ANALYST-17,2025-06-23T12:06:58,2025-06-23T13:51:27,798,resolved
INV-04784,A-06274,ORG-008,ANALYST-20,2025-06-17T12:46:28,2025-06-17T15:34:13,227,resolved
INV-04785,A-06276,ORG-008,ANALYST-04,2025-02-09T08:46:25,2025-02-09T14:21:52,288,resolved
INV-04786,A-06277,ORG-008,ANALYST-12,2025-03-24T07:26:00,2025-03-24T10:49:27,454,false_positive
INV-04787,A-06278,ORG-008,ANALYST-06,2025-05-04T01:20:26,2025-05-04T09:12:06,310,resolved
INV-04788,A-06279,ORG-008,ANALYST-10,2025-03-09T09:27:46,2025-03-09T12:35:58,377,false_positive
INV-04789,A-06280,ORG-008,ANALYST-14,2025-05-18T06:28:11,2025-05-18T12:23:20,432,escalated
INV-04790,A-06281,ORG-008,ANALYST-04,2025-03-26T05:28:09,2025-03-26T08:55:14,104,false_positive
INV-04791,A-06282,ORG-008,ANALYST-01,2025-04-22T04:29:36,2025-04-22T06:21:36,609,false_positive
INV-04792,A-06283,ORG-008,ANALYST-03,2025-04-07T09:47:44,2025-04-07T14:21:59,620,resolved
INV-04793,A-06284,ORG-008,ANALYST-20,2025-05-13T20:14:00,2025-05-14T00:27:07,66,escalated
INV-04794,A-06285,ORG-008,ANALYST-01,2025-05-01T09:44:48,2025-05-01T16:54:19,524,resolved
INV-04795,A-06286,ORG-008,ANALYST-05,2025-05-01T05:01:45,2025-05-01T07:29:16,649,false_positive
INV-04796,A-06287,ORG-008,ANALYST-08,2025-05-23T09:34:06,2025-05-23T13:23:00,275,resolved
INV-04797,A-06290,ORG-008,ANALYST-03,2025-01-12T02:55:10,2025-01-12T09:26:12,257,resolved
INV-04798,A-06291,ORG-008,ANALYST-02,2025-03-10T08:07:26,2025-03-10T12:42:06,203,resolved
INV-04799,A-06292,ORG-008,ANALYST-11,2025-06-06T17:34:16,2025-06-06T20:11:38,352,open
INV-04800,A-06294,ORG-008,ANALYST-18,2025-04-06T07:51:44,2025-04-06T12:01:24,525,resolved
INV-04801,A-06295,ORG-008,ANALYST-08,2025-05-21T05:49:53,2025-05-21T12:16:06,114,open
INV-04802,A-06296,ORG-008,ANALYST-12,2025-03-23T09:44:02,2025-03-23T13:52:06,125,resolved
INV-04803,A-06297,ORG-008,ANALYST-13,2025-01-06T03:43:26,2025-01-06T10:48:58,615,resolved
INV-04804,A-06298,ORG-008,ANALYST-08,2025-01-28T11:33:08,2025-01-28T17:44:15,59,resolved
INV-04805,A-06299,ORG-008,ANALYST-12,2025-02-24T04:11:42,2025-02-24T05:46:15,610,escalated
INV-04806,A-06300,ORG-008,ANALYST-05,2025-02-26T12:50:08,2025-02-26T16:27:00,354,escalated
INV-04807,A-06303,ORG-008,ANALYST-14,2025-01-05T16:22:09,2025-01-05T21:46:16,734,resolved
INV-04808,A-06304,ORG-008,ANALYST-15,2025-01-02T22:20:44,2025-01-03T02:17:37,488,resolved
INV-04809,A-06305,ORG-008,ANALYST-12,2025-01-31T06:23:10,2025-01-31T11:30:44,319,resolved
INV-04810,A-06306,ORG-008,ANALYST-10,2025-02-21T12:41:14,2025-02-21T13:54:17,269,false_positive
INV-04811,A-06307,ORG-008,ANALYST-12,2025-03-08T13:41:19,2025-03-08T15:36:05,558,resolved
INV-04812,A-06308,ORG-008,ANALYST-04,2025-01-02T20:30:35,2025-01-03T03:06:55,125,escalated
INV-04813,A-06310,ORG-008,ANALYST-19,2025-02-07T09:45:16,2025-02-07T17:12:31,478,resolved
INV-04814,A-06311,ORG-008,ANALYST-01,2025-02-22T11:19:50,2025-02-22T18:48:16,750,resolved
INV-04815,A-06312,ORG-008,ANALYST-03,2025-04-02T08:31:32,2025-04-02T15:20:34,372,false_positive
INV-04816,A-06314,ORG-008,ANALYST-14,2025-01-18T12:58:00,2025-01-18T19:57:12,486,resolved
INV-04817,A-06316,ORG-008,ANALYST-11,2025-03-24T12:54:29,2025-03-24T18:43:47,96,escalated
INV-04818,A-06317,ORG-008,ANALYST-14,2025-04-03T08:20:11,2025-04-03T10:16:17,632,resolved
INV-04819,A-06318,ORG-008,ANALYST-13,2025-03-11T20:47:04,2025-03-11T22:30:26,120,resolved
INV-04820,A-06319,ORG-008,ANALYST-04,2025-04-16T06:08:33,2025-04-16T12:00:31,722,resolved
INV-04821,A-06320,ORG-008,ANALYST-18,2025-02-23T04:23:06,2025-02-23T12:02:08,522,resolved
INV-04822,A-06321,ORG-008,ANALYST-18,2025-06-04T17:57:44,2025-06-05T01:47:23,462,resolved
INV-04823,A-06322,ORG-008,ANALYST-15,2025-03-25T00:34:52,2025-03-25T08:13:01,679,resolved
INV-04824,A-06323,ORG-008,ANALYST-20,2025-05-12T20:35:00,2025-05-13T04:18:22,364,escalated
INV-04825,A-06324,ORG-008,ANALYST-15,2025-01-28T10:37:14,2025-01-28T11:37:24,540,false_positive
INV-04826,A-06327,ORG-008,ANALYST-03,2025-03-15T23:56:05,2025-03-16T06:24:10,130,false_positive
INV-04827,A-06329,ORG-008,ANALYST-10,2025-05-31T07:15:22,2025-05-31T12:55:14,160,false_positive
INV-04828,A-06330,ORG-008,ANALYST-12,2025-01-04T01:08:47,2025-01-04T06:24:58,63,resolved
INV-04829,A-06331,ORG-008,ANALYST-16,2025-02-06T00:10:26,2025-02-06T01:11:31,668,resolved
INV-04830,A-06332,ORG-008,ANALYST-15,2025-04-27T23:42:04,2025-04-28T01:31:59,316,resolved
INV-04831,A-06333,ORG-008,ANALYST-06,2025-01-09T23:42:09,2025-01-10T04:51:39,383,resolved
INV-04832,A-06334,ORG-008,ANALYST-16,2025-04-10T22:02:12,2025-04-11T06:01:22,205,resolved
INV-04833,A-06335,ORG-008,ANALYST-07,2025-05-15T17:39:12,2025-05-16T00:18:16,672,false_positive
INV-04834,A-06337,ORG-008,ANALYST-12,2025-06-29T18:43:47,2025-06-29T22:54:30,261,resolved
INV-04835,A-06338,ORG-008,ANALYST-15,2025-02-08T08:55:11,2025-02-08T16:09:04,217,false_positive
INV-04836,A-06339,ORG-008,ANALYST-09,2025-05-12T07:57:01,2025-05-12T09:07:00,731,false_positive
INV-04837,A-06340,ORG-008,ANALYST-08,2025-05-23T07:35:20,2025-05-23T12:58:11,294,resolved
INV-04838,A-06342,ORG-008,ANALYST-17,2025-01-04T21:19:53,2025-01-05T00:29:33,491,false_positive
INV-04839,A-06343,ORG-008,ANALYST-20,2025-01-26T07:16:59,2025-01-26T09:52:40,247,escalated
INV-04840,A-06344,ORG-008,ANALYST-18,2025-06-25T00:17:48,2025-06-25T01:15:32,657,false_positive
INV-04841,A-06345,ORG-008,ANALYST-05,2025-04-02T09:14:16,2025-04-02T12:00:44,296,false_positive
INV-04842,A-06346,ORG-008,ANALYST-17,2025-02-10T13:23:02,2025-02-10T15:01:37,276,resolved
INV-04843,A-06347,ORG-008,ANALYST-20,2025-05-03T06:44:04,2025-05-03T13:28:07,723,resolved
INV-04844,A-06348,ORG-008,ANALYST-19,2025-05-23T05:04:41,2025-05-23T11:50:13,250,escalated
INV-04845,A-06349,ORG-008,ANALYST-20,2025-04-10T08:52:50,2025-04-10T12:55:43,214,escalated
INV-04846,A-06350,ORG-008,ANALYST-15,2025-06-22T03:07:32,2025-06-22T07:19:28,385,escalated
INV-04847,A-06351,ORG-008,ANALYST-13,2025-05-24T18:15:51,2025-05-24T21:27:46,139,resolved
INV-04848,A-06352,ORG-008,ANALYST-20,2025-01-20T07:42:25,2025-01-20T10:32:47,305,resolved
INV-04849,A-06353,ORG-008,ANALYST-14,2025-04-09T22:17:20,2025-04-09T23:22:52,233,resolved
INV-04850,A-06354,ORG-008,ANALYST-08,2025-04-12T08:24:58,2025-04-12T11:04:42,461,resolved
INV-04851,A-06355,ORG-008,ANALYST-10,2025-01-07T22:05:18,2025-01-08T04:46:38,683,false_positive
INV-04852,A-06356,ORG-008,ANALYST-11,2025-03-11T13:43:01,2025-03-11T16:55:29,555,resolved
INV-04853,A-06357,ORG-008,ANALYST-02,2025-02-02T21:38:18,2025-02-03T02:29:26,816,resolved
INV-04854,A-06359,ORG-008,ANALYST-20,2025-06-13T06:39:25,2025-06-13T08:30:00,462,escalated
INV-04855,A-06360,ORG-008,ANALYST-06,2025-04-29T13:54:42,2025-04-29T15:31:46,373,resolved
INV-04856,A-06363,ORG-008,ANALYST-17,2025-02-03T01:45:13,2025-02-03T02:42:27,195,false_positive
INV-04857,A-06365,ORG-008,ANALYST-03,2025-01-27T20:27:36,2025-01-27T22:49:51,668,escalated
INV-04858,A-06366,ORG-008,ANALYST-14,2025-02-23T07:59:55,2025-02-23T14:25:41,596,resolved
INV-04859,A-06367,ORG-008,ANALYST-10,2025-06-18T00:04:38,2025-06-18T01:09:40,97,resolved
INV-04860,A-06369,ORG-008,ANALYST-03,2025-02-06T06:46:50,2025-02-06T09:35:56,310,escalated
INV-04861,A-06370,ORG-008,ANALYST-20,2025-03-21T05:36:33,2025-03-21T06:07:53,88,resolved
INV-04862,A-06371,ORG-008,ANALYST-08,2025-06-09T15:50:12,2025-06-09T22:01:39,353,escalated
INV-04863,A-06372,ORG-008,ANALYST-07,2025-01-05T22:13:13,2025-01-06T02:05:37,271,resolved
INV-04864,A-06374,ORG-008,ANALYST-05,2025-01-31T15:37:26,2025-01-31T19:18:38,235,resolved
INV-04865,A-06375,ORG-008,ANALYST-13,2025-04-02T21:46:36,2025-04-02T23:12:22,73,false_positive
INV-04866,A-06376,ORG-008,ANALYST-05,2025-06-11T02:20:41,2025-06-11T03:26:27,644,resolved
INV-04867,A-06377,ORG-008,ANALYST-16,2025-01-10T13:51:22,2025-01-10T17:54:17,523,false_positive
INV-04868,A-06378,ORG-008,ANALYST-08,2025-02-25T05:01:13,2025-02-25T09:29:12,400,escalated
INV-04869,A-06379,ORG-008,ANALYST-16,2025-04-16T07:28:40,2025-04-16T08:44:12,633,resolved
INV-04870,A-06380,ORG-008,ANALYST-13,2025-02-15T19:44:17,2025-02-16T03:19:51,400,resolved
INV-04871,A-06381,ORG-008,ANALYST-19,2025-06-28T19:16:37,2025-06-28T19:47:40,207,resolved
INV-04872,A-06382,ORG-008,ANALYST-06,2025-02-18T21:02:34,2025-02-19T01:27:46,109,false_positive
INV-04873,A-06383,ORG-008,ANALYST-07,2025-06-26T21:59:35,2025-06-27T05:28:32,732,resolved
INV-04874,A-06384,ORG-008,ANALYST-11,2025-05-02T12:27:00,2025-05-02T13:50:47,346,resolved
INV-04875,A-06385,ORG-008,ANALYST-20,2025-05-18T02:00:05,2025-05-18T04:37:51,130,resolved
INV-04876,A-06386,ORG-008,ANALYST-17,2025-06-13T00:11:16,2025-06-13T07:44:02,289,escalated
INV-04877,A-06387,ORG-008,ANALYST-18,2025-06-16T17:25:03,2025-06-16T18:06:12,613,escalated
INV-04878,A-06388,ORG-008,ANALYST-18,2025-04-11T04:56:12,2025-04-11T11:40:11,404,resolved
INV-04879,A-06390,ORG-008,ANALYST-06,2025-06-26T05:08:39,2025-06-26T11:34:28,117,false_positive
INV-04880,A-06392,ORG-008,ANALYST-08,2025-03-26T01:19:44,2025-03-26T08:40:29,378,resolved
INV-04881,A-06394,ORG-008,ANALYST-20,2025-06-23T05:29:22,2025-06-23T06:00:30,77,resolved
INV-04882,A-06395,ORG-008,ANALYST-05,2025-06-23T20:40:40,2025-06-24T00:54:16,758,resolved
INV-04883,A-06396,ORG-008,ANALYST-15,2025-04-23T23:44:00,2025-04-24T00:21:22,66,resolved
INV-04884,A-06397,ORG-008,ANALYST-15,2025-03-26T13:04:27,2025-03-26T16:36:03,292,resolved
INV-04885,A-06399,ORG-008,ANALYST-02,2025-06-13T03:17:48,2025-06-13T06:00:57,508,resolved
INV-04886,A-06400,ORG-008,ANALYST-01,2025-04-14T04:55:07,2025-04-14T09:30:32,343,escalated
INV-04887,A-06402,ORG-008,ANALYST-19,2025-04-18T15:22:57,2025-04-18T20:50:27,262,resolved
INV-04888,A-06403,ORG-008,ANALYST-19,2025-06-06T10:17:02,2025-06-06T18:09:20,428,resolved
INV-04889,A-06404,ORG-008,ANALYST-16,2025-02-20T15:31:22,2025-02-20T23:03:11,227,escalated
INV-04890,A-06405,ORG-008,ANALYST-18,2025-05-28T04:34:43,2025-05-28T08:25:45,722,resolved
INV-04891,A-06406,ORG-008,ANALYST-19,2025-01-26T06:41:29,2025-01-26T08:07:06,268,resolved
INV-04892,A-06407,ORG-008,ANALYST-19,2025-03-01T05:49:04,2025-03-01T13:07:41,500,false_positive
INV-04893,A-06408,ORG-008,ANALYST-08,2025-03-28T14:27:59,2025-03-28T21:03:06,514,escalated
INV-04894,A-06409,ORG-008,ANALYST-10,2025-05-15T05:37:40,2025-05-15T06:44:42,364,resolved
INV-04895,A-06410,ORG-008,ANALYST-05,2025-03-08T12:48:02,2025-03-08T16:02:25,193,resolved
INV-04896,A-06411,ORG-008,ANALYST-10,2025-01-08T12:09:48,2025-01-08T13:12:30,323,resolved
INV-04897,A-06412,ORG-008,ANALYST-09,2025-04-29T11:08:17,2025-04-29T14:17:29,163,resolved
INV-04898,A-06413,ORG-008,ANALYST-15,2025-04-22T04:19:45,2025-04-22T11:55:37,221,resolved
INV-04899,A-06414,ORG-008,ANALYST-16,2025-04-26T00:06:09,2025-04-26T07:18:50,659,resolved
INV-04900,A-06415,ORG-008,ANALYST-16,2025-01-20T12:06:08,2025-01-20T14:10:46,240,resolved
INV-04901,A-06416,ORG-008,ANALYST-03,2025-06-26T03:21:55,2025-06-26T06:26:05,827,resolved
INV-04902,A-06418,ORG-008,ANALYST-19,2025-04-02T18:28:56,2025-04-02T19:42:31,509,open
INV-04903,A-06421,ORG-008,ANALYST-16,2025-05-22T18:12:42,2025-05-22T21:23:12,265,resolved
INV-04904,A-06422,ORG-008,ANALYST-20,2025-01-09T02:15:39,2025-01-09T07:02:56,398,false_positive
INV-04905,A-06423,ORG-008,ANALYST-16,2025-01-15T00:31:39,2025-01-15T01:16:03,352,resolved
INV-04906,A-06424,ORG-008,ANALYST-19,2025-05-23T04:46:02,2025-05-23T08:09:07,201,resolved
INV-04907,A-06425,ORG-008,ANALYST-05,2025-05-19T18:10:52,2025-05-19T20:22:27,331,resolved
INV-04908,A-06426,ORG-008,ANALYST-14,2025-06-27T00:05:02,2025-06-27T05:23:23,157,false_positive
INV-04909,A-06427,ORG-008,ANALYST-04,2025-05-28T00:28:10,2025-05-28T05:45:10,684,resolved
INV-04910,A-06430,ORG-008,ANALYST-09,2025-04-02T22:58:41,2025-04-03T02:17:57,251,resolved
INV-04911,A-06431,ORG-008,ANALYST-06,2025-04-17T14:27:22,2025-04-17T16:30:58,348,escalated
INV-04912,A-06432,ORG-008,ANALYST-12,2025-03-01T05:45:14,2025-03-01T09:56:52,492,resolved
INV-04913,A-06433,ORG-008,ANALYST-02,2025-03-20T17:02:21,2025-03-20T18:57:48,560,resolved
INV-04914,A-06434,ORG-008,ANALYST-11,2025-02-20T20:42:09,2025-02-21T01:45:48,229,open
INV-04915,A-06435,ORG-008,ANALYST-18,2025-01-28T10:41:15,2025-01-28T14:04:30,703,resolved
INV-04916,A-06436,ORG-008,ANALYST-04,2025-03-01T12:41:25,2025-03-01T18:32:49,317,resolved
INV-04917,A-06437,ORG-008,ANALYST-17,2025-03-11T20:06:04,2025-03-12T00:52:51,245,resolved
INV-04918,A-06438,ORG-008,ANALYST-07,2025-04-23T01:45:29,2025-04-23T07:19:18,189,resolved
INV-04919,A-06439,ORG-008,ANALYST-02,2025-04-08T17:22:32,2025-04-08T21:04:52,277,resolved
INV-04920,A-06441,ORG-008,ANALYST-20,2025-02-07T06:53:46,2025-02-07T07:31:25,477,resolved
INV-04921,A-06442,ORG-008,ANALYST-20,2025-01-05T01:14:01,2025-01-05T08:07:25,721,escalated
INV-04922,A-06445,ORG-008,ANALYST-10,2025-03-01T15:11:28,2025-03-01T20:25:26,385,resolved
INV-04923,A-06446,ORG-008,ANALYST-16,2025-03-23T16:30:23,2025-03-23T22:00:58,487,false_positive
INV-04924,A-06448,ORG-008,ANALYST-17,2025-01-28T20:37:22,2025-01-28T23:20:36,277,resolved
INV-04925,A-06449,ORG-008,ANALYST-15,2025-05-06T05:56:18,2025-05-06T13:47:21,542,resolved
INV-04926,A-06450,ORG-008,ANALYST-01,2025-05-16T01:22:00,2025-05-16T07:05:55,662,escalated
INV-04927,A-06451,ORG-008,ANALYST-06,2025-01-26T19:30:13,2025-01-26T21:14:53,376,escalated
INV-04928,A-06452,ORG-008,ANALYST-05,2025-02-14T17:44:59,2025-02-15T00:33:45,184,resolved
INV-04929,A-06454,ORG-008,ANALYST-01,2025-01-28T03:09:12,2025-01-28T04:41:48,786,resolved
INV-04930,A-06455,ORG-008,ANALYST-11,2025-05-15T08:44:07,2025-05-15T13:26:25,372,false_positive
INV-04931,A-06456,ORG-008,ANALYST-15,2025-02-09T22:43:48,2025-02-10T00:17:19,379,resolved
INV-04932,A-06457,ORG-008,ANALYST-09,2025-06-16T19:37:53,2025-06-16T20:18:25,230,escalated
INV-04933,A-06458,ORG-008,ANALYST-18,2025-06-11T20:10:11,2025-06-11T21:09:08,696,escalated
INV-04934,A-06459,ORG-008,ANALYST-11,2025-03-04T02:36:01,2025-03-04T07:11:29,426,resolved
INV-04935,A-06460,ORG-008,ANALYST-13,2025-06-28T01:53:17,2025-06-28T04:23:00,247,resolved
INV-04936,A-06461,ORG-008,ANALYST-02,2025-06-21T04:20:36,2025-06-21T10:46:39,112,false_positive
INV-04937,A-06462,ORG-008,ANALYST-08,2025-02-13T14:35:10,2025-02-13T15:16:27,321,escalated
INV-04938,A-06463,ORG-008,ANALYST-20,2025-04-06T01:52:09,2025-04-06T03:01:30,210,resolved
INV-04939,A-06465,ORG-008,ANALYST-16,2025-02-12T22:09:43,2025-02-12T23:32:58,454,resolved
INV-04940,A-06466,ORG-008,ANALYST-07,2025-04-30T00:58:24,2025-04-30T04:50:29,220,false_positive
INV-04941,A-06467,ORG-008,ANALYST-02,2025-05-28T16:06:46,2025-05-28T22:52:21,723,resolved
INV-04942,A-06468,ORG-008,ANALYST-06,2025-04-14T16:16:24,2025-04-14T19:51:51,460,escalated
INV-04943,A-06470,ORG-008,ANALYST-07,2025-02-09T14:26:01,2025-02-09T20:18:16,440,resolved
INV-04944,A-06471,ORG-008,ANALYST-01,2025-06-27T21:02:50,2025-06-27T23:27:40,507,resolved
INV-04945,A-06472,ORG-008,ANALYST-15,2025-03-17T18:04:13,2025-03-18T00:22:03,175,escalated
INV-04946,A-06473,ORG-008,ANALYST-16,2025-05-27T18:05:42,2025-05-27T18:48:35,99,resolved
INV-04947,A-06474,ORG-008,ANALYST-01,2025-01-25T05:51:48,2025-01-25T11:01:51,309,open
INV-04948,A-06475,ORG-008,ANALYST-14,2025-04-03T12:19:58,2025-04-03T15:12:44,550,escalated
INV-04949,A-06476,ORG-008,ANALYST-07,2025-03-18T15:55:20,2025-03-18T22:42:35,126,resolved
INV-04950,A-06477,ORG-008,ANALYST-13,2025-06-12T02:41:02,2025-06-12T05:17:40,574,resolved
INV-04951,A-06479,ORG-008,ANALYST-02,2025-04-04T17:39:52,2025-04-04T20:27:48,438,escalated
INV-04952,A-06481,ORG-008,ANALYST-06,2025-01-17T22:52:25,2025-01-18T02:29:56,415,false_positive
INV-04953,A-06482,ORG-008,ANALYST-09,2025-03-20T19:19:06,2025-03-20T19:54:58,321,resolved
INV-04954,A-06483,ORG-008,ANALYST-05,2025-02-16T02:37:05,2025-02-16T03:36:27,654,resolved
INV-04955,A-06484,ORG-008,ANALYST-11,2025-06-14T07:34:27,2025-06-14T10:09:14,480,open
INV-04956,A-06485,ORG-008,ANALYST-01,2025-03-02T21:02:08,2025-03-02T23:08:35,134,resolved
INV-04957,A-06486,ORG-008,ANALYST-08,2025-06-19T22:41:28,2025-06-20T05:21:03,645,false_positive
INV-04958,A-06487,ORG-008,ANALYST-19,2025-01-23T14:14:34,2025-01-23T17:19:08,294,escalated
INV-04959,A-06488,ORG-008,ANALYST-12,2025-01-02T21:47:07,2025-01-02T22:51:02,394,resolved
INV-04960,A-06489,ORG-008,ANALYST-20,2025-04-04T17:19:40,2025-04-04T18:45:03,724,resolved
INV-04961,A-06490,ORG-008,ANALYST-15,2025-03-30T12:28:27,2025-03-30T20:18:08,488,resolved
INV-04962,A-06491,ORG-008,ANALYST-09,2025-02-17T22:14:41,2025-02-17T23:27:55,496,resolved
INV-04963,A-06492,ORG-008,ANALYST-05,2025-04-15T03:42:33,2025-04-15T11:04:06,238,escalated
INV-04964,A-06493,ORG-008,ANALYST-11,2025-01-01T08:17:57,2025-01-01T12:03:38,129,false_positive
INV-04965,A-06494,ORG-008,ANALYST-02,2025-02-25T16:26:56,2025-02-25T21:07:54,259,open
INV-04966,A-06495,ORG-008,ANALYST-04,2025-04-20T03:34:42,2025-04-20T04:59:10,300,resolved
INV-04967,A-06496,ORG-008,ANALYST-05,2025-02-08T21:21:07,2025-02-09T00:58:30,709,open
INV-04968,A-06498,ORG-008,ANALYST-20,2025-06-18T18:17:23,2025-06-19T02:09:44,517,resolved
INV-04969,A-06499,ORG-008,ANALYST-18,2025-02-02T10:40:00,2025-02-02T11:44:25,201,resolved
INV-04970,A-06500,ORG-008,ANALYST-05,2025-04-13T18:21:18,2025-04-13T22:16:11,458,resolved
INV-04971,A-06501,ORG-008,ANALYST-06,2025-03-20T03:07:53,2025-03-20T08:55:58,724,resolved
INV-04972,A-06502,ORG-008,ANALYST-07,2025-05-21T11:03:18,2025-05-21T15:41:24,656,escalated
INV-04973,A-06504,ORG-008,ANALYST-10,2025-03-09T19:46:04,2025-03-09T22:15:17,369,resolved
INV-04974,A-06505,ORG-008,ANALYST-11,2025-06-28T23:00:54,2025-06-28T23:58:59,299,escalated
INV-04975,A-06506,ORG-008,ANALYST-05,2025-03-14T20:30:29,2025-03-14T22:26:12,301,resolved
INV-04976,A-06507,ORG-008,ANALYST-08,2025-05-31T00:11:45,2025-05-31T05:32:47,138,resolved
INV-04977,A-06508,ORG-008,ANALYST-14,2025-06-28T17:39:44,2025-06-28T18:18:35,463,escalated
INV-04978,A-06509,ORG-008,ANALYST-20,2025-01-16T18:43:07,2025-01-17T01:10:14,351,false_positive
INV-04979,A-06511,ORG-008,ANALYST-07,2025-04-29T09:31:08,2025-04-29T11:16:45,320,resolved
INV-04980,A-06514,ORG-008,ANALYST-20,2025-02-27T09:06:22,2025-02-27T15:14:04,408,open
INV-04981,A-06515,ORG-008,ANALYST-08,2025-01-04T03:57:26,2025-01-04T08:03:10,507,resolved
INV-04982,A-06516,ORG-008,ANALYST-19,2025-03-25T11:51:49,2025-03-25T18:59:06,614,open
INV-04983,A-06517,ORG-008,ANALYST-07,2025-03-29T03:44:19,2025-03-29T08:05:24,207,resolved
INV-04984,A-06518,ORG-008,ANALYST-16,2025-06-20T12:54:02,2025-06-20T15:25:33,306,escalated
INV-04985,A-06519,ORG-008,ANALYST-08,2025-06-06T09:13:54,2025-06-06T13:54:10,226,false_positive
INV-04986,A-06520,ORG-008,ANALYST-11,2025-02-09T07:30:27,2025-02-09T10:20:45,896,resolved
INV-04987,A-06521,ORG-008,ANALYST-08,2025-05-14T17:21:21,2025-05-14T19:17:30,722,escalated
INV-04988,A-06522,ORG-008,ANALYST-05,2025-06-22T21:54:52,2025-06-23T00:27:33,316,false_positive
INV-04989,A-06524,ORG-008,ANALYST-11,2025-06-27T16:48:29,2025-06-27T18:04:07,223,false_positive
INV-04990,A-06525,ORG-008,ANALYST-12,2025-02-06T20:15:11,2025-02-07T00:36:31,220,false_positive
INV-04991,A-06526,ORG-008,ANALYST-02,2025-02-13T04:12:09,2025-02-13T10:10:14,226,false_positive
INV-04992,A-06527,ORG-008,ANALYST-10,2025-06-30T11:58:50,2025-06-30T14:19:38,309,resolved
INV-04993,A-06528,ORG-008,ANALYST-10,2025-03-18T22:27:48,2025-03-19T03:27:01,341,resolved
INV-04994,A-06529,ORG-008,ANALYST-16,2025-01-08T15:33:50,2025-01-08T20:04:01,402,resolved
INV-04995,A-06530,ORG-008,ANALYST-02,2025-03-17T17:27:22,2025-03-18T00:23:45,327,resolved
INV-04996,A-06531,ORG-008,ANALYST-07,2025-04-15T11:00:28,2025-04-15T17:05:31,155,resolved
INV-04997,A-06532,ORG-008,ANALYST-12,2025-02-08T21:08:45,2025-02-09T03:02:16,225,open
INV-04998,A-06533,ORG-008,ANALYST-12,2025-03-21T20:35:53,2025-03-21T23:08:19,187,resolved
INV-04999,A-06534,ORG-008,ANALYST-01,2025-06-25T03:26:35,2025-06-25T08:51:00,563,resolved
INV-05000,A-06535,ORG-008,ANALYST-11,2025-01-04T08:01:07,2025-01-04T08:42:09,291,resolved
INV-05001,A-06536,ORG-008,ANALYST-15,2025-02-03T00:26:25,2025-02-03T02:14:43,152,resolved
INV-05002,A-06537,ORG-008,ANALYST-11,2025-03-12T07:17:51,2025-03-12T14:26:50,234,resolved
INV-05003,A-06538,ORG-008,ANALYST-10,2025-04-07T10:51:15,2025-04-07T15:34:18,176,escalated
INV-05004,A-06539,ORG-008,ANALYST-10,2025-05-18T13:40:23,2025-05-18T21:02:14,688,open
INV-05005,A-06541,ORG-008,ANALYST-18,2025-04-18T14:35:29,2025-04-18T21:11:57,836,resolved
INV-05006,A-06542,ORG-008,ANALYST-12,2025-01-25T16:20:51,2025-01-25T23:16:09,386,resolved
INV-05007,A-06543,ORG-008,ANALYST-02,2025-01-20T01:07:43,2025-01-20T08:08:22,439,open
INV-05008,A-06544,ORG-008,ANALYST-01,2025-05-31T16:10:50,2025-05-31T22:21:30,546,resolved
INV-05009,A-06545,ORG-008,ANALYST-01,2025-02-03T17:12:26,2025-02-03T22:12:50,850,resolved
INV-05010,A-06546,ORG-008,ANALYST-04,2025-05-27T11:55:59,2025-05-27T14:42:05,433,resolved
INV-05011,A-06547,ORG-008,ANALYST-03,2025-06-09T17:30:01,2025-06-10T00:32:06,322,escalated
INV-05012,A-06550,ORG-008,ANALYST-20,2025-03-31T11:41:16,2025-03-31T14:56:08,556,false_positive
INV-05013,A-06551,ORG-008,ANALYST-10,2025-01-03T02:03:37,2025-01-03T08:25:07,216,escalated
INV-05014,A-06552,ORG-008,ANALYST-07,2025-03-07T03:52:46,2025-03-07T09:18:36,325,false_positive
INV-05015,A-06554,ORG-008,ANALYST-05,2025-06-12T04:21:54,2025-06-12T09:17:38,321,resolved
INV-05016,A-06558,ORG-008,ANALYST-14,2025-02-01T01:28:28,2025-02-01T02:58:37,692,false_positive
INV-05017,A-06559,ORG-008,ANALYST-20,2025-04-12T22:33:14,2025-04-13T01:55:35,509,resolved
INV-05018,A-06560,ORG-008,ANALYST-07,2025-06-27T19:21:20,2025-06-28T02:52:53,478,resolved
INV-05019,A-06561,ORG-008,ANALYST-13,2025-04-08T14:53:24,2025-04-08T17:41:27,629,escalated
INV-05020,A-06562,ORG-008,ANALYST-15,2025-05-26T18:01:48,2025-05-26T21:21:04,308,resolved
INV-05021,A-06563,ORG-008,ANALYST-03,2025-03-27T22:44:40,2025-03-28T00:58:17,511,escalated
INV-05022,A-06566,ORG-008,ANALYST-13,2025-01-27T09:06:24,2025-01-27T14:02:02,203,resolved
INV-05023,A-06567,ORG-008,ANALYST-07,2025-01-21T10:43:57,2025-01-21T13:30:15,233,resolved
INV-05024,A-06570,ORG-008,ANALYST-11,2025-01-15T17:34:27,2025-01-15T20:33:40,552,open
INV-05025,A-06571,ORG-008,ANALYST-04,2025-03-30T04:52:05,2025-03-30T07:55:49,262,false_positive
INV-05026,A-06573,ORG-008,ANALYST-15,2025-02-07T01:20:41,2025-02-07T08:59:40,364,resolved
INV-05027,A-06574,ORG-008,ANALYST-20,2025-01-26T07:00:26,2025-01-26T11:10:00,69,resolved
INV-05028,A-06575,ORG-008,ANALYST-06,2025-05-18T17:00:11,2025-05-18T18:59:09,328,escalated
INV-05029,A-06576,ORG-008,ANALYST-02,2025-03-10T21:19:44,2025-03-10T22:17:29,675,false_positive
INV-05030,A-06577,ORG-008,ANALYST-14,2025-05-20T16:44:39,2025-05-20T22:21:54,312,resolved
INV-05031,A-06578,ORG-008,ANALYST-05,2025-02-20T09:19:00,2025-02-20T13:31:53,736,false_positive
INV-05032,A-06580,ORG-008,ANALYST-10,2025-03-20T20:43:48,2025-03-21T00:37:58,297,resolved
INV-05033,A-06582,ORG-008,ANALYST-03,2025-06-30T22:11:21,,318,open
INV-05034,A-06583,ORG-008,ANALYST-09,2025-06-20T07:36:33,2025-06-20T13:36:40,196,resolved
INV-05035,A-06584,ORG-008,ANALYST-01,2025-03-31T14:01:59,2025-03-31T17:00:58,571,resolved
INV-05036,A-06585,ORG-008,ANALYST-02,2025-02-11T16:36:07,2025-02-11T21:07:04,145,escalated
INV-05037,A-06586,ORG-008,ANALYST-02,2025-06-26T09:50:08,2025-06-26T12:47:48,347,escalated
INV-05038,A-06587,ORG-008,ANALYST-19,2025-02-27T15:05:54,2025-02-27T20:15:15,420,resolved
INV-05039,A-06588,ORG-008,ANALYST-04,2025-06-12T14:01:05,2025-06-12T19:28:58,389,resolved
INV-05040,A-06589,ORG-008,ANALYST-07,2025-03-11T19:22:22,2025-03-11T22:07:43,296,resolved
INV-05041,A-06590,ORG-008,ANALYST-18,2025-02-24T18:45:50,2025-02-25T01:23:11,599,resolved
INV-05042,A-06592,ORG-008,ANALYST-17,2025-04-08T02:55:23,2025-04-08T06:17:38,479,false_positive
INV-05043,A-06593,ORG-008,ANALYST-17,2025-04-11T19:51:27,2025-04-11T21:52:18,349,resolved
INV-05044,A-06594,ORG-008,ANALYST-10,2025-03-30T15:53:20,2025-03-30T23:47:51,192,resolved
INV-05045,A-06595,ORG-008,ANALYST-18,2025-03-27T01:16:07,2025-03-27T05:42:17,72,escalated
INV-05046,A-06596,ORG-008,ANALYST-01,2025-02-14T23:19:18,2025-02-15T06:35:31,269,false_positive
INV-05047,A-06597,ORG-008,ANALYST-06,2025-05-23T00:47:58,2025-05-23T07:58:45,436,resolved
INV-05048,A-06598,ORG-008,ANALYST-19,2025-04-25T17:14:40,2025-04-25T23:34:29,442,false_positive
INV-05049,A-06599,ORG-008,ANALYST-17,2025-05-12T23:09:29,2025-05-13T06:01:30,64,false_positive
INV-05050,A-06600,ORG-008,ANALYST-18,2025-06-01T15:43:31,2025-06-01T22:36:52,193,resolved
INV-05051,A-06601,ORG-008,ANALYST-20,2025-04-17T17:50:08,2025-04-18T01:01:10,342,escalated
INV-05052,A-06602,ORG-008,ANALYST-02,2025-04-02T11:18:56,2025-04-02T16:32:45,152,resolved
INV-05053,A-06603,ORG-008,ANALYST-10,2025-02-07T21:19:44,2025-02-08T00:58:43,187,escalated
INV-05054,A-06604,ORG-008,ANALYST-17,2025-03-04T11:23:53,2025-03-04T17:22:18,553,escalated
INV-05055,A-06605,ORG-008,ANALYST-14,2025-04-23T10:23:56,2025-04-23T13:28:34,346,resolved
INV-05056,A-06606,ORG-008,ANALYST-15,2025-02-06T20:58:55,2025-02-06T21:42:45,583,escalated
INV-05057,A-06608,ORG-008,ANALYST-20,2025-06-19T12:13:30,2025-06-19T18:03:26,554,resolved
INV-05058,A-06610,ORG-008,ANALYST-10,2025-05-12T05:20:38,2025-05-12T12:05:25,489,resolved
INV-05059,A-06611,ORG-008,ANALYST-10,2025-04-11T07:20:14,2025-04-11T13:33:39,896,false_positive
INV-05060,A-06612,ORG-008,ANALYST-02,2025-04-12T16:29:32,2025-04-12T20:39:08,113,escalated
INV-05061,A-06613,ORG-008,ANALYST-03,2025-03-30T04:46:28,2025-03-30T06:44:21,646,resolved
INV-05062,A-06614,ORG-008,ANALYST-03,2025-01-14T16:28:47,2025-01-14T17:04:57,152,resolved
INV-05063,A-06615,ORG-008,ANALYST-07,2025-04-08T15:00:48,2025-04-08T17:42:38,323,resolved
INV-05064,A-06616,ORG-008,ANALYST-12,2025-03-08T07:09:49,2025-03-08T11:37:40,718,resolved
INV-05065,A-06618,ORG-008,ANALYST-16,2025-04-10T01:32:20,2025-04-10T08:58:36,129,escalated
INV-05066,A-06619,ORG-008,ANALYST-09,2025-03-31T21:43:47,2025-04-01T01:56:06,254,resolved
INV-05067,A-06620,ORG-008,ANALYST-08,2025-04-22T23:23:09,2025-04-23T05:54:05,619,false_positive
INV-05068,A-06621,ORG-008,ANALYST-03,2025-04-28T22:09:25,2025-04-28T22:41:54,104,escalated
INV-05069,A-06623,ORG-008,ANALYST-15,2025-03-09T01:00:30,2025-03-09T03:25:04,259,resolved
INV-05070,A-06624,ORG-008,ANALYST-03,2025-06-18T12:26:45,2025-06-18T18:21:57,554,resolved
INV-05071,A-06626,ORG-008,ANALYST-04,2025-06-25T21:12:42,2025-06-26T02:10:11,279,resolved
INV-05072,A-06628,ORG-008,ANALYST-02,2025-05-21T06:08:38,2025-05-21T10:04:18,256,false_positive
INV-05073,A-06629,ORG-008,ANALYST-19,2025-03-18T20:38:22,2025-03-18T23:23:25,490,resolved
INV-05074,A-06631,ORG-008,ANALYST-02,2025-03-29T18:17:35,2025-03-29T23:01:08,265,open
INV-05075,A-06632,ORG-008,ANALYST-03,2025-05-03T13:56:17,2025-05-03T15:31:45,385,resolved
INV-05076,A-06633,ORG-008,ANALYST-02,2025-03-02T20:47:42,2025-03-03T01:33:09,388,false_positive
INV-05077,A-06635,ORG-008,ANALYST-06,2025-05-18T20:33:07,2025-05-18T23:45:34,655,resolved
INV-05078,A-06636,ORG-008,ANALYST-19,2025-05-01T10:56:09,2025-05-01T17:10:13,316,escalated
INV-05079,A-06637,ORG-008,ANALYST-20,2025-04-29T15:16:07,2025-04-29T22:25:32,295,resolved
INV-05080,A-06638,ORG-008,ANALYST-12,2025-01-05T23:39:15,2025-01-06T03:48:48,524,resolved
INV-05081,A-06639,ORG-008,ANALYST-18,2025-03-04T22:26:09,2025-03-05T06:13:53,307,escalated
INV-05082,A-06640,ORG-008,ANALYST-16,2025-03-11T04:21:55,2025-03-11T09:16:00,370,escalated
INV-05083,A-06641,ORG-008,ANALYST-14,2025-02-11T12:46:00,2025-02-11T19:56:29,431,escalated
INV-05084,A-06642,ORG-008,ANALYST-20,2025-03-23T22:50:44,2025-03-23T23:28:03,885,escalated
INV-05085,A-06643,ORG-008,ANALYST-20,2025-01-20T08:06:08,2025-01-20T14:51:56,362,resolved
INV-05086,A-06644,ORG-008,ANALYST-01,2025-02-08T19:00:25,2025-02-08T19:47:50,392,resolved
INV-05087,A-06647,ORG-008,ANALYST-05,2025-03-05T05:29:53,2025-03-05T08:23:47,107,resolved
INV-05088,A-06648,ORG-008,ANALYST-07,2025-05-06T12:43:22,2025-05-06T19:28:10,358,escalated
INV-05089,A-06649,ORG-008,ANALYST-01,2025-04-11T02:49:32,2025-04-11T05:33:57,211,resolved
INV-05090,A-06650,ORG-008,ANALYST-16,2025-03-24T02:33:12,2025-03-24T10:32:13,519,resolved
INV-05091,A-06651,ORG-008,ANALYST-15,2025-04-10T17:25:35,2025-04-11T00:40:50,819,resolved
INV-05092,A-06652,ORG-008,ANALYST-07,2025-04-13T12:08:24,2025-04-13T15:16:54,428,resolved
INV-05093,A-06653,ORG-008,ANALYST-02,2025-01-14T16:51:00,2025-01-14T23:34:13,383,resolved
INV-05094,A-06654,ORG-008,ANALYST-02,2025-05-18T00:11:17,2025-05-18T03:32:08,405,resolved
INV-05095,A-06655,ORG-008,ANALYST-16,2025-01-23T00:29:12,2025-01-23T06:59:47,192,escalated
INV-05096,A-06656,ORG-008,ANALYST-06,2025-06-28T14:26:56,2025-06-28T18:42:12,139,false_positive
INV-05097,A-06657,ORG-008,ANALYST-15,2025-06-06T16:50:32,2025-06-06T18:52:43,421,resolved
INV-05098,A-06658,ORG-008,ANALYST-16,2025-04-28T08:15:42,2025-04-28T14:06:31,518,resolved
INV-05099,A-06661,ORG-008,ANALYST-03,2025-02-23T11:05:22,2025-02-23T16:21:30,244,false_positive
INV-05100,A-06662,ORG-008,ANALYST-10,2025-06-23T11:01:05,2025-06-23T14:10:27,94,escalated
INV-05101,A-06663,ORG-008,ANALYST-02,2025-01-25T23:30:10,2025-01-26T02:05:57,242,escalated
INV-05102,A-06664,ORG-008,ANALYST-01,2025-02-06T23:49:00,2025-02-07T02:07:32,397,resolved
INV-05103,A-06665,ORG-008,ANALYST-06,2025-01-05T15:50:46,2025-01-05T16:31:36,266,resolved
INV-05104,A-06666,ORG-008,ANALYST-04,2025-03-26T15:00:40,2025-03-26T22:41:04,522,resolved
INV-05105,A-06669,ORG-008,ANALYST-15,2025-03-05T05:18:57,2025-03-05T11:20:34,281,resolved
INV-05106,A-06670,ORG-008,ANALYST-08,2025-02-14T23:46:52,2025-02-15T00:21:09,690,resolved
INV-05107,A-06671,ORG-008,ANALYST-17,2025-01-14T15:08:01,2025-01-14T20:59:51,824,resolved
INV-05108,A-06673,ORG-008,ANALYST-12,2025-05-16T16:29:58,2025-05-16T21:36:33,601,escalated
INV-05109,A-06674,ORG-008,ANALYST-03,2025-01-30T13:42:49,2025-01-30T20:03:14,306,resolved
INV-05110,A-06675,ORG-008,ANALYST-18,2025-01-19T03:13:10,2025-01-19T06:06:04,285,resolved
INV-05111,A-06676,ORG-008,ANALYST-02,2025-04-01T00:35:21,2025-04-01T07:42:43,235,escalated
INV-05112,A-06677,ORG-008,ANALYST-09,2025-02-02T01:11:01,2025-02-02T07:18:21,104,resolved
INV-05113,A-06678,ORG-008,ANALYST-13,2025-01-09T19:51:54,2025-01-09T23:28:57,388,escalated
INV-05114,A-06680,ORG-008,ANALYST-12,2025-03-29T13:26:12,2025-03-29T17:00:47,266,open
INV-05115,A-06681,ORG-008,ANALYST-20,2025-02-06T03:04:11,2025-02-06T08:50:25,451,false_positive
INV-05116,A-06682,ORG-008,ANALYST-10,2025-03-20T01:19:30,2025-03-20T04:26:13,690,escalated
INV-05117,A-06683,ORG-008,ANALYST-02,2025-01-06T21:35:20,2025-01-07T03:53:36,273,escalated
INV-05118,A-06684,ORG-008,ANALYST-07,2025-04-09T19:25:28,2025-04-10T02:59:32,398,false_positive
INV-05119,A-06686,ORG-008,ANALYST-10,2025-02-25T09:33:14,2025-02-25T15:33:09,298,escalated
INV-05120,A-06688,ORG-008,ANALYST-04,2025-05-01T12:43:11,2025-05-01T14:52:08,171,escalated
INV-05121,A-06689,ORG-008,ANALYST-17,2025-05-14T14:22:10,2025-05-14T18:54:18,173,resolved
INV-05122,A-06690,ORG-008,ANALYST-10,2025-03-25T13:43:09,2025-03-25T19:32:31,450,false_positive
INV-05123,A-06691,ORG-008,ANALYST-15,2025-05-05T15:35:16,2025-05-05T21:27:20,292,false_positive
INV-05124,A-06692,ORG-008,ANALYST-15,2025-01-26T10:53:56,2025-01-26T16:13:28,109,false_positive
INV-05125,A-06693,ORG-008,ANALYST-15,2025-02-20T21:43:25,2025-02-21T05:12:36,469,resolved
INV-05126,A-06694,ORG-008,ANALYST-20,2025-03-23T02:11:29,2025-03-23T09:21:16,213,resolved
INV-05127,A-06695,ORG-008,ANALYST-05,2025-05-03T10:59:05,2025-05-03T16:23:13,209,resolved
INV-05128,A-06697,ORG-008,ANALYST-05,2025-02-24T10:59:48,2025-02-24T12:29:05,222,escalated
INV-05129,A-06698,ORG-008,ANALYST-11,2025-01-16T23:00:40,2025-01-17T01:50:03,476,escalated
INV-05130,A-06699,ORG-008,ANALYST-13,2025-04-16T05:43:13,2025-04-16T11:01:08,309,open
INV-05131,A-06700,ORG-008,ANALYST-05,2025-04-26T02:50:27,2025-04-26T10:26:58,467,open
INV-05132,A-06702,ORG-008,ANALYST-16,2025-05-06T16:44:19,2025-05-06T22:42:13,585,resolved
INV-05133,A-06703,ORG-008,ANALYST-06,2025-01-10T01:38:52,2025-01-10T04:59:31,436,resolved
INV-05134,A-06705,ORG-008,ANALYST-04,2025-03-03T03:23:23,2025-03-03T04:06:30,413,escalated
INV-05135,A-06707,ORG-008,ANALYST-20,2025-02-08T03:29:55,2025-02-08T04:50:26,882,false_positive
INV-05136,A-06708,ORG-008,ANALYST-14,2025-05-16T01:29:32,2025-05-16T04:11:01,748,resolved
INV-05137,A-06709,ORG-008,ANALYST-19,2025-05-06T17:54:56,2025-05-06T21:50:05,576,resolved
INV-05138,A-06710,ORG-008,ANALYST-10,2025-03-17T02:03:39,2025-03-17T10:01:32,869,resolved
INV-05139,A-06713,ORG-008,ANALYST-10,2025-06-30T22:30:57,,577,resolved
INV-05140,A-06714,ORG-008,ANALYST-19,2025-05-25T18:48:09,2025-05-25T21:50:34,171,escalated
INV-05141,A-06715,ORG-008,ANALYST-03,2025-06-10T23:00:32,2025-06-11T03:11:30,775,resolved
INV-05142,A-06716,ORG-008,ANALYST-11,2025-06-14T14:36:54,2025-06-14T15:23:09,346,resolved
INV-05143,A-06717,ORG-008,ANALYST-02,2025-03-16T11:49:59,2025-03-16T12:32:05,276,resolved
INV-05144,A-06718,ORG-008,ANALYST-04,2025-01-08T13:38:11,2025-01-08T17:12:24,633,resolved
INV-05145,A-06719,ORG-008,ANALYST-06,2025-06-30T18:34:55,,431,escalated
INV-05146,A-06722,ORG-008,ANALYST-12,2025-03-19T02:06:33,2025-03-19T08:02:08,278,resolved
INV-05147,A-06723,ORG-008,ANALYST-20,2025-04-09T09:31:13,2025-04-09T13:58:03,130,resolved
INV-05148,A-06724,ORG-008,ANALYST-02,2025-01-29T10:30:29,2025-01-29T11:29:36,209,resolved
INV-05149,A-06725,ORG-008,ANALYST-17,2025-01-23T17:33:18,2025-01-23T23:16:45,408,resolved
INV-05150,A-06727,ORG-008,ANALYST-02,2025-03-23T23:16:46,2025-03-24T03:40:09,406,false_positive
INV-05151,A-06728,ORG-008,ANALYST-08,2025-02-10T17:30:23,2025-02-10T19:40:10,291,resolved
INV-05152,A-06729,ORG-008,ANALYST-11,2025-05-15T09:42:08,2025-05-15T17:04:09,114,escalated
INV-05153,A-06730,ORG-008,ANALYST-13,2025-04-15T00:35:27,2025-04-15T06:42:16,142,false_positive
INV-05154,A-06732,ORG-008,ANALYST-07,2025-01-03T02:11:25,2025-01-03T07:15:55,688,resolved
INV-05155,A-06733,ORG-008,ANALYST-12,2025-03-07T02:01:10,2025-03-07T05:56:29,629,resolved
INV-05156,A-06734,ORG-008,ANALYST-19,2025-04-01T12:14:14,2025-04-01T13:20:04,458,false_positive
INV-05157,A-06735,ORG-008,ANALYST-02,2025-04-12T19:28:44,2025-04-13T01:52:41,443,resolved
INV-05158,A-06736,ORG-008,ANALYST-18,2025-06-28T04:11:16,2025-06-28T11:00:04,103,resolved
INV-05159,A-06737,ORG-008,ANALYST-13,2025-04-18T18:57:17,2025-04-18T22:26:36,135,resolved
INV-05160,A-06738,ORG-008,ANALYST-13,2025-04-12T06:16:23,2025-04-12T10:52:49,278,resolved
INV-05161,A-06739,ORG-008,ANALYST-13,2025-05-12T22:22:08,2025-05-13T05:14:39,860,resolved
INV-05162,A-06740,ORG-008,ANALYST-14,2025-05-22T02:47:20,2025-05-22T05:01:10,232,resolved
INV-05163,A-06741,ORG-008,ANALYST-11,2025-05-24T22:42:31,2025-05-25T04:25:38,236,false_positive
INV-05164,A-06742,ORG-008,ANALYST-10,2025-05-22T08:34:32,2025-05-22T11:37:08,620,resolved
INV-05165,A-06743,ORG-008,ANALYST-13,2025-05-03T10:25:49,2025-05-03T15:59:59,846,resolved
INV-05166,A-06744,ORG-008,ANALYST-14,2025-06-19T04:12:01,2025-06-19T05:08:53,89,resolved
INV-05167,A-06745,ORG-008,ANALYST-20,2025-01-09T09:14:40,2025-01-09T12:48:16,213,resolved
INV-05168,A-06746,ORG-008,ANALYST-09,2025-01-17T10:57:21,2025-01-17T12:48:28,394,escalated
INV-05169,A-06749,ORG-008,ANALYST-09,2025-03-14T21:13:40,2025-03-14T22:43:26,423,false_positive
INV-05170,A-06750,ORG-008,ANALYST-06,2025-03-03T21:24:08,2025-03-04T02:08:02,107,resolved
INV-05171,A-06751,ORG-008,ANALYST-07,2025-06-02T09:36:14,2025-06-02T14:25:13,578,resolved
INV-05172,A-06752,ORG-008,ANALYST-03,2025-02-09T02:51:10,2025-02-09T10:33:57,162,resolved
INV-05173,A-06753,ORG-008,ANALYST-10,2025-01-04T07:13:46,2025-01-04T12:40:08,476,resolved
INV-05174,A-06757,ORG-008,ANALYST-14,2025-02-19T05:45:14,2025-02-19T07:07:37,464,open
INV-05175,A-06759,ORG-008,ANALYST-11,2025-01-14T11:37:54,2025-01-14T16:44:07,136,resolved
INV-05176,A-06760,ORG-008,ANALYST-04,2025-06-07T23:49:59,2025-06-08T05:13:36,388,false_positive
INV-05177,A-06761,ORG-008,ANALYST-12,2025-06-19T19:07:21,2025-06-19T20:13:58,424,escalated
INV-05178,A-06762,ORG-008,ANALYST-01,2025-06-29T15:40:46,2025-06-29T19:02:05,556,resolved
INV-05179,A-06763,ORG-008,ANALYST-16,2025-06-12T23:27:05,2025-06-13T07:21:38,591,escalated
INV-05180,A-06764,ORG-008,ANALYST-08,2025-04-27T15:30:13,2025-04-27T23:09:17,309,false_positive
INV-05181,A-06765,ORG-008,ANALYST-12,2025-04-01T04:51:12,2025-04-01T05:49:08,352,escalated
INV-05182,A-06766,ORG-008,ANALYST-04,2025-06-14T09:37:26,2025-06-14T16:46:35,413,escalated
INV-05183,A-06767,ORG-008,ANALYST-04,2025-04-11T05:42:56,2025-04-11T06:17:34,692,open
INV-05184,A-06768,ORG-008,ANALYST-08,2025-04-29T05:14:59,2025-04-29T05:52:54,447,resolved
INV-05185,A-06769,ORG-008,ANALYST-15,2025-01-24T19:38:50,2025-01-24T21:24:40,478,resolved
INV-05186,A-06770,ORG-008,ANALYST-09,2025-01-20T17:20:49,2025-01-20T23:13:56,284,resolved
INV-05187,A-06771,ORG-008,ANALYST-11,2025-06-05T05:02:27,2025-06-05T11:07:25,762,false_positive
INV-05188,A-06772,ORG-008,ANALYST-08,2025-06-23T21:08:27,2025-06-24T03:42:02,202,resolved
INV-05189,A-06773,ORG-008,ANALYST-11,2025-03-04T11:29:01,2025-03-04T14:33:20,415,resolved
INV-05190,A-06774,ORG-008,ANALYST-02,2025-01-30T03:50:30,2025-01-30T05:07:22,207,resolved
INV-05191,A-06775,ORG-008,ANALYST-12,2025-03-04T04:25:56,2025-03-04T06:05:56,506,resolved
INV-05192,A-06776,ORG-008,ANALYST-16,2025-03-21T05:00:15,2025-03-21T12:27:18,266,resolved
INV-05193,A-06777,ORG-008,ANALYST-19,2025-06-24T03:50:26,2025-06-24T07:58:33,285,resolved
INV-05194,A-06778,ORG-008,ANALYST-09,2025-03-01T06:30:03,2025-03-01T07:08:23,265,resolved
INV-05195,A-06779,ORG-008,ANALYST-20,2025-06-17T22:18:18,2025-06-18T00:08:18,330,resolved
INV-05196,A-06780,ORG-008,ANALYST-02,2025-01-15T10:31:45,2025-01-15T15:04:15,193,resolved
INV-05197,A-06781,ORG-008,ANALYST-07,2025-03-22T17:26:56,2025-03-22T18:14:34,158,resolved
INV-05198,A-06782,ORG-008,ANALYST-12,2025-03-03T15:15:41,2025-03-03T17:32:23,341,escalated
INV-05199,A-06783,ORG-008,ANALYST-19,2025-03-26T11:18:58,2025-03-26T16:28:38,149,escalated
INV-05200,A-06784,ORG-008,ANALYST-04,2025-04-24T15:33:50,2025-04-24T22:15:37,257,resolved
INV-05201,A-06785,ORG-008,ANALYST-07,2025-02-27T11:17:36,2025-02-27T11:48:17,499,resolved
INV-05202,A-06787,ORG-008,ANALYST-19,2025-05-27T04:02:09,2025-05-27T11:04:34,585,resolved
INV-05203,A-06788,ORG-008,ANALYST-11,2025-03-21T17:15:56,2025-03-21T19:59:02,362,escalated
INV-05204,A-06789,ORG-008,ANALYST-02,2025-02-18T01:34:16,2025-02-18T08:48:03,544,escalated
INV-05205,A-06790,ORG-008,ANALYST-06,2025-05-11T15:21:12,2025-05-11T22:04:33,493,resolved
INV-05206,A-06791,ORG-008,ANALYST-02,2025-01-19T18:30:11,2025-01-19T23:35:21,373,resolved
INV-05207,A-06792,ORG-008,ANALYST-01,2025-02-23T10:31:12,2025-02-23T13:35:32,474,resolved
INV-05208,A-06793,ORG-008,ANALYST-08,2025-06-12T23:51:09,2025-06-13T05:05:12,340,resolved
INV-05209,A-06794,ORG-008,ANALYST-19,2025-04-09T10:47:11,2025-04-09T18:38:49,143,resolved
INV-05210,A-06795,ORG-008,ANALYST-04,2025-04-13T05:44:13,2025-04-13T12:07:13,717,resolved
INV-05211,A-06796,ORG-008,ANALYST-15,2025-06-08T15:02:44,2025-06-08T16:16:32,175,escalated
INV-05212,A-06799,ORG-008,ANALYST-04,2025-04-14T14:14:17,2025-04-14T21:54:52,358,open
INV-05213,A-06800,ORG-008,ANALYST-11,2025-03-13T05:12:33,2025-03-13T08:12:33,164,false_positive
INV-05214,A-06801,ORG-008,ANALYST-19,2025-03-28T21:38:10,2025-03-29T03:50:42,265,resolved
INV-05215,A-06802,ORG-008,ANALYST-07,2025-02-21T00:00:48,2025-02-21T03:03:37,248,escalated
INV-05216,A-06803,ORG-008,ANALYST-19,2025-01-30T18:27:52,2025-01-31T00:10:45,384,resolved
INV-05217,A-06804,ORG-008,ANALYST-20,2025-03-09T21:23:20,2025-03-10T04:06:14,271,false_positive
INV-05218,A-06805,ORG-008,ANALYST-12,2025-01-29T08:24:29,2025-01-29T09:48:27,383,resolved
INV-05219,A-06806,ORG-008,ANALYST-08,2025-06-19T00:18:41,2025-06-19T02:14:37,372,resolved
INV-05220,A-06807,ORG-008,ANALYST-07,2025-02-03T08:49:06,2025-02-03T09:33:26,124,false_positive
INV-05221,A-06808,ORG-008,ANALYST-10,2025-04-15T01:56:15,2025-04-15T05:48:01,108,false_positive
INV-05222,A-06810,ORG-008,ANALYST-17,2025-01-27T05:51:36,2025-01-27T07:50:13,229,escalated
INV-05223,A-06811,ORG-008,ANALYST-12,2025-01-30T20:39:02,2025-01-31T03:12:26,451,resolved
INV-05224,A-06812,ORG-008,ANALYST-02,2025-05-17T09:44:43,2025-05-17T10:42:01,107,escalated
INV-05225,A-06815,ORG-008,ANALYST-16,2025-01-23T22:45:18,2025-01-23T23:40:41,223,resolved
INV-05226,A-06818,ORG-008,ANALYST-03,2025-06-28T04:43:00,2025-06-28T07:32:54,662,resolved
INV-05227,A-06819,ORG-008,ANALYST-10,2025-05-13T01:28:21,2025-05-13T09:07:47,236,escalated
INV-05228,A-06820,ORG-008,ANALYST-08,2025-04-30T19:07:38,2025-04-30T22:50:59,764,resolved
INV-05229,A-06821,ORG-008,ANALYST-15,2025-03-06T03:29:20,2025-03-06T07:49:34,423,false_positive
INV-05230,A-06823,ORG-008,ANALYST-07,2025-04-18T08:29:16,2025-04-18T12:32:43,485,resolved
INV-05231,A-06824,ORG-008,ANALYST-13,2025-04-06T12:27:19,2025-04-06T16:17:53,696,open
INV-05232,A-06825,ORG-008,ANALYST-12,2025-02-28T19:50:21,2025-02-28T22:12:51,369,resolved
INV-05233,A-06828,ORG-008,ANALYST-15,2025-01-03T04:01:58,2025-01-03T09:05:50,514,resolved
INV-05234,A-06829,ORG-008,ANALYST-08,2025-01-25T12:01:40,2025-01-25T14:16:17,438,open
INV-05235,A-06830,ORG-008,ANALYST-16,2025-03-26T10:52:17,2025-03-26T16:57:23,498,resolved
INV-05236,A-06831,ORG-008,ANALYST-06,2025-05-20T15:40:33,2025-05-20T19:26:27,222,resolved
INV-05237,A-06832,ORG-008,ANALYST-17,2025-03-26T03:52:39,2025-03-26T10:26:22,495,resolved
INV-05238,A-06833,ORG-008,ANALYST-04,2025-04-12T11:21:20,2025-04-12T15:49:14,448,escalated
INV-05239,A-06835,ORG-008,ANALYST-13,2025-06-03T23:38:10,2025-06-04T02:30:02,633,resolved
INV-05240,A-06837,ORG-008,ANALYST-01,2025-06-10T03:48:54,2025-06-10T06:46:30,367,escalated
INV-05241,A-06838,ORG-008,ANALYST-05,2025-04-30T08:12:49,2025-04-30T14:21:54,689,open
INV-05242,A-06840,ORG-008,ANALYST-15,2025-02-15T22:08:06,2025-02-16T01:42:11,482,resolved
INV-05243,A-06841,ORG-008,ANALYST-04,2025-02-26T22:06:59,2025-02-26T23:27:55,709,resolved
INV-05244,A-06842,ORG-008,ANALYST-12,2025-01-17T07:13:46,2025-01-17T15:04:06,197,false_positive
INV-05245,A-06845,ORG-008,ANALYST-07,2025-05-06T00:06:20,2025-05-06T02:41:23,728,resolved
INV-05246,A-06846,ORG-008,ANALYST-07,2025-06-03T02:58:05,2025-06-03T05:49:53,308,resolved
INV-05247,A-06847,ORG-008,ANALYST-19,2025-03-09T00:02:29,2025-03-09T01:13:14,120,escalated
INV-05248,A-06848,ORG-008,ANALYST-14,2025-06-02T07:32:22,2025-06-02T12:32:18,309,resolved
INV-05249,A-06849,ORG-008,ANALYST-16,2025-06-25T07:57:52,2025-06-25T15:14:03,845,resolved
INV-05250,A-06850,ORG-008,ANALYST-09,2025-03-26T22:43:41,2025-03-27T01:41:00,264,escalated
INV-05251,A-06851,ORG-008,ANALYST-19,2025-02-14T22:11:25,2025-02-15T02:09:31,506,resolved
INV-05252,A-06852,ORG-008,ANALYST-03,2025-03-28T03:34:27,2025-03-28T05:54:25,231,escalated
INV-05253,A-06853,ORG-008,ANALYST-16,2025-04-20T22:50:44,2025-04-21T05:04:47,450,resolved
INV-05254,A-06854,ORG-008,ANALYST-08,2025-02-25T22:21:30,2025-02-25T23:04:17,722,resolved
INV-05255,A-06856,ORG-008,ANALYST-03,2025-02-14T20:54:14,2025-02-15T01:00:54,565,open
INV-05256,A-06857,ORG-008,ANALYST-11,2025-01-30T11:42:55,2025-01-30T19:30:00,742,resolved
INV-05257,A-06858,ORG-008,ANALYST-17,2025-06-16T04:19:29,2025-06-16T10:31:19,102,resolved
INV-05258,A-06859,ORG-008,ANALYST-20,2025-01-01T14:08:30,2025-01-01T16:54:57,890,false_positive
INV-05259,A-06860,ORG-008,ANALYST-04,2025-02-11T16:16:33,2025-02-11T20:25:41,678,resolved
INV-05260,A-06861,ORG-008,ANALYST-14,2025-01-15T03:59:57,2025-01-15T11:33:09,597,open
INV-05261,A-06862,ORG-008,ANALYST-04,2025-02-06T05:57:45,2025-02-06T06:29:23,349,resolved
INV-05262,A-06863,ORG-008,ANALYST-03,2025-05-03T01:46:08,2025-05-03T04:10:17,326,resolved
INV-05263,A-06865,ORG-008,ANALYST-08,2025-01-23T19:10:38,2025-01-24T02:12:39,679,false_positive
INV-05264,A-06867,ORG-008,ANALYST-12,2025-01-10T00:17:12,2025-01-10T05:55:57,460,resolved
INV-05265,A-06868,ORG-008,ANALYST-19,2025-03-21T10:34:28,2025-03-21T16:30:56,605,open
INV-05266,A-06869,ORG-008,ANALYST-10,2025-03-06T17:42:50,2025-03-06T20:49:40,382,escalated
INV-05267,A-06870,ORG-008,ANALYST-06,2025-01-20T04:22:20,2025-01-20T06:50:55,127,false_positive
INV-05268,A-06872,ORG-008,ANALYST-03,2025-04-06T23:06:18,2025-04-07T06:18:38,108,resolved
INV-05269,A-06873,ORG-008,ANALYST-01,2025-03-29T21:24:43,2025-03-30T02:50:48,386,resolved
INV-05270,A-06874,ORG-008,ANALYST-20,2025-03-23T07:44:04,2025-03-23T10:16:19,400,resolved
INV-05271,A-06876,ORG-008,ANALYST-09,2025-01-24T14:04:07,2025-01-24T15:38:53,677,resolved
INV-05272,A-06877,ORG-008,ANALYST-19,2025-04-12T19:18:19,2025-04-12T22:26:08,318,resolved
INV-05273,A-06878,ORG-008,ANALYST-02,2025-04-29T01:42:56,2025-04-29T03:13:56,242,resolved
INV-05274,A-06881,ORG-008,ANALYST-17,2025-04-01T22:27:36,2025-04-01T23:57:58,819,resolved
INV-05275,A-06882,ORG-008,ANALYST-03,2025-01-16T14:56:20,2025-01-16T16:46:39,205,false_positive
INV-05276,A-06884,ORG-008,ANALYST-20,2025-02-26T19:03:51,2025-02-26T19:43:50,556,false_positive
INV-05277,A-06885,ORG-008,ANALYST-11,2025-01-15T09:57:44,2025-01-15T11:09:44,408,false_positive
INV-05278,A-06886,ORG-008,ANALYST-06,2025-01-27T02:13:18,2025-01-27T09:48:42,392,resolved
INV-05279,A-06887,ORG-008,ANALYST-09,2025-06-10T11:20:52,2025-06-10T13:21:42,635,resolved
INV-05280,A-06888,ORG-008,ANALYST-07,2025-06-23T06:49:42,2025-06-23T14:07:29,102,resolved
INV-05281,A-06889,ORG-008,ANALYST-06,2025-03-18T21:51:03,2025-03-18T22:27:49,440,open
INV-05282,A-06891,ORG-008,ANALYST-05,2025-05-10T23:30:54,2025-05-11T04:29:35,347,escalated
INV-05283,A-06893,ORG-008,ANALYST-12,2025-02-20T13:58:29,2025-02-20T15:07:59,181,resolved
INV-05284,A-06895,ORG-008,ANALYST-02,2025-03-13T18:17:08,2025-03-14T00:11:15,567,resolved
INV-05285,A-06897,ORG-008,ANALYST-05,2025-03-06T11:44:26,2025-03-06T17:29:53,417,open
INV-05286,A-06899,ORG-008,ANALYST-06,2025-06-20T05:07:27,2025-06-20T11:29:41,707,resolved
INV-05287,A-06902,ORG-008,ANALYST-10,2025-06-11T11:43:40,2025-06-11T15:39:21,558,resolved
INV-05288,A-06903,ORG-008,ANALYST-17,2025-03-21T00:02:19,2025-03-21T06:51:55,692,resolved
INV-05289,A-06905,ORG-008,ANALYST-07,2025-03-12T05:30:48,2025-03-12T12:04:29,266,resolved
INV-05290,A-06906,ORG-008,ANALYST-11,2025-04-26T07:54:13,2025-04-26T12:33:55,792,resolved
INV-05291,A-06908,ORG-008,ANALYST-01,2025-04-10T06:19:34,2025-04-10T14:07:52,449,resolved
INV-05292,A-06909,ORG-008,ANALYST-19,2025-05-28T20:26:00,2025-05-29T03:58:53,296,escalated
INV-05293,A-06910,ORG-008,ANALYST-12,2025-06-04T23:21:23,2025-06-05T01:04:04,440,resolved
INV-05294,A-06911,ORG-008,ANALYST-06,2025-03-12T02:16:47,2025-03-12T04:06:14,224,escalated
INV-05295,A-06912,ORG-008,ANALYST-17,2025-02-25T17:02:13,2025-02-25T23:59:35,783,escalated
INV-05296,A-06913,ORG-008,ANALYST-20,2025-01-29T23:52:14,2025-01-30T06:19:27,431,escalated
INV-05297,A-06914,ORG-008,ANALYST-05,2025-05-30T15:50:26,2025-05-30T20:44:39,698,resolved
INV-05298,A-06916,ORG-008,ANALYST-19,2025-02-22T05:08:56,2025-02-22T11:31:07,229,escalated
INV-05299,A-06918,ORG-008,ANALYST-18,2025-04-03T20:13:41,2025-04-03T21:30:35,723,resolved
INV-05300,A-06921,ORG-008,ANALYST-14,2025-04-03T08:22:39,2025-04-03T13:32:04,270,resolved
INV-05301,A-06923,ORG-008,ANALYST-11,2025-03-12T01:43:18,2025-03-12T02:19:20,603,resolved
INV-05302,A-06924,ORG-008,ANALYST-19,2025-01-01T11:14:15,2025-01-01T15:02:09,175,false_positive
INV-05303,A-06926,ORG-008,ANALYST-01,2025-05-27T21:40:57,2025-05-28T05:33:34,214,resolved
INV-05304,A-06927,ORG-008,ANALYST-09,2025-03-01T06:50:12,2025-03-01T13:53:49,576,resolved
INV-05305,A-06928,ORG-008,ANALYST-03,2025-03-17T19:04:25,2025-03-17T21:08:27,584,resolved
INV-05306,A-06930,ORG-008,ANALYST-02,2025-06-08T16:18:50,2025-06-08T23:23:57,861,false_positive
INV-05307,A-06931,ORG-008,ANALYST-01,2025-01-16T10:20:38,2025-01-16T14:03:31,479,resolved
INV-05308,A-06932,ORG-008,ANALYST-07,2025-01-16T04:48:50,2025-01-16T08:41:06,599,resolved
INV-05309,A-06933,ORG-008,ANALYST-20,2025-05-05T23:12:35,2025-05-06T00:16:25,187,resolved
INV-05310,A-06934,ORG-008,ANALYST-03,2025-02-23T10:20:29,2025-02-23T17:15:11,506,open
INV-05311,A-06935,ORG-008,ANALYST-15,2025-06-29T01:25:30,2025-06-29T04:46:49,647,escalated
INV-05312,A-06936,ORG-008,ANALYST-20,2025-05-18T18:22:49,2025-05-18T21:18:02,187,false_positive
INV-05313,A-06937,ORG-008,ANALYST-01,2025-05-01T01:45:41,2025-05-01T06:53:38,285,resolved
INV-05314,A-06938,ORG-008,ANALYST-06,2025-01-07T16:08:59,2025-01-07T19:11:42,478,resolved
INV-05315,A-06939,ORG-008,ANALYST-05,2025-06-13T06:48:22,2025-06-13T09:03:04,595,resolved
INV-05316,A-06940,ORG-008,ANALYST-06,2025-01-13T18:41:14,2025-01-13T23:10:57,410,resolved
INV-05317,A-06941,ORG-008,ANALYST-19,2025-04-19T04:13:36,2025-04-19T05:54:07,591,resolved
INV-05318,A-06942,ORG-008,ANALYST-07,2025-06-11T01:03:38,2025-06-11T01:39:02,569,open
INV-05319,A-06943,ORG-008,ANALYST-17,2025-06-28T05:50:15,2025-06-28T08:18:31,293,resolved
INV-05320,A-06944,ORG-008,ANALYST-13,2025-06-29T18:50:57,2025-06-29T23:12:23,234,resolved
INV-05321,A-06945,ORG-008,ANALYST-03,2025-04-26T06:23:18,2025-04-26T13:16:59,332,resolved
INV-05322,A-06946,ORG-008,ANALYST-12,2025-02-08T15:38:44,2025-02-08T16:15:43,485,resolved
INV-05323,A-06947,ORG-008,ANALYST-20,2025-05-27T13:38:43,2025-05-27T17:33:23,477,resolved
INV-05324,A-06948,ORG-008,ANALYST-10,2025-02-27T08:25:57,2025-02-27T13:27:54,393,resolved
INV-05325,A-06949,ORG-008,ANALYST-17,2025-02-17T05:25:14,2025-02-17T07:07:46,761,resolved
INV-05326,A-06950,ORG-008,ANALYST-19,2025-01-27T10:03:40,2025-01-27T12:26:42,434,escalated
INV-05327,A-06951,ORG-008,ANALYST-17,2025-04-08T05:40:56,2025-04-08T11:52:37,145,escalated
INV-05328,A-06952,ORG-008,ANALYST-01,2025-03-24T09:56:39,2025-03-24T15:08:54,580,resolved
INV-05329,A-06953,ORG-008,ANALYST-11,2025-01-06T16:45:41,2025-01-06T19:04:58,111,resolved
INV-05330,A-06954,ORG-008,ANALYST-12,2025-03-07T16:51:57,2025-03-07T21:32:51,495,resolved
INV-05331,A-06956,ORG-008,ANALYST-11,2025-02-21T15:51:50,2025-02-21T22:54:50,109,resolved
INV-05332,A-06957,ORG-008,ANALYST-06,2025-02-17T08:33:39,2025-02-17T09:14:36,265,false_positive
INV-05333,A-06958,ORG-008,ANALYST-09,2025-04-16T15:43:03,2025-04-16T19:39:18,566,resolved
INV-05334,A-06959,ORG-008,ANALYST-17,2025-05-14T23:02:51,2025-05-15T03:10:21,282,escalated
INV-05335,A-06960,ORG-008,ANALYST-02,2025-01-19T13:16:49,2025-01-19T17:36:46,302,open
INV-05336,A-06961,ORG-008,ANALYST-11,2025-04-07T14:24:11,2025-04-07T21:31:10,272,resolved
INV-05337,A-06962,ORG-008,ANALYST-18,2025-05-02T09:41:57,2025-05-02T12:12:26,608,resolved
INV-05338,A-06963,ORG-008,ANALYST-17,2025-04-18T20:18:25,2025-04-19T03:50:06,315,resolved
INV-05339,A-06964,ORG-008,ANALYST-18,2025-05-10T02:14:26,2025-05-10T04:17:38,152,resolved
INV-05340,A-06965,ORG-008,ANALYST-13,2025-05-07T02:39:59,2025-05-07T09:50:55,458,resolved
INV-05341,A-06966,ORG-008,ANALYST-12,2025-01-28T22:44:58,2025-01-29T01:43:55,576,resolved
INV-05342,A-06967,ORG-008,ANALYST-12,2025-05-20T17:02:33,2025-05-20T19:50:53,690,resolved
INV-05343,A-06968,ORG-008,ANALYST-16,2025-03-25T04:54:37,2025-03-25T09:22:55,649,false_positive
INV-05344,A-06969,ORG-008,ANALYST-12,2025-04-01T13:43:27,2025-04-01T17:19:54,619,escalated
INV-05345,A-06970,ORG-008,ANALYST-15,2025-05-13T23:16:39,2025-05-14T03:15:18,147,resolved
INV-05346,A-06971,ORG-008,ANALYST-13,2025-04-28T23:06:08,2025-04-29T04:41:18,350,false_positive
INV-05347,A-06972,ORG-008,ANALYST-20,2025-05-08T23:33:55,2025-05-09T03:09:35,495,resolved
INV-05348,A-06973,ORG-008,ANALYST-17,2025-01-20T08:04:09,2025-01-20T11:32:47,479,resolved
INV-05349,A-06975,ORG-008,ANALYST-12,2025-05-04T17:14:11,2025-05-04T20:06:15,226,escalated
INV-05350,A-06976,ORG-008,ANALYST-18,2025-03-21T08:40:50,2025-03-21T10:49:42,581,resolved
INV-05351,A-06977,ORG-008,ANALYST-11,2025-03-19T03:33:11,2025-03-19T10:31:52,629,escalated
INV-05352,A-06978,ORG-008,ANALYST-09,2025-01-01T03:53:18,2025-01-01T04:46:59,741,resolved
INV-05353,A-06979,ORG-008,ANALYST-12,2025-05-25T17:05:02,2025-05-25T19:44:36,750,resolved
INV-05354,A-06980,ORG-008,ANALYST-19,2025-03-09T14:40:29,2025-03-09T20:27:04,242,escalated
INV-05355,A-06981,ORG-008,ANALYST-10,2025-05-22T20:54:59,2025-05-23T01:51:28,464,resolved
INV-05356,A-06982,ORG-008,ANALYST-01,2025-05-08T15:18:13,2025-05-08T20:52:09,115,resolved
INV-05357,A-06983,ORG-008,ANALYST-16,2025-05-20T22:16:02,2025-05-21T04:51:31,117,escalated
INV-05358,A-06984,ORG-008,ANALYST-01,2025-06-25T11:14:47,2025-06-25T13:46:04,116,escalated
INV-05359,A-06985,ORG-008,ANALYST-05,2025-03-11T23:40:16,2025-03-12T06:12:48,479,resolved
INV-05360,A-06986,ORG-008,ANALYST-04,2025-02-27T13:43:12,2025-02-27T14:43:06,741,false_positive
INV-05361,A-06987,ORG-008,ANALYST-14,2025-03-30T04:27:42,2025-03-30T11:33:42,109,resolved
INV-05362,A-06988,ORG-008,ANALYST-13,2025-03-27T11:15:50,2025-03-27T16:25:58,255,false_positive
INV-05363,A-06990,ORG-008,ANALYST-07,2025-06-13T00:23:27,2025-06-13T04:03:53,498,escalated
INV-05364,A-06991,ORG-008,ANALYST-02,2025-03-02T23:05:29,2025-03-03T04:21:32,419,resolved
INV-05365,A-06992,ORG-008,ANALYST-14,2025-06-20T05:29:51,2025-06-20T08:42:25,334,resolved
INV-05366,A-06993,ORG-008,ANALYST-03,2025-01-21T15:40:46,2025-01-21T20:13:22,486,resolved
INV-05367,A-06994,ORG-008,ANALYST-10,2025-03-09T00:14:37,2025-03-09T04:01:41,722,resolved
INV-05368,A-06998,ORG-008,ANALYST-16,2025-05-18T10:05:36,2025-05-18T11:41:31,261,resolved
INV-05369,A-06999,ORG-008,ANALYST-04,2025-02-01T02:17:31,2025-02-01T06:05:27,479,resolved
INV-05370,A-07000,ORG-008,ANALYST-03,2025-04-24T15:48:24,2025-04-24T21:52:23,260,false_positive
INV-05371,A-07001,ORG-008,ANALYST-08,2025-05-10T14:03:21,2025-05-10T18:38:07,390,false_positive
INV-05372,A-07002,ORG-008,ANALYST-01,2025-06-17T10:56:21,2025-06-17T17:36:02,331,escalated
INV-05373,A-07004,ORG-008,ANALYST-17,2025-01-11T19:54:44,2025-01-12T02:08:39,423,escalated
INV-05374,A-07005,ORG-008,ANALYST-16,2025-06-09T19:24:19,2025-06-10T02:49:08,248,resolved
INV-05375,A-07006,ORG-008,ANALYST-04,2025-02-13T02:02:09,2025-02-13T03:43:44,461,resolved
INV-05376,A-07007,ORG-008,ANALYST-18,2025-02-12T01:57:31,2025-02-12T04:26:47,643,false_positive
INV-05377,A-07008,ORG-008,ANALYST-10,2025-02-17T23:08:55,2025-02-18T05:05:05,446,resolved
INV-05378,A-07009,ORG-008,ANALYST-07,2025-04-19T08:48:12,2025-04-19T12:23:26,252,false_positive
INV-05379,A-07010,ORG-008,ANALYST-17,2025-03-01T20:26:35,2025-03-02T01:37:35,202,resolved
INV-05380,A-07011,ORG-009,ANALYST-18,2025-01-07T15:08:19,2025-01-07T21:04:33,607,resolved
INV-05381,A-07012,ORG-009,ANALYST-18,2025-03-07T21:32:09,2025-03-08T02:53:26,187,resolved
INV-05382,A-07013,ORG-009,ANALYST-11,2025-03-28T17:23:36,2025-03-28T23:02:52,676,open
INV-05383,A-07014,ORG-009,ANALYST-17,2025-01-30T04:19:00,2025-01-30T10:06:03,713,resolved
INV-05384,A-07015,ORG-009,ANALYST-10,2025-06-12T16:13:08,2025-06-12T17:42:38,323,resolved
INV-05385,A-07016,ORG-009,ANALYST-06,2025-03-15T06:07:41,2025-03-15T11:02:47,214,resolved
INV-05386,A-07017,ORG-009,ANALYST-04,2025-02-25T22:30:30,2025-02-25T23:40:52,514,false_positive
INV-05387,A-07018,ORG-009,ANALYST-15,2025-04-16T23:37:47,2025-04-17T06:26:04,488,resolved
INV-05388,A-07019,ORG-009,ANALYST-02,2025-05-26T04:55:41,2025-05-26T11:22:39,274,escalated
INV-05389,A-07020,ORG-009,ANALYST-13,2025-03-05T01:36:42,2025-03-05T06:56:06,477,resolved
INV-05390,A-07021,ORG-009,ANALYST-02,2025-06-24T02:19:29,2025-06-24T03:09:54,175,escalated
INV-05391,A-07022,ORG-009,ANALYST-10,2025-05-23T10:16:38,2025-05-23T11:25:15,485,resolved
INV-05392,A-07023,ORG-009,ANALYST-17,2025-01-07T01:26:00,2025-01-07T03:50:29,192,resolved
INV-05393,A-07024,ORG-009,ANALYST-20,2025-05-14T02:00:44,2025-05-14T06:27:33,639,resolved
INV-05394,A-07025,ORG-009,ANALYST-03,2025-04-17T01:12:40,2025-04-17T03:55:02,331,resolved
INV-05395,A-07026,ORG-009,ANALYST-10,2025-02-24T03:56:56,2025-02-24T08:36:13,472,resolved
INV-05396,A-07027,ORG-009,ANALYST-08,2025-04-08T16:02:32,2025-04-08T22:56:13,492,resolved
INV-05397,A-07028,ORG-009,ANALYST-01,2025-01-04T10:14:09,2025-01-04T16:02:44,611,resolved
INV-05398,A-07030,ORG-009,ANALYST-06,2025-06-21T19:18:47,2025-06-22T00:59:08,531,escalated
INV-05399,A-07031,ORG-009,ANALYST-17,2025-03-14T04:40:51,2025-03-14T05:58:17,807,escalated
INV-05400,A-07034,ORG-009,ANALYST-05,2025-05-12T14:35:43,2025-05-12T16:33:23,339,resolved
INV-05401,A-07035,ORG-009,ANALYST-13,2025-06-07T20:17:35,2025-06-08T00:51:42,547,resolved
INV-05402,A-07036,ORG-009,ANALYST-19,2025-04-06T02:46:57,2025-04-06T06:39:21,206,resolved
INV-05403,A-07037,ORG-009,ANALYST-01,2025-03-03T13:33:40,2025-03-03T17:58:25,605,resolved
INV-05404,A-07038,ORG-009,ANALYST-09,2025-06-01T04:24:01,2025-06-01T10:19:30,584,resolved
INV-05405,A-07039,ORG-009,ANALYST-08,2025-03-29T18:23:49,2025-03-29T21:19:30,440,resolved
INV-05406,A-07040,ORG-009,ANALYST-19,2025-05-25T03:33:07,2025-05-25T11:16:26,235,resolved
INV-05407,A-07041,ORG-009,ANALYST-09,2025-05-14T09:54:02,2025-05-14T12:21:45,355,resolved
INV-05408,A-07042,ORG-009,ANALYST-06,2025-05-08T02:58:30,2025-05-08T03:30:03,391,resolved
INV-05409,A-07043,ORG-009,ANALYST-18,2025-06-08T04:39:40,2025-06-08T11:27:24,330,escalated
INV-05410,A-07044,ORG-009,ANALYST-03,2025-01-20T11:21:01,2025-01-20T15:26:31,143,resolved
INV-05411,A-07045,ORG-009,ANALYST-12,2025-01-08T14:40:29,2025-01-08T19:02:23,429,resolved
INV-05412,A-07046,ORG-009,ANALYST-15,2025-06-09T03:00:36,2025-06-09T09:29:51,181,resolved
INV-05413,A-07047,ORG-009,ANALYST-04,2025-04-19T04:58:00,2025-04-19T08:36:18,114,escalated
INV-05414,A-07048,ORG-009,ANALYST-18,2025-03-24T05:50:26,2025-03-24T13:44:38,186,resolved
INV-05415,A-07049,ORG-009,ANALYST-02,2025-06-14T19:43:03,2025-06-14T20:20:44,332,escalated
INV-05416,A-07050,ORG-009,ANALYST-15,2025-01-06T04:39:53,2025-01-06T08:16:07,871,escalated
INV-05417,A-07051,ORG-009,ANALYST-18,2025-04-06T10:41:28,2025-04-06T13:42:23,450,resolved
INV-05418,A-07054,ORG-009,ANALYST-03,2025-06-20T13:15:44,2025-06-20T15:30:03,252,escalated
INV-05419,A-07055,ORG-009,ANALYST-16,2025-05-17T12:10:04,2025-05-17T18:16:59,81,false_positive
INV-05420,A-07056,ORG-009,ANALYST-13,2025-03-16T08:47:48,2025-03-16T10:00:54,432,resolved
INV-05421,A-07058,ORG-009,ANALYST-04,2025-01-31T05:31:16,2025-01-31T09:55:35,300,escalated
INV-05422,A-07059,ORG-009,ANALYST-04,2025-05-11T03:26:43,2025-05-11T08:59:05,242,escalated
INV-05423,A-07060,ORG-009,ANALYST-16,2025-03-19T04:35:37,2025-03-19T11:28:44,657,resolved
INV-05424,A-07062,ORG-009,ANALYST-04,2025-04-02T19:56:28,2025-04-02T20:57:02,576,resolved
INV-05425,A-07064,ORG-009,ANALYST-13,2025-03-29T01:03:07,2025-03-29T07:46:44,304,open
INV-05426,A-07065,ORG-009,ANALYST-07,2025-03-10T12:38:00,2025-03-10T14:45:39,376,resolved
INV-05427,A-07067,ORG-009,ANALYST-13,2025-04-09T07:02:48,2025-04-09T13:01:16,578,resolved
INV-05428,A-07068,ORG-009,ANALYST-17,2025-05-17T08:28:54,2025-05-17T12:57:04,400,resolved
INV-05429,A-07070,ORG-009,ANALYST-16,2025-03-18T17:18:30,2025-03-19T00:14:49,658,open
INV-05430,A-07071,ORG-009,ANALYST-16,2025-05-03T23:24:38,2025-05-04T01:34:24,473,resolved
INV-05431,A-07073,ORG-009,ANALYST-12,2025-01-14T02:10:36,2025-01-14T03:21:45,643,resolved
INV-05432,A-07074,ORG-009,ANALYST-20,2025-02-14T04:53:16,2025-02-14T08:52:10,223,resolved
INV-05433,A-07075,ORG-009,ANALYST-14,2025-06-06T02:43:58,2025-06-06T05:07:18,255,resolved
INV-05434,A-07076,ORG-009,ANALYST-10,2025-01-11T00:31:47,2025-01-11T04:28:43,114,resolved
INV-05435,A-07077,ORG-009,ANALYST-18,2025-06-14T09:05:11,2025-06-14T17:02:27,644,resolved
INV-05436,A-07081,ORG-009,ANALYST-08,2025-01-28T15:25:56,2025-01-28T20:13:58,300,resolved
INV-05437,A-07082,ORG-009,ANALYST-04,2025-01-12T09:47:59,2025-01-12T13:59:56,132,resolved
INV-05438,A-07083,ORG-009,ANALYST-20,2025-04-03T23:51:39,2025-04-04T05:18:33,667,resolved
INV-05439,A-07084,ORG-009,ANALYST-14,2025-06-15T15:40:17,2025-06-15T19:52:15,414,resolved
INV-05440,A-07085,ORG-009,ANALYST-14,2025-05-20T22:33:58,2025-05-21T04:12:37,694,resolved
INV-05441,A-07086,ORG-009,ANALYST-19,2025-06-12T14:33:03,2025-06-12T21:36:12,253,escalated
INV-05442,A-07087,ORG-009,ANALYST-01,2025-01-10T00:05:56,2025-01-10T06:54:48,460,resolved
INV-05443,A-07088,ORG-009,ANALYST-17,2025-02-21T05:00:02,2025-02-21T08:02:45,793,resolved
INV-05444,A-07089,ORG-009,ANALYST-19,2025-01-29T16:47:56,2025-01-29T17:52:22,198,resolved
INV-05445,A-07090,ORG-009,ANALYST-12,2025-02-03T17:02:13,2025-02-04T00:54:55,375,escalated
INV-05446,A-07091,ORG-009,ANALYST-17,2025-04-01T05:04:00,2025-04-01T10:57:58,309,resolved
INV-05447,A-07093,ORG-009,ANALYST-06,2025-02-01T19:14:53,2025-02-02T02:43:11,430,open
INV-05448,A-07095,ORG-009,ANALYST-06,2025-04-01T01:43:46,2025-04-01T09:06:55,112,escalated
INV-05449,A-07096,ORG-009,ANALYST-10,2025-02-24T23:32:49,2025-02-25T07:14:00,621,false_positive
INV-05450,A-07097,ORG-009,ANALYST-11,2025-04-09T05:53:55,2025-04-09T07:19:45,317,resolved
INV-05451,A-07098,ORG-009,ANALYST-17,2025-02-18T00:18:20,2025-02-18T04:05:53,275,resolved
INV-05452,A-07101,ORG-009,ANALYST-03,2025-02-12T14:12:41,2025-02-12T19:14:31,94,resolved
INV-05453,A-07102,ORG-009,ANALYST-15,2025-06-08T06:58:38,2025-06-08T14:07:38,243,resolved
INV-05454,A-07103,ORG-009,ANALYST-03,2025-05-05T13:46:37,2025-05-05T20:25:24,155,false_positive
INV-05455,A-07104,ORG-009,ANALYST-16,2025-05-07T06:18:00,2025-05-07T10:16:32,245,escalated
INV-05456,A-07106,ORG-009,ANALYST-15,2025-06-25T04:57:03,2025-06-25T06:31:46,288,escalated
INV-05457,A-07107,ORG-009,ANALYST-04,2025-04-19T07:58:17,2025-04-19T15:24:41,449,false_positive
INV-05458,A-07108,ORG-009,ANALYST-17,2025-01-17T07:39:46,2025-01-17T08:15:51,362,escalated
INV-05459,A-07109,ORG-009,ANALYST-06,2025-06-18T02:53:49,2025-06-18T08:27:22,192,resolved
INV-05460,A-07110,ORG-009,ANALYST-04,2025-06-27T03:16:18,2025-06-27T04:24:01,251,resolved
INV-05461,A-07111,ORG-009,ANALYST-15,2025-01-30T00:16:02,2025-01-30T02:29:14,251,escalated
INV-05462,A-07112,ORG-009,ANALYST-02,2025-02-17T13:31:36,2025-02-17T16:02:45,192,resolved
INV-05463,A-07113,ORG-009,ANALYST-04,2025-01-08T22:58:52,2025-01-09T01:56:37,744,open
INV-05464,A-07114,ORG-009,ANALYST-20,2025-04-08T22:52:35,2025-04-09T03:19:47,275,escalated
INV-05465,A-07116,ORG-009,ANALYST-01,2025-06-24T09:23:48,2025-06-24T11:35:37,264,escalated
INV-05466,A-07117,ORG-009,ANALYST-16,2025-03-30T21:56:13,2025-03-31T04:03:57,345,false_positive
INV-05467,A-07118,ORG-009,ANALYST-06,2025-03-03T10:32:19,2025-03-03T11:43:20,643,resolved
INV-05468,A-07119,ORG-009,ANALYST-11,2025-02-26T19:21:34,2025-02-26T23:36:13,294,escalated
INV-05469,A-07120,ORG-009,ANALYST-20,2025-02-16T10:01:16,2025-02-16T14:36:36,300,resolved
INV-05470,A-07121,ORG-009,ANALYST-11,2025-03-29T17:38:09,2025-03-30T00:53:24,119,resolved
INV-05471,A-07122,ORG-009,ANALYST-06,2025-06-27T16:41:13,2025-06-27T20:32:05,478,resolved
INV-05472,A-07124,ORG-009,ANALYST-09,2025-05-31T03:16:03,2025-05-31T05:06:45,174,escalated
INV-05473,A-07125,ORG-009,ANALYST-15,2025-04-11T18:38:44,2025-04-11T19:15:28,567,escalated
INV-05474,A-07126,ORG-009,ANALYST-01,2025-02-14T12:18:29,2025-02-14T13:11:20,187,false_positive
INV-05475,A-07127,ORG-009,ANALYST-14,2025-05-30T15:07:12,2025-05-30T22:51:30,199,resolved
INV-05476,A-07130,ORG-009,ANALYST-02,2025-06-13T12:15:30,2025-06-13T13:12:14,390,open
INV-05477,A-07132,ORG-009,ANALYST-06,2025-06-23T01:33:49,2025-06-23T07:20:51,317,resolved
INV-05478,A-07134,ORG-009,ANALYST-16,2025-06-27T22:36:35,2025-06-28T04:18:08,293,resolved
INV-05479,A-07135,ORG-009,ANALYST-17,2025-03-11T20:27:10,2025-03-12T03:24:12,412,resolved
INV-05480,A-07136,ORG-009,ANALYST-05,2025-02-19T10:57:46,2025-02-19T13:52:48,124,false_positive
INV-05481,A-07137,ORG-009,ANALYST-01,2025-04-27T08:33:29,2025-04-27T10:43:49,879,resolved
INV-05482,A-07138,ORG-009,ANALYST-01,2025-03-26T08:14:45,2025-03-26T15:21:58,691,resolved
INV-05483,A-07139,ORG-009,ANALYST-01,2025-06-29T21:22:39,2025-06-30T05:16:10,144,resolved
INV-05484,A-07140,ORG-009,ANALYST-04,2025-01-15T15:15:39,2025-01-15T22:39:55,484,resolved
INV-05485,A-07141,ORG-009,ANALYST-09,2025-05-05T02:11:12,2025-05-05T08:40:37,163,escalated
INV-05486,A-07142,ORG-009,ANALYST-19,2025-02-13T13:19:45,2025-02-13T20:20:50,195,resolved
INV-05487,A-07144,ORG-009,ANALYST-18,2025-04-12T08:36:05,2025-04-12T15:41:30,371,resolved
INV-05488,A-07145,ORG-009,ANALYST-07,2025-05-09T22:25:53,2025-05-10T05:02:06,837,resolved
INV-05489,A-07146,ORG-009,ANALYST-08,2025-03-07T04:25:52,2025-03-07T08:26:35,225,resolved
INV-05490,A-07148,ORG-009,ANALYST-10,2025-01-19T13:17:53,2025-01-19T20:51:22,484,false_positive
INV-05491,A-07152,ORG-009,ANALYST-06,2025-01-12T10:25:43,2025-01-12T17:13:20,544,resolved
INV-05492,A-07153,ORG-009,ANALYST-11,2025-05-17T17:42:12,2025-05-17T23:42:07,210,resolved
INV-05493,A-07154,ORG-009,ANALYST-16,2025-01-14T00:28:44,2025-01-14T07:00:12,596,resolved
INV-05494,A-07155,ORG-009,ANALYST-15,2025-06-30T13:39:02,2025-06-30T19:29:58,248,escalated
INV-05495,A-07156,ORG-009,ANALYST-14,2025-05-07T08:03:36,2025-05-07T13:14:25,582,resolved
INV-05496,A-07157,ORG-009,ANALYST-11,2025-04-15T15:30:19,2025-04-15T18:42:58,413,resolved
INV-05497,A-07158,ORG-009,ANALYST-02,2025-01-09T02:12:36,2025-01-09T03:33:03,270,escalated
INV-05498,A-07160,ORG-009,ANALYST-15,2025-03-31T21:50:10,2025-04-01T00:35:30,287,resolved
INV-05499,A-07161,ORG-009,ANALYST-14,2025-02-08T11:55:27,2025-02-08T12:30:24,394,resolved
INV-05500,A-07162,ORG-009,ANALYST-14,2025-04-24T13:13:36,2025-04-24T16:47:26,478,resolved
INV-05501,A-07164,ORG-009,ANALYST-04,2025-04-29T04:23:08,2025-04-29T10:41:31,524,resolved
INV-05502,A-07165,ORG-009,ANALYST-01,2025-05-29T08:28:37,2025-05-29T09:06:46,434,resolved
INV-05503,A-07166,ORG-009,ANALYST-13,2025-04-13T06:58:52,2025-04-13T13:06:47,362,resolved
INV-05504,A-07167,ORG-009,ANALYST-17,2025-01-14T00:49:50,2025-01-14T03:07:59,310,resolved
INV-05505,A-07169,ORG-009,ANALYST-04,2025-05-29T12:36:46,2025-05-29T18:48:25,355,resolved
INV-05506,A-07170,ORG-009,ANALYST-07,2025-05-23T11:53:37,2025-05-23T12:27:28,834,resolved
INV-05507,A-07171,ORG-009,ANALYST-18,2025-05-17T03:03:28,2025-05-17T08:52:59,354,resolved
INV-05508,A-07172,ORG-009,ANALYST-07,2025-05-13T21:32:27,2025-05-14T04:26:15,656,resolved
INV-05509,A-07173,ORG-009,ANALYST-02,2025-03-29T19:51:54,2025-03-29T22:03:51,406,open
INV-05510,A-07174,ORG-009,ANALYST-17,2025-05-01T15:26:15,2025-05-01T22:27:21,213,escalated
INV-05511,A-07175,ORG-009,ANALYST-13,2025-02-11T19:37:49,2025-02-11T23:31:03,451,resolved
INV-05512,A-07176,ORG-009,ANALYST-11,2025-02-18T03:36:17,2025-02-18T09:56:25,312,false_positive
INV-05513,A-07177,ORG-009,ANALYST-09,2025-02-21T16:30:04,2025-02-21T18:45:28,456,resolved
INV-05514,A-07178,ORG-009,ANALYST-12,2025-03-09T09:18:41,2025-03-09T15:18:13,471,escalated
INV-05515,A-07179,ORG-009,ANALYST-14,2025-01-16T09:36:13,2025-01-16T13:00:10,428,resolved
INV-05516,A-07181,ORG-009,ANALYST-20,2025-04-01T22:24:22,2025-04-02T04:59:14,184,resolved
INV-05517,A-07182,ORG-009,ANALYST-14,2025-01-21T22:35:33,2025-01-22T01:54:43,453,resolved
INV-05518,A-07184,ORG-009,ANALYST-20,2025-01-15T13:17:28,2025-01-15T18:29:27,263,open
INV-05519,A-07185,ORG-009,ANALYST-02,2025-03-20T18:21:43,2025-03-21T00:23:43,679,resolved
INV-05520,A-07186,ORG-009,ANALYST-16,2025-06-09T07:24:38,2025-06-09T10:58:51,354,escalated
INV-05521,A-07187,ORG-009,ANALYST-01,2025-04-09T09:35:48,2025-04-09T15:11:44,255,resolved
INV-05522,A-07188,ORG-009,ANALYST-09,2025-02-20T06:48:37,2025-02-20T10:22:23,478,escalated
INV-05523,A-07189,ORG-009,ANALYST-06,2025-02-27T05:25:47,2025-02-27T11:14:31,423,resolved
INV-05524,A-07191,ORG-009,ANALYST-09,2025-05-02T06:19:36,2025-05-02T09:12:48,253,resolved
INV-05525,A-07192,ORG-009,ANALYST-20,2025-02-28T11:21:41,2025-02-28T17:43:59,284,escalated
INV-05526,A-07193,ORG-009,ANALYST-19,2025-02-25T19:17:25,2025-02-25T21:58:13,292,resolved
INV-05527,A-07194,ORG-009,ANALYST-17,2025-06-25T04:18:01,2025-06-25T05:36:54,677,escalated
INV-05528,A-07195,ORG-009,ANALYST-13,2025-06-18T11:31:21,2025-06-18T14:14:18,292,open
INV-05529,A-07196,ORG-009,ANALYST-16,2025-01-09T07:48:29,2025-01-09T08:18:48,419,escalated
INV-05530,A-07197,ORG-009,ANALYST-16,2025-01-25T02:11:06,2025-01-25T08:16:15,227,resolved
INV-05531,A-07198,ORG-009,ANALYST-11,2025-05-13T20:30:26,2025-05-14T01:26:17,248,resolved
INV-05532,A-07199,ORG-009,ANALYST-18,2025-07-01T02:23:37,,207,resolved
INV-05533,A-07200,ORG-009,ANALYST-18,2025-06-01T18:30:02,2025-06-01T20:43:49,252,escalated
INV-05534,A-07202,ORG-009,ANALYST-13,2025-05-25T01:22:35,2025-05-25T05:25:09,853,resolved
INV-05535,A-07203,ORG-009,ANALYST-05,2025-05-11T01:17:48,2025-05-11T07:05:01,300,resolved
INV-05536,A-07204,ORG-009,ANALYST-09,2025-01-26T03:41:29,2025-01-26T11:39:32,239,escalated
INV-05537,A-07205,ORG-009,ANALYST-14,2025-05-21T00:49:07,2025-05-21T05:07:40,607,resolved
INV-05538,A-07206,ORG-009,ANALYST-09,2025-01-05T21:51:47,2025-01-06T05:00:28,123,resolved
INV-05539,A-07207,ORG-009,ANALYST-13,2025-06-26T16:19:37,2025-06-26T18:31:31,411,resolved
INV-05540,A-07208,ORG-009,ANALYST-06,2025-06-12T15:24:44,2025-06-12T21:57:44,287,resolved
INV-05541,A-07209,ORG-009,ANALYST-13,2025-04-15T03:02:39,2025-04-15T04:49:50,267,false_positive
INV-05542,A-07210,ORG-009,ANALYST-05,2025-02-20T05:49:15,2025-02-20T12:34:42,311,escalated
INV-05543,A-07211,ORG-009,ANALYST-17,2025-06-04T19:43:08,2025-06-05T01:50:43,358,resolved
INV-05544,A-07212,ORG-009,ANALYST-02,2025-04-09T11:59:31,2025-04-09T19:09:56,211,escalated
INV-05545,A-07213,ORG-009,ANALYST-12,2025-02-13T09:17:05,2025-02-13T12:56:23,208,resolved
INV-05546,A-07214,ORG-009,ANALYST-14,2025-04-06T13:53:44,2025-04-06T16:36:25,815,escalated
INV-05547,A-07215,ORG-009,ANALYST-12,2025-02-25T07:06:07,2025-02-25T08:33:24,253,escalated
INV-05548,A-07218,ORG-009,ANALYST-11,2025-06-23T21:50:17,2025-06-23T22:57:34,142,escalated
INV-05549,A-07219,ORG-009,ANALYST-18,2025-03-30T12:42:49,2025-03-30T17:01:52,198,resolved
INV-05550,A-07220,ORG-009,ANALYST-17,2025-01-01T20:53:44,2025-01-02T02:08:05,462,false_positive
INV-05551,A-07222,ORG-009,ANALYST-18,2025-05-14T02:48:20,2025-05-14T04:57:42,480,resolved
INV-05552,A-07223,ORG-009,ANALYST-01,2025-04-26T20:05:09,2025-04-26T21:28:41,56,resolved
INV-05553,A-07224,ORG-009,ANALYST-10,2025-06-12T01:55:02,2025-06-12T04:18:27,281,escalated
INV-05554,A-07225,ORG-009,ANALYST-20,2025-04-10T15:07:57,2025-04-10T20:13:11,874,resolved
INV-05555,A-07226,ORG-009,ANALYST-01,2025-06-07T11:49:40,2025-06-07T17:11:38,272,resolved
INV-05556,A-07227,ORG-009,ANALYST-16,2025-05-20T00:27:48,2025-05-20T03:41:24,150,resolved
INV-05557,A-07228,ORG-009,ANALYST-01,2025-06-02T08:09:38,2025-06-02T11:14:26,386,resolved
INV-05558,A-07229,ORG-009,ANALYST-01,2025-06-20T20:45:05,2025-06-20T23:06:16,208,resolved
INV-05559,A-07230,ORG-009,ANALYST-04,2025-04-24T15:28:48,2025-04-24T16:31:17,635,resolved
INV-05560,A-07231,ORG-009,ANALYST-12,2025-05-12T18:07:03,2025-05-13T00:04:36,486,escalated
INV-05561,A-07232,ORG-009,ANALYST-05,2025-06-06T21:04:59,2025-06-07T03:04:43,199,resolved
INV-05562,A-07233,ORG-009,ANALYST-07,2025-01-09T03:01:55,2025-01-09T03:46:48,327,resolved
INV-05563,A-07234,ORG-009,ANALYST-15,2025-03-05T16:34:35,2025-03-05T23:15:07,249,false_positive
INV-05564,A-07236,ORG-009,ANALYST-01,2025-02-18T11:55:53,2025-02-18T13:31:30,209,resolved
INV-05565,A-07237,ORG-009,ANALYST-01,2025-05-09T16:08:48,2025-05-09T18:09:15,265,resolved
INV-05566,A-07238,ORG-009,ANALYST-01,2025-04-08T09:29:27,2025-04-08T13:04:37,387,escalated
INV-05567,A-07241,ORG-009,ANALYST-05,2025-02-07T01:53:15,2025-02-07T07:20:42,547,resolved
INV-05568,A-07242,ORG-009,ANALYST-07,2025-03-06T11:34:17,2025-03-06T18:05:38,148,resolved
INV-05569,A-07243,ORG-009,ANALYST-18,2025-05-25T06:02:24,2025-05-25T09:21:57,531,false_positive
INV-05570,A-07244,ORG-009,ANALYST-13,2025-03-28T17:46:25,2025-03-28T18:38:24,461,resolved
INV-05571,A-07245,ORG-009,ANALYST-12,2025-06-09T12:54:42,2025-06-09T13:48:21,562,resolved
INV-05572,A-07246,ORG-009,ANALYST-10,2025-04-30T11:07:46,2025-04-30T15:15:56,109,resolved
INV-05573,A-07247,ORG-009,ANALYST-03,2025-01-12T18:45:28,2025-01-12T19:56:08,617,resolved
INV-05574,A-07248,ORG-009,ANALYST-16,2025-05-28T00:06:09,2025-05-28T03:24:19,406,resolved
INV-05575,A-07251,ORG-009,ANALYST-16,2025-05-18T04:07:28,2025-05-18T06:35:01,453,resolved
INV-05576,A-07252,ORG-009,ANALYST-02,2025-01-05T10:42:57,2025-01-05T12:19:50,522,resolved
INV-05577,A-07253,ORG-009,ANALYST-14,2025-05-11T20:22:58,2025-05-12T01:18:18,291,escalated
INV-05578,A-07254,ORG-009,ANALYST-14,2025-01-13T06:03:35,2025-01-13T13:34:37,762,resolved
INV-05579,A-07256,ORG-009,ANALYST-19,2025-03-13T23:22:31,2025-03-14T01:01:05,503,resolved
INV-05580,A-07257,ORG-009,ANALYST-10,2025-01-01T15:29:51,2025-01-01T18:57:00,260,escalated
INV-05581,A-07258,ORG-009,ANALYST-06,2025-02-26T07:32:08,2025-02-26T12:08:14,143,escalated
INV-05582,A-07259,ORG-009,ANALYST-14,2025-05-20T03:37:36,2025-05-20T05:49:41,392,resolved
INV-05583,A-07260,ORG-009,ANALYST-20,2025-01-10T11:22:43,2025-01-10T12:09:19,235,escalated
INV-05584,A-07262,ORG-009,ANALYST-02,2025-01-27T13:45:42,2025-01-27T16:42:35,608,resolved
INV-05585,A-07264,ORG-009,ANALYST-03,2025-01-21T14:17:21,2025-01-21T22:02:22,225,resolved
INV-05586,A-07265,ORG-009,ANALYST-17,2025-04-11T01:36:23,2025-04-11T05:53:56,594,resolved
INV-05587,A-07267,ORG-009,ANALYST-13,2025-06-23T22:47:30,2025-06-24T01:02:41,116,false_positive
INV-05588,A-07268,ORG-009,ANALYST-13,2025-03-22T06:05:32,2025-03-22T08:56:02,881,resolved
INV-05589,A-07269,ORG-009,ANALYST-06,2025-03-11T21:52:28,2025-03-12T00:27:42,599,escalated
INV-05590,A-07270,ORG-009,ANALYST-09,2025-01-21T01:10:51,2025-01-21T04:27:43,688,resolved
INV-05591,A-07271,ORG-009,ANALYST-09,2025-01-28T08:59:20,2025-01-28T12:17:27,676,resolved
INV-05592,A-07272,ORG-009,ANALYST-14,2025-03-05T08:58:39,2025-03-05T10:28:30,429,resolved
INV-05593,A-07273,ORG-009,ANALYST-06,2025-05-29T11:53:07,2025-05-29T17:32:04,285,resolved
INV-05594,A-07275,ORG-009,ANALYST-19,2025-05-31T12:47:04,2025-05-31T18:10:29,128,resolved
INV-05595,A-07277,ORG-009,ANALYST-03,2025-05-17T14:50:44,2025-05-17T16:34:59,335,resolved
INV-05596,A-07278,ORG-009,ANALYST-09,2025-06-20T08:44:58,2025-06-20T11:07:49,296,resolved
INV-05597,A-07280,ORG-009,ANALYST-19,2025-01-12T04:14:09,2025-01-12T08:20:28,566,resolved
INV-05598,A-07281,ORG-009,ANALYST-06,2025-06-06T13:56:21,2025-06-06T21:33:49,657,resolved
INV-05599,A-07282,ORG-009,ANALYST-10,2025-01-12T19:51:25,2025-01-13T01:45:26,132,resolved
INV-05600,A-07284,ORG-009,ANALYST-20,2025-03-31T01:51:02,2025-03-31T06:20:31,252,resolved
INV-05601,A-07285,ORG-009,ANALYST-12,2025-05-10T07:42:28,2025-05-10T08:59:39,462,resolved
INV-05602,A-07287,ORG-009,ANALYST-19,2025-04-21T19:17:11,2025-04-22T01:23:17,190,resolved
INV-05603,A-07289,ORG-009,ANALYST-16,2025-02-22T17:03:46,2025-02-23T01:02:07,60,resolved
INV-05604,A-07290,ORG-009,ANALYST-16,2025-01-15T06:11:09,2025-01-15T12:29:23,305,resolved
INV-05605,A-07291,ORG-009,ANALYST-12,2025-04-30T01:44:53,2025-04-30T04:31:41,293,resolved
INV-05606,A-07293,ORG-009,ANALYST-12,2025-02-08T06:10:47,2025-02-08T12:35:30,527,resolved
INV-05607,A-07294,ORG-009,ANALYST-18,2025-06-26T08:13:40,2025-06-26T12:58:38,325,resolved
INV-05608,A-07295,ORG-009,ANALYST-10,2025-02-15T02:32:44,2025-02-15T05:58:37,569,resolved
INV-05609,A-07296,ORG-009,ANALYST-13,2025-04-05T05:00:17,2025-04-05T08:08:16,214,false_positive
INV-05610,A-07297,ORG-009,ANALYST-16,2025-04-26T05:53:46,2025-04-26T09:23:11,715,false_positive
INV-05611,A-07298,ORG-009,ANALYST-02,2025-03-20T17:00:58,2025-03-21T00:15:43,136,resolved
INV-05612,A-07299,ORG-009,ANALYST-16,2025-05-26T14:18:18,2025-05-26T16:25:15,383,open
INV-05613,A-07300,ORG-009,ANALYST-18,2025-04-14T17:41:38,2025-04-14T21:36:37,217,false_positive
INV-05614,A-07302,ORG-009,ANALYST-07,2025-05-29T13:34:10,2025-05-29T19:39:55,638,escalated
INV-05615,A-07303,ORG-009,ANALYST-10,2025-06-14T07:25:03,2025-06-14T14:29:31,379,resolved
INV-05616,A-07304,ORG-009,ANALYST-17,2025-05-13T09:15:46,2025-05-13T17:03:45,763,resolved
INV-05617,A-07306,ORG-009,ANALYST-13,2025-05-04T10:28:19,2025-05-04T15:29:39,314,resolved
INV-05618,A-07307,ORG-009,ANALYST-02,2025-05-08T17:57:57,2025-05-08T22:28:51,207,open
INV-05619,A-07308,ORG-009,ANALYST-20,2025-01-13T09:43:56,2025-01-13T13:49:02,357,resolved
INV-05620,A-07310,ORG-009,ANALYST-11,2025-05-20T15:46:06,2025-05-20T21:05:20,393,escalated
INV-05621,A-07311,ORG-009,ANALYST-15,2025-05-05T00:29:19,2025-05-05T04:35:31,418,resolved
INV-05622,A-07312,ORG-009,ANALYST-08,2025-02-16T09:31:29,2025-02-16T12:25:04,111,resolved
INV-05623,A-07313,ORG-009,ANALYST-12,2025-02-03T04:53:43,2025-02-03T09:28:45,480,escalated
INV-05624,A-07314,ORG-009,ANALYST-14,2025-04-20T17:02:59,2025-04-20T20:05:46,285,resolved
INV-05625,A-07315,ORG-009,ANALYST-10,2025-04-29T09:52:59,2025-04-29T17:33:46,337,escalated
INV-05626,A-07316,ORG-009,ANALYST-20,2025-02-15T11:54:40,2025-02-15T15:33:22,286,false_positive
INV-05627,A-07317,ORG-009,ANALYST-05,2025-03-08T13:53:11,2025-03-08T20:44:20,312,false_positive
INV-05628,A-07319,ORG-009,ANALYST-09,2025-05-15T07:11:48,2025-05-15T13:04:23,379,resolved
INV-05629,A-07320,ORG-009,ANALYST-08,2025-01-18T22:02:16,2025-01-19T03:33:01,551,resolved
INV-05630,A-07321,ORG-009,ANALYST-10,2025-01-05T03:21:43,2025-01-05T07:28:11,206,false_positive
INV-05631,A-07322,ORG-009,ANALYST-06,2025-01-03T02:08:08,2025-01-03T08:51:38,760,false_positive
INV-05632,A-07324,ORG-009,ANALYST-09,2025-01-26T03:54:01,2025-01-26T09:07:26,337,open
INV-05633,A-07325,ORG-009,ANALYST-10,2025-05-31T11:35:12,2025-05-31T13:47:31,525,open
INV-05634,A-07326,ORG-009,ANALYST-06,2025-05-30T06:01:24,2025-05-30T12:06:05,270,resolved
INV-05635,A-07327,ORG-009,ANALYST-15,2025-05-10T01:35:41,2025-05-10T02:25:23,120,resolved
INV-05636,A-07328,ORG-009,ANALYST-03,2025-06-12T00:46:53,2025-06-12T02:31:05,437,resolved
INV-05637,A-07329,ORG-009,ANALYST-07,2025-06-21T00:36:13,2025-06-21T03:15:36,699,resolved
INV-05638,A-07330,ORG-009,ANALYST-20,2025-05-22T12:44:41,2025-05-22T19:56:23,350,resolved
INV-05639,A-07331,ORG-009,ANALYST-03,2025-05-26T22:59:21,2025-05-27T05:47:34,347,resolved
INV-05640,A-07332,ORG-009,ANALYST-03,2025-03-19T00:10:07,2025-03-19T03:39:55,649,escalated
INV-05641,A-07333,ORG-009,ANALYST-13,2025-05-08T12:32:32,2025-05-08T14:23:05,332,false_positive
INV-05642,A-07334,ORG-009,ANALYST-06,2025-02-25T13:59:41,2025-02-25T15:41:35,382,resolved
INV-05643,A-07335,ORG-009,ANALYST-01,2025-02-05T23:43:30,2025-02-06T07:20:49,127,resolved
INV-05644,A-07336,ORG-009,ANALYST-06,2025-03-11T01:10:43,2025-03-11T05:15:28,186,resolved
INV-05645,A-07337,ORG-009,ANALYST-09,2025-04-08T05:44:52,2025-04-08T07:51:05,495,resolved
INV-05646,A-07339,ORG-009,ANALYST-05,2025-03-16T13:55:22,2025-03-16T21:52:14,524,escalated
INV-05647,A-07340,ORG-009,ANALYST-12,2025-05-26T03:44:39,2025-05-26T07:33:43,404,resolved
INV-05648,A-07342,ORG-009,ANALYST-20,2025-01-19T03:50:08,2025-01-19T07:23:30,431,resolved
INV-05649,A-07343,ORG-009,ANALYST-13,2025-05-11T13:05:10,2025-05-11T16:06:12,444,resolved
INV-05650,A-07344,ORG-009,ANALYST-06,2025-05-11T11:31:19,2025-05-11T12:07:27,220,resolved
INV-05651,A-07345,ORG-009,ANALYST-04,2025-01-16T13:21:01,2025-01-16T17:33:55,394,resolved
INV-05652,A-07347,ORG-009,ANALYST-09,2025-05-14T17:31:43,2025-05-15T00:10:47,397,escalated
INV-05653,A-07348,ORG-009,ANALYST-15,2025-02-22T20:01:12,2025-02-23T01:10:57,494,resolved
INV-05654,A-07349,ORG-009,ANALYST-15,2025-05-24T13:49:01,2025-05-24T19:45:23,292,resolved
INV-05655,A-07350,ORG-009,ANALYST-15,2025-04-28T23:23:13,2025-04-29T04:39:30,612,escalated
INV-05656,A-07351,ORG-009,ANALYST-19,2025-02-28T18:23:15,2025-03-01T01:54:41,122,resolved
INV-05657,A-07352,ORG-009,ANALYST-01,2025-05-22T12:05:29,2025-05-22T17:48:30,866,escalated
INV-05658,A-07353,ORG-009,ANALYST-17,2025-04-08T21:48:22,2025-04-08T23:48:04,245,resolved
INV-05659,A-07354,ORG-009,ANALYST-05,2025-05-24T17:47:23,2025-05-24T21:09:45,215,resolved
INV-05660,A-07355,ORG-009,ANALYST-16,2025-05-26T11:22:37,2025-05-26T17:41:55,226,escalated
INV-05661,A-07357,ORG-009,ANALYST-16,2025-01-07T00:19:32,2025-01-07T03:45:24,143,resolved
INV-05662,A-07359,ORG-009,ANALYST-09,2025-05-01T18:33:15,2025-05-01T23:36:43,673,escalated
INV-05663,A-07360,ORG-009,ANALYST-18,2025-04-24T15:49:00,2025-04-24T19:38:30,452,resolved
INV-05664,A-07361,ORG-009,ANALYST-09,2025-02-18T18:48:19,2025-02-19T02:08:27,241,resolved
INV-05665,A-07362,ORG-009,ANALYST-09,2025-02-24T19:42:56,2025-02-25T00:19:02,227,escalated
INV-05666,A-07363,ORG-009,ANALYST-08,2025-04-16T04:35:38,2025-04-16T05:42:01,458,resolved
INV-05667,A-07364,ORG-009,ANALYST-01,2025-05-25T22:37:07,2025-05-26T05:52:06,560,resolved
INV-05668,A-07365,ORG-009,ANALYST-05,2025-01-26T05:02:21,2025-01-26T05:50:18,50,resolved
INV-05669,A-07367,ORG-009,ANALYST-01,2025-05-05T21:42:47,2025-05-05T23:44:03,163,resolved
INV-05670,A-07368,ORG-009,ANALYST-05,2025-01-17T16:02:05,2025-01-17T22:51:25,681,resolved
INV-05671,A-07369,ORG-009,ANALYST-09,2025-05-30T02:31:58,2025-05-30T03:04:26,296,resolved
INV-05672,A-07370,ORG-009,ANALYST-01,2025-04-24T07:12:10,2025-04-24T08:03:24,466,resolved
INV-05673,A-07371,ORG-009,ANALYST-16,2025-05-06T01:40:13,2025-05-06T05:02:55,643,open
INV-05674,A-07372,ORG-009,ANALYST-19,2025-05-01T17:05:15,2025-05-01T23:39:38,423,resolved
INV-05675,A-07373,ORG-009,ANALYST-07,2025-03-21T19:14:24,2025-03-22T01:50:33,194,resolved
INV-05676,A-07375,ORG-009,ANALYST-12,2025-03-16T05:46:04,2025-03-16T08:55:57,366,escalated
INV-05677,A-07377,ORG-009,ANALYST-12,2025-05-28T09:31:15,2025-05-28T10:17:51,236,escalated
INV-05678,A-07378,ORG-009,ANALYST-10,2025-01-24T11:17:44,2025-01-24T18:19:50,339,resolved
INV-05679,A-07380,ORG-009,ANALYST-11,2025-06-25T22:17:20,2025-06-25T22:50:35,791,resolved
INV-05680,A-07381,ORG-009,ANALYST-13,2025-03-16T21:07:36,2025-03-16T23:51:13,432,resolved
INV-05681,A-07382,ORG-009,ANALYST-11,2025-01-26T17:34:25,2025-01-26T23:36:52,705,resolved
INV-05682,A-07383,ORG-009,ANALYST-11,2025-05-25T05:26:36,2025-05-25T10:36:34,627,escalated
INV-05683,A-07384,ORG-009,ANALYST-01,2025-04-03T14:10:43,2025-04-03T14:49:58,421,resolved
INV-05684,A-07385,ORG-009,ANALYST-04,2025-06-06T05:07:38,2025-06-06T12:55:26,292,resolved
INV-05685,A-07386,ORG-009,ANALYST-20,2025-04-20T22:19:48,2025-04-21T05:43:46,306,escalated
INV-05686,A-07387,ORG-009,ANALYST-04,2025-05-11T00:08:07,2025-05-11T01:49:32,296,resolved
INV-05687,A-07388,ORG-009,ANALYST-05,2025-06-17T17:48:02,2025-06-18T00:04:47,885,resolved
INV-05688,A-07390,ORG-009,ANALYST-08,2025-04-01T22:47:27,2025-04-02T01:03:16,254,resolved
INV-05689,A-07391,ORG-009,ANALYST-20,2025-02-08T14:07:08,2025-02-08T18:05:04,278,escalated
INV-05690,A-07392,ORG-009,ANALYST-11,2025-05-23T17:23:22,2025-05-23T22:56:06,283,resolved
INV-05691,A-07393,ORG-009,ANALYST-01,2025-02-05T19:15:23,2025-02-05T22:10:36,356,escalated
INV-05692,A-07395,ORG-009,ANALYST-01,2025-01-05T02:48:00,2025-01-05T10:10:53,271,resolved
INV-05693,A-07397,ORG-009,ANALYST-05,2025-05-10T15:48:04,2025-05-10T20:46:47,188,escalated
INV-05694,A-07398,ORG-009,ANALYST-06,2025-01-02T19:30:17,2025-01-02T20:43:17,463,resolved
INV-05695,A-07399,ORG-009,ANALYST-04,2025-01-31T11:34:19,2025-01-31T16:32:07,190,open
INV-05696,A-07400,ORG-009,ANALYST-19,2025-02-08T09:39:16,2025-02-08T13:13:06,278,resolved
INV-05697,A-07401,ORG-009,ANALYST-03,2025-01-21T15:19:30,2025-01-21T22:04:04,117,resolved
INV-05698,A-07402,ORG-009,ANALYST-17,2025-06-02T01:33:46,2025-06-02T03:33:17,291,resolved
INV-05699,A-07404,ORG-009,ANALYST-04,2025-02-12T23:32:26,2025-02-13T05:36:35,283,escalated
INV-05700,A-07405,ORG-009,ANALYST-13,2025-01-06T16:59:42,2025-01-06T22:37:21,253,open
INV-05701,A-07406,ORG-009,ANALYST-10,2025-01-12T20:25:07,2025-01-12T23:31:43,619,escalated
INV-05702,A-07407,ORG-009,ANALYST-17,2025-01-16T11:47:31,2025-01-16T17:34:53,313,resolved
INV-05703,A-07408,ORG-009,ANALYST-06,2025-04-24T23:14:54,2025-04-25T06:03:00,65,resolved
INV-05704,A-07410,ORG-009,ANALYST-09,2025-03-05T18:06:48,2025-03-05T21:19:09,212,resolved
INV-05705,A-07412,ORG-009,ANALYST-06,2025-03-04T13:48:09,2025-03-04T16:58:26,502,resolved
INV-05706,A-07413,ORG-009,ANALYST-06,2025-02-21T13:19:18,2025-02-21T18:49:30,573,escalated
INV-05707,A-07414,ORG-009,ANALYST-10,2025-03-06T23:43:03,2025-03-07T05:49:10,665,resolved
INV-05708,A-07415,ORG-009,ANALYST-06,2025-05-07T01:20:17,2025-05-07T02:55:13,340,false_positive
INV-05709,A-07416,ORG-009,ANALYST-04,2025-01-13T19:57:37,2025-01-14T00:32:56,610,resolved
INV-05710,A-07417,ORG-009,ANALYST-15,2025-06-23T19:01:35,2025-06-23T22:58:29,574,resolved
INV-05711,A-07418,ORG-009,ANALYST-15,2025-02-23T11:13:50,2025-02-23T13:03:37,580,resolved
INV-05712,A-07419,ORG-009,ANALYST-18,2025-02-23T07:05:36,2025-02-23T14:09:06,480,resolved
INV-05713,A-07420,ORG-009,ANALYST-20,2025-06-05T19:18:10,2025-06-06T00:03:49,596,resolved
INV-05714,A-07421,ORG-009,ANALYST-03,2025-01-24T21:59:26,2025-01-25T00:08:29,188,escalated
INV-05715,A-07422,ORG-009,ANALYST-05,2025-01-03T17:22:41,2025-01-03T23:57:55,241,escalated
INV-05716,A-07423,ORG-009,ANALYST-19,2025-03-20T17:49:01,2025-03-20T22:08:48,212,false_positive
INV-05717,A-07424,ORG-009,ANALYST-17,2025-06-20T12:27:20,2025-06-20T17:03:52,97,resolved
INV-05718,A-07425,ORG-009,ANALYST-13,2025-01-12T13:44:52,2025-01-12T16:40:03,240,resolved
INV-05719,A-07426,ORG-009,ANALYST-04,2025-02-10T21:47:46,2025-02-11T00:01:40,174,open
INV-05720,A-07427,ORG-009,ANALYST-04,2025-03-31T04:18:58,2025-03-31T06:08:35,476,resolved
INV-05721,A-07429,ORG-009,ANALYST-14,2025-06-05T02:47:14,2025-06-05T04:01:49,506,resolved
INV-05722,A-07430,ORG-009,ANALYST-04,2025-03-06T05:52:03,2025-03-06T08:53:04,632,resolved
INV-05723,A-07431,ORG-009,ANALYST-02,2025-02-14T22:54:55,2025-02-15T00:57:18,417,resolved
INV-05724,A-07433,ORG-009,ANALYST-18,2025-02-13T08:56:54,2025-02-13T13:15:43,352,escalated
INV-05725,A-07434,ORG-009,ANALYST-20,2025-04-21T09:10:26,2025-04-21T10:08:40,428,false_positive
INV-05726,A-07435,ORG-009,ANALYST-17,2025-04-28T18:58:22,2025-04-28T20:51:29,122,escalated
INV-05727,A-07436,ORG-009,ANALYST-19,2025-05-01T04:00:35,2025-05-01T08:38:26,111,escalated
INV-05728,A-07437,ORG-009,ANALYST-02,2025-04-24T18:50:10,2025-04-24T22:14:44,561,resolved
INV-05729,A-07438,ORG-009,ANALYST-15,2025-03-27T20:51:18,2025-03-27T23:25:47,122,false_positive
INV-05730,A-07439,ORG-009,ANALYST-05,2025-04-21T18:16:43,2025-04-22T02:03:08,257,open
INV-05731,A-07440,ORG-009,ANALYST-11,2025-04-15T13:39:15,2025-04-15T17:44:05,467,resolved
INV-05732,A-07442,ORG-009,ANALYST-12,2025-01-12T16:01:09,2025-01-12T23:56:18,347,resolved
INV-05733,A-07443,ORG-009,ANALYST-11,2025-06-07T03:16:15,2025-06-07T03:58:05,91,resolved
INV-05734,A-07444,ORG-009,ANALYST-01,2025-05-01T11:59:24,2025-05-01T16:35:29,657,resolved
INV-05735,A-07445,ORG-009,ANALYST-09,2025-06-18T00:19:49,2025-06-18T01:56:37,475,resolved
INV-05736,A-07446,ORG-009,ANALYST-07,2025-01-21T02:42:09,2025-01-21T07:57:48,417,escalated
INV-05737,A-07447,ORG-009,ANALYST-16,2025-02-07T21:20:02,2025-02-07T23:30:42,170,resolved
INV-05738,A-07448,ORG-009,ANALYST-16,2025-01-30T05:10:28,2025-01-30T11:31:53,274,false_positive
INV-05739,A-07449,ORG-009,ANALYST-13,2025-06-08T11:25:57,2025-06-08T13:34:42,452,resolved
INV-05740,A-07450,ORG-009,ANALYST-04,2025-05-23T14:27:08,2025-05-23T16:08:25,291,resolved
INV-05741,A-07451,ORG-009,ANALYST-19,2025-04-13T05:33:30,2025-04-13T09:05:19,385,false_positive
INV-05742,A-07452,ORG-009,ANALYST-20,2025-05-15T14:39:06,2025-05-15T22:34:43,223,resolved
INV-05743,A-07453,ORG-009,ANALYST-11,2025-04-20T10:04:19,2025-04-20T16:19:30,460,resolved
INV-05744,A-07454,ORG-009,ANALYST-06,2025-01-02T10:21:30,2025-01-02T15:04:56,634,resolved
INV-05745,A-07455,ORG-009,ANALYST-20,2025-06-10T07:38:51,2025-06-10T11:33:05,771,resolved
INV-05746,A-07456,ORG-009,ANALYST-11,2025-04-07T07:17:48,2025-04-07T09:29:01,243,escalated
INV-05747,A-07457,ORG-009,ANALYST-10,2025-04-20T20:49:27,2025-04-21T01:49:53,241,resolved
INV-05748,A-07458,ORG-009,ANALYST-17,2025-06-29T15:40:01,2025-06-29T21:28:52,618,resolved
INV-05749,A-07459,ORG-009,ANALYST-18,2025-03-12T10:04:27,2025-03-12T12:15:31,421,false_positive
INV-05750,A-07460,ORG-009,ANALYST-05,2025-01-29T23:39:36,2025-01-30T06:49:19,632,escalated
INV-05751,A-07461,ORG-009,ANALYST-19,2025-04-14T11:38:11,2025-04-14T14:47:03,263,escalated
INV-05752,A-07462,ORG-009,ANALYST-09,2025-04-04T03:56:55,2025-04-04T09:47:35,445,false_positive
INV-05753,A-07463,ORG-009,ANALYST-01,2025-05-11T05:24:05,2025-05-11T09:47:57,350,resolved
INV-05754,A-07464,ORG-009,ANALYST-14,2025-02-03T19:47:03,2025-02-03T20:21:42,492,escalated
INV-05755,A-07465,ORG-009,ANALYST-06,2025-04-24T16:46:17,2025-04-24T19:15:45,153,false_positive
INV-05756,A-07466,ORG-009,ANALYST-12,2025-01-16T10:31:43,2025-01-16T15:47:44,237,resolved
INV-05757,A-07467,ORG-009,ANALYST-01,2025-02-21T22:22:08,2025-02-22T04:36:33,447,resolved
INV-05758,A-07468,ORG-009,ANALYST-07,2025-01-28T00:30:15,2025-01-28T01:18:33,489,resolved
INV-05759,A-07469,ORG-009,ANALYST-14,2025-02-07T05:56:20,2025-02-07T08:41:10,670,resolved
INV-05760,A-07470,ORG-009,ANALYST-02,2025-01-19T22:10:17,2025-01-20T00:43:06,697,resolved
INV-05761,A-07471,ORG-009,ANALYST-17,2025-01-06T18:46:50,2025-01-06T23:38:15,507,resolved
INV-05762,A-07472,ORG-009,ANALYST-03,2025-04-20T14:20:45,2025-04-20T21:18:50,690,resolved
INV-05763,A-07473,ORG-009,ANALYST-07,2025-03-28T07:38:31,2025-03-28T08:46:53,378,false_positive
INV-05764,A-07474,ORG-009,ANALYST-01,2025-01-10T00:00:31,2025-01-10T03:13:50,183,escalated
INV-05765,A-07475,ORG-009,ANALYST-12,2025-02-12T09:32:47,2025-02-12T10:18:40,649,false_positive
INV-05766,A-07476,ORG-009,ANALYST-01,2025-03-17T11:28:35,2025-03-17T13:34:30,889,resolved
INV-05767,A-07477,ORG-009,ANALYST-19,2025-01-30T00:06:21,2025-01-30T02:35:07,356,resolved
INV-05768,A-07478,ORG-009,ANALYST-03,2025-01-21T07:00:57,2025-01-21T13:23:29,748,open
INV-05769,A-07479,ORG-009,ANALYST-09,2025-05-01T18:13:08,2025-05-01T18:52:57,692,escalated
INV-05770,A-07483,ORG-009,ANALYST-18,2025-03-13T02:30:33,2025-03-13T08:44:55,428,escalated
INV-05771,A-07484,ORG-009,ANALYST-04,2025-05-29T21:30:24,2025-05-30T05:21:44,622,resolved
INV-05772,A-07485,ORG-009,ANALYST-05,2025-05-30T10:49:07,2025-05-30T12:18:05,474,false_positive
INV-05773,A-07486,ORG-009,ANALYST-02,2025-04-15T14:44:26,2025-04-15T19:47:12,337,resolved
INV-05774,A-07487,ORG-009,ANALYST-01,2025-06-30T05:46:19,2025-06-30T07:22:19,85,resolved
INV-05775,A-07488,ORG-009,ANALYST-04,2025-05-14T05:19:20,2025-05-14T09:59:19,194,resolved
INV-05776,A-07489,ORG-009,ANALYST-02,2025-03-27T09:07:55,2025-03-27T12:51:45,659,resolved
INV-05777,A-07490,ORG-009,ANALYST-10,2025-02-12T05:46:14,2025-02-12T07:20:13,715,resolved
INV-05778,A-07491,ORG-009,ANALYST-14,2025-06-01T00:32:40,2025-06-01T07:36:07,220,resolved
INV-05779,A-07492,ORG-009,ANALYST-06,2025-01-24T12:12:31,2025-01-24T18:15:34,416,escalated
INV-05780,A-07493,ORG-009,ANALYST-02,2025-05-26T12:18:56,2025-05-26T13:08:35,125,resolved
INV-05781,A-07494,ORG-009,ANALYST-18,2025-06-11T10:44:48,2025-06-11T14:44:50,514,resolved
INV-05782,A-07495,ORG-009,ANALYST-20,2025-05-31T18:24:39,2025-05-31T20:35:59,298,open
INV-05783,A-07496,ORG-009,ANALYST-05,2025-05-04T03:22:51,2025-05-04T07:39:53,545,escalated
INV-05784,A-07497,ORG-009,ANALYST-17,2025-02-22T10:47:15,2025-02-22T16:10:19,436,open
INV-05785,A-07498,ORG-009,ANALYST-02,2025-01-02T13:40:20,2025-01-02T20:11:02,889,resolved
INV-05786,A-07499,ORG-009,ANALYST-08,2025-04-09T04:25:37,2025-04-09T08:11:07,491,escalated
INV-05787,A-07500,ORG-009,ANALYST-17,2025-01-28T08:39:33,2025-01-28T16:30:48,313,resolved
INV-05788,A-07501,ORG-009,ANALYST-12,2025-04-10T15:26:04,2025-04-10T17:20:37,152,escalated
INV-05789,A-07502,ORG-009,ANALYST-12,2025-04-01T06:13:17,2025-04-01T09:39:29,273,false_positive
INV-05790,A-07503,ORG-009,ANALYST-17,2025-03-09T07:08:54,2025-03-09T09:32:08,554,resolved
INV-05791,A-07504,ORG-009,ANALYST-19,2025-01-12T09:45:13,2025-01-12T14:27:44,537,resolved
INV-05792,A-07505,ORG-009,ANALYST-17,2025-01-29T11:40:37,2025-01-29T13:40:19,414,escalated
INV-05793,A-07506,ORG-009,ANALYST-12,2025-04-30T14:37:49,2025-04-30T17:39:10,597,open
INV-05794,A-07507,ORG-009,ANALYST-16,2025-04-22T21:14:26,2025-04-22T22:19:33,654,escalated
INV-05795,A-07508,ORG-009,ANALYST-02,2025-04-26T10:38:10,2025-04-26T11:09:33,98,resolved
INV-05796,A-07509,ORG-009,ANALYST-19,2025-04-05T00:45:42,2025-04-05T08:15:45,467,resolved
INV-05797,A-07510,ORG-009,ANALYST-18,2025-03-23T04:02:21,2025-03-23T06:30:59,84,resolved
INV-05798,A-07511,ORG-009,ANALYST-12,2025-06-02T02:01:21,2025-06-02T03:10:01,270,resolved
INV-05799,A-07512,ORG-009,ANALYST-16,2025-04-06T01:05:22,2025-04-06T03:49:28,292,false_positive
INV-05800,A-07513,ORG-009,ANALYST-20,2025-05-24T20:47:11,2025-05-24T22:12:39,293,false_positive
INV-05801,A-07514,ORG-009,ANALYST-18,2025-02-22T17:25:37,2025-02-22T22:39:57,410,resolved
INV-05802,A-07515,ORG-009,ANALYST-16,2025-06-12T13:41:43,2025-06-12T18:47:21,519,resolved
INV-05803,A-07516,ORG-009,ANALYST-16,2025-05-25T20:31:54,2025-05-25T21:48:27,491,resolved
INV-05804,A-07517,ORG-009,ANALYST-09,2025-04-05T19:53:04,2025-04-05T22:58:28,415,escalated
INV-05805,A-07518,ORG-009,ANALYST-14,2025-03-11T00:28:21,2025-03-11T07:36:00,130,escalated
INV-05806,A-07520,ORG-009,ANALYST-04,2025-03-04T06:49:59,2025-03-04T12:39:08,483,escalated
INV-05807,A-07521,ORG-009,ANALYST-11,2025-05-20T11:23:40,2025-05-20T16:40:18,58,resolved
INV-05808,A-07522,ORG-009,ANALYST-12,2025-04-08T03:11:59,2025-04-08T04:29:16,339,resolved
INV-05809,A-07524,ORG-009,ANALYST-20,2025-04-02T06:15:12,2025-04-02T08:20:37,199,false_positive
INV-05810,A-07526,ORG-009,ANALYST-16,2025-01-13T00:02:53,2025-01-13T01:49:17,219,resolved
INV-05811,A-07527,ORG-009,ANALYST-19,2025-03-10T23:22:25,2025-03-11T06:40:14,191,escalated
INV-05812,A-07528,ORG-009,ANALYST-07,2025-05-28T22:27:37,2025-05-28T23:05:29,420,resolved
INV-05813,A-07529,ORG-009,ANALYST-11,2025-02-10T09:57:09,2025-02-10T15:21:52,166,false_positive
INV-05814,A-07530,ORG-009,ANALYST-19,2025-05-20T22:15:36,2025-05-21T02:34:26,778,resolved
INV-05815,A-07531,ORG-009,ANALYST-02,2025-06-16T21:45:21,2025-06-16T23:05:31,339,open
INV-05816,A-07532,ORG-009,ANALYST-16,2025-05-24T21:28:56,2025-05-25T01:09:00,570,escalated
INV-05817,A-07533,ORG-009,ANALYST-06,2025-02-06T15:03:08,2025-02-06T18:21:59,445,resolved
INV-05818,A-07534,ORG-009,ANALYST-14,2025-01-11T07:17:10,2025-01-11T08:07:24,456,false_positive
INV-05819,A-07535,ORG-009,ANALYST-06,2025-05-24T11:50:30,2025-05-24T17:27:36,192,resolved
INV-05820,A-07536,ORG-009,ANALYST-03,2025-04-27T14:37:46,2025-04-27T20:38:28,332,false_positive
INV-05821,A-07537,ORG-009,ANALYST-03,2025-02-12T02:21:49,2025-02-12T09:01:06,250,escalated
INV-05822,A-07538,ORG-009,ANALYST-08,2025-01-22T01:35:40,2025-01-22T04:25:18,486,escalated
INV-05823,A-07539,ORG-009,ANALYST-12,2025-01-14T04:32:58,2025-01-14T06:48:30,495,false_positive
INV-05824,A-07540,ORG-009,ANALYST-04,2025-03-31T11:09:28,2025-03-31T15:28:14,254,false_positive
INV-05825,A-07541,ORG-009,ANALYST-05,2025-02-27T13:13:37,2025-02-27T18:05:07,493,escalated
INV-05826,A-07542,ORG-009,ANALYST-07,2025-01-06T21:33:48,2025-01-07T02:13:40,224,resolved
INV-05827,A-07543,ORG-009,ANALYST-15,2025-05-17T03:32:58,2025-05-17T07:17:52,665,open
INV-05828,A-07545,ORG-009,ANALYST-17,2025-01-29T21:40:28,2025-01-30T04:23:56,385,resolved
INV-05829,A-07546,ORG-009,ANALYST-18,2025-03-11T05:52:46,2025-03-11T10:38:47,399,resolved
INV-05830,A-07547,ORG-009,ANALYST-05,2025-01-18T02:42:14,2025-01-18T07:57:26,475,escalated
INV-05831,A-07548,ORG-009,ANALYST-04,2025-02-19T21:53:20,2025-02-20T02:23:04,189,open
INV-05832,A-07549,ORG-009,ANALYST-16,2025-02-11T13:47:00,2025-02-11T21:34:43,336,resolved
INV-05833,A-07550,ORG-009,ANALYST-10,2025-01-12T19:57:46,2025-01-13T00:32:24,737,resolved
INV-05834,A-07552,ORG-009,ANALYST-19,2025-03-01T14:26:32,2025-03-01T21:19:56,365,escalated
INV-05835,A-07553,ORG-009,ANALYST-17,2025-06-22T22:56:50,2025-06-23T00:58:19,437,escalated
INV-05836,A-07554,ORG-009,ANALYST-02,2025-02-03T10:36:38,2025-02-03T14:37:45,400,resolved
INV-05837,A-07555,ORG-009,ANALYST-10,2025-01-13T13:41:03,2025-01-13T19:13:42,677,escalated
INV-05838,A-07556,ORG-009,ANALYST-17,2025-01-02T22:11:49,2025-01-03T00:46:54,417,escalated
INV-05839,A-07557,ORG-009,ANALYST-15,2025-02-13T23:43:29,2025-02-14T03:23:12,428,false_positive
INV-05840,A-07558,ORG-009,ANALYST-01,2025-03-07T22:15:25,2025-03-08T02:32:42,459,resolved
INV-05841,A-07559,ORG-009,ANALYST-13,2025-04-23T07:05:38,2025-04-23T07:50:37,698,escalated
INV-05842,A-07560,ORG-009,ANALYST-04,2025-01-20T06:57:08,2025-01-20T08:41:02,322,open
INV-05843,A-07562,ORG-009,ANALYST-03,2025-04-03T06:02:33,2025-04-03T09:04:12,711,resolved
INV-05844,A-07564,ORG-009,ANALYST-09,2025-06-14T00:13:06,2025-06-14T05:26:27,706,resolved
INV-05845,A-07566,ORG-009,ANALYST-13,2025-05-07T20:59:54,2025-05-08T03:12:27,192,resolved
INV-05846,A-07567,ORG-009,ANALYST-03,2025-03-25T14:04:56,2025-03-25T20:35:33,665,open
INV-05847,A-07568,ORG-009,ANALYST-18,2025-02-15T21:02:09,2025-02-16T00:30:55,120,escalated
INV-05848,A-07569,ORG-009,ANALYST-20,2025-04-26T16:44:58,2025-04-27T00:20:02,389,resolved
INV-05849,A-07570,ORG-009,ANALYST-17,2025-03-05T02:20:30,2025-03-05T05:54:14,307,resolved
INV-05850,A-07571,ORG-009,ANALYST-08,2025-03-13T00:12:00,2025-03-13T02:47:39,730,false_positive
INV-05851,A-07572,ORG-009,ANALYST-04,2025-01-29T15:47:52,2025-01-29T21:53:01,261,resolved
INV-05852,A-07573,ORG-009,ANALYST-12,2025-02-06T06:06:00,2025-02-06T11:03:12,204,resolved
INV-05853,A-07574,ORG-009,ANALYST-06,2025-03-15T07:56:16,2025-03-15T14:26:31,384,resolved
INV-05854,A-07575,ORG-009,ANALYST-08,2025-04-23T22:53:31,2025-04-23T23:39:07,368,false_positive
INV-05855,A-07576,ORG-009,ANALYST-07,2025-06-24T01:03:24,2025-06-24T05:13:43,101,resolved
INV-05856,A-07577,ORG-009,ANALYST-16,2025-04-24T21:42:13,2025-04-25T05:26:16,492,resolved
INV-05857,A-07578,ORG-009,ANALYST-02,2025-03-21T18:23:47,2025-03-21T21:16:28,238,escalated
INV-05858,A-07579,ORG-009,ANALYST-05,2025-01-01T07:25:20,2025-01-01T13:06:29,223,escalated
INV-05859,A-07580,ORG-009,ANALYST-18,2025-04-16T12:51:55,2025-04-16T14:13:35,219,escalated
INV-05860,A-07581,ORG-009,ANALYST-18,2025-03-07T22:30:39,2025-03-08T05:24:21,481,resolved
INV-05861,A-07582,ORG-009,ANALYST-07,2025-03-12T04:19:47,2025-03-12T04:53:33,199,resolved
INV-05862,A-07583,ORG-009,ANALYST-16,2025-04-03T22:01:43,2025-04-04T03:54:46,559,resolved
INV-05863,A-07584,ORG-009,ANALYST-14,2025-01-11T16:11:59,2025-01-11T17:14:55,370,escalated
INV-05864,A-07585,ORG-009,ANALYST-07,2025-05-29T05:19:32,2025-05-29T08:23:31,373,escalated
INV-05865,A-07586,ORG-009,ANALYST-18,2025-03-01T21:17:34,2025-03-02T01:48:36,416,resolved
INV-05866,A-07587,ORG-009,ANALYST-16,2025-02-25T21:36:38,2025-02-26T04:52:31,229,open
INV-05867,A-07588,ORG-009,ANALYST-05,2025-06-06T21:20:51,2025-06-07T00:38:09,554,resolved
INV-05868,A-07589,ORG-009,ANALYST-16,2025-04-19T16:35:58,2025-04-19T20:41:07,233,escalated
INV-05869,A-07590,ORG-009,ANALYST-15,2025-06-21T13:38:57,2025-06-21T21:15:43,671,resolved
INV-05870,A-07591,ORG-009,ANALYST-08,2025-03-10T05:27:19,2025-03-10T06:29:53,177,resolved
INV-05871,A-07594,ORG-009,ANALYST-11,2025-06-17T14:34:58,2025-06-17T22:04:14,505,escalated
INV-05872,A-07595,ORG-009,ANALYST-14,2025-01-19T05:58:25,2025-01-19T09:45:35,256,resolved
INV-05873,A-07597,ORG-009,ANALYST-19,2025-05-23T14:47:27,2025-05-23T17:50:42,215,resolved
INV-05874,A-07598,ORG-009,ANALYST-14,2025-05-15T17:01:49,2025-05-16T00:17:44,376,resolved
INV-05875,A-07599,ORG-009,ANALYST-04,2025-06-13T05:41:17,2025-06-13T10:36:23,240,resolved
INV-05876,A-07601,ORG-009,ANALYST-14,2025-05-22T07:36:45,2025-05-22T12:53:36,324,escalated
INV-05877,A-07602,ORG-009,ANALYST-15,2025-04-22T15:01:21,2025-04-22T22:48:04,571,resolved
INV-05878,A-07603,ORG-009,ANALYST-06,2025-05-15T05:21:35,2025-05-15T06:16:18,125,resolved
INV-05879,A-07604,ORG-009,ANALYST-01,2025-01-16T03:35:36,2025-01-16T06:53:58,254,resolved
INV-05880,A-07605,ORG-009,ANALYST-08,2025-03-31T04:00:37,2025-03-31T07:16:21,304,resolved
INV-05881,A-07606,ORG-009,ANALYST-07,2025-03-04T00:17:45,2025-03-04T02:05:36,129,resolved
INV-05882,A-07607,ORG-009,ANALYST-11,2025-02-25T10:53:05,2025-02-25T14:26:53,295,resolved
INV-05883,A-07608,ORG-009,ANALYST-01,2025-01-23T10:18:31,2025-01-23T15:00:46,369,false_positive
INV-05884,A-07609,ORG-009,ANALYST-02,2025-03-30T20:32:58,2025-03-31T02:20:04,613,resolved
INV-05885,A-07610,ORG-009,ANALYST-06,2025-06-23T12:13:48,2025-06-23T13:21:25,246,escalated
INV-05886,A-07612,ORG-009,ANALYST-13,2025-01-21T15:42:24,2025-01-21T16:32:41,608,false_positive
INV-05887,A-07613,ORG-009,ANALYST-09,2025-01-18T07:08:44,2025-01-18T11:52:54,314,resolved
INV-05888,A-07615,ORG-009,ANALYST-18,2025-04-18T09:19:04,2025-04-18T10:22:53,461,false_positive
INV-05889,A-07617,ORG-009,ANALYST-08,2025-04-01T03:38:39,2025-04-01T07:39:28,417,resolved
INV-05890,A-07618,ORG-009,ANALYST-10,2025-06-04T14:04:10,2025-06-04T16:04:38,227,escalated
INV-05891,A-07619,ORG-009,ANALYST-14,2025-06-07T08:04:53,2025-06-07T12:12:45,371,resolved
INV-05892,A-07620,ORG-009,ANALYST-05,2025-04-11T08:43:01,2025-04-11T11:29:43,483,resolved
INV-05893,A-07621,ORG-009,ANALYST-13,2025-04-30T19:53:54,2025-04-30T23:11:04,260,escalated
INV-05894,A-07622,ORG-009,ANALYST-08,2025-03-18T17:53:38,2025-03-18T22:11:08,735,false_positive
INV-05895,A-07623,ORG-009,ANALYST-09,2025-06-18T22:13:00,2025-06-19T05:35:33,360,resolved
INV-05896,A-07624,ORG-009,ANALYST-02,2025-05-18T07:15:28,2025-05-18T10:21:50,467,false_positive
INV-05897,A-07625,ORG-009,ANALYST-12,2025-01-01T06:15:55,2025-01-01T13:57:28,315,resolved
INV-05898,A-07626,ORG-009,ANALYST-11,2025-06-22T09:32:31,2025-06-22T12:51:40,109,resolved
INV-05899,A-07628,ORG-009,ANALYST-09,2025-06-19T07:44:01,2025-06-19T12:10:34,680,resolved
INV-05900,A-07630,ORG-009,ANALYST-05,2025-04-10T23:44:18,2025-04-11T01:57:49,479,resolved
INV-05901,A-07633,ORG-009,ANALYST-19,2025-04-27T04:12:55,2025-04-27T05:35:09,412,resolved
INV-05902,A-07634,ORG-009,ANALYST-05,2025-01-14T03:06:48,2025-01-14T10:22:33,784,resolved
INV-05903,A-07635,ORG-009,ANALYST-01,2025-01-23T14:54:58,2025-01-23T21:23:19,417,resolved
INV-05904,A-07637,ORG-009,ANALYST-19,2025-03-22T04:07:42,2025-03-22T10:03:33,842,resolved
INV-05905,A-07638,ORG-009,ANALYST-19,2025-03-27T14:43:21,2025-03-27T20:52:52,476,resolved
INV-05906,A-07640,ORG-009,ANALYST-20,2025-04-24T00:48:32,2025-04-24T02:15:29,489,resolved
INV-05907,A-07641,ORG-009,ANALYST-08,2025-02-11T12:43:21,2025-02-11T14:11:46,577,false_positive
INV-05908,A-07642,ORG-009,ANALYST-17,2025-06-30T03:20:57,2025-06-30T08:07:29,96,resolved
INV-05909,A-07643,ORG-009,ANALYST-08,2025-02-02T01:51:06,2025-02-02T06:01:04,580,escalated
INV-05910,A-07644,ORG-009,ANALYST-02,2025-03-08T05:33:32,2025-03-08T06:21:32,305,resolved
INV-05911,A-07645,ORG-009,ANALYST-18,2025-04-04T09:01:40,2025-04-04T11:37:28,718,resolved
INV-05912,A-07646,ORG-009,ANALYST-10,2025-01-17T13:57:35,2025-01-17T18:06:37,121,resolved
INV-05913,A-07647,ORG-009,ANALYST-06,2025-03-15T01:32:46,2025-03-15T02:52:45,229,resolved
INV-05914,A-07648,ORG-009,ANALYST-17,2025-03-23T14:45:28,2025-03-23T19:11:15,92,resolved
INV-05915,A-07649,ORG-009,ANALYST-20,2025-06-16T13:28:25,2025-06-16T19:38:08,683,resolved
INV-05916,A-07650,ORG-009,ANALYST-16,2025-03-07T10:22:59,2025-03-07T14:19:36,323,resolved
INV-05917,A-07651,ORG-009,ANALYST-17,2025-06-21T07:10:08,2025-06-21T13:10:10,274,resolved
INV-05918,A-07652,ORG-009,ANALYST-18,2025-06-01T15:58:48,2025-06-01T18:47:52,493,false_positive
INV-05919,A-07653,ORG-009,ANALYST-19,2025-02-17T03:37:24,2025-02-17T10:16:03,334,false_positive
INV-05920,A-07654,ORG-009,ANALYST-07,2025-01-13T04:56:33,2025-01-13T08:36:23,201,resolved
INV-05921,A-07656,ORG-009,ANALYST-08,2025-05-25T01:43:26,2025-05-25T04:59:22,437,escalated
INV-05922,A-07658,ORG-009,ANALYST-07,2025-06-13T03:58:35,2025-06-13T11:30:43,564,resolved
INV-05923,A-07659,ORG-009,ANALYST-11,2025-05-24T06:03:07,2025-05-24T07:24:13,372,resolved
INV-05924,A-07660,ORG-009,ANALYST-13,2025-02-19T22:02:37,2025-02-20T05:33:52,185,resolved
INV-05925,A-07661,ORG-009,ANALYST-06,2025-01-15T21:42:34,2025-01-16T01:31:20,664,resolved
INV-05926,A-07662,ORG-009,ANALYST-08,2025-01-17T02:02:12,2025-01-17T09:38:09,600,resolved
INV-05927,A-07663,ORG-009,ANALYST-14,2025-05-17T07:30:48,2025-05-17T13:19:06,243,resolved
INV-05928,A-07664,ORG-009,ANALYST-04,2025-03-08T08:25:27,2025-03-08T12:34:17,739,resolved
INV-05929,A-07665,ORG-009,ANALYST-14,2025-04-16T20:38:31,2025-04-16T21:16:41,194,false_positive
INV-05930,A-07666,ORG-009,ANALYST-05,2025-05-06T02:22:29,2025-05-06T03:54:57,271,resolved
INV-05931,A-07667,ORG-009,ANALYST-04,2025-05-04T18:55:37,2025-05-04T22:21:50,568,resolved
INV-05932,A-07668,ORG-009,ANALYST-20,2025-01-16T04:42:23,2025-01-16T07:04:43,376,resolved
INV-05933,A-07670,ORG-009,ANALYST-12,2025-02-28T20:54:09,2025-03-01T02:42:28,262,resolved
INV-05934,A-07672,ORG-009,ANALYST-05,2025-05-15T17:22:17,2025-05-16T00:54:29,244,resolved
INV-05935,A-07673,ORG-009,ANALYST-14,2025-06-08T17:49:22,2025-06-08T21:24:05,341,escalated
INV-05936,A-07674,ORG-009,ANALYST-05,2025-02-05T00:21:31,2025-02-05T05:54:06,346,resolved
INV-05937,A-07677,ORG-009,ANALYST-03,2025-06-04T11:42:07,2025-06-04T17:35:07,277,resolved
INV-05938,A-07678,ORG-009,ANALYST-09,2025-03-09T09:01:28,2025-03-09T11:31:46,204,resolved
INV-05939,A-07679,ORG-009,ANALYST-09,2025-01-09T01:32:56,2025-01-09T03:20:08,237,false_positive
INV-05940,A-07682,ORG-009,ANALYST-10,2025-02-11T00:56:38,2025-02-11T05:39:34,609,resolved
INV-05941,A-07683,ORG-009,ANALYST-05,2025-05-07T06:03:28,2025-05-07T06:59:19,631,false_positive
INV-05942,A-07684,ORG-009,ANALYST-10,2025-02-28T17:37:08,2025-02-28T21:54:25,869,false_positive
INV-05943,A-07685,ORG-009,ANALYST-17,2025-02-19T21:35:08,2025-02-19T22:45:31,415,resolved
INV-05944,A-07686,ORG-009,ANALYST-02,2025-06-29T06:06:24,2025-06-29T11:17:59,152,resolved
INV-05945,A-07687,ORG-009,ANALYST-14,2025-02-13T10:55:13,2025-02-13T16:26:12,710,resolved
INV-05946,A-07688,ORG-009,ANALYST-14,2025-05-02T06:28:52,2025-05-02T14:28:14,170,resolved
INV-05947,A-07690,ORG-009,ANALYST-08,2025-02-22T19:58:44,2025-02-22T22:34:44,157,resolved
INV-05948,A-07691,ORG-009,ANALYST-16,2025-05-20T13:45:58,2025-05-20T17:08:39,186,open
INV-05949,A-07693,ORG-009,ANALYST-02,2025-04-02T14:32:49,2025-04-02T16:28:05,616,false_positive
INV-05950,A-07694,ORG-009,ANALYST-02,2025-03-04T22:09:35,2025-03-05T03:17:51,233,open
INV-05951,A-07696,ORG-009,ANALYST-15,2025-03-21T12:28:02,2025-03-21T18:44:11,478,resolved
INV-05952,A-07698,ORG-009,ANALYST-08,2025-02-03T04:34:29,2025-02-03T05:56:20,338,resolved
INV-05953,A-07699,ORG-009,ANALYST-19,2025-03-05T01:06:53,2025-03-05T07:14:42,322,false_positive
INV-05954,A-07700,ORG-009,ANALYST-10,2025-01-24T10:25:28,2025-01-24T14:34:08,465,false_positive
INV-05955,A-07701,ORG-009,ANALYST-20,2025-02-19T23:38:32,2025-02-20T02:45:06,346,escalated
INV-05956,A-07703,ORG-009,ANALYST-16,2025-01-21T17:04:38,2025-01-21T21:29:07,654,resolved
INV-05957,A-07705,ORG-009,ANALYST-04,2025-04-25T15:00:03,2025-04-25T20:26:54,731,resolved
INV-05958,A-07706,ORG-009,ANALYST-01,2025-06-24T14:56:18,2025-06-24T15:42:56,498,resolved
INV-05959,A-07707,ORG-009,ANALYST-16,2025-05-24T09:44:08,2025-05-24T12:28:42,289,resolved
INV-05960,A-07708,ORG-009,ANALYST-17,2025-02-09T04:08:11,2025-02-09T09:07:33,512,resolved
INV-05961,A-07709,ORG-009,ANALYST-20,2025-05-11T07:10:12,2025-05-11T10:28:40,806,resolved
INV-05962,A-07711,ORG-009,ANALYST-14,2025-01-05T07:46:07,2025-01-05T12:30:23,164,resolved
INV-05963,A-07712,ORG-009,ANALYST-03,2025-05-27T00:13:41,2025-05-27T06:38:51,454,resolved
INV-05964,A-07713,ORG-009,ANALYST-18,2025-01-11T20:38:02,2025-01-12T01:33:06,161,resolved
INV-05965,A-07714,ORG-009,ANALYST-19,2025-03-30T00:14:15,2025-03-30T05:52:00,202,resolved
INV-05966,A-07715,ORG-009,ANALYST-13,2025-03-22T04:58:48,2025-03-22T07:56:14,739,resolved
INV-05967,A-07716,ORG-009,ANALYST-07,2025-01-17T15:39:12,2025-01-17T20:25:21,140,resolved
INV-05968,A-07717,ORG-009,ANALYST-07,2025-01-17T17:58:27,2025-01-17T21:00:39,307,escalated
INV-05969,A-07718,ORG-009,ANALYST-07,2025-05-19T03:51:33,2025-05-19T07:52:45,868,open
INV-05970,A-07719,ORG-009,ANALYST-01,2025-03-07T18:17:18,2025-03-07T20:33:05,356,false_positive
INV-05971,A-07720,ORG-009,ANALYST-20,2025-05-01T18:37:46,2025-05-01T22:05:59,440,resolved
INV-05972,A-07723,ORG-009,ANALYST-20,2025-02-11T17:19:53,2025-02-11T22:22:18,299,resolved
INV-05973,A-07724,ORG-009,ANALYST-10,2025-06-03T00:01:31,2025-06-03T01:39:49,455,escalated
INV-05974,A-07725,ORG-009,ANALYST-12,2025-06-27T21:15:42,2025-06-28T04:22:02,605,resolved
INV-05975,A-07727,ORG-009,ANALYST-16,2025-05-04T10:39:18,2025-05-04T13:48:28,69,resolved
INV-05976,A-07728,ORG-009,ANALYST-04,2025-05-25T21:29:38,2025-05-25T23:10:34,706,resolved
INV-05977,A-07729,ORG-009,ANALYST-19,2025-06-08T21:15:49,2025-06-09T02:56:03,255,escalated
INV-05978,A-07730,ORG-009,ANALYST-20,2025-01-24T18:45:31,2025-01-24T22:58:00,421,false_positive
INV-05979,A-07732,ORG-009,ANALYST-08,2025-01-10T08:51:00,2025-01-10T11:18:28,71,resolved
INV-05980,A-07733,ORG-009,ANALYST-16,2025-05-06T11:01:23,2025-05-06T13:05:48,618,escalated
INV-05981,A-07734,ORG-009,ANALYST-08,2025-04-09T19:19:32,2025-04-09T23:29:14,709,resolved
INV-05982,A-07735,ORG-009,ANALYST-16,2025-04-05T00:30:00,2025-04-05T07:18:36,372,resolved
INV-05983,A-07736,ORG-009,ANALYST-09,2025-02-09T02:56:45,2025-02-09T07:20:41,263,escalated
INV-05984,A-07737,ORG-009,ANALYST-18,2025-03-28T06:07:04,2025-03-28T08:58:14,442,escalated
INV-05985,A-07738,ORG-009,ANALYST-17,2025-06-25T09:36:30,2025-06-25T10:21:22,416,escalated
INV-05986,A-07739,ORG-009,ANALYST-16,2025-05-07T02:26:16,2025-05-07T05:22:37,402,resolved
INV-05987,A-07741,ORG-009,ANALYST-03,2025-04-10T22:05:06,2025-04-10T23:46:09,172,escalated
INV-05988,A-07742,ORG-009,ANALYST-20,2025-01-05T11:08:24,2025-01-05T13:54:59,228,resolved
INV-05989,A-07744,ORG-009,ANALYST-08,2025-02-16T18:49:41,2025-02-17T00:50:04,312,open
INV-05990,A-07745,ORG-009,ANALYST-15,2025-06-23T09:57:01,2025-06-23T17:33:24,349,resolved
INV-05991,A-07746,ORG-009,ANALYST-14,2025-02-20T23:02:56,2025-02-21T01:28:52,236,resolved
INV-05992,A-07748,ORG-009,ANALYST-03,2025-06-21T02:33:07,2025-06-21T09:49:21,114,resolved
INV-05993,A-07750,ORG-009,ANALYST-12,2025-02-05T20:52:08,2025-02-05T22:58:46,386,resolved
INV-05994,A-07752,ORG-009,ANALYST-11,2025-04-11T21:34:11,2025-04-12T01:08:16,445,escalated
INV-05995,A-07753,ORG-009,ANALYST-02,2025-04-03T19:30:55,2025-04-04T02:39:16,90,false_positive
INV-05996,A-07754,ORG-009,ANALYST-01,2025-05-12T17:02:58,2025-05-12T17:35:49,466,escalated
INV-05997,A-07755,ORG-009,ANALYST-06,2025-05-06T03:56:49,2025-05-06T07:42:56,457,false_positive
INV-05998,A-07756,ORG-009,ANALYST-04,2025-03-03T11:37:10,2025-03-03T17:23:55,157,resolved
INV-05999,A-07758,ORG-009,ANALYST-04,2025-05-08T09:08:52,2025-05-08T09:39:31,328,false_positive
INV-06000,A-07759,ORG-009,ANALYST-10,2025-01-27T05:21:26,2025-01-27T08:44:28,351,resolved
INV-06001,A-07760,ORG-009,ANALYST-04,2025-03-30T04:44:02,2025-03-30T06:44:28,474,escalated
INV-06002,A-07761,ORG-009,ANALYST-19,2025-06-14T17:59:02,2025-06-14T19:38:39,312,false_positive
INV-06003,A-07762,ORG-009,ANALYST-15,2025-05-29T05:20:52,2025-05-29T07:48:55,291,false_positive
INV-06004,A-07763,ORG-009,ANALYST-20,2025-02-21T13:25:19,2025-02-21T20:51:07,362,resolved
INV-06005,A-07764,ORG-009,ANALYST-05,2025-03-30T07:18:13,2025-03-30T13:46:13,248,resolved
INV-06006,A-07765,ORG-009,ANALYST-03,2025-02-15T16:54:17,2025-02-15T23:59:42,332,resolved
INV-06007,A-07766,ORG-009,ANALYST-08,2025-02-02T06:17:40,2025-02-02T08:23:11,546,resolved
INV-06008,A-07767,ORG-009,ANALYST-03,2025-01-15T15:28:05,2025-01-15T16:16:07,252,resolved
INV-06009,A-07768,ORG-009,ANALYST-02,2025-06-26T00:39:07,2025-06-26T06:57:26,334,escalated
INV-06010,A-07769,ORG-009,ANALYST-02,2025-03-24T19:25:54,2025-03-25T01:51:49,69,resolved
INV-06011,A-07771,ORG-009,ANALYST-12,2025-02-03T02:28:18,2025-02-03T08:19:01,294,open
INV-06012,A-07772,ORG-009,ANALYST-09,2025-04-12T03:13:10,2025-04-12T07:28:03,307,resolved
INV-06013,A-07774,ORG-009,ANALYST-08,2025-03-26T00:28:28,2025-03-26T06:48:53,395,resolved
INV-06014,A-07775,ORG-009,ANALYST-11,2025-06-10T08:41:00,2025-06-10T14:50:50,818,resolved
INV-06015,A-07776,ORG-009,ANALYST-18,2025-05-28T03:05:06,2025-05-28T09:30:53,472,resolved
INV-06016,A-07777,ORG-009,ANALYST-07,2025-02-10T18:48:01,2025-02-10T21:21:31,727,resolved
INV-06017,A-07779,ORG-009,ANALYST-06,2025-05-10T11:43:13,2025-05-10T16:06:08,277,resolved
INV-06018,A-07781,ORG-009,ANALYST-05,2025-05-09T06:50:07,2025-05-09T07:49:59,204,resolved
INV-06019,A-07783,ORG-009,ANALYST-16,2025-05-26T03:13:23,2025-05-26T09:38:45,458,resolved
INV-06020,A-07784,ORG-009,ANALYST-07,2025-04-20T15:57:05,2025-04-20T21:03:55,487,escalated
INV-06021,A-07785,ORG-009,ANALYST-17,2025-06-13T05:41:11,2025-06-13T08:54:05,280,resolved
INV-06022,A-07786,ORG-009,ANALYST-09,2025-04-23T11:04:14,2025-04-23T17:34:07,273,resolved
INV-06023,A-07787,ORG-009,ANALYST-07,2025-05-07T23:06:57,2025-05-08T04:27:38,495,resolved
INV-06024,A-07788,ORG-009,ANALYST-20,2025-03-28T16:48:40,2025-03-28T23:49:56,203,escalated
INV-06025,A-07789,ORG-009,ANALYST-08,2025-05-25T22:28:47,2025-05-26T02:08:12,182,resolved
INV-06026,A-07790,ORG-009,ANALYST-03,2025-05-09T12:12:00,2025-05-09T16:55:56,728,resolved
INV-06027,A-07791,ORG-009,ANALYST-01,2025-03-25T04:02:18,2025-03-25T09:54:26,526,false_positive
INV-06028,A-07792,ORG-009,ANALYST-02,2025-06-30T21:02:37,2025-06-30T22:14:30,155,escalated
INV-06029,A-07793,ORG-009,ANALYST-05,2025-03-09T20:35:27,2025-03-10T00:51:59,209,resolved
INV-06030,A-07794,ORG-009,ANALYST-12,2025-01-21T04:20:40,2025-01-21T06:34:21,730,resolved
INV-06031,A-07795,ORG-009,ANALYST-09,2025-06-29T12:04:59,2025-06-29T17:47:34,547,false_positive
INV-06032,A-07796,ORG-009,ANALYST-07,2025-01-18T02:57:41,2025-01-18T08:11:45,416,resolved
INV-06033,A-07797,ORG-009,ANALYST-05,2025-02-12T00:20:21,2025-02-12T01:26:54,601,false_positive
INV-06034,A-07798,ORG-009,ANALYST-08,2025-01-19T02:15:59,2025-01-19T03:59:17,471,resolved
INV-06035,A-07799,ORG-009,ANALYST-13,2025-03-06T20:02:01,2025-03-07T00:27:49,382,resolved
INV-06036,A-07800,ORG-009,ANALYST-09,2025-06-23T12:54:04,2025-06-23T18:58:20,453,resolved
INV-06037,A-07802,ORG-009,ANALYST-14,2025-04-25T10:16:19,2025-04-25T15:14:27,893,resolved
INV-06038,A-07803,ORG-009,ANALYST-06,2025-02-07T03:00:25,2025-02-07T04:51:06,294,false_positive
INV-06039,A-07804,ORG-009,ANALYST-07,2025-04-06T22:33:18,2025-04-07T06:21:36,153,false_positive
INV-06040,A-07805,ORG-009,ANALYST-05,2025-02-12T09:59:49,2025-02-12T15:24:42,548,resolved
INV-06041,A-07806,ORG-009,ANALYST-15,2025-02-03T03:16:54,2025-02-03T06:23:32,55,resolved
INV-06042,A-07807,ORG-009,ANALYST-10,2025-06-03T00:57:19,2025-06-03T05:05:51,207,false_positive
INV-06043,A-07808,ORG-009,ANALYST-20,2025-02-01T09:52:23,2025-02-01T12:58:21,521,resolved
INV-06044,A-07809,ORG-009,ANALYST-13,2025-05-24T17:46:18,2025-05-24T23:29:13,248,resolved
INV-06045,A-07810,ORG-009,ANALYST-01,2025-04-15T16:09:29,2025-04-15T22:17:17,397,escalated
INV-06046,A-07811,ORG-009,ANALYST-13,2025-04-05T18:28:32,2025-04-05T21:25:12,136,escalated
INV-06047,A-07812,ORG-009,ANALYST-20,2025-02-24T12:28:41,2025-02-24T14:50:31,895,escalated
INV-06048,A-07814,ORG-009,ANALYST-20,2025-06-28T12:00:22,2025-06-28T14:25:27,262,resolved
INV-06049,A-07815,ORG-009,ANALYST-07,2025-02-08T04:48:52,2025-02-08T11:57:38,390,resolved
INV-06050,A-07816,ORG-009,ANALYST-12,2025-01-19T16:11:55,2025-01-19T23:41:34,100,open
INV-06051,A-07817,ORG-009,ANALYST-08,2025-02-06T23:31:37,2025-02-07T07:14:32,399,resolved
INV-06052,A-07818,ORG-009,ANALYST-19,2025-06-30T15:14:57,2025-06-30T22:47:25,367,escalated
INV-06053,A-07819,ORG-009,ANALYST-09,2025-06-02T02:24:24,2025-06-02T08:10:54,536,resolved
INV-06054,A-07820,ORG-009,ANALYST-02,2025-06-21T20:52:08,2025-06-21T22:27:08,332,resolved
INV-06055,A-07821,ORG-009,ANALYST-20,2025-06-14T13:05:47,2025-06-14T18:41:08,194,escalated
INV-06056,A-07822,ORG-009,ANALYST-17,2025-03-15T23:49:49,2025-03-16T06:21:20,195,open
INV-06057,A-07823,ORG-009,ANALYST-17,2025-06-23T00:21:42,2025-06-23T07:20:06,545,escalated
INV-06058,A-07824,ORG-009,ANALYST-15,2025-06-25T04:47:54,2025-06-25T09:58:26,427,false_positive
INV-06059,A-07825,ORG-009,ANALYST-04,2025-06-22T09:48:37,2025-06-22T15:17:11,365,resolved
INV-06060,A-07826,ORG-009,ANALYST-01,2025-06-22T05:10:17,2025-06-22T13:02:57,695,escalated
INV-06061,A-07827,ORG-009,ANALYST-03,2025-04-17T10:59:41,2025-04-17T16:52:37,322,resolved
INV-06062,A-07828,ORG-009,ANALYST-13,2025-02-02T00:43:15,2025-02-02T06:01:15,93,resolved
INV-06063,A-07829,ORG-009,ANALYST-07,2025-01-19T04:23:09,2025-01-19T11:27:07,469,resolved
INV-06064,A-07830,ORG-009,ANALYST-11,2025-03-17T09:13:12,2025-03-17T13:24:06,599,escalated
INV-06065,A-07831,ORG-009,ANALYST-10,2025-02-09T05:22:04,2025-02-09T06:38:29,203,resolved
INV-06066,A-07832,ORG-009,ANALYST-05,2025-01-26T08:52:24,2025-01-26T09:24:59,291,resolved
INV-06067,A-07834,ORG-009,ANALYST-19,2025-02-02T11:24:29,2025-02-02T18:40:30,191,false_positive
INV-06068,A-07835,ORG-009,ANALYST-12,2025-02-01T04:45:45,2025-02-01T09:51:40,352,escalated
INV-06069,A-07836,ORG-009,ANALYST-16,2025-02-15T04:52:17,2025-02-15T07:33:59,294,resolved
INV-06070,A-07837,ORG-009,ANALYST-06,2025-04-20T21:56:35,2025-04-20T23:00:35,441,resolved
INV-06071,A-07838,ORG-009,ANALYST-11,2025-06-06T04:46:19,2025-06-06T07:31:13,587,escalated
INV-06072,A-07839,ORG-009,ANALYST-04,2025-02-25T02:13:46,2025-02-25T08:05:10,427,escalated
INV-06073,A-07840,ORG-009,ANALYST-06,2025-01-24T11:45:44,2025-01-24T18:11:16,489,resolved
INV-06074,A-07841,ORG-009,ANALYST-17,2025-02-06T03:46:09,2025-02-06T07:43:27,246,resolved
INV-06075,A-07842,ORG-009,ANALYST-01,2025-01-11T04:33:32,2025-01-11T06:37:04,554,resolved
INV-06076,A-07843,ORG-009,ANALYST-06,2025-01-08T22:49:31,2025-01-09T00:20:30,742,false_positive
INV-06077,A-07844,ORG-009,ANALYST-05,2025-03-25T03:58:50,2025-03-25T09:17:36,480,escalated
INV-06078,A-07845,ORG-009,ANALYST-15,2025-03-28T11:22:57,2025-03-28T17:53:37,593,escalated
INV-06079,A-07846,ORG-009,ANALYST-02,2025-04-06T01:27:56,2025-04-06T07:42:05,183,open
INV-06080,A-07847,ORG-009,ANALYST-03,2025-04-16T03:39:08,2025-04-16T04:57:50,306,resolved
INV-06081,A-07848,ORG-009,ANALYST-06,2025-05-30T19:41:14,2025-05-30T22:42:13,109,open
INV-06082,A-07849,ORG-009,ANALYST-12,2025-02-06T10:42:21,2025-02-06T16:05:11,204,open
INV-06083,A-07850,ORG-009,ANALYST-11,2025-06-20T09:09:59,2025-06-20T15:59:58,668,resolved
INV-06084,A-07851,ORG-009,ANALYST-04,2025-02-05T07:58:32,2025-02-05T11:15:34,703,resolved
INV-06085,A-07852,ORG-009,ANALYST-01,2025-06-15T23:35:49,2025-06-16T05:29:13,175,escalated
INV-06086,A-07853,ORG-009,ANALYST-05,2025-05-14T02:29:20,2025-05-14T09:32:07,672,resolved
INV-06087,A-07854,ORG-009,ANALYST-17,2025-06-22T13:07:00,2025-06-22T16:38:53,265,resolved
INV-06088,A-07855,ORG-009,ANALYST-15,2025-04-11T02:21:12,2025-04-11T09:44:24,586,escalated
INV-06089,A-07856,ORG-009,ANALYST-18,2025-02-28T01:34:25,2025-02-28T02:10:14,224,escalated
INV-06090,A-07857,ORG-009,ANALYST-08,2025-03-06T04:23:27,2025-03-06T11:12:24,208,false_positive
INV-06091,A-07858,ORG-009,ANALYST-11,2025-01-25T09:11:38,2025-01-25T09:51:34,631,open
INV-06092,A-07859,ORG-009,ANALYST-08,2025-01-28T01:47:27,2025-01-28T05:11:16,461,escalated
INV-06093,A-07860,ORG-009,ANALYST-03,2025-02-27T06:48:27,2025-02-27T11:41:05,67,resolved
INV-06094,A-07862,ORG-009,ANALYST-07,2025-05-09T17:29:18,2025-05-09T22:09:36,380,open
INV-06095,A-07864,ORG-009,ANALYST-04,2025-04-29T21:21:20,2025-04-29T23:33:23,282,escalated
INV-06096,A-07865,ORG-009,ANALYST-05,2025-01-06T17:19:48,2025-01-07T00:19:31,472,open
INV-06097,A-07867,ORG-009,ANALYST-04,2025-02-14T12:32:45,2025-02-14T13:08:49,213,resolved
INV-06098,A-07868,ORG-009,ANALYST-15,2025-06-10T01:43:18,2025-06-10T06:00:12,496,escalated
INV-06099,A-07869,ORG-009,ANALYST-08,2025-06-26T08:03:32,2025-06-26T08:45:27,327,escalated
INV-06100,A-07870,ORG-009,ANALYST-05,2025-04-08T05:14:53,2025-04-08T07:47:38,308,false_positive
INV-06101,A-07871,ORG-009,ANALYST-15,2025-02-10T13:17:17,2025-02-10T18:17:27,657,resolved
INV-06102,A-07872,ORG-009,ANALYST-16,2025-02-14T02:21:07,2025-02-14T03:28:47,150,escalated
INV-06103,A-07873,ORG-009,ANALYST-15,2025-05-25T11:30:55,2025-05-25T14:05:58,328,false_positive
INV-06104,A-07874,ORG-009,ANALYST-04,2025-05-21T00:46:01,2025-05-21T08:22:44,713,resolved
INV-06105,A-07875,ORG-009,ANALYST-20,2025-06-05T20:02:29,2025-06-06T00:25:56,305,escalated
INV-06106,A-07876,ORG-009,ANALYST-05,2025-03-06T17:44:40,2025-03-06T20:27:31,405,false_positive
INV-06107,A-07877,ORG-009,ANALYST-01,2025-02-17T10:35:15,2025-02-17T13:20:42,475,resolved
INV-06108,A-07878,ORG-009,ANALYST-06,2025-01-31T23:11:56,2025-02-01T00:14:52,578,false_positive
INV-06109,A-07879,ORG-009,ANALYST-12,2025-03-23T02:12:19,2025-03-23T08:11:19,898,resolved
INV-06110,A-07880,ORG-009,ANALYST-03,2025-06-22T03:21:49,2025-06-22T05:23:02,371,escalated
INV-06111,A-07881,ORG-009,ANALYST-18,2025-02-27T10:01:49,2025-02-27T13:14:32,347,resolved
INV-06112,A-07882,ORG-009,ANALYST-04,2025-03-18T11:25:49,2025-03-18T18:19:42,228,open
INV-06113,A-07883,ORG-009,ANALYST-18,2025-06-23T17:40:54,2025-06-24T00:55:19,231,false_positive
INV-06114,A-07884,ORG-009,ANALYST-09,2025-02-21T22:27:58,2025-02-22T03:45:03,82,false_positive
INV-06115,A-07886,ORG-009,ANALYST-17,2025-04-16T19:20:53,2025-04-16T23:27:38,201,resolved
INV-06116,A-07887,ORG-009,ANALYST-11,2025-02-24T07:13:25,2025-02-24T08:55:05,710,resolved
INV-06117,A-07889,ORG-009,ANALYST-16,2025-02-01T08:36:27,2025-02-01T14:36:51,629,resolved
INV-06118,A-07890,ORG-009,ANALYST-18,2025-02-01T17:06:08,2025-02-01T18:25:54,85,false_positive
INV-06119,A-07891,ORG-009,ANALYST-02,2025-05-19T23:20:34,2025-05-20T01:14:39,291,resolved
INV-06120,A-07892,ORG-009,ANALYST-18,2025-05-03T20:46:43,2025-05-03T22:41:50,103,resolved
INV-06121,A-07893,ORG-009,ANALYST-18,2025-04-12T05:06:49,2025-04-12T08:28:56,462,escalated
INV-06122,A-07895,ORG-009,ANALYST-02,2025-02-07T06:24:36,2025-02-07T11:07:08,877,false_positive
INV-06123,A-07896,ORG-009,ANALYST-17,2025-05-10T20:08:13,2025-05-11T03:58:04,274,resolved
INV-06124,A-07897,ORG-009,ANALYST-11,2025-03-12T09:19:13,2025-03-12T11:35:00,353,resolved
INV-06125,A-07898,ORG-009,ANALYST-01,2025-02-19T05:31:57,2025-02-19T11:09:10,362,false_positive
INV-06126,A-07899,ORG-009,ANALYST-05,2025-06-16T22:00:48,2025-06-17T05:14:02,735,resolved
INV-06127,A-07900,ORG-009,ANALYST-11,2025-04-20T02:19:47,2025-04-20T06:53:18,372,resolved
INV-06128,A-07901,ORG-009,ANALYST-11,2025-05-28T23:42:51,2025-05-29T05:01:34,862,resolved
INV-06129,A-07902,ORG-009,ANALYST-16,2025-01-21T11:29:38,2025-01-21T17:16:28,325,escalated
INV-06130,A-07904,ORG-009,ANALYST-15,2025-05-08T10:04:46,2025-05-08T16:16:01,275,resolved
INV-06131,A-07905,ORG-009,ANALYST-04,2025-06-25T16:23:13,2025-06-25T17:20:41,547,resolved
INV-06132,A-07906,ORG-009,ANALYST-11,2025-02-09T03:59:55,2025-02-09T08:55:51,745,resolved
INV-06133,A-07908,ORG-009,ANALYST-03,2025-03-27T08:37:37,2025-03-27T13:48:02,256,resolved
INV-06134,A-07910,ORG-009,ANALYST-11,2025-02-10T20:11:11,2025-02-10T22:44:11,383,resolved
INV-06135,A-07912,ORG-010,ANALYST-02,2025-03-21T12:53:44,2025-03-21T17:07:56,235,resolved
INV-06136,A-07913,ORG-010,ANALYST-18,2025-05-01T17:36:44,2025-05-01T22:57:52,448,false_positive
INV-06137,A-07915,ORG-010,ANALYST-15,2025-05-18T18:45:55,2025-05-18T19:41:31,704,resolved
INV-06138,A-07916,ORG-010,ANALYST-18,2025-04-21T04:00:51,2025-04-21T10:05:08,773,escalated
INV-06139,A-07917,ORG-010,ANALYST-11,2025-05-19T09:43:58,2025-05-19T12:51:26,253,resolved
INV-06140,A-07918,ORG-010,ANALYST-12,2025-04-27T15:05:36,2025-04-27T16:08:48,486,resolved
INV-06141,A-07919,ORG-010,ANALYST-09,2025-03-10T04:26:08,2025-03-10T09:50:53,216,resolved
INV-06142,A-07923,ORG-010,ANALYST-02,2025-05-26T13:55:13,2025-05-26T15:25:15,794,escalated
INV-06143,A-07924,ORG-010,ANALYST-20,2025-01-04T22:43:12,2025-01-05T04:32:45,149,open
INV-06144,A-07926,ORG-010,ANALYST-20,2025-02-11T05:43:13,2025-02-11T12:01:15,406,resolved
INV-06145,A-07927,ORG-010,ANALYST-10,2025-02-15T11:19:02,2025-02-15T13:17:35,640,escalated
INV-06146,A-07928,ORG-010,ANALYST-18,2025-04-28T04:53:15,2025-04-28T06:22:06,378,false_positive
INV-06147,A-07929,ORG-010,ANALYST-04,2025-02-15T16:20:23,2025-02-16T00:04:17,293,escalated
INV-06148,A-07930,ORG-010,ANALYST-20,2025-06-07T00:28:19,2025-06-07T05:54:00,174,resolved
INV-06149,A-07932,ORG-010,ANALYST-01,2025-03-03T13:41:54,2025-03-03T14:46:53,800,resolved
INV-06150,A-07933,ORG-010,ANALYST-03,2025-05-13T06:31:41,2025-05-13T12:54:30,900,resolved
INV-06151,A-07934,ORG-010,ANALYST-12,2025-04-05T01:01:07,2025-04-05T04:05:08,258,escalated
INV-06152,A-07935,ORG-010,ANALYST-11,2025-02-17T01:39:21,2025-02-17T06:58:11,177,resolved
INV-06153,A-07936,ORG-010,ANALYST-18,2025-02-28T23:54:51,2025-03-01T05:32:14,637,resolved
INV-06154,A-07938,ORG-010,ANALYST-04,2025-06-12T14:15:07,2025-06-12T19:16:50,397,resolved
INV-06155,A-07939,ORG-010,ANALYST-17,2025-06-13T20:14:45,2025-06-13T21:54:31,284,escalated
INV-06156,A-07940,ORG-010,ANALYST-15,2025-01-08T07:58:50,2025-01-08T10:51:33,270,resolved
INV-06157,A-07941,ORG-010,ANALYST-04,2025-02-21T01:52:07,2025-02-21T02:39:00,444,false_positive
INV-06158,A-07942,ORG-010,ANALYST-18,2025-04-27T13:32:52,2025-04-27T14:42:07,290,resolved
INV-06159,A-07943,ORG-010,ANALYST-15,2025-03-04T03:24:16,2025-03-04T11:05:16,794,resolved
INV-06160,A-07944,ORG-010,ANALYST-01,2025-05-27T23:26:34,2025-05-28T06:42:32,363,resolved
INV-06161,A-07947,ORG-010,ANALYST-11,2025-02-15T13:59:55,2025-02-15T21:21:43,155,false_positive
INV-06162,A-07948,ORG-010,ANALYST-13,2025-05-16T19:11:40,2025-05-16T22:57:31,359,resolved
INV-06163,A-07949,ORG-010,ANALYST-15,2025-02-16T20:54:23,2025-02-16T22:09:52,460,escalated
INV-06164,A-07951,ORG-010,ANALYST-17,2025-01-24T00:19:49,2025-01-24T00:59:41,274,resolved
INV-06165,A-07952,ORG-010,ANALYST-13,2025-02-09T07:08:39,2025-02-09T14:46:30,501,resolved
INV-06166,A-07953,ORG-010,ANALYST-15,2025-03-12T14:16:46,2025-03-12T17:27:03,105,open
INV-06167,A-07954,ORG-010,ANALYST-15,2025-05-04T18:11:21,2025-05-04T22:42:15,248,resolved
INV-06168,A-07955,ORG-010,ANALYST-19,2025-01-01T13:39:57,2025-01-01T19:04:18,748,escalated
INV-06169,A-07956,ORG-010,ANALYST-06,2025-02-10T12:27:07,2025-02-10T15:03:39,591,resolved
INV-06170,A-07957,ORG-010,ANALYST-09,2025-01-27T01:21:33,2025-01-27T04:16:19,255,resolved
INV-06171,A-07958,ORG-010,ANALYST-13,2025-05-23T20:10:38,2025-05-24T00:08:21,417,escalated
INV-06172,A-07959,ORG-010,ANALYST-19,2025-05-28T03:47:04,2025-05-28T06:14:43,400,false_positive
INV-06173,A-07960,ORG-010,ANALYST-09,2025-01-29T09:59:46,2025-01-29T12:24:55,347,resolved
INV-06174,A-07961,ORG-010,ANALYST-07,2025-01-24T03:51:57,2025-01-24T09:24:22,779,resolved
INV-06175,A-07962,ORG-010,ANALYST-17,2025-01-15T04:16:57,2025-01-15T06:35:05,439,escalated
INV-06176,A-07963,ORG-010,ANALYST-11,2025-01-02T16:31:21,2025-01-02T23:15:34,678,resolved
INV-06177,A-07964,ORG-010,ANALYST-16,2025-01-13T19:03:50,2025-01-14T02:11:43,292,false_positive
INV-06178,A-07965,ORG-010,ANALYST-01,2025-04-22T21:29:24,2025-04-22T22:10:17,440,false_positive
INV-06179,A-07966,ORG-010,ANALYST-13,2025-04-20T03:51:10,2025-04-20T09:53:42,404,false_positive
INV-06180,A-07967,ORG-010,ANALYST-09,2025-02-02T12:02:19,2025-02-02T15:49:34,449,false_positive
INV-06181,A-07968,ORG-010,ANALYST-03,2025-02-13T04:54:51,2025-02-13T08:32:52,509,open
INV-06182,A-07969,ORG-010,ANALYST-14,2025-04-11T07:28:13,2025-04-11T10:35:18,314,resolved
INV-06183,A-07970,ORG-010,ANALYST-06,2025-04-10T20:55:06,2025-04-10T23:30:28,602,resolved
INV-06184,A-07971,ORG-010,ANALYST-10,2025-01-20T02:57:20,2025-01-20T07:35:19,623,open
INV-06185,A-07972,ORG-010,ANALYST-12,2025-02-23T03:08:14,2025-02-23T08:55:56,278,resolved
INV-06186,A-07973,ORG-010,ANALYST-17,2025-06-18T10:02:07,2025-06-18T14:37:09,292,false_positive
INV-06187,A-07974,ORG-010,ANALYST-18,2025-04-21T14:50:06,2025-04-21T22:07:14,328,open
INV-06188,A-07975,ORG-010,ANALYST-04,2025-04-05T20:54:48,2025-04-05T22:48:49,607,resolved
INV-06189,A-07976,ORG-010,ANALYST-09,2025-02-03T09:17:42,2025-02-03T10:45:32,296,escalated
INV-06190,A-07977,ORG-010,ANALYST-04,2025-03-26T02:02:07,2025-03-26T02:34:48,783,resolved
INV-06191,A-07978,ORG-010,ANALYST-12,2025-01-04T03:24:26,2025-01-04T06:16:15,104,false_positive
INV-06192,A-07979,ORG-010,ANALYST-11,2025-03-18T19:55:52,2025-03-19T00:44:18,556,resolved
INV-06193,A-07980,ORG-010,ANALYST-03,2025-03-30T23:37:47,2025-03-31T05:47:00,416,resolved
INV-06194,A-07981,ORG-010,ANALYST-07,2025-03-09T09:18:59,2025-03-09T15:54:13,286,resolved
INV-06195,A-07982,ORG-010,ANALYST-13,2025-02-19T04:25:23,2025-02-19T07:55:43,499,resolved
INV-06196,A-07983,ORG-010,ANALYST-03,2025-05-19T05:16:46,2025-05-19T07:12:39,352,false_positive
INV-06197,A-07984,ORG-010,ANALYST-16,2025-05-07T11:38:16,2025-05-07T19:00:18,264,open
INV-06198,A-07985,ORG-010,ANALYST-19,2025-05-09T05:59:04,2025-05-09T08:18:42,279,resolved
INV-06199,A-07986,ORG-010,ANALYST-05,2025-02-21T04:23:56,2025-02-21T06:59:48,339,escalated
INV-06200,A-07987,ORG-010,ANALYST-10,2025-02-25T04:31:21,2025-02-25T08:01:00,325,resolved
INV-06201,A-07988,ORG-010,ANALYST-13,2025-05-13T09:43:29,2025-05-13T15:06:59,191,resolved
INV-06202,A-07989,ORG-010,ANALYST-04,2025-01-15T05:12:25,2025-01-15T06:10:50,378,escalated
INV-06203,A-07990,ORG-010,ANALYST-01,2025-03-29T11:01:53,2025-03-29T16:08:16,185,resolved
INV-06204,A-07991,ORG-010,ANALYST-18,2025-02-03T07:52:36,2025-02-03T09:30:57,612,resolved
INV-06205,A-07993,ORG-010,ANALYST-14,2025-01-19T21:12:22,2025-01-20T05:06:28,94,resolved
INV-06206,A-07994,ORG-010,ANALYST-10,2025-06-05T06:34:00,2025-06-05T07:55:24,246,open
INV-06207,A-07995,ORG-010,ANALYST-14,2025-01-28T17:04:37,2025-01-29T00:08:06,202,resolved
INV-06208,A-07996,ORG-010,ANALYST-09,2025-02-28T08:43:20,2025-02-28T15:45:00,793,resolved
INV-06209,A-07999,ORG-010,ANALYST-02,2025-06-09T23:38:25,2025-06-10T04:46:34,384,open
INV-06210,A-08001,ORG-010,ANALYST-03,2025-05-01T11:10:29,2025-05-01T14:10:51,102,false_positive
INV-06211,A-08003,ORG-010,ANALYST-18,2025-01-05T14:30:05,2025-01-05T15:11:02,413,false_positive
INV-06212,A-08005,ORG-010,ANALYST-15,2025-03-16T08:44:20,2025-03-16T13:41:10,626,resolved
INV-06213,A-08007,ORG-010,ANALYST-12,2025-06-19T04:41:04,2025-06-19T12:11:53,457,escalated
INV-06214,A-08008,ORG-010,ANALYST-19,2025-05-12T12:46:55,2025-05-12T17:53:34,394,resolved
INV-06215,A-08009,ORG-010,ANALYST-09,2025-02-15T13:03:54,2025-02-15T20:03:12,202,resolved
INV-06216,A-08010,ORG-010,ANALYST-02,2025-03-30T13:56:28,2025-03-30T18:57:41,99,false_positive
INV-06217,A-08011,ORG-010,ANALYST-07,2025-04-01T12:55:53,2025-04-01T18:56:08,222,false_positive
INV-06218,A-08012,ORG-010,ANALYST-11,2025-04-01T21:27:35,2025-04-01T23:14:25,661,resolved
INV-06219,A-08013,ORG-010,ANALYST-19,2025-06-01T15:04:58,2025-06-01T17:40:08,479,escalated
INV-06220,A-08014,ORG-010,ANALYST-08,2025-03-08T12:02:22,2025-03-08T13:50:56,257,false_positive
INV-06221,A-08015,ORG-010,ANALYST-18,2025-01-29T13:20:26,2025-01-29T18:14:13,689,escalated
INV-06222,A-08016,ORG-010,ANALYST-05,2025-06-09T21:09:06,2025-06-10T03:55:06,711,resolved
INV-06223,A-08017,ORG-010,ANALYST-06,2025-01-30T07:00:06,2025-01-30T10:46:37,341,resolved
INV-06224,A-08019,ORG-010,ANALYST-06,2025-04-15T04:38:20,2025-04-15T09:00:21,508,escalated
INV-06225,A-08020,ORG-010,ANALYST-03,2025-04-15T14:41:10,2025-04-15T16:52:37,251,escalated
INV-06226,A-08021,ORG-010,ANALYST-10,2025-04-03T15:01:56,2025-04-03T17:06:21,244,resolved
INV-06227,A-08022,ORG-010,ANALYST-09,2025-02-07T17:39:19,2025-02-08T00:49:52,788,resolved
INV-06228,A-08023,ORG-010,ANALYST-10,2025-06-05T10:36:04,2025-06-05T16:11:08,554,resolved
INV-06229,A-08025,ORG-010,ANALYST-12,2025-06-06T21:44:27,2025-06-07T02:25:58,521,resolved
INV-06230,A-08026,ORG-010,ANALYST-18,2025-06-11T08:41:26,2025-06-11T15:27:57,343,resolved
INV-06231,A-08027,ORG-010,ANALYST-11,2025-04-09T08:20:25,2025-04-09T10:24:38,575,resolved
INV-06232,A-08028,ORG-010,ANALYST-08,2025-05-11T23:48:09,2025-05-12T01:17:29,830,resolved
INV-06233,A-08030,ORG-010,ANALYST-20,2025-02-22T07:05:53,2025-02-22T13:09:47,489,open
INV-06234,A-08031,ORG-010,ANALYST-18,2025-04-01T13:06:51,2025-04-01T18:03:12,196,resolved
INV-06235,A-08032,ORG-010,ANALYST-12,2025-03-12T11:02:45,2025-03-12T17:26:25,403,false_positive
INV-06236,A-08033,ORG-010,ANALYST-16,2025-02-01T10:06:10,2025-02-01T12:30:17,74,resolved
INV-06237,A-08034,ORG-010,ANALYST-13,2025-06-05T09:51:36,2025-06-05T13:41:01,252,resolved
INV-06238,A-08035,ORG-010,ANALYST-09,2025-01-21T20:08:57,2025-01-22T00:44:33,398,resolved
INV-06239,A-08036,ORG-010,ANALYST-14,2025-05-14T13:01:35,2025-05-14T19:29:19,300,resolved
INV-06240,A-08037,ORG-010,ANALYST-03,2025-06-14T21:03:10,2025-06-15T01:54:26,371,resolved
INV-06241,A-08038,ORG-010,ANALYST-19,2025-05-19T01:30:30,2025-05-19T02:58:33,224,resolved
INV-06242,A-08039,ORG-010,ANALYST-16,2025-04-10T12:10:08,2025-04-10T19:11:07,158,resolved
INV-06243,A-08040,ORG-010,ANALYST-01,2025-03-12T23:23:10,2025-03-13T00:48:51,229,resolved
INV-06244,A-08042,ORG-010,ANALYST-19,2025-06-08T14:25:03,2025-06-08T18:40:27,126,resolved
INV-06245,A-08043,ORG-010,ANALYST-17,2025-03-06T17:24:30,2025-03-07T00:18:22,341,escalated
INV-06246,A-08044,ORG-010,ANALYST-14,2025-04-23T20:47:59,2025-04-24T00:48:47,137,false_positive
INV-06247,A-08045,ORG-010,ANALYST-07,2025-06-21T00:24:01,2025-06-21T03:57:51,182,false_positive
INV-06248,A-08046,ORG-010,ANALYST-13,2025-02-21T23:32:26,2025-02-22T03:20:29,261,resolved
INV-06249,A-08047,ORG-010,ANALYST-12,2025-06-07T09:57:30,2025-06-07T12:45:42,184,false_positive
INV-06250,A-08048,ORG-010,ANALYST-19,2025-05-30T00:49:11,2025-05-30T06:42:54,409,resolved
INV-06251,A-08049,ORG-010,ANALYST-18,2025-05-10T19:44:42,2025-05-11T00:34:30,131,open
INV-06252,A-08050,ORG-010,ANALYST-15,2025-03-06T04:55:08,2025-03-06T06:28:07,577,resolved
INV-06253,A-08051,ORG-010,ANALYST-18,2025-01-19T11:54:02,2025-01-19T15:45:50,218,resolved
INV-06254,A-08053,ORG-010,ANALYST-07,2025-04-26T20:31:03,2025-04-26T22:38:20,535,resolved
INV-06255,A-08054,ORG-010,ANALYST-11,2025-03-17T13:16:38,2025-03-17T13:55:43,281,resolved
INV-06256,A-08055,ORG-010,ANALYST-11,2025-01-31T06:24:49,2025-01-31T11:15:23,402,resolved
INV-06257,A-08056,ORG-010,ANALYST-04,2025-04-21T12:29:15,2025-04-21T18:21:28,482,resolved
INV-06258,A-08057,ORG-010,ANALYST-06,2025-04-27T11:35:17,2025-04-27T18:09:09,851,resolved
INV-06259,A-08058,ORG-010,ANALYST-07,2025-05-20T01:28:34,2025-05-20T07:15:26,434,false_positive
INV-06260,A-08060,ORG-010,ANALYST-17,2025-05-31T05:03:46,2025-05-31T08:15:43,317,escalated
INV-06261,A-08062,ORG-010,ANALYST-12,2025-04-17T23:38:46,2025-04-18T05:13:27,814,escalated
INV-06262,A-08064,ORG-010,ANALYST-02,2025-01-20T21:03:07,2025-01-20T23:36:46,437,escalated
INV-06263,A-08065,ORG-010,ANALYST-06,2025-04-06T19:40:57,2025-04-07T03:38:21,279,escalated
INV-06264,A-08066,ORG-010,ANALYST-20,2025-02-03T21:01:53,2025-02-04T01:19:44,623,resolved
INV-06265,A-08068,ORG-010,ANALYST-19,2025-03-09T11:35:45,2025-03-09T15:09:37,431,resolved
INV-06266,A-08069,ORG-010,ANALYST-17,2025-01-11T17:47:10,2025-01-11T20:05:03,423,resolved
INV-06267,A-08070,ORG-010,ANALYST-15,2025-01-21T14:25:56,2025-01-21T15:36:10,378,resolved
INV-06268,A-08072,ORG-010,ANALYST-15,2025-02-11T00:50:26,2025-02-11T03:53:11,728,resolved
INV-06269,A-08073,ORG-010,ANALYST-19,2025-06-11T09:06:44,2025-06-11T11:46:28,377,resolved
INV-06270,A-08074,ORG-010,ANALYST-08,2025-04-01T20:37:10,2025-04-01T23:16:55,149,resolved
INV-06271,A-08075,ORG-010,ANALYST-18,2025-06-02T22:13:23,2025-06-02T23:53:03,67,resolved
INV-06272,A-08076,ORG-010,ANALYST-14,2025-04-08T22:06:31,2025-04-08T23:35:40,480,resolved
INV-06273,A-08077,ORG-010,ANALYST-16,2025-04-10T02:47:40,2025-04-10T06:25:18,688,false_positive
INV-06274,A-08078,ORG-010,ANALYST-14,2025-05-20T20:27:03,2025-05-20T21:44:02,119,resolved
INV-06275,A-08080,ORG-010,ANALYST-13,2025-05-28T19:32:46,2025-05-29T03:00:46,643,resolved
INV-06276,A-08081,ORG-010,ANALYST-11,2025-05-05T23:44:18,2025-05-06T03:08:23,176,resolved
INV-06277,A-08082,ORG-010,ANALYST-06,2025-06-08T11:01:17,2025-06-08T14:18:22,191,false_positive
INV-06278,A-08083,ORG-010,ANALYST-02,2025-02-03T08:58:15,2025-02-03T16:30:39,462,false_positive
INV-06279,A-08084,ORG-010,ANALYST-18,2025-05-06T22:16:44,2025-05-07T03:59:48,675,resolved
INV-06280,A-08085,ORG-010,ANALYST-09,2025-04-19T11:58:36,2025-04-19T13:31:23,288,resolved
INV-06281,A-08086,ORG-010,ANALYST-18,2025-01-18T07:59:43,2025-01-18T13:33:38,267,resolved
INV-06282,A-08087,ORG-010,ANALYST-09,2025-05-11T18:46:00,2025-05-11T23:07:34,109,resolved
INV-06283,A-08088,ORG-010,ANALYST-19,2025-01-14T13:38:00,2025-01-14T17:28:07,546,resolved
INV-06284,A-08089,ORG-010,ANALYST-16,2025-05-03T20:14:54,2025-05-04T00:47:35,309,false_positive
INV-06285,A-08090,ORG-010,ANALYST-05,2025-03-28T07:40:56,2025-03-28T14:35:38,137,escalated
INV-06286,A-08092,ORG-010,ANALYST-12,2025-01-28T11:28:43,2025-01-28T15:11:18,126,escalated
INV-06287,A-08093,ORG-010,ANALYST-05,2025-06-08T17:39:59,2025-06-08T20:48:45,456,resolved
INV-06288,A-08094,ORG-010,ANALYST-16,2025-04-02T18:07:15,2025-04-02T22:37:38,71,false_positive
INV-06289,A-08095,ORG-010,ANALYST-16,2025-06-13T17:45:01,2025-06-13T22:23:56,187,escalated
INV-06290,A-08096,ORG-010,ANALYST-02,2025-05-09T20:27:56,2025-05-10T04:00:22,404,resolved
INV-06291,A-08097,ORG-010,ANALYST-09,2025-06-08T03:24:43,2025-06-08T08:57:48,388,false_positive
INV-06292,A-08098,ORG-010,ANALYST-07,2025-01-26T11:32:46,2025-01-26T17:34:51,515,resolved
INV-06293,A-08099,ORG-010,ANALYST-17,2025-01-04T20:06:14,2025-01-05T01:41:47,105,resolved
INV-06294,A-08100,ORG-010,ANALYST-17,2025-06-26T20:53:45,2025-06-27T03:50:02,300,resolved
INV-06295,A-08101,ORG-010,ANALYST-10,2025-01-06T18:42:39,2025-01-07T02:25:32,170,resolved
INV-06296,A-08102,ORG-010,ANALYST-19,2025-06-10T20:09:29,2025-06-11T02:00:38,335,resolved
INV-06297,A-08103,ORG-010,ANALYST-19,2025-02-06T13:46:32,2025-02-06T18:03:58,697,open
INV-06298,A-08104,ORG-010,ANALYST-07,2025-06-05T14:59:26,2025-06-05T22:23:11,584,resolved
INV-06299,A-08107,ORG-010,ANALYST-17,2025-02-01T14:02:02,2025-02-01T21:11:53,263,resolved
INV-06300,A-08109,ORG-010,ANALYST-15,2025-02-26T20:20:04,2025-02-26T20:53:58,285,resolved
INV-06301,A-08110,ORG-010,ANALYST-08,2025-03-08T17:42:00,2025-03-08T22:16:28,445,resolved
INV-06302,A-08111,ORG-010,ANALYST-13,2025-05-25T05:04:58,2025-05-25T12:09:45,286,resolved
INV-06303,A-08112,ORG-010,ANALYST-05,2025-01-29T00:00:19,2025-01-29T01:05:06,468,resolved
INV-06304,A-08114,ORG-010,ANALYST-09,2025-02-05T03:30:44,2025-02-05T11:19:12,889,escalated
INV-06305,A-08115,ORG-010,ANALYST-07,2025-02-08T01:36:34,2025-02-08T04:52:36,620,resolved
INV-06306,A-08116,ORG-010,ANALYST-14,2025-06-24T13:52:12,2025-06-24T17:17:22,708,resolved
INV-06307,A-08117,ORG-010,ANALYST-08,2025-03-07T20:06:15,2025-03-08T03:20:03,791,open
INV-06308,A-08118,ORG-010,ANALYST-18,2025-01-15T10:44:58,2025-01-15T15:53:06,191,resolved
INV-06309,A-08119,ORG-010,ANALYST-20,2025-01-05T22:17:36,2025-01-06T01:59:30,738,escalated
INV-06310,A-08120,ORG-010,ANALYST-06,2025-04-15T04:39:43,2025-04-15T08:27:25,804,resolved
INV-06311,A-08121,ORG-010,ANALYST-02,2025-01-20T16:01:00,2025-01-20T22:44:49,359,false_positive
INV-06312,A-08122,ORG-010,ANALYST-09,2025-04-19T22:20:21,2025-04-20T01:03:16,660,escalated
INV-06313,A-08123,ORG-010,ANALYST-14,2025-01-12T22:57:52,2025-01-12T23:48:25,210,resolved
INV-06314,A-08124,ORG-010,ANALYST-05,2025-01-31T03:39:28,2025-01-31T06:38:04,458,false_positive
INV-06315,A-08125,ORG-010,ANALYST-12,2025-05-16T04:04:59,2025-05-16T05:06:20,227,resolved
INV-06316,A-08126,ORG-010,ANALYST-03,2025-02-02T20:01:00,2025-02-02T21:54:10,204,escalated
INV-06317,A-08128,ORG-010,ANALYST-02,2025-06-18T21:23:06,2025-06-19T05:17:12,287,false_positive
INV-06318,A-08129,ORG-010,ANALYST-07,2025-04-04T09:42:44,2025-04-04T12:14:10,659,resolved
INV-06319,A-08130,ORG-010,ANALYST-10,2025-06-04T07:36:59,2025-06-04T15:34:14,424,resolved
INV-06320,A-08131,ORG-010,ANALYST-15,2025-05-31T06:26:21,2025-05-31T08:14:41,528,escalated
INV-06321,A-08132,ORG-010,ANALYST-09,2025-05-12T05:51:40,2025-05-12T10:18:34,230,resolved
INV-06322,A-08133,ORG-010,ANALYST-07,2025-06-28T19:42:50,2025-06-28T23:14:19,429,resolved
INV-06323,A-08134,ORG-010,ANALYST-05,2025-01-10T18:02:45,2025-01-10T22:39:53,169,escalated
INV-06324,A-08136,ORG-010,ANALYST-02,2025-06-03T08:11:36,2025-06-03T15:34:03,164,resolved
INV-06325,A-08137,ORG-010,ANALYST-13,2025-01-31T22:43:13,2025-02-01T01:57:45,432,escalated
INV-06326,A-08138,ORG-010,ANALYST-13,2025-03-15T18:14:11,2025-03-15T23:07:36,272,resolved
INV-06327,A-08139,ORG-010,ANALYST-09,2025-01-19T00:05:39,2025-01-19T05:41:52,526,resolved
INV-06328,A-08141,ORG-010,ANALYST-14,2025-04-22T05:31:47,2025-04-22T09:19:47,493,escalated
INV-06329,A-08142,ORG-010,ANALYST-11,2025-04-08T21:28:12,2025-04-08T22:42:42,263,resolved
INV-06330,A-08143,ORG-010,ANALYST-13,2025-02-11T20:53:28,2025-02-12T03:18:43,347,resolved
INV-06331,A-08144,ORG-010,ANALYST-10,2025-05-17T12:31:33,2025-05-17T13:50:59,485,escalated
INV-06332,A-08145,ORG-010,ANALYST-11,2025-04-20T00:36:45,2025-04-20T07:48:32,885,false_positive
INV-06333,A-08147,ORG-010,ANALYST-05,2025-05-22T11:57:30,2025-05-22T13:18:04,235,escalated
INV-06334,A-08148,ORG-010,ANALYST-05,2025-01-08T20:24:50,2025-01-09T03:12:20,265,resolved
INV-06335,A-08149,ORG-010,ANALYST-04,2025-06-06T11:49:48,2025-06-06T18:28:43,887,escalated
INV-06336,A-08150,ORG-010,ANALYST-02,2025-02-18T07:05:50,2025-02-18T13:04:06,551,escalated
INV-06337,A-08151,ORG-010,ANALYST-04,2025-04-12T08:18:19,2025-04-12T09:47:51,345,resolved
INV-06338,A-08152,ORG-010,ANALYST-19,2025-01-21T19:39:14,2025-01-22T02:11:09,403,resolved
INV-06339,A-08153,ORG-010,ANALYST-03,2025-05-15T09:02:23,2025-05-15T16:43:23,358,escalated
INV-06340,A-08154,ORG-010,ANALYST-17,2025-02-17T03:05:33,2025-02-17T10:45:38,342,resolved
INV-06341,A-08155,ORG-010,ANALYST-17,2025-01-05T11:50:47,2025-01-05T12:58:13,173,escalated
INV-06342,A-08156,ORG-010,ANALYST-16,2025-02-24T04:55:42,2025-02-24T06:01:23,374,false_positive
INV-06343,A-08157,ORG-010,ANALYST-09,2025-04-17T05:07:01,2025-04-17T06:05:50,149,escalated
INV-06344,A-08158,ORG-010,ANALYST-14,2025-02-09T23:35:09,2025-02-10T05:36:40,157,false_positive
INV-06345,A-08159,ORG-010,ANALYST-20,2025-02-11T05:36:47,2025-02-11T08:22:52,222,false_positive
INV-06346,A-08161,ORG-010,ANALYST-19,2025-05-07T09:23:55,2025-05-07T10:24:42,669,resolved
INV-06347,A-08162,ORG-010,ANALYST-07,2025-04-06T14:14:26,2025-04-06T18:05:31,257,resolved
INV-06348,A-08163,ORG-010,ANALYST-04,2025-06-13T12:48:44,2025-06-13T17:16:44,289,open
INV-06349,A-08165,ORG-010,ANALYST-05,2025-02-11T06:54:47,2025-02-11T11:54:25,280,escalated
INV-06350,A-08166,ORG-010,ANALYST-08,2025-03-21T08:11:08,2025-03-21T13:31:13,301,resolved
INV-06351,A-08167,ORG-010,ANALYST-12,2025-01-19T17:15:35,2025-01-20T00:46:06,149,false_positive
INV-06352,A-08168,ORG-010,ANALYST-10,2025-02-21T08:18:56,2025-02-21T16:14:31,810,resolved
INV-06353,A-08169,ORG-010,ANALYST-04,2025-01-23T11:34:08,2025-01-23T12:14:08,564,resolved
INV-06354,A-08170,ORG-010,ANALYST-03,2025-03-20T10:15:27,2025-03-20T11:55:15,145,false_positive
INV-06355,A-08171,ORG-010,ANALYST-16,2025-01-11T17:36:05,2025-01-11T22:33:05,281,escalated
INV-06356,A-08172,ORG-010,ANALYST-15,2025-02-11T20:00:08,2025-02-11T23:49:24,379,false_positive
INV-06357,A-08173,ORG-010,ANALYST-06,2025-06-10T21:36:00,2025-06-11T01:12:44,854,resolved
INV-06358,A-08174,ORG-010,ANALYST-16,2025-04-07T21:52:59,2025-04-08T03:43:02,230,resolved
INV-06359,A-08175,ORG-010,ANALYST-18,2025-02-17T00:01:08,2025-02-17T02:13:34,424,resolved
INV-06360,A-08176,ORG-010,ANALYST-14,2025-03-29T02:05:20,2025-03-29T07:22:56,533,false_positive
INV-06361,A-08177,ORG-010,ANALYST-05,2025-02-28T06:41:17,2025-02-28T10:19:03,392,resolved
INV-06362,A-08178,ORG-010,ANALYST-06,2025-04-19T23:46:33,2025-04-20T00:42:09,527,resolved
INV-06363,A-08179,ORG-010,ANALYST-15,2025-05-15T09:10:21,2025-05-15T15:12:35,341,resolved
INV-06364,A-08180,ORG-010,ANALYST-11,2025-01-26T06:57:55,2025-01-26T07:36:48,288,resolved
INV-06365,A-08181,ORG-010,ANALYST-05,2025-06-29T18:49:58,2025-06-29T22:56:15,383,resolved
INV-06366,A-08182,ORG-010,ANALYST-16,2025-04-20T23:41:47,2025-04-21T05:38:34,186,resolved
INV-06367,A-08183,ORG-010,ANALYST-18,2025-01-28T21:12:35,2025-01-29T00:35:45,373,resolved
INV-06368,A-08184,ORG-010,ANALYST-13,2025-06-13T21:58:19,2025-06-14T03:23:50,462,resolved
INV-06369,A-08187,ORG-010,ANALYST-05,2025-01-02T19:22:00,2025-01-02T20:32:14,789,resolved
INV-06370,A-08188,ORG-010,ANALYST-09,2025-06-06T23:47:01,2025-06-07T04:23:37,295,open
INV-06371,A-08189,ORG-010,ANALYST-13,2025-02-25T07:10:35,2025-02-25T12:38:13,408,escalated
INV-06372,A-08190,ORG-010,ANALYST-14,2025-03-03T02:30:27,2025-03-03T03:07:04,215,escalated
INV-06373,A-08191,ORG-010,ANALYST-19,2025-04-26T00:05:55,2025-04-26T05:01:48,258,resolved
INV-06374,A-08192,ORG-010,ANALYST-02,2025-04-10T20:26:02,2025-04-10T23:50:58,487,escalated
INV-06375,A-08193,ORG-010,ANALYST-03,2025-02-08T06:39:06,2025-02-08T12:53:11,439,escalated
INV-06376,A-08194,ORG-010,ANALYST-04,2025-04-26T09:52:36,2025-04-26T10:26:22,275,resolved
INV-06377,A-08195,ORG-010,ANALYST-13,2025-06-16T10:57:33,2025-06-16T13:49:48,470,resolved
INV-06378,A-08196,ORG-010,ANALYST-02,2025-02-01T22:53:15,2025-02-02T04:44:33,372,false_positive
INV-06379,A-08197,ORG-010,ANALYST-06,2025-06-07T05:22:53,2025-06-07T10:49:16,199,resolved
INV-06380,A-08198,ORG-010,ANALYST-20,2025-05-16T21:31:01,2025-05-16T22:39:49,190,escalated
INV-06381,A-08199,ORG-010,ANALYST-15,2025-06-30T17:18:49,,708,resolved
INV-06382,A-08200,ORG-010,ANALYST-15,2025-04-02T21:42:09,2025-04-02T22:59:22,401,resolved
INV-06383,A-08201,ORG-010,ANALYST-06,2025-05-05T14:58:54,2025-05-05T21:34:09,196,resolved
INV-06384,A-08202,ORG-010,ANALYST-19,2025-04-23T19:40:04,2025-04-23T21:40:23,195,open
INV-06385,A-08203,ORG-010,ANALYST-10,2025-02-26T07:34:17,2025-02-26T12:54:52,488,resolved
INV-06386,A-08204,ORG-010,ANALYST-04,2025-04-04T04:44:57,2025-04-04T07:31:45,285,open
INV-06387,A-08205,ORG-010,ANALYST-10,2025-04-01T05:46:10,2025-04-01T12:59:31,132,escalated
INV-06388,A-08206,ORG-010,ANALYST-16,2025-03-14T17:23:22,2025-03-14T21:03:41,421,resolved
INV-06389,A-08208,ORG-010,ANALYST-04,2025-04-22T09:33:57,2025-04-22T10:17:26,668,resolved
INV-06390,A-08209,ORG-010,ANALYST-03,2025-01-16T11:32:54,2025-01-16T15:22:31,238,resolved
INV-06391,A-08211,ORG-010,ANALYST-17,2025-02-16T06:20:26,2025-02-16T13:03:56,643,resolved
INV-06392,A-08212,ORG-010,ANALYST-06,2025-05-29T22:53:41,2025-05-30T06:24:25,291,resolved
INV-06393,A-08213,ORG-010,ANALYST-04,2025-01-24T10:53:35,2025-01-24T17:29:08,581,escalated
INV-06394,A-08214,ORG-010,ANALYST-19,2025-05-09T15:55:42,2025-05-09T19:12:42,272,resolved
INV-06395,A-08215,ORG-010,ANALYST-02,2025-01-08T03:06:17,2025-01-08T05:33:45,347,escalated
INV-06396,A-08216,ORG-010,ANALYST-16,2025-01-22T21:08:12,2025-01-23T02:18:56,92,resolved
INV-06397,A-08217,ORG-010,ANALYST-07,2025-04-22T04:55:22,2025-04-22T12:37:10,139,false_positive
INV-06398,A-08218,ORG-010,ANALYST-14,2025-05-28T07:35:08,2025-05-28T14:46:42,847,open
INV-06399,A-08219,ORG-010,ANALYST-10,2025-06-07T05:31:07,2025-06-07T06:58:38,97,resolved
INV-06400,A-08220,ORG-010,ANALYST-04,2025-05-20T08:44:26,2025-05-20T12:17:37,633,resolved
INV-06401,A-08222,ORG-010,ANALYST-01,2025-05-24T10:49:06,2025-05-24T13:20:51,599,false_positive
INV-06402,A-08223,ORG-010,ANALYST-12,2025-04-29T01:36:52,2025-04-29T06:44:16,166,resolved
INV-06403,A-08224,ORG-010,ANALYST-02,2025-05-04T17:24:02,2025-05-04T20:00:37,505,resolved
INV-06404,A-08225,ORG-010,ANALYST-07,2025-02-08T03:56:23,2025-02-08T10:50:11,899,resolved
INV-06405,A-08226,ORG-010,ANALYST-03,2025-05-01T06:15:08,2025-05-01T09:49:54,307,resolved
INV-06406,A-08227,ORG-010,ANALYST-16,2025-02-02T08:10:01,2025-02-02T12:50:23,343,resolved
INV-06407,A-08228,ORG-010,ANALYST-17,2025-02-10T20:52:47,2025-02-10T21:40:51,249,resolved
INV-06408,A-08229,ORG-010,ANALYST-10,2025-01-02T01:56:46,2025-01-02T03:14:49,499,resolved
INV-06409,A-08230,ORG-010,ANALYST-03,2025-03-03T14:23:28,2025-03-03T20:58:32,420,resolved
INV-06410,A-08231,ORG-010,ANALYST-04,2025-03-13T17:23:40,2025-03-13T19:47:24,100,escalated
INV-06411,A-08232,ORG-010,ANALYST-13,2025-03-15T13:17:56,2025-03-15T15:52:22,486,open
INV-06412,A-08234,ORG-010,ANALYST-11,2025-01-26T08:01:08,2025-01-26T10:08:07,497,open
INV-06413,A-08235,ORG-010,ANALYST-03,2025-01-01T02:48:29,2025-01-01T10:12:08,254,false_positive
INV-06414,A-08236,ORG-010,ANALYST-12,2025-06-28T15:39:40,2025-06-28T23:14:18,600,resolved
INV-06415,A-08238,ORG-010,ANALYST-16,2025-04-08T23:28:27,2025-04-09T06:11:21,467,false_positive
INV-06416,A-08242,ORG-010,ANALYST-02,2025-03-16T22:41:50,2025-03-17T06:05:10,70,resolved
INV-06417,A-08244,ORG-010,ANALYST-01,2025-01-21T15:17:16,2025-01-21T16:15:14,416,resolved
INV-06418,A-08245,ORG-010,ANALYST-12,2025-03-17T13:56:54,2025-03-17T17:25:49,541,resolved
INV-06419,A-08246,ORG-010,ANALYST-20,2025-05-06T11:19:55,2025-05-06T12:13:16,278,resolved
INV-06420,A-08248,ORG-010,ANALYST-18,2025-02-24T16:10:20,2025-02-24T23:41:55,120,resolved
INV-06421,A-08249,ORG-010,ANALYST-04,2025-01-03T17:52:32,2025-01-03T21:30:33,503,resolved
INV-06422,A-08250,ORG-010,ANALYST-20,2025-04-09T13:12:26,2025-04-09T17:14:38,347,false_positive
INV-06423,A-08251,ORG-010,ANALYST-15,2025-03-29T15:22:33,2025-03-29T16:35:12,471,false_positive
INV-06424,A-08252,ORG-010,ANALYST-09,2025-01-13T11:15:51,2025-01-13T12:06:19,700,resolved
INV-06425,A-08253,ORG-010,ANALYST-06,2025-06-22T12:57:56,2025-06-22T20:29:44,254,resolved
INV-06426,A-08254,ORG-010,ANALYST-20,2025-06-20T18:04:50,2025-06-20T20:25:50,411,escalated
INV-06427,A-08256,ORG-010,ANALYST-08,2025-06-05T15:18:14,2025-06-05T16:32:57,692,escalated
INV-06428,A-08257,ORG-010,ANALYST-07,2025-05-26T13:27:40,2025-05-26T15:18:19,737,escalated
INV-06429,A-08258,ORG-010,ANALYST-18,2025-04-04T11:14:04,2025-04-04T13:03:58,447,resolved
INV-06430,A-08259,ORG-010,ANALYST-07,2025-05-08T17:12:21,2025-05-08T17:45:15,309,resolved
INV-06431,A-08260,ORG-010,ANALYST-05,2025-01-30T12:05:19,2025-01-30T15:16:04,407,resolved
INV-06432,A-08261,ORG-010,ANALYST-16,2025-04-12T00:52:43,2025-04-12T01:36:35,278,resolved
INV-06433,A-08262,ORG-010,ANALYST-14,2025-05-28T17:06:08,2025-05-28T18:29:57,113,false_positive
INV-06434,A-08263,ORG-010,ANALYST-01,2025-05-28T17:30:39,2025-05-28T21:49:53,802,resolved
INV-06435,A-08264,ORG-010,ANALYST-12,2025-05-16T13:50:57,2025-05-16T18:40:37,467,resolved
INV-06436,A-08265,ORG-010,ANALYST-07,2025-06-05T13:34:02,2025-06-05T19:22:49,155,escalated
INV-06437,A-08266,ORG-010,ANALYST-08,2025-03-12T14:40:16,2025-03-12T17:14:39,269,resolved
INV-06438,A-08267,ORG-010,ANALYST-01,2025-01-04T17:48:49,2025-01-05T00:03:35,467,open
INV-06439,A-08268,ORG-010,ANALYST-20,2025-01-10T07:19:36,2025-01-10T09:10:19,239,resolved
INV-06440,A-08269,ORG-010,ANALYST-16,2025-06-26T12:44:29,2025-06-26T13:36:10,448,resolved
INV-06441,A-08270,ORG-010,ANALYST-02,2025-01-09T09:57:35,2025-01-09T17:27:26,408,resolved
INV-06442,A-08271,ORG-010,ANALYST-04,2025-05-14T13:45:52,2025-05-14T15:17:59,264,resolved
INV-06443,A-08272,ORG-010,ANALYST-15,2025-01-18T16:03:13,2025-01-18T18:13:22,345,open
INV-06444,A-08273,ORG-010,ANALYST-06,2025-03-11T23:11:25,2025-03-12T02:06:51,262,false_positive
INV-06445,A-08274,ORG-010,ANALYST-06,2025-04-02T19:11:49,2025-04-03T00:58:00,404,escalated
INV-06446,A-08275,ORG-010,ANALYST-06,2025-03-05T19:24:51,2025-03-06T03:05:36,709,resolved
INV-06447,A-08276,ORG-010,ANALYST-02,2025-02-27T08:15:46,2025-02-27T09:57:14,381,resolved
INV-06448,A-08277,ORG-010,ANALYST-14,2025-01-18T02:55:01,2025-01-18T05:05:11,254,escalated
INV-06449,A-08278,ORG-010,ANALYST-05,2025-06-02T04:21:31,2025-06-02T07:12:01,584,false_positive
INV-06450,A-08279,ORG-010,ANALYST-09,2025-03-07T12:17:40,2025-03-07T17:50:35,159,resolved
INV-06451,A-08280,ORG-010,ANALYST-07,2025-03-09T05:53:04,2025-03-09T12:07:06,818,open
INV-06452,A-08281,ORG-010,ANALYST-11,2025-04-12T11:08:03,2025-04-12T15:08:37,391,false_positive
INV-06453,A-08282,ORG-010,ANALYST-13,2025-06-28T04:22:04,2025-06-28T09:13:26,304,false_positive
INV-06454,A-08284,ORG-010,ANALYST-10,2025-06-26T08:57:34,2025-06-26T14:13:17,121,open
INV-06455,A-08285,ORG-010,ANALYST-09,2025-02-23T04:39:36,2025-02-23T11:09:43,214,resolved
INV-06456,A-08287,ORG-010,ANALYST-08,2025-05-05T11:07:16,2025-05-05T19:03:18,362,resolved
INV-06457,A-08288,ORG-010,ANALYST-07,2025-05-30T08:50:22,2025-05-30T09:33:23,206,resolved
INV-06458,A-08289,ORG-010,ANALYST-17,2025-05-26T00:12:56,2025-05-26T03:32:10,407,resolved
INV-06459,A-08290,ORG-010,ANALYST-14,2025-05-28T16:29:25,2025-05-28T22:44:48,62,resolved
INV-06460,A-08291,ORG-010,ANALYST-09,2025-05-19T21:22:59,2025-05-20T01:53:47,155,escalated
INV-06461,A-08292,ORG-010,ANALYST-02,2025-06-20T04:48:02,2025-06-20T10:36:23,143,resolved
INV-06462,A-08293,ORG-010,ANALYST-05,2025-03-10T11:12:30,2025-03-10T12:12:18,261,resolved
INV-06463,A-08294,ORG-010,ANALYST-09,2025-05-05T22:10:44,2025-05-06T05:13:45,128,open
INV-06464,A-08295,ORG-010,ANALYST-10,2025-05-22T13:06:19,2025-05-22T17:48:03,878,resolved
INV-06465,A-08297,ORG-010,ANALYST-14,2025-02-06T23:59:30,2025-02-07T06:28:24,439,resolved
INV-06466,A-08298,ORG-010,ANALYST-13,2025-03-10T07:45:40,2025-03-10T13:14:39,377,false_positive
INV-06467,A-08299,ORG-010,ANALYST-16,2025-02-08T05:19:32,2025-02-08T10:31:35,501,resolved
INV-06468,A-08300,ORG-010,ANALYST-18,2025-06-17T18:35:22,2025-06-17T19:57:18,482,resolved
INV-06469,A-08301,ORG-010,ANALYST-04,2025-06-25T08:11:21,2025-06-25T14:02:34,264,resolved
INV-06470,A-08302,ORG-010,ANALYST-07,2025-02-06T01:16:49,2025-02-06T04:24:24,150,resolved
INV-06471,A-08303,ORG-010,ANALYST-02,2025-04-04T12:15:11,2025-04-04T14:09:09,491,resolved
INV-06472,A-08307,ORG-010,ANALYST-20,2025-04-10T15:15:25,2025-04-10T21:33:37,103,open
INV-06473,A-08308,ORG-010,ANALYST-02,2025-06-02T11:00:29,2025-06-02T12:23:44,302,escalated
INV-06474,A-08309,ORG-010,ANALYST-04,2025-03-07T08:16:38,2025-03-07T10:26:38,199,resolved
INV-06475,A-08310,ORG-010,ANALYST-02,2025-04-29T17:19:18,2025-04-29T19:53:30,482,escalated
INV-06476,A-08311,ORG-010,ANALYST-02,2025-05-22T21:22:45,2025-05-23T00:39:59,557,resolved
INV-06477,A-08313,ORG-010,ANALYST-09,2025-05-10T23:06:52,2025-05-11T02:23:06,503,resolved
INV-06478,A-08314,ORG-010,ANALYST-20,2025-01-18T17:56:02,2025-01-18T19:24:56,280,escalated
INV-06479,A-08315,ORG-010,ANALYST-18,2025-05-27T18:30:12,2025-05-27T21:43:38,184,resolved
INV-06480,A-08316,ORG-010,ANALYST-05,2025-01-17T01:59:33,2025-01-17T02:34:26,223,resolved
INV-06481,A-08317,ORG-010,ANALYST-16,2025-01-05T16:13:52,2025-01-05T17:37:50,235,resolved
INV-06482,A-08318,ORG-010,ANALYST-18,2025-01-31T11:00:33,2025-01-31T18:02:30,482,resolved
INV-06483,A-08319,ORG-010,ANALYST-09,2025-04-10T09:46:39,2025-04-10T16:06:13,446,resolved
INV-06484,A-08320,ORG-010,ANALYST-12,2025-02-02T06:46:27,2025-02-02T07:28:05,373,resolved
INV-06485,A-08321,ORG-010,ANALYST-05,2025-06-02T15:01:37,2025-06-02T18:24:53,255,escalated
INV-06486,A-08322,ORG-010,ANALYST-13,2025-02-08T23:54:35,2025-02-09T00:47:58,474,resolved
INV-06487,A-08323,ORG-010,ANALYST-04,2025-02-08T04:17:16,2025-02-08T10:51:20,556,resolved
INV-06488,A-08324,ORG-010,ANALYST-04,2025-05-16T16:00:23,2025-05-16T16:33:44,183,open
INV-06489,A-08326,ORG-010,ANALYST-17,2025-05-31T05:58:14,2025-05-31T08:38:25,529,resolved
INV-06490,A-08327,ORG-010,ANALYST-16,2025-05-09T17:56:07,2025-05-09T23:36:20,211,resolved
INV-06491,A-08329,ORG-010,ANALYST-11,2025-03-22T02:48:18,2025-03-22T08:17:47,358,false_positive
INV-06492,A-08330,ORG-010,ANALYST-02,2025-05-01T06:55:37,2025-05-01T14:23:51,238,resolved
INV-06493,A-08331,ORG-010,ANALYST-08,2025-02-23T04:50:35,2025-02-23T08:58:16,401,false_positive
INV-06494,A-08332,ORG-010,ANALYST-18,2025-04-07T05:44:44,2025-04-07T12:04:07,695,false_positive
INV-06495,A-08333,ORG-010,ANALYST-03,2025-02-09T02:43:37,2025-02-09T10:11:02,689,false_positive
INV-06496,A-08334,ORG-010,ANALYST-20,2025-02-26T19:41:30,2025-02-27T02:22:39,724,escalated
INV-06497,A-08335,ORG-010,ANALYST-07,2025-01-23T11:24:49,2025-01-23T12:37:43,435,resolved
INV-06498,A-08336,ORG-010,ANALYST-03,2025-03-18T22:29:23,2025-03-19T01:08:22,136,resolved
INV-06499,A-08337,ORG-010,ANALYST-08,2025-06-18T07:24:06,2025-06-18T08:53:05,640,resolved
INV-06500,A-08339,ORG-010,ANALYST-10,2025-03-27T13:09:51,2025-03-27T15:49:14,217,resolved
INV-06501,A-08340,ORG-010,ANALYST-06,2025-03-29T09:03:09,2025-03-29T16:41:50,635,escalated
INV-06502,A-08344,ORG-010,ANALYST-15,2025-06-30T08:59:24,2025-06-30T12:21:57,148,resolved
INV-06503,A-08345,ORG-010,ANALYST-07,2025-02-03T20:19:41,2025-02-03T23:33:19,135,open
INV-06504,A-08347,ORG-010,ANALYST-10,2025-03-02T19:09:22,2025-03-03T02:20:37,164,resolved
INV-06505,A-08349,ORG-010,ANALYST-14,2025-01-13T10:34:50,2025-01-13T17:19:11,704,escalated
INV-06506,A-08350,ORG-010,ANALYST-06,2025-02-01T22:21:48,2025-02-02T04:41:02,263,escalated
INV-06507,A-08351,ORG-010,ANALYST-19,2025-05-02T13:44:22,2025-05-02T20:15:23,179,resolved
INV-06508,A-08352,ORG-010,ANALYST-20,2025-04-24T03:15:53,2025-04-24T08:27:16,765,resolved
INV-06509,A-08353,ORG-010,ANALYST-19,2025-02-28T20:55:10,2025-02-28T23:39:10,267,false_positive
INV-06510,A-08354,ORG-010,ANALYST-07,2025-02-10T20:21:09,2025-02-11T01:38:37,390,resolved
INV-06511,A-08355,ORG-010,ANALYST-16,2025-05-16T13:26:17,2025-05-16T15:45:14,652,resolved
INV-06512,A-08357,ORG-010,ANALYST-02,2025-04-06T18:33:33,2025-04-07T01:30:14,122,resolved
INV-06513,A-08358,ORG-010,ANALYST-18,2025-01-22T14:45:30,2025-01-22T16:44:34,382,escalated
INV-06514,A-08359,ORG-010,ANALYST-15,2025-03-13T21:55:48,2025-03-14T04:21:58,454,resolved
INV-06515,A-08360,ORG-010,ANALYST-12,2025-02-24T10:13:11,2025-02-24T16:18:58,354,resolved
INV-06516,A-08361,ORG-010,ANALYST-17,2025-02-16T17:41:56,2025-02-16T20:24:55,287,resolved
INV-06517,A-08362,ORG-010,ANALYST-06,2025-05-05T06:09:51,2025-05-05T08:54:16,181,escalated
INV-06518,A-08363,ORG-010,ANALYST-15,2025-02-03T03:42:49,2025-02-03T07:18:38,800,resolved
INV-06519,A-08364,ORG-010,ANALYST-15,2025-05-08T08:04:04,2025-05-08T14:40:53,405,resolved
INV-06520,A-08365,ORG-010,ANALYST-10,2025-03-18T19:18:03,2025-03-18T22:43:13,108,resolved
INV-06521,A-08367,ORG-010,ANALYST-12,2025-04-12T09:54:29,2025-04-12T13:26:28,442,escalated
INV-06522,A-08369,ORG-010,ANALYST-01,2025-06-22T22:47:31,2025-06-22T23:22:23,272,false_positive
INV-06523,A-08371,ORG-010,ANALYST-03,2025-02-26T20:42:18,2025-02-27T01:54:39,609,false_positive
INV-06524,A-08373,ORG-010,ANALYST-06,2025-02-16T16:31:51,2025-02-16T20:56:30,610,false_positive
INV-06525,A-08374,ORG-010,ANALYST-09,2025-01-30T00:27:06,2025-01-30T06:26:17,381,resolved
INV-06526,A-08375,ORG-010,ANALYST-01,2025-04-26T05:51:44,2025-04-26T11:08:56,461,resolved
INV-06527,A-08376,ORG-010,ANALYST-15,2025-04-26T02:44:09,2025-04-26T09:04:10,456,escalated
INV-06528,A-08377,ORG-010,ANALYST-16,2025-03-26T11:39:33,2025-03-26T12:11:23,407,escalated
INV-06529,A-08378,ORG-010,ANALYST-19,2025-06-28T01:32:59,2025-06-28T07:03:37,703,escalated
INV-06530,A-08379,ORG-010,ANALYST-17,2025-01-24T00:11:08,2025-01-24T01:52:02,380,resolved
INV-06531,A-08381,ORG-010,ANALYST-07,2025-04-28T00:17:37,2025-04-28T05:38:22,275,resolved
INV-06532,A-08382,ORG-010,ANALYST-07,2025-05-31T19:09:42,2025-05-31T23:57:29,283,resolved
INV-06533,A-08383,ORG-010,ANALYST-11,2025-06-04T23:51:01,2025-06-05T05:25:19,332,resolved
INV-06534,A-08385,ORG-010,ANALYST-10,2025-01-06T16:19:57,2025-01-06T19:18:26,606,resolved
INV-06535,A-08386,ORG-010,ANALYST-13,2025-06-20T16:01:37,2025-06-20T16:43:29,405,resolved
INV-06536,A-08387,ORG-010,ANALYST-10,2025-02-25T10:40:24,2025-02-25T12:48:43,794,resolved
INV-06537,A-08388,ORG-010,ANALYST-15,2025-06-15T15:15:55,2025-06-15T16:39:33,346,resolved
INV-06538,A-08389,ORG-010,ANALYST-08,2025-06-06T02:29:02,2025-06-06T06:45:37,524,resolved
INV-06539,A-08390,ORG-010,ANALYST-07,2025-01-17T19:00:58,2025-01-17T20:26:17,385,escalated
INV-06540,A-08391,ORG-010,ANALYST-20,2025-06-16T15:54:03,2025-06-16T19:36:20,188,escalated
INV-06541,A-08393,ORG-010,ANALYST-07,2025-06-04T03:51:58,2025-06-04T11:23:52,236,resolved
INV-06542,A-08394,ORG-010,ANALYST-20,2025-04-20T20:06:09,2025-04-21T01:21:25,256,resolved
INV-06543,A-08395,ORG-010,ANALYST-13,2025-05-26T09:52:28,2025-05-26T17:48:28,166,resolved
INV-06544,A-08396,ORG-010,ANALYST-17,2025-04-13T09:01:12,2025-04-13T13:56:57,116,resolved
INV-06545,A-08397,ORG-010,ANALYST-11,2025-05-24T01:34:24,2025-05-24T09:19:10,355,escalated
INV-06546,A-08398,ORG-010,ANALYST-01,2025-06-17T13:46:40,2025-06-17T19:31:32,383,resolved
INV-06547,A-08399,ORG-010,ANALYST-17,2025-01-30T19:06:33,2025-01-31T02:39:45,426,resolved
INV-06548,A-08400,ORG-010,ANALYST-02,2025-01-11T00:13:17,2025-01-11T07:53:35,365,escalated
INV-06549,A-08401,ORG-010,ANALYST-18,2025-02-27T09:23:09,2025-02-27T12:34:38,230,escalated
INV-06550,A-08402,ORG-010,ANALYST-05,2025-01-18T23:28:04,2025-01-19T02:51:49,494,false_positive
INV-06551,A-08403,ORG-010,ANALYST-05,2025-03-28T21:49:19,2025-03-29T02:57:41,436,resolved
INV-06552,A-08404,ORG-010,ANALYST-09,2025-04-13T00:12:59,2025-04-13T07:58:16,251,escalated
INV-06553,A-08405,ORG-010,ANALYST-05,2025-04-06T00:24:37,2025-04-06T04:53:51,689,resolved
INV-06554,A-08406,ORG-010,ANALYST-20,2025-04-12T19:20:40,2025-04-12T19:57:40,352,resolved
INV-06555,A-08407,ORG-010,ANALYST-04,2025-02-27T11:49:21,2025-02-27T12:59:07,657,escalated
INV-06556,A-08408,ORG-010,ANALYST-02,2025-05-08T00:45:17,2025-05-08T07:21:32,606,escalated
INV-06557,A-08409,ORG-010,ANALYST-16,2025-06-14T01:08:38,2025-06-14T01:51:29,428,resolved
INV-06558,A-08412,ORG-010,ANALYST-17,2025-03-29T13:37:13,2025-03-29T15:43:59,119,false_positive
INV-06559,A-08413,ORG-010,ANALYST-04,2025-04-12T05:06:03,2025-04-12T10:46:02,485,resolved
INV-06560,A-08414,ORG-010,ANALYST-20,2025-06-27T22:02:45,2025-06-28T01:13:45,527,false_positive
INV-06561,A-08415,ORG-010,ANALYST-07,2025-04-15T05:03:43,2025-04-15T05:47:59,378,resolved
INV-06562,A-08416,ORG-010,ANALYST-13,2025-03-15T07:24:53,2025-03-15T10:41:38,328,escalated
INV-06563,A-08417,ORG-010,ANALYST-11,2025-03-27T18:35:04,2025-03-28T00:14:53,664,resolved
INV-06564,A-08418,ORG-010,ANALYST-12,2025-06-09T01:34:33,2025-06-09T07:00:41,626,escalated
INV-06565,A-08420,ORG-010,ANALYST-09,2025-04-19T18:38:57,2025-04-19T23:46:21,830,resolved
INV-06566,A-08421,ORG-010,ANALYST-17,2025-05-17T04:16:01,2025-05-17T05:28:28,550,resolved
INV-06567,A-08422,ORG-010,ANALYST-05,2025-02-03T20:59:02,2025-02-04T02:48:45,315,resolved
INV-06568,A-08423,ORG-010,ANALYST-02,2025-06-17T15:34:58,2025-06-17T20:42:40,326,resolved
INV-06569,A-08425,ORG-010,ANALYST-12,2025-05-11T06:27:47,2025-05-11T07:51:28,262,resolved
INV-06570,A-08426,ORG-010,ANALYST-12,2025-02-08T03:21:57,2025-02-08T05:02:52,499,resolved
INV-06571,A-08427,ORG-010,ANALYST-06,2025-03-25T07:43:35,2025-03-25T10:33:30,432,escalated
INV-06572,A-08428,ORG-010,ANALYST-04,2025-03-06T10:18:52,2025-03-06T11:23:47,383,resolved
INV-06573,A-08429,ORG-010,ANALYST-19,2025-06-22T10:58:14,2025-06-22T18:34:14,57,resolved
INV-06574,A-08431,ORG-010,ANALYST-05,2025-06-16T08:04:35,2025-06-16T14:21:09,79,resolved
INV-06575,A-08432,ORG-010,ANALYST-13,2025-01-10T06:35:04,2025-01-10T09:37:28,658,resolved
INV-06576,A-08433,ORG-010,ANALYST-05,2025-05-30T15:38:20,2025-05-30T18:48:16,65,escalated
INV-06577,A-08434,ORG-010,ANALYST-08,2025-06-02T12:18:33,2025-06-02T18:30:08,384,resolved
INV-06578,A-08435,ORG-010,ANALYST-02,2025-04-04T06:35:08,2025-04-04T12:09:49,675,resolved
INV-06579,A-08436,ORG-010,ANALYST-03,2025-06-24T11:47:08,2025-06-24T18:27:37,519,resolved
INV-06580,A-08437,ORG-010,ANALYST-14,2025-02-07T01:09:10,2025-02-07T07:34:58,335,resolved
INV-06581,A-08438,ORG-010,ANALYST-04,2025-01-14T17:22:04,2025-01-15T00:23:39,76,resolved
INV-06582,A-08439,ORG-010,ANALYST-16,2025-04-20T20:50:19,2025-04-21T02:31:51,498,resolved
INV-06583,A-08440,ORG-010,ANALYST-06,2025-04-02T21:46:42,2025-04-02T22:47:56,237,resolved
INV-06584,A-08441,ORG-010,ANALYST-17,2025-05-11T06:12:41,2025-05-11T12:13:25,848,escalated
INV-06585,A-08443,ORG-010,ANALYST-04,2025-03-11T11:00:58,2025-03-11T18:37:01,194,resolved
INV-06586,A-08444,ORG-010,ANALYST-12,2025-06-08T10:59:34,2025-06-08T16:10:18,365,false_positive
INV-06587,A-08445,ORG-010,ANALYST-19,2025-03-05T17:00:07,2025-03-05T18:31:46,253,resolved
INV-06588,A-08446,ORG-010,ANALYST-06,2025-01-23T18:00:07,2025-01-23T20:56:21,284,resolved
INV-06589,A-08447,ORG-010,ANALYST-10,2025-05-11T01:51:03,2025-05-11T03:10:35,730,resolved
INV-06590,A-08448,ORG-010,ANALYST-13,2025-02-09T01:58:11,2025-02-09T02:57:37,582,resolved
INV-06591,A-08449,ORG-010,ANALYST-12,2025-02-12T10:49:15,2025-02-12T11:39:15,191,resolved
INV-06592,A-08451,ORG-010,ANALYST-14,2025-06-12T08:30:51,2025-06-12T16:18:28,612,resolved
INV-06593,A-08452,ORG-010,ANALYST-19,2025-06-01T20:26:00,2025-06-01T23:46:43,384,resolved
INV-06594,A-08453,ORG-010,ANALYST-16,2025-01-24T18:19:06,2025-01-25T00:53:18,185,resolved
INV-06595,A-08454,ORG-010,ANALYST-20,2025-04-05T09:31:06,2025-04-05T11:56:11,218,false_positive
INV-06596,A-08455,ORG-010,ANALYST-14,2025-01-31T15:21:42,2025-01-31T21:05:34,482,resolved
INV-06597,A-08456,ORG-010,ANALYST-16,2025-01-24T07:59:59,2025-01-24T15:04:01,160,escalated
INV-06598,A-08457,ORG-010,ANALYST-16,2025-06-19T00:49:36,2025-06-19T07:28:51,271,resolved
INV-06599,A-08458,ORG-010,ANALYST-05,2025-02-17T20:06:42,2025-02-18T02:18:06,70,resolved
INV-06600,A-08459,ORG-010,ANALYST-06,2025-05-24T03:55:45,2025-05-24T06:46:11,257,resolved
INV-06601,A-08460,ORG-010,ANALYST-17,2025-03-11T03:31:43,2025-03-11T07:22:32,445,resolved
INV-06602,A-08461,ORG-010,ANALYST-03,2025-06-09T04:56:03,2025-06-09T10:30:43,258,false_positive
INV-06603,A-08463,ORG-010,ANALYST-04,2025-06-15T17:55:59,2025-06-15T23:08:34,114,resolved
INV-06604,A-08466,ORG-010,ANALYST-16,2025-04-29T20:15:25,2025-04-30T01:01:40,440,false_positive
INV-06605,A-08467,ORG-010,ANALYST-02,2025-04-22T10:21:13,2025-04-22T14:55:16,389,resolved
INV-06606,A-08469,ORG-010,ANALYST-14,2025-05-09T08:57:05,2025-05-09T16:00:28,160,resolved
INV-06607,A-08470,ORG-010,ANALYST-04,2025-06-16T04:42:53,2025-06-16T06:59:42,569,false_positive
INV-06608,A-08471,ORG-010,ANALYST-17,2025-03-12T05:44:59,2025-03-12T07:05:32,388,open
INV-06609,A-08472,ORG-010,ANALYST-18,2025-04-21T17:14:10,2025-04-21T19:01:45,486,resolved
INV-06610,A-08473,ORG-010,ANALYST-06,2025-01-03T05:07:30,2025-01-03T08:21:41,240,resolved
INV-06611,A-08474,ORG-010,ANALYST-05,2025-02-01T02:58:45,2025-02-01T10:24:16,248,resolved
INV-06612,A-08475,ORG-010,ANALYST-14,2025-01-20T16:55:41,2025-01-20T21:02:22,122,resolved
INV-06613,A-08477,ORG-010,ANALYST-06,2025-06-17T04:48:00,2025-06-17T07:17:56,204,resolved
INV-06614,A-08478,ORG-010,ANALYST-11,2025-04-26T18:38:11,2025-04-26T21:51:15,553,escalated
INV-06615,A-08480,ORG-010,ANALYST-13,2025-02-07T01:16:37,2025-02-07T05:26:13,136,resolved
INV-06616,A-08481,ORG-010,ANALYST-08,2025-01-28T15:54:24,2025-01-28T19:11:14,197,escalated
INV-06617,A-08482,ORG-010,ANALYST-01,2025-01-31T12:51:38,2025-01-31T20:17:05,230,resolved
INV-06618,A-08483,ORG-010,ANALYST-05,2025-06-17T10:21:24,2025-06-17T17:48:11,222,resolved
INV-06619,A-08484,ORG-010,ANALYST-03,2025-06-29T10:13:16,2025-06-29T16:19:01,358,false_positive
INV-06620,A-08485,ORG-010,ANALYST-07,2025-01-28T16:24:01,2025-01-28T19:25:35,279,escalated
INV-06621,A-08486,ORG-010,ANALYST-19,2025-01-11T22:39:49,2025-01-12T01:43:55,406,resolved
INV-06622,A-08487,ORG-010,ANALYST-09,2025-02-25T05:24:28,2025-02-25T12:56:24,378,escalated
INV-06623,A-08488,ORG-010,ANALYST-02,2025-02-07T20:03:21,2025-02-08T02:43:25,441,resolved
INV-06624,A-08489,ORG-010,ANALYST-08,2025-02-07T06:11:35,2025-02-07T07:45:33,278,false_positive
INV-06625,A-08491,ORG-010,ANALYST-20,2025-03-15T20:36:04,2025-03-15T22:52:04,606,resolved
INV-06626,A-08492,ORG-010,ANALYST-04,2025-02-13T23:59:03,2025-02-14T04:23:29,254,open
INV-06627,A-08493,ORG-010,ANALYST-14,2025-05-23T04:16:32,2025-05-23T07:14:51,283,false_positive
INV-06628,A-08494,ORG-010,ANALYST-01,2025-03-19T23:04:34,2025-03-20T06:46:58,242,open
INV-06629,A-08499,ORG-010,ANALYST-09,2025-05-15T20:37:02,2025-05-16T02:13:58,406,resolved
INV-06630,A-08500,ORG-010,ANALYST-06,2025-06-08T10:41:18,2025-06-08T14:35:13,498,resolved
INV-06631,A-08501,ORG-010,ANALYST-11,2025-03-28T16:39:43,2025-03-28T18:36:04,423,false_positive
INV-06632,A-08502,ORG-010,ANALYST-15,2025-05-10T10:56:38,2025-05-10T13:08:54,744,resolved
INV-06633,A-08503,ORG-010,ANALYST-09,2025-01-11T01:01:51,2025-01-11T07:23:41,286,resolved
INV-06634,A-08504,ORG-010,ANALYST-09,2025-05-30T06:15:30,2025-05-30T11:35:58,625,resolved
INV-06635,A-08506,ORG-010,ANALYST-15,2025-02-04T16:29:50,2025-02-04T19:57:31,191,resolved
INV-06636,A-08507,ORG-010,ANALYST-02,2025-06-01T03:07:13,2025-06-01T07:17:00,274,escalated
INV-06637,A-08508,ORG-010,ANALYST-14,2025-06-17T12:16:46,2025-06-17T15:05:24,202,resolved
INV-06638,A-08509,ORG-010,ANALYST-12,2025-01-29T05:26:39,2025-01-29T08:57:32,576,resolved
INV-06639,A-08510,ORG-010,ANALYST-17,2025-06-09T05:44:41,2025-06-09T10:05:23,806,escalated
INV-06640,A-08511,ORG-010,ANALYST-18,2025-04-25T03:53:46,2025-04-25T10:25:45,258,resolved
INV-06641,A-08513,ORG-010,ANALYST-06,2025-06-21T11:25:59,2025-06-21T12:19:45,618,false_positive
INV-06642,A-08515,ORG-010,ANALYST-17,2025-06-18T03:07:02,2025-06-18T04:12:42,357,resolved
INV-06643,A-08517,ORG-010,ANALYST-03,2025-01-11T16:07:37,2025-01-11T17:49:15,349,resolved
INV-06644,A-08518,ORG-010,ANALYST-02,2025-06-10T02:36:28,2025-06-10T10:06:23,199,resolved
INV-06645,A-08519,ORG-010,ANALYST-17,2025-03-24T02:41:59,2025-03-24T09:04:21,556,escalated
INV-06646,A-08520,ORG-010,ANALYST-01,2025-06-23T22:10:41,2025-06-24T05:02:59,769,escalated
INV-06647,A-08521,ORG-010,ANALYST-05,2025-01-28T11:19:15,2025-01-28T16:55:23,555,escalated
INV-06648,A-08522,ORG-010,ANALYST-19,2025-05-02T09:55:16,2025-05-02T14:12:39,82,resolved
INV-06649,A-08523,ORG-010,ANALYST-06,2025-02-10T17:51:02,2025-02-10T19:00:43,129,resolved
INV-06650,A-08524,ORG-010,ANALYST-11,2025-01-22T18:19:01,2025-01-22T19:40:09,413,escalated
INV-06651,A-08525,ORG-010,ANALYST-20,2025-03-18T09:21:49,2025-03-18T13:38:49,272,open
INV-06652,A-08526,ORG-010,ANALYST-10,2025-02-17T15:00:53,2025-02-17T17:43:28,382,escalated
INV-06653,A-08527,ORG-010,ANALYST-16,2025-06-20T16:52:47,2025-06-20T21:54:15,109,resolved
INV-06654,A-08528,ORG-010,ANALYST-09,2025-02-20T07:05:34,2025-02-20T10:24:01,617,resolved
INV-06655,A-08529,ORG-010,ANALYST-01,2025-02-22T04:00:20,2025-02-22T09:28:16,218,resolved
INV-06656,A-08530,ORG-010,ANALYST-09,2025-05-04T19:54:06,2025-05-04T22:26:31,492,resolved
INV-06657,A-08531,ORG-010,ANALYST-07,2025-01-14T22:07:47,2025-01-14T23:30:04,148,resolved
INV-06658,A-08532,ORG-010,ANALYST-04,2025-02-03T04:25:45,2025-02-03T11:13:43,175,escalated
INV-06659,A-08533,ORG-010,ANALYST-09,2025-06-09T18:55:07,2025-06-10T00:13:13,267,resolved
INV-06660,A-08534,ORG-010,ANALYST-01,2025-01-02T02:43:51,2025-01-02T06:34:17,152,resolved
INV-06661,A-08535,ORG-010,ANALYST-17,2025-03-10T09:02:54,2025-03-10T15:53:37,614,escalated
INV-06662,A-08536,ORG-010,ANALYST-12,2025-05-03T00:30:36,2025-05-03T05:15:59,480,resolved
INV-06663,A-08537,ORG-010,ANALYST-04,2025-05-31T22:01:59,2025-06-01T01:24:19,675,resolved
INV-06664,A-08538,ORG-010,ANALYST-11,2025-04-14T05:20:15,2025-04-14T12:18:51,460,resolved
INV-06665,A-08539,ORG-010,ANALYST-13,2025-02-06T03:46:49,2025-02-06T08:08:19,257,resolved
INV-06666,A-08540,ORG-010,ANALYST-14,2025-01-17T23:15:54,2025-01-18T00:19:27,243,resolved
INV-06667,A-08542,ORG-010,ANALYST-19,2025-03-12T00:55:38,2025-03-12T07:09:42,490,resolved
INV-06668,A-08543,ORG-010,ANALYST-14,2025-06-06T09:53:32,2025-06-06T11:54:45,443,false_positive
INV-06669,A-08544,ORG-010,ANALYST-16,2025-06-21T15:27:54,2025-06-21T23:17:07,688,resolved
INV-06670,A-08545,ORG-010,ANALYST-08,2025-02-25T05:33:16,2025-02-25T07:40:24,614,resolved
INV-06671,A-08546,ORG-010,ANALYST-11,2025-01-25T12:01:14,2025-01-25T14:01:11,277,escalated
INV-06672,A-08549,ORG-010,ANALYST-09,2025-04-02T16:58:18,2025-04-02T22:02:20,789,resolved
INV-06673,A-08550,ORG-010,ANALYST-02,2025-03-01T18:04:44,2025-03-01T23:56:39,115,escalated
INV-06674,A-08551,ORG-010,ANALYST-13,2025-02-20T09:12:27,2025-02-20T12:14:28,635,resolved
INV-06675,A-08552,ORG-010,ANALYST-15,2025-03-04T18:56:50,2025-03-04T19:49:55,363,resolved
INV-06676,A-08553,ORG-010,ANALYST-09,2025-04-25T01:30:36,2025-04-25T05:38:43,335,resolved
INV-06677,A-08554,ORG-010,ANALYST-16,2025-05-21T03:34:37,2025-05-21T06:32:53,195,false_positive
INV-06678,A-08556,ORG-010,ANALYST-18,2025-03-28T23:30:22,2025-03-29T06:11:45,304,resolved
INV-06679,A-08558,ORG-010,ANALYST-17,2025-04-24T19:59:03,2025-04-24T23:17:19,374,escalated
INV-06680,A-08559,ORG-010,ANALYST-03,2025-02-25T03:53:00,2025-02-25T05:13:53,730,resolved
INV-06681,A-08560,ORG-010,ANALYST-02,2025-05-24T08:06:56,2025-05-24T11:26:25,590,resolved
INV-06682,A-08561,ORG-010,ANALYST-15,2025-05-12T03:04:02,2025-05-12T09:02:22,149,false_positive
INV-06683,A-08562,ORG-010,ANALYST-01,2025-05-30T07:15:01,2025-05-30T14:29:49,706,resolved
INV-06684,A-08563,ORG-010,ANALYST-01,2025-02-09T06:20:12,2025-02-09T12:25:28,432,resolved
INV-06685,A-08564,ORG-010,ANALYST-04,2025-04-24T17:31:32,2025-04-24T18:29:39,443,resolved
INV-06686,A-08565,ORG-010,ANALYST-12,2025-02-03T00:39:44,2025-02-03T06:32:21,283,resolved
INV-06687,A-08566,ORG-010,ANALYST-19,2025-02-27T04:15:09,2025-02-27T04:50:07,236,resolved
INV-06688,A-08567,ORG-010,ANALYST-19,2025-06-12T08:17:10,2025-06-12T13:18:30,65,resolved
INV-06689,A-08568,ORG-010,ANALYST-19,2025-02-16T09:42:34,2025-02-16T11:25:18,446,false_positive
INV-06690,A-08570,ORG-010,ANALYST-07,2025-06-05T03:39:54,2025-06-05T11:03:26,370,escalated
INV-06691,A-08572,ORG-010,ANALYST-02,2025-02-26T07:31:26,2025-02-26T08:37:00,587,open
INV-06692,A-08573,ORG-010,ANALYST-13,2025-02-09T01:41:25,2025-02-09T08:58:57,262,escalated
INV-06693,A-08575,ORG-010,ANALYST-14,2025-02-24T03:48:26,2025-02-24T09:55:08,206,resolved
INV-06694,A-08576,ORG-010,ANALYST-17,2025-03-16T00:46:22,2025-03-16T03:55:16,884,resolved
INV-06695,A-08577,ORG-010,ANALYST-07,2025-07-01T00:28:05,,684,false_positive
INV-06696,A-08578,ORG-010,ANALYST-14,2025-01-29T19:48:40,2025-01-29T21:31:25,178,resolved
INV-06697,A-08579,ORG-010,ANALYST-13,2025-01-10T01:49:38,2025-01-10T04:03:28,613,escalated
INV-06698,A-08580,ORG-010,ANALYST-09,2025-02-23T07:23:58,2025-02-23T14:44:38,543,resolved
INV-06699,A-08581,ORG-010,ANALYST-05,2025-02-18T13:33:16,2025-02-18T20:00:02,223,false_positive
INV-06700,A-08582,ORG-010,ANALYST-13,2025-04-03T21:53:31,2025-04-04T04:29:43,412,resolved
INV-06701,A-08583,ORG-010,ANALYST-08,2025-01-22T17:12:36,2025-01-22T20:27:31,234,escalated
INV-06702,A-08584,ORG-010,ANALYST-09,2025-05-14T04:26:22,2025-05-14T10:19:31,288,resolved
INV-06703,A-08585,ORG-010,ANALYST-15,2025-04-07T06:58:18,2025-04-07T14:24:41,186,escalated
INV-06704,A-08586,ORG-010,ANALYST-15,2025-06-09T03:54:23,2025-06-09T11:44:23,531,resolved
INV-06705,A-08587,ORG-010,ANALYST-15,2025-04-29T18:15:12,2025-04-30T01:27:32,158,resolved
INV-06706,A-08590,ORG-010,ANALYST-18,2025-03-02T18:52:19,2025-03-02T21:56:32,431,resolved
INV-06707,A-08591,ORG-010,ANALYST-18,2025-05-27T05:54:55,2025-05-27T10:02:20,563,resolved
INV-06708,A-08592,ORG-010,ANALYST-20,2025-02-21T18:14:39,2025-02-21T20:03:11,118,escalated
INV-06709,A-08593,ORG-010,ANALYST-07,2025-05-24T16:27:54,2025-05-24T21:42:02,96,resolved
INV-06710,A-08594,ORG-010,ANALYST-11,2025-04-07T05:35:34,2025-04-07T12:52:07,425,escalated
INV-06711,A-08595,ORG-010,ANALYST-15,2025-05-19T22:10:48,2025-05-20T01:02:17,392,escalated
INV-06712,A-08596,ORG-010,ANALYST-15,2025-05-19T06:23:06,2025-05-19T13:51:50,528,false_positive
INV-06713,A-08598,ORG-010,ANALYST-03,2025-03-05T18:15:27,2025-03-05T20:21:55,642,false_positive
INV-06714,A-08599,ORG-010,ANALYST-20,2025-04-07T15:03:18,2025-04-07T19:46:04,287,escalated
INV-06715,A-08600,ORG-010,ANALYST-05,2025-04-27T08:42:13,2025-04-27T14:10:45,252,resolved
INV-06716,A-08601,ORG-010,ANALYST-03,2025-01-27T09:07:46,2025-01-27T14:28:33,482,resolved
INV-06717,A-08603,ORG-010,ANALYST-08,2025-04-02T16:40:01,2025-04-02T23:49:08,323,resolved
INV-06718,A-08605,ORG-010,ANALYST-05,2025-02-19T15:24:34,2025-02-19T22:57:38,348,false_positive
INV-06719,A-08606,ORG-010,ANALYST-12,2025-02-09T04:47:23,2025-02-09T09:08:34,218,resolved
INV-06720,A-08607,ORG-010,ANALYST-02,2025-06-09T20:47:05,2025-06-10T03:07:45,242,false_positive
INV-06721,A-08608,ORG-010,ANALYST-20,2025-01-17T17:27:34,2025-01-17T20:14:58,511,resolved
INV-06722,A-08610,ORG-010,ANALYST-12,2025-05-17T18:29:23,2025-05-17T23:00:48,605,escalated
INV-06723,A-08611,ORG-010,ANALYST-14,2025-03-09T00:55:07,2025-03-09T05:30:20,208,false_positive
INV-06724,A-08612,ORG-010,ANALYST-01,2025-03-31T21:33:03,2025-03-31T23:48:04,243,resolved
INV-06725,A-08614,ORG-010,ANALYST-08,2025-02-20T01:49:42,2025-02-20T09:37:59,500,resolved
INV-06726,A-08616,ORG-010,ANALYST-08,2025-06-25T14:49:17,2025-06-25T21:42:34,248,resolved
INV-06727,A-08618,ORG-010,ANALYST-17,2025-03-09T15:55:03,2025-03-09T23:17:31,310,resolved
INV-06728,A-08619,ORG-010,ANALYST-01,2025-03-19T15:21:02,2025-03-19T17:45:57,431,resolved
INV-06729,A-08620,ORG-010,ANALYST-09,2025-05-05T14:34:25,2025-05-05T20:31:55,381,escalated
INV-06730,A-08621,ORG-010,ANALYST-06,2025-04-03T01:49:35,2025-04-03T04:47:53,744,open
INV-06731,A-08623,ORG-010,ANALYST-18,2025-05-17T02:30:21,2025-05-17T04:08:36,264,resolved
INV-06732,A-08625,ORG-010,ANALYST-19,2025-01-18T18:23:08,2025-01-18T21:30:19,551,resolved
INV-06733,A-08627,ORG-010,ANALYST-05,2025-01-14T18:43:30,2025-01-14T23:08:51,276,open
INV-06734,A-08629,ORG-010,ANALYST-07,2025-04-08T21:37:27,2025-04-09T03:49:08,253,resolved
INV-06735,A-08630,ORG-010,ANALYST-07,2025-02-16T14:43:03,2025-02-16T21:57:10,660,resolved
INV-06736,A-08631,ORG-010,ANALYST-01,2025-05-25T17:47:06,2025-05-25T21:00:17,409,resolved
INV-06737,A-08632,ORG-010,ANALYST-14,2025-01-13T17:35:06,2025-01-13T19:38:39,288,escalated
INV-06738,A-08634,ORG-010,ANALYST-08,2025-04-03T19:05:23,2025-04-03T23:13:32,872,resolved
INV-06739,A-08635,ORG-010,ANALYST-20,2025-06-05T09:04:26,2025-06-05T10:03:33,153,resolved
INV-06740,A-08636,ORG-010,ANALYST-14,2025-04-13T13:37:12,2025-04-13T18:26:53,886,escalated
INV-06741,A-08637,ORG-010,ANALYST-09,2025-02-14T07:07:23,2025-02-14T13:07:40,337,false_positive
INV-06742,A-08638,ORG-010,ANALYST-04,2025-02-14T02:24:57,2025-02-14T05:14:44,236,resolved
INV-06743,A-08639,ORG-010,ANALYST-10,2025-01-16T12:57:49,2025-01-16T14:19:39,383,resolved
INV-06744,A-08640,ORG-010,ANALYST-05,2025-03-02T23:40:03,2025-03-03T02:52:25,275,resolved
INV-06745,A-08641,ORG-010,ANALYST-01,2025-03-01T02:50:16,2025-03-01T04:40:37,466,escalated
INV-06746,A-08642,ORG-010,ANALYST-17,2025-06-07T18:24:40,2025-06-08T01:16:12,198,resolved
INV-06747,A-08643,ORG-010,ANALYST-14,2025-01-14T04:43:58,2025-01-14T10:56:41,181,resolved
INV-06748,A-08644,ORG-010,ANALYST-16,2025-04-14T04:03:01,2025-04-14T11:11:25,203,resolved
INV-06749,A-08645,ORG-010,ANALYST-11,2025-02-20T04:59:34,2025-02-20T11:51:36,277,open
INV-06750,A-08646,ORG-010,ANALYST-15,2025-03-20T19:13:36,2025-03-20T19:58:31,124,resolved
INV-06751,A-08648,ORG-010,ANALYST-02,2025-05-11T16:40:14,2025-05-11T23:22:07,432,resolved
INV-06752,A-08649,ORG-010,ANALYST-14,2025-06-05T16:53:09,2025-06-05T17:28:25,340,resolved
INV-06753,A-08650,ORG-010,ANALYST-20,2025-06-10T06:19:55,2025-06-10T10:46:57,281,escalated
INV-06754,A-08652,ORG-010,ANALYST-03,2025-02-11T08:59:31,2025-02-11T09:37:27,505,open
INV-06755,A-08653,ORG-010,ANALYST-04,2025-05-04T09:56:45,2025-05-04T12:12:55,287,escalated
INV-06756,A-08654,ORG-010,ANALYST-20,2025-04-02T18:33:16,2025-04-02T23:23:34,699,resolved
INV-06757,A-08655,ORG-010,ANALYST-20,2025-04-14T17:16:15,2025-04-14T19:56:43,280,resolved
INV-06758,A-08656,ORG-010,ANALYST-19,2025-06-19T11:52:24,2025-06-19T17:53:42,452,resolved
INV-06759,A-08657,ORG-010,ANALYST-15,2025-06-23T12:09:24,2025-06-23T15:01:58,236,resolved
INV-06760,A-08658,ORG-010,ANALYST-11,2025-06-02T03:34:28,2025-06-02T06:32:09,706,resolved
INV-06761,A-08659,ORG-010,ANALYST-01,2025-06-02T19:19:36,2025-06-03T03:03:40,89,resolved
INV-06762,A-08660,ORG-010,ANALYST-19,2025-06-15T23:09:29,2025-06-16T00:53:54,118,resolved
INV-06763,A-08662,ORG-010,ANALYST-07,2025-05-14T02:20:44,2025-05-14T05:06:58,836,escalated
INV-06764,A-08663,ORG-010,ANALYST-10,2025-04-26T07:06:41,2025-04-26T12:24:03,500,escalated
INV-06765,A-08664,ORG-010,ANALYST-08,2025-02-27T19:27:04,2025-02-27T21:03:08,754,false_positive
INV-06766,A-08665,ORG-010,ANALYST-08,2025-06-12T04:47:02,2025-06-12T12:16:10,597,false_positive
INV-06767,A-08666,ORG-010,ANALYST-08,2025-04-02T23:23:24,2025-04-03T01:47:23,385,resolved
INV-06768,A-08667,ORG-010,ANALYST-10,2025-04-12T08:38:49,2025-04-12T10:39:07,116,resolved
INV-06769,A-08670,ORG-010,ANALYST-17,2025-04-09T03:30:32,2025-04-09T04:57:29,212,resolved
INV-06770,A-08671,ORG-010,ANALYST-13,2025-04-17T07:47:46,2025-04-17T15:34:43,217,resolved
INV-06771,A-08672,ORG-010,ANALYST-07,2025-01-29T14:43:55,2025-01-29T19:37:48,443,resolved
INV-06772,A-08673,ORG-010,ANALYST-07,2025-03-06T01:31:38,2025-03-06T08:45:24,136,escalated
INV-06773,A-08674,ORG-010,ANALYST-20,2025-03-16T15:05:13,2025-03-16T21:29:26,674,resolved
INV-06774,A-08675,ORG-010,ANALYST-20,2025-02-06T16:11:28,2025-02-06T22:46:13,684,resolved
INV-06775,A-08678,ORG-010,ANALYST-16,2025-02-21T06:32:34,2025-02-21T12:33:44,491,resolved
INV-06776,A-08679,ORG-010,ANALYST-15,2025-06-01T02:25:07,2025-06-01T06:09:27,501,resolved
INV-06777,A-08680,ORG-010,ANALYST-18,2025-01-21T18:52:46,2025-01-21T21:23:48,147,resolved
INV-06778,A-08681,ORG-010,ANALYST-01,2025-01-29T13:33:18,2025-01-29T16:53:55,399,false_positive
INV-06779,A-08682,ORG-010,ANALYST-03,2025-01-31T15:21:14,2025-01-31T18:05:16,164,resolved
INV-06780,A-08683,ORG-010,ANALYST-02,2025-01-30T06:57:40,2025-01-30T11:05:33,494,escalated
INV-06781,A-08684,ORG-010,ANALYST-09,2025-03-20T11:15:22,2025-03-20T13:56:06,627,resolved
INV-06782,A-08685,ORG-010,ANALYST-18,2025-06-28T15:44:00,2025-06-28T17:01:25,355,resolved
INV-06783,A-08686,ORG-010,ANALYST-07,2025-03-18T09:55:20,2025-03-18T11:46:35,635,resolved
INV-06784,A-08688,ORG-010,ANALYST-13,2025-05-15T10:21:15,2025-05-15T15:36:08,224,resolved
INV-06785,A-08690,ORG-010,ANALYST-12,2025-06-05T14:23:21,2025-06-05T22:19:35,292,escalated
INV-06786,A-08691,ORG-010,ANALYST-09,2025-06-08T09:44:09,2025-06-08T14:33:45,212,escalated
INV-06787,A-08692,ORG-010,ANALYST-08,2025-03-16T04:13:07,2025-03-16T09:44:18,492,resolved
INV-06788,A-08693,ORG-010,ANALYST-12,2025-02-26T21:00:43,2025-02-27T04:51:44,660,resolved
INV-06789,A-08694,ORG-010,ANALYST-01,2025-02-15T17:16:22,2025-02-15T23:16:41,292,false_positive
INV-06790,A-08695,ORG-010,ANALYST-05,2025-05-26T05:03:21,2025-05-26T08:28:07,513,false_positive
INV-06791,A-08696,ORG-010,ANALYST-14,2025-04-10T20:37:47,2025-04-11T02:58:33,168,resolved
INV-06792,A-08697,ORG-010,ANALYST-13,2025-06-26T19:51:41,2025-06-26T21:29:40,217,resolved
INV-06793,A-08698,ORG-010,ANALYST-01,2025-06-07T01:51:15,2025-06-07T02:51:27,101,open
INV-06794,A-08699,ORG-010,ANALYST-01,2025-03-03T11:20:04,2025-03-03T16:25:05,736,escalated
INV-06795,A-08700,ORG-010,ANALYST-13,2025-04-22T09:03:19,2025-04-22T11:33:18,373,escalated
INV-06796,A-08701,ORG-010,ANALYST-04,2025-02-05T02:57:42,2025-02-05T06:23:52,581,resolved
INV-06797,A-08702,ORG-010,ANALYST-04,2025-01-12T16:25:33,2025-01-12T22:44:20,190,resolved
INV-06798,A-08703,ORG-010,ANALYST-08,2025-02-10T22:13:43,2025-02-11T02:19:49,237,false_positive
INV-06799,A-08705,ORG-010,ANALYST-12,2025-02-05T09:42:19,2025-02-05T12:43:19,658,resolved
INV-06800,A-08706,ORG-010,ANALYST-17,2025-06-22T13:46:37,2025-06-22T17:06:25,260,resolved
INV-06801,A-08707,ORG-010,ANALYST-07,2025-01-10T05:36:57,2025-01-10T09:35:59,549,resolved
INV-06802,A-08708,ORG-010,ANALYST-17,2025-02-03T12:15:53,2025-02-03T17:30:26,88,false_positive
INV-06803,A-08710,ORG-010,ANALYST-04,2025-02-17T22:23:47,2025-02-18T02:09:05,253,resolved
INV-06804,A-08711,ORG-010,ANALYST-18,2025-02-14T18:59:31,2025-02-14T23:40:34,170,escalated
INV-06805,A-08714,ORG-010,ANALYST-14,2025-06-11T10:13:05,2025-06-11T12:15:17,676,resolved
INV-06806,A-08716,ORG-010,ANALYST-05,2025-03-24T19:09:47,2025-03-24T23:38:00,122,false_positive
INV-06807,A-08717,ORG-010,ANALYST-04,2025-01-05T11:21:42,2025-01-05T15:44:30,181,resolved
INV-06808,A-08718,ORG-010,ANALYST-12,2025-05-27T19:53:35,2025-05-27T22:29:19,202,false_positive
INV-06809,A-08719,ORG-010,ANALYST-18,2025-05-06T07:18:29,2025-05-06T14:10:27,622,escalated
INV-06810,A-08720,ORG-010,ANALYST-11,2025-02-08T13:45:01,2025-02-08T18:43:34,241,escalated
INV-06811,A-08721,ORG-010,ANALYST-20,2025-03-06T12:39:01,2025-03-06T19:27:31,265,resolved
INV-06812,A-08722,ORG-010,ANALYST-06,2025-05-15T02:08:15,2025-05-15T05:40:06,582,resolved
INV-06813,A-08723,ORG-010,ANALYST-03,2025-04-01T05:22:30,2025-04-01T09:25:07,112,resolved
INV-06814,A-08724,ORG-010,ANALYST-18,2025-03-16T19:45:28,2025-03-17T03:29:27,381,resolved
INV-06815,A-08725,ORG-010,ANALYST-20,2025-01-13T04:41:08,2025-01-13T06:30:04,203,escalated
INV-06816,A-08726,ORG-010,ANALYST-06,2025-01-31T13:52:19,2025-01-31T19:18:19,403,resolved
INV-06817,A-08727,ORG-010,ANALYST-02,2025-06-18T04:34:23,2025-06-18T08:45:25,463,resolved
INV-06818,A-08728,ORG-010,ANALYST-03,2025-06-16T07:04:45,2025-06-16T07:55:57,98,resolved
INV-06819,A-08729,ORG-010,ANALYST-10,2025-04-04T11:01:01,2025-04-04T17:28:38,721,escalated
INV-06820,A-08730,ORG-010,ANALYST-06,2025-05-15T22:21:46,2025-05-16T02:15:54,640,resolved
INV-06821,A-08731,ORG-010,ANALYST-01,2025-03-09T02:01:04,2025-03-09T08:23:33,368,escalated
INV-06822,A-08732,ORG-010,ANALYST-15,2025-01-06T17:55:17,2025-01-07T00:34:06,284,open
INV-06823,A-08733,ORG-010,ANALYST-11,2025-03-30T10:57:11,2025-03-30T14:56:03,293,open
INV-06824,A-08734,ORG-010,ANALYST-20,2025-02-28T13:35:54,2025-02-28T20:05:12,641,resolved
INV-06825,A-08735,ORG-010,ANALYST-16,2025-06-05T14:40:58,2025-06-05T21:49:19,706,resolved
INV-06826,A-08737,ORG-010,ANALYST-05,2025-06-21T03:36:46,2025-06-21T08:49:44,483,false_positive
INV-06827,A-08738,ORG-010,ANALYST-07,2025-01-23T03:30:15,2025-01-23T09:25:37,97,resolved
INV-06828,A-08739,ORG-010,ANALYST-07,2025-04-11T05:56:00,2025-04-11T13:14:35,663,escalated
INV-06829,A-08740,ORG-010,ANALYST-20,2025-01-30T17:51:24,2025-01-31T00:08:17,211,escalated
INV-06830,A-08741,ORG-010,ANALYST-03,2025-06-11T13:52:48,2025-06-11T17:02:24,227,false_positive
INV-06831,A-08742,ORG-010,ANALYST-17,2025-03-08T16:26:10,2025-03-08T20:45:10,461,escalated
INV-06832,A-08743,ORG-010,ANALYST-14,2025-01-25T23:38:34,2025-01-26T05:30:16,641,escalated
INV-06833,A-08744,ORG-010,ANALYST-15,2025-06-06T20:21:22,2025-06-07T02:59:59,438,resolved
INV-06834,A-08745,ORG-010,ANALYST-15,2025-04-10T19:48:53,2025-04-10T23:59:37,598,escalated
INV-06835,A-08746,ORG-010,ANALYST-11,2025-05-05T00:02:41,2025-05-05T05:10:01,497,resolved
INV-06836,A-08747,ORG-010,ANALYST-17,2025-05-31T21:39:49,2025-05-31T23:27:52,224,resolved
INV-06837,A-08748,ORG-010,ANALYST-19,2025-05-23T00:30:57,2025-05-23T05:29:20,285,resolved
INV-06838,A-08749,ORG-010,ANALYST-20,2025-04-17T20:39:27,2025-04-17T23:14:26,731,escalated
INV-06839,A-08750,ORG-010,ANALYST-03,2025-02-05T18:56:21,2025-02-06T01:29:06,286,false_positive
INV-06840,A-08751,ORG-010,ANALYST-15,2025-01-26T03:57:16,2025-01-26T07:38:14,495,escalated
INV-06841,A-08752,ORG-010,ANALYST-14,2025-03-26T03:11:58,2025-03-26T05:06:13,242,resolved
INV-06842,A-08755,ORG-010,ANALYST-03,2025-01-26T05:03:16,2025-01-26T12:40:46,487,false_positive
INV-06843,A-08756,ORG-010,ANALYST-13,2025-04-22T10:06:09,2025-04-22T16:02:52,404,resolved
INV-06844,A-08758,ORG-010,ANALYST-02,2025-05-06T03:19:42,2025-05-06T06:10:53,670,escalated
INV-06845,A-08759,ORG-010,ANALYST-12,2025-06-11T05:37:55,2025-06-11T07:15:50,395,escalated
INV-06846,A-08760,ORG-010,ANALYST-16,2025-06-24T03:12:29,2025-06-24T03:57:43,297,escalated
INV-06847,A-08761,ORG-010,ANALYST-17,2025-01-01T13:26:28,2025-01-01T21:21:59,315,false_positive
INV-06848,A-08762,ORG-010,ANALYST-20,2025-05-23T09:34:45,2025-05-23T15:49:30,450,resolved
INV-06849,A-08764,ORG-010,ANALYST-08,2025-06-10T22:58:33,2025-06-11T06:18:59,461,resolved
INV-06850,A-08766,ORG-010,ANALYST-11,2025-05-18T20:26:58,2025-05-18T21:41:49,445,resolved
INV-06851,A-08767,ORG-010,ANALYST-16,2025-01-28T21:28:51,2025-01-28T22:14:22,106,resolved
INV-06852,A-08769,ORG-010,ANALYST-03,2025-01-23T20:49:15,2025-01-23T23:10:36,541,resolved
INV-06853,A-08770,ORG-010,ANALYST-15,2025-04-13T09:53:08,2025-04-13T14:37:44,104,resolved
INV-06854,A-08771,ORG-010,ANALYST-05,2025-04-29T06:32:18,2025-04-29T10:10:03,772,false_positive
INV-06855,A-08772,ORG-010,ANALYST-08,2025-03-08T03:51:12,2025-03-08T10:42:19,482,resolved
INV-06856,A-08773,ORG-010,ANALYST-05,2025-01-11T04:04:06,2025-01-11T08:44:05,120,false_positive
INV-06857,A-08775,ORG-010,ANALYST-09,2025-03-13T19:13:26,2025-03-14T01:50:09,517,escalated
INV-06858,A-08776,ORG-010,ANALYST-13,2025-06-21T08:29:04,2025-06-21T10:27:17,418,resolved
INV-06859,A-08777,ORG-010,ANALYST-16,2025-03-30T19:14:51,2025-03-31T01:08:47,307,false_positive
INV-06860,A-08778,ORG-010,ANALYST-06,2025-06-08T00:49:05,2025-06-08T02:16:22,198,resolved
INV-06861,A-08779,ORG-010,ANALYST-04,2025-03-17T16:55:19,2025-03-17T23:32:46,738,false_positive
INV-06862,A-08780,ORG-010,ANALYST-16,2025-06-29T03:57:17,2025-06-29T04:53:14,865,resolved
INV-06863,A-08781,ORG-010,ANALYST-12,2025-01-12T19:28:38,2025-01-13T03:22:11,148,resolved
INV-06864,A-08782,ORG-010,ANALYST-01,2025-03-19T15:28:11,2025-03-19T22:06:18,896,false_positive
INV-06865,A-08783,ORG-010,ANALYST-11,2025-05-25T07:38:34,2025-05-25T08:35:58,728,escalated
INV-06866,A-08784,ORG-010,ANALYST-03,2025-04-29T13:04:20,2025-04-29T16:55:19,393,false_positive
INV-06867,A-08785,ORG-010,ANALYST-07,2025-03-09T15:25:10,2025-03-09T22:17:02,698,resolved
INV-06868,A-08786,ORG-010,ANALYST-19,2025-06-24T04:10:45,2025-06-24T09:48:28,188,escalated
INV-06869,A-08787,ORG-010,ANALYST-02,2025-06-11T09:29:16,2025-06-11T10:23:43,281,resolved
INV-06870,A-08789,ORG-010,ANALYST-16,2025-01-02T04:00:19,2025-01-02T07:10:12,337,open
INV-06871,A-08791,ORG-010,ANALYST-15,2025-05-17T01:34:32,2025-05-17T09:24:27,254,escalated
INV-06872,A-08792,ORG-010,ANALYST-01,2025-04-09T02:41:36,2025-04-09T07:05:54,593,escalated
INV-06873,A-08793,ORG-010,ANALYST-03,2025-01-23T10:26:19,2025-01-23T15:33:45,357,false_positive
INV-06874,A-08794,ORG-010,ANALYST-16,2025-05-11T21:46:09,2025-05-11T23:52:47,121,false_positive
INV-06875,A-08795,ORG-010,ANALYST-10,2025-03-17T23:23:19,2025-03-18T00:45:12,474,resolved
INV-06876,A-08796,ORG-010,ANALYST-03,2025-03-07T09:17:28,2025-03-07T11:51:09,385,false_positive
INV-06877,A-08797,ORG-010,ANALYST-15,2025-02-14T16:08:25,2025-02-14T18:29:27,289,resolved
INV-06878,A-08798,ORG-010,ANALYST-12,2025-02-27T17:25:50,2025-02-27T21:09:13,494,escalated
INV-06879,A-08799,ORG-010,ANALYST-03,2025-05-28T07:28:25,2025-05-28T11:33:24,130,escalated
INV-06880,A-08800,ORG-010,ANALYST-19,2025-01-10T17:15:56,2025-01-10T21:39:09,232,resolved
INV-06881,A-08801,ORG-010,ANALYST-04,2025-06-05T19:59:15,2025-06-05T22:16:23,303,false_positive
INV-06882,A-08802,ORG-010,ANALYST-17,2025-03-18T16:59:44,2025-03-18T22:41:35,579,resolved
INV-06883,A-08803,ORG-010,ANALYST-16,2025-03-20T04:44:47,2025-03-20T08:07:45,633,resolved
INV-06884,A-08804,ORG-010,ANALYST-03,2025-01-09T06:38:13,2025-01-09T08:38:31,281,resolved
INV-06885,A-08805,ORG-010,ANALYST-10,2025-02-22T17:47:01,2025-02-22T18:48:50,305,escalated
INV-06886,A-08806,ORG-010,ANALYST-20,2025-01-03T03:39:35,2025-01-03T06:36:32,103,escalated
INV-06887,A-08807,ORG-010,ANALYST-10,2025-01-20T21:44:46,2025-01-21T00:35:46,206,resolved
INV-06888,A-08808,ORG-010,ANALYST-01,2025-03-31T10:21:47,2025-03-31T11:46:30,237,escalated
INV-06889,A-08809,ORG-010,ANALYST-14,2025-05-07T03:09:38,2025-05-07T10:16:51,293,resolved
INV-06890,A-08811,ORG-010,ANALYST-03,2025-01-11T06:53:10,2025-01-11T09:22:38,299,resolved
INV-06891,A-08812,ORG-010,ANALYST-07,2025-01-10T02:10:00,2025-01-10T04:00:12,318,resolved
INV-06892,A-08813,ORG-010,ANALYST-03,2025-03-16T20:55:36,2025-03-16T23:38:11,323,false_positive
INV-06893,A-08815,ORG-010,ANALYST-06,2025-04-01T15:42:50,2025-04-01T16:32:13,665,resolved
INV-06894,A-08816,ORG-010,ANALYST-16,2025-01-14T23:29:11,2025-01-15T00:36:32,661,escalated
INV-06895,A-08818,ORG-010,ANALYST-14,2025-06-28T15:45:10,2025-06-28T21:18:41,218,resolved
INV-06896,A-08819,ORG-010,ANALYST-03,2025-04-03T23:31:24,2025-04-04T05:11:41,135,resolved
INV-06897,A-08820,ORG-010,ANALYST-12,2025-02-15T10:00:06,2025-02-15T16:30:32,358,resolved
INV-06898,A-08821,ORG-011,ANALYST-08,2025-06-22T01:11:53,2025-06-22T08:00:07,412,resolved
INV-06899,A-08822,ORG-011,ANALYST-02,2025-02-28T08:18:45,2025-02-28T11:30:31,768,open
INV-06900,A-08823,ORG-011,ANALYST-20,2025-06-18T05:05:35,2025-06-18T10:02:24,746,resolved
INV-06901,A-08824,ORG-011,ANALYST-02,2025-03-04T23:22:34,2025-03-05T02:34:18,197,resolved
INV-06902,A-08826,ORG-011,ANALYST-05,2025-05-07T14:52:22,2025-05-07T19:05:23,176,escalated
INV-06903,A-08828,ORG-011,ANALYST-04,2025-03-13T13:02:37,2025-03-13T15:52:51,466,false_positive
INV-06904,A-08829,ORG-011,ANALYST-13,2025-02-01T02:15:37,2025-02-01T08:24:20,685,resolved
INV-06905,A-08830,ORG-011,ANALYST-03,2025-03-15T04:51:41,2025-03-15T05:27:21,323,resolved
INV-06906,A-08831,ORG-011,ANALYST-08,2025-05-03T18:46:11,2025-05-03T19:52:52,392,resolved
INV-06907,A-08832,ORG-011,ANALYST-01,2025-03-08T22:35:58,2025-03-08T23:34:11,254,resolved
INV-06908,A-08833,ORG-011,ANALYST-08,2025-06-07T19:33:52,2025-06-07T20:06:46,128,resolved
INV-06909,A-08834,ORG-011,ANALYST-10,2025-03-03T02:37:08,2025-03-03T06:47:08,128,resolved
INV-06910,A-08835,ORG-011,ANALYST-07,2025-03-14T20:11:59,2025-03-15T02:46:36,268,resolved
INV-06911,A-08836,ORG-011,ANALYST-15,2025-06-20T17:05:03,2025-06-20T23:26:19,622,resolved
INV-06912,A-08837,ORG-011,ANALYST-03,2025-06-18T22:59:00,2025-06-19T01:28:24,273,resolved
INV-06913,A-08838,ORG-011,ANALYST-09,2025-04-12T00:32:00,2025-04-12T07:22:20,362,resolved
INV-06914,A-08839,ORG-011,ANALYST-12,2025-01-01T21:57:56,2025-01-02T03:42:52,582,escalated
INV-06915,A-08840,ORG-011,ANALYST-04,2025-05-17T22:24:30,2025-05-18T03:26:33,443,false_positive
INV-06916,A-08842,ORG-011,ANALYST-11,2025-05-30T22:51:56,2025-05-31T03:56:12,206,resolved
INV-06917,A-08843,ORG-011,ANALYST-06,2025-05-31T17:46:41,2025-05-31T21:55:25,424,escalated
INV-06918,A-08844,ORG-011,ANALYST-04,2025-02-19T23:21:15,2025-02-20T03:57:27,413,resolved
INV-06919,A-08845,ORG-011,ANALYST-06,2025-03-22T20:51:14,2025-03-23T03:01:30,97,resolved
INV-06920,A-08846,ORG-011,ANALYST-11,2025-05-15T12:01:02,2025-05-15T13:13:24,311,resolved
INV-06921,A-08847,ORG-011,ANALYST-12,2025-01-23T03:39:48,2025-01-23T04:30:02,456,false_positive
INV-06922,A-08848,ORG-011,ANALYST-09,2025-05-11T21:16:39,2025-05-11T21:53:59,296,escalated
INV-06923,A-08849,ORG-011,ANALYST-12,2025-04-08T10:06:39,2025-04-08T13:23:24,623,resolved
INV-06924,A-08850,ORG-011,ANALYST-17,2025-04-06T04:25:48,2025-04-06T09:54:50,417,resolved
INV-06925,A-08851,ORG-011,ANALYST-16,2025-02-16T19:27:12,2025-02-16T23:36:01,620,resolved
INV-06926,A-08852,ORG-011,ANALYST-08,2025-05-24T09:30:11,2025-05-24T12:04:43,206,resolved
INV-06927,A-08853,ORG-011,ANALYST-14,2025-04-21T23:00:12,2025-04-21T23:32:34,729,resolved
INV-06928,A-08856,ORG-011,ANALYST-13,2025-06-17T10:01:42,2025-06-17T11:05:29,313,resolved
INV-06929,A-08857,ORG-011,ANALYST-11,2025-01-13T13:26:34,2025-01-13T18:52:00,144,resolved
INV-06930,A-08858,ORG-011,ANALYST-08,2025-01-09T19:43:44,2025-01-10T00:35:37,338,resolved
INV-06931,A-08859,ORG-011,ANALYST-11,2025-04-15T18:35:03,2025-04-15T19:20:21,375,resolved
INV-06932,A-08860,ORG-011,ANALYST-04,2025-05-13T12:08:22,2025-05-13T16:58:22,473,escalated
INV-06933,A-08861,ORG-011,ANALYST-05,2025-01-09T05:02:37,2025-01-09T06:04:35,693,resolved
INV-06934,A-08862,ORG-011,ANALYST-16,2025-03-03T20:09:04,2025-03-04T02:33:11,571,resolved
INV-06935,A-08863,ORG-011,ANALYST-11,2025-06-26T13:27:32,2025-06-26T15:27:53,234,resolved
INV-06936,A-08866,ORG-011,ANALYST-18,2025-02-05T16:00:32,2025-02-05T17:16:51,690,open
INV-06937,A-08868,ORG-011,ANALYST-19,2025-05-29T22:59:04,2025-05-30T06:20:29,276,resolved
INV-06938,A-08869,ORG-011,ANALYST-01,2025-03-18T23:09:02,2025-03-19T04:40:53,347,false_positive
INV-06939,A-08870,ORG-011,ANALYST-10,2025-03-23T13:14:57,2025-03-23T14:53:10,657,resolved
INV-06940,A-08871,ORG-011,ANALYST-17,2025-01-07T03:40:48,2025-01-07T11:05:37,234,resolved
INV-06941,A-08872,ORG-011,ANALYST-16,2025-03-20T09:39:00,2025-03-20T15:21:07,384,false_positive
INV-06942,A-08873,ORG-011,ANALYST-16,2025-05-02T14:41:55,2025-05-02T20:24:11,202,resolved
INV-06943,A-08874,ORG-011,ANALYST-04,2025-03-21T16:04:49,2025-03-21T17:50:20,497,resolved
INV-06944,A-08875,ORG-011,ANALYST-06,2025-03-19T15:29:57,2025-03-19T17:01:43,279,false_positive
INV-06945,A-08876,ORG-011,ANALYST-16,2025-05-01T06:05:07,2025-05-01T08:09:38,301,open
INV-06946,A-08877,ORG-011,ANALYST-07,2025-01-13T02:32:17,2025-01-13T07:26:12,684,resolved
INV-06947,A-08879,ORG-011,ANALYST-01,2025-03-18T14:38:27,2025-03-18T19:43:55,469,resolved
INV-06948,A-08880,ORG-011,ANALYST-05,2025-05-06T13:52:10,2025-05-06T19:42:23,688,resolved
INV-06949,A-08881,ORG-011,ANALYST-14,2025-03-27T10:38:11,2025-03-27T11:21:49,99,open
INV-06950,A-08882,ORG-011,ANALYST-15,2025-04-29T16:21:57,2025-04-29T16:58:19,333,resolved
INV-06951,A-08884,ORG-011,ANALYST-15,2025-06-16T13:11:13,2025-06-16T18:15:16,148,false_positive
INV-06952,A-08885,ORG-011,ANALYST-15,2025-05-31T16:07:15,2025-05-31T22:35:20,211,resolved
INV-06953,A-08886,ORG-011,ANALYST-16,2025-01-28T13:18:41,2025-01-28T21:05:53,322,false_positive
INV-06954,A-08887,ORG-011,ANALYST-04,2025-06-16T04:39:44,2025-06-16T10:42:21,472,resolved
INV-06955,A-08889,ORG-011,ANALYST-02,2025-06-29T00:45:38,2025-06-29T03:59:57,402,resolved
INV-06956,A-08890,ORG-011,ANALYST-11,2025-01-23T07:36:46,2025-01-23T08:09:48,398,open
INV-06957,A-08891,ORG-011,ANALYST-19,2025-04-11T03:57:47,2025-04-11T08:12:41,274,escalated
INV-06958,A-08892,ORG-011,ANALYST-06,2025-02-27T23:47:32,2025-02-28T05:36:15,582,false_positive
INV-06959,A-08893,ORG-011,ANALYST-13,2025-05-16T07:26:33,2025-05-16T08:11:59,376,resolved
INV-06960,A-08894,ORG-011,ANALYST-02,2025-06-22T17:16:18,2025-06-22T23:57:19,297,resolved
INV-06961,A-08896,ORG-011,ANALYST-16,2025-02-10T03:35:25,2025-02-10T04:08:40,129,resolved
INV-06962,A-08898,ORG-011,ANALYST-03,2025-04-20T11:09:43,2025-04-20T12:17:16,287,false_positive
INV-06963,A-08899,ORG-011,ANALYST-14,2025-05-11T21:29:14,2025-05-11T23:26:23,141,false_positive
INV-06964,A-08902,ORG-011,ANALYST-01,2025-01-11T20:37:43,2025-01-11T23:03:53,324,resolved
INV-06965,A-08903,ORG-011,ANALYST-19,2025-04-10T14:59:24,2025-04-10T19:40:07,756,escalated
INV-06966,A-08905,ORG-011,ANALYST-02,2025-03-01T01:41:15,2025-03-01T05:46:57,312,false_positive
INV-06967,A-08906,ORG-011,ANALYST-06,2025-01-02T05:06:20,2025-01-02T09:25:56,147,resolved
INV-06968,A-08907,ORG-011,ANALYST-18,2025-02-18T04:38:26,2025-02-18T07:35:04,715,escalated
INV-06969,A-08908,ORG-011,ANALYST-19,2025-06-02T19:37:37,2025-06-03T02:50:09,335,resolved
INV-06970,A-08909,ORG-011,ANALYST-03,2025-05-05T20:13:31,2025-05-05T22:34:30,245,escalated
INV-06971,A-08910,ORG-011,ANALYST-12,2025-01-10T17:20:15,2025-01-11T01:19:50,378,resolved
INV-06972,A-08911,ORG-011,ANALYST-17,2025-05-28T12:52:14,2025-05-28T16:23:45,196,resolved
INV-06973,A-08913,ORG-011,ANALYST-06,2025-06-06T17:32:43,2025-06-07T00:39:01,452,resolved
INV-06974,A-08915,ORG-011,ANALYST-13,2025-02-25T01:07:30,2025-02-25T03:26:00,440,resolved
INV-06975,A-08916,ORG-011,ANALYST-18,2025-05-23T20:32:46,2025-05-24T01:09:28,712,false_positive
INV-06976,A-08917,ORG-011,ANALYST-17,2025-01-14T13:55:31,2025-01-14T17:56:01,800,escalated
INV-06977,A-08918,ORG-011,ANALYST-15,2025-04-10T09:38:43,2025-04-10T13:09:30,410,resolved
INV-06978,A-08919,ORG-011,ANALYST-10,2025-04-08T21:41:35,2025-04-08T23:46:51,158,false_positive
INV-06979,A-08920,ORG-011,ANALYST-12,2025-05-21T13:40:11,2025-05-21T19:02:56,495,escalated
INV-06980,A-08921,ORG-011,ANALYST-14,2025-04-24T08:49:00,2025-04-24T16:47:53,734,resolved
INV-06981,A-08922,ORG-011,ANALYST-19,2025-06-12T03:04:43,2025-06-12T03:57:29,224,false_positive
INV-06982,A-08923,ORG-011,ANALYST-11,2025-03-21T05:02:14,2025-03-21T09:53:22,245,resolved
INV-06983,A-08927,ORG-011,ANALYST-03,2025-04-18T22:14:24,2025-04-19T00:10:59,622,false_positive
INV-06984,A-08928,ORG-011,ANALYST-01,2025-06-03T16:53:09,2025-06-04T00:02:39,247,escalated
INV-06985,A-08929,ORG-011,ANALYST-15,2025-01-18T13:52:29,2025-01-18T18:16:55,326,false_positive
INV-06986,A-08930,ORG-011,ANALYST-12,2025-03-27T21:57:36,2025-03-27T22:47:28,627,resolved
INV-06987,A-08931,ORG-011,ANALYST-01,2025-04-18T19:27:47,2025-04-19T01:05:48,346,false_positive
INV-06988,A-08932,ORG-011,ANALYST-17,2025-01-31T17:38:34,2025-01-31T23:58:55,180,escalated
INV-06989,A-08933,ORG-011,ANALYST-11,2025-06-03T12:56:25,2025-06-03T20:25:49,222,false_positive
INV-06990,A-08934,ORG-011,ANALYST-15,2025-06-17T14:43:39,2025-06-17T21:47:53,624,resolved
INV-06991,A-08935,ORG-011,ANALYST-05,2025-03-11T03:23:35,2025-03-11T09:15:53,407,resolved
INV-06992,A-08936,ORG-011,ANALYST-11,2025-04-29T16:19:35,2025-04-29T21:28:21,314,escalated
INV-06993,A-08937,ORG-011,ANALYST-13,2025-02-04T20:23:49,2025-02-05T04:12:24,228,escalated
INV-06994,A-08938,ORG-011,ANALYST-19,2025-03-23T21:47:29,2025-03-24T00:00:24,264,escalated
INV-06995,A-08939,ORG-011,ANALYST-18,2025-02-14T09:02:03,2025-02-14T09:54:41,246,resolved
INV-06996,A-08940,ORG-011,ANALYST-06,2025-01-26T20:02:21,2025-01-27T00:14:23,209,escalated
INV-06997,A-08941,ORG-011,ANALYST-02,2025-04-01T16:05:20,2025-04-01T18:56:33,142,resolved
INV-06998,A-08942,ORG-011,ANALYST-07,2025-06-02T01:14:10,2025-06-02T03:39:52,591,escalated
INV-06999,A-08944,ORG-011,ANALYST-16,2025-02-15T05:02:24,2025-02-15T12:08:33,206,escalated
INV-07000,A-08945,ORG-011,ANALYST-15,2025-03-26T15:44:24,2025-03-26T21:13:24,176,resolved
INV-07001,A-08946,ORG-011,ANALYST-05,2025-02-08T21:05:52,2025-02-08T22:28:46,365,resolved
INV-07002,A-08947,ORG-011,ANALYST-16,2025-01-16T06:57:42,2025-01-16T11:43:55,270,resolved
INV-07003,A-08948,ORG-011,ANALYST-09,2025-05-03T17:42:37,2025-05-04T01:29:51,71,false_positive
INV-07004,A-08949,ORG-011,ANALYST-10,2025-04-08T06:40:27,2025-04-08T11:06:03,721,false_positive
INV-07005,A-08950,ORG-011,ANALYST-02,2025-03-08T06:55:13,2025-03-08T14:53:20,432,resolved
INV-07006,A-08951,ORG-011,ANALYST-02,2025-03-19T18:03:44,2025-03-19T19:50:38,221,escalated
INV-07007,A-08954,ORG-011,ANALYST-17,2025-04-03T23:15:26,2025-04-04T01:45:19,442,resolved
INV-07008,A-08955,ORG-011,ANALYST-15,2025-02-20T09:59:30,2025-02-20T15:39:57,330,escalated
INV-07009,A-08956,ORG-011,ANALYST-12,2025-05-11T13:03:07,2025-05-11T19:10:47,199,escalated
INV-07010,A-08957,ORG-011,ANALYST-10,2025-05-07T20:33:34,2025-05-08T04:05:48,492,resolved
INV-07011,A-08958,ORG-011,ANALYST-10,2025-04-11T06:35:55,2025-04-11T10:45:18,195,resolved
INV-07012,A-08959,ORG-011,ANALYST-19,2025-03-09T00:07:20,2025-03-09T06:56:04,314,escalated
INV-07013,A-08961,ORG-011,ANALYST-08,2025-04-11T16:12:48,2025-04-11T23:46:30,244,resolved
INV-07014,A-08962,ORG-011,ANALYST-06,2025-04-03T16:57:30,2025-04-03T22:05:59,749,escalated
INV-07015,A-08963,ORG-011,ANALYST-10,2025-04-24T09:05:33,2025-04-24T11:52:13,260,escalated
INV-07016,A-08966,ORG-011,ANALYST-02,2025-06-04T02:05:42,2025-06-04T07:30:44,406,escalated
INV-07017,A-08967,ORG-011,ANALYST-17,2025-04-02T17:45:02,2025-04-02T21:42:44,142,resolved
INV-07018,A-08968,ORG-011,ANALYST-02,2025-05-16T20:12:02,2025-05-17T02:02:08,602,resolved
INV-07019,A-08971,ORG-011,ANALYST-08,2025-01-16T16:30:03,2025-01-16T19:46:26,310,resolved
INV-07020,A-08972,ORG-011,ANALYST-11,2025-03-30T19:50:29,2025-03-30T21:59:52,295,escalated
INV-07021,A-08973,ORG-011,ANALYST-08,2025-06-06T04:25:47,2025-06-06T05:51:52,371,resolved
INV-07022,A-08974,ORG-011,ANALYST-10,2025-04-09T12:54:01,2025-04-09T16:06:23,443,escalated
INV-07023,A-08975,ORG-011,ANALYST-09,2025-06-22T04:34:39,2025-06-22T12:03:45,401,resolved
INV-07024,A-08976,ORG-011,ANALYST-12,2025-06-01T06:20:15,2025-06-01T07:53:26,870,resolved
INV-07025,A-08977,ORG-011,ANALYST-09,2025-01-15T10:45:18,2025-01-15T15:58:31,454,resolved
INV-07026,A-08978,ORG-011,ANALYST-17,2025-01-16T12:49:52,2025-01-16T17:56:55,676,resolved
INV-07027,A-08979,ORG-011,ANALYST-11,2025-03-10T03:21:09,2025-03-10T10:04:11,397,resolved
INV-07028,A-08980,ORG-011,ANALYST-19,2025-06-25T06:50:48,2025-06-25T11:33:18,340,escalated
INV-07029,A-08981,ORG-011,ANALYST-15,2025-02-07T23:41:25,2025-02-08T03:25:30,283,resolved
INV-07030,A-08982,ORG-011,ANALYST-18,2025-02-23T19:58:42,2025-02-24T02:24:48,173,resolved
INV-07031,A-08984,ORG-011,ANALYST-14,2025-06-16T23:58:22,2025-06-17T01:59:52,643,escalated
INV-07032,A-08985,ORG-011,ANALYST-09,2025-02-03T14:01:32,2025-02-03T18:13:07,192,resolved
INV-07033,A-08986,ORG-011,ANALYST-08,2025-01-22T14:11:10,2025-01-22T17:21:43,260,resolved
INV-07034,A-08987,ORG-011,ANALYST-17,2025-04-02T14:22:28,2025-04-02T20:22:10,744,resolved
INV-07035,A-08989,ORG-011,ANALYST-12,2025-03-14T04:58:16,2025-03-14T10:00:16,186,resolved
INV-07036,A-08990,ORG-011,ANALYST-08,2025-03-27T10:20:33,2025-03-27T15:18:25,58,resolved
INV-07037,A-08991,ORG-011,ANALYST-05,2025-02-08T20:29:58,2025-02-09T04:08:39,689,escalated
INV-07038,A-08992,ORG-011,ANALYST-11,2025-01-05T12:44:08,2025-01-05T19:07:11,281,resolved
INV-07039,A-08993,ORG-011,ANALYST-04,2025-01-24T20:23:56,2025-01-24T22:37:31,293,resolved
INV-07040,A-08995,ORG-011,ANALYST-03,2025-03-01T05:51:22,2025-03-01T12:01:28,189,resolved
INV-07041,A-08997,ORG-011,ANALYST-19,2025-03-12T21:04:23,2025-03-12T22:13:16,420,resolved
INV-07042,A-08998,ORG-011,ANALYST-08,2025-03-04T01:10:39,2025-03-04T08:34:36,716,resolved
INV-07043,A-08999,ORG-011,ANALYST-04,2025-01-06T01:41:02,2025-01-06T07:37:53,162,resolved
INV-07044,A-09000,ORG-011,ANALYST-17,2025-02-10T07:51:25,2025-02-10T10:13:38,732,resolved
INV-07045,A-09001,ORG-011,ANALYST-19,2025-03-17T16:26:50,2025-03-17T20:16:14,749,resolved
INV-07046,A-09002,ORG-011,ANALYST-14,2025-04-25T22:13:31,2025-04-26T01:46:18,848,false_positive
INV-07047,A-09003,ORG-011,ANALYST-13,2025-05-06T14:30:04,2025-05-06T17:33:04,348,false_positive
INV-07048,A-09004,ORG-011,ANALYST-09,2025-01-18T19:32:11,2025-01-18T22:15:15,410,escalated
INV-07049,A-09005,ORG-011,ANALYST-07,2025-03-29T00:31:48,2025-03-29T07:36:12,360,escalated
INV-07050,A-09006,ORG-011,ANALYST-09,2025-01-18T12:07:54,2025-01-18T18:30:05,342,resolved
INV-07051,A-09009,ORG-011,ANALYST-15,2025-05-15T13:49:11,2025-05-15T19:18:39,263,resolved
INV-07052,A-09012,ORG-011,ANALYST-18,2025-03-22T01:48:04,2025-03-22T08:52:18,209,resolved
INV-07053,A-09013,ORG-011,ANALYST-10,2025-02-09T03:09:16,2025-02-09T10:47:52,569,resolved
INV-07054,A-09015,ORG-011,ANALYST-04,2025-03-26T21:15:45,2025-03-26T21:56:17,719,resolved
INV-07055,A-09016,ORG-011,ANALYST-13,2025-03-04T01:08:50,2025-03-04T06:28:34,214,escalated
INV-07056,A-09018,ORG-011,ANALYST-15,2025-02-26T11:29:36,2025-02-26T16:19:21,333,resolved
INV-07057,A-09019,ORG-011,ANALYST-09,2025-01-09T17:55:31,2025-01-09T21:41:32,406,resolved
INV-07058,A-09021,ORG-011,ANALYST-01,2025-03-17T21:02:18,2025-03-18T04:31:47,138,false_positive
INV-07059,A-09022,ORG-011,ANALYST-09,2025-01-02T23:20:26,2025-01-03T03:03:23,271,resolved
INV-07060,A-09023,ORG-011,ANALYST-04,2025-04-21T14:11:57,2025-04-21T16:22:51,673,false_positive
INV-07061,A-09025,ORG-011,ANALYST-07,2025-03-02T20:42:27,2025-03-03T00:11:19,268,resolved
INV-07062,A-09026,ORG-011,ANALYST-06,2025-01-30T23:02:14,2025-01-31T04:34:56,171,resolved
INV-07063,A-09027,ORG-011,ANALYST-02,2025-01-03T13:27:22,2025-01-03T14:24:50,92,false_positive
INV-07064,A-09029,ORG-011,ANALYST-10,2025-04-08T03:20:36,2025-04-08T07:52:03,394,resolved
INV-07065,A-09030,ORG-011,ANALYST-08,2025-06-14T06:51:07,2025-06-14T08:08:55,340,resolved
INV-07066,A-09031,ORG-011,ANALYST-14,2025-01-09T17:58:23,2025-01-10T01:03:50,214,escalated
INV-07067,A-09032,ORG-011,ANALYST-03,2025-05-29T11:18:45,2025-05-29T17:59:34,116,resolved
INV-07068,A-09034,ORG-011,ANALYST-16,2025-05-10T17:22:17,2025-05-10T19:27:48,240,escalated
INV-07069,A-09035,ORG-011,ANALYST-15,2025-03-18T06:57:28,2025-03-18T09:36:47,225,resolved
INV-07070,A-09036,ORG-011,ANALYST-05,2025-02-03T21:45:48,2025-02-04T03:28:51,180,resolved
INV-07071,A-09037,ORG-011,ANALYST-02,2025-05-22T04:27:57,2025-05-22T09:18:07,317,false_positive
INV-07072,A-09038,ORG-011,ANALYST-03,2025-01-08T22:50:43,2025-01-09T00:48:34,304,resolved
INV-07073,A-09039,ORG-011,ANALYST-14,2025-01-25T06:05:04,2025-01-25T08:04:34,272,resolved
INV-07074,A-09041,ORG-011,ANALYST-04,2025-06-07T10:42:16,2025-06-07T17:08:52,378,resolved
INV-07075,A-09042,ORG-011,ANALYST-05,2025-05-26T08:31:15,2025-05-26T12:52:03,102,resolved
INV-07076,A-09043,ORG-011,ANALYST-09,2025-03-28T09:51:16,2025-03-28T11:11:33,55,resolved
INV-07077,A-09044,ORG-011,ANALYST-08,2025-01-22T12:26:01,2025-01-22T17:09:32,526,resolved
INV-07078,A-09046,ORG-011,ANALYST-18,2025-06-30T09:49:35,2025-06-30T10:50:14,558,escalated
INV-07079,A-09047,ORG-011,ANALYST-10,2025-03-18T23:15:21,2025-03-19T05:24:48,135,resolved
INV-07080,A-09049,ORG-011,ANALYST-02,2025-03-25T07:40:28,2025-03-25T13:09:27,437,resolved
INV-07081,A-09050,ORG-011,ANALYST-13,2025-04-19T22:58:24,2025-04-20T05:22:23,217,resolved
INV-07082,A-09051,ORG-011,ANALYST-08,2025-01-09T22:06:33,2025-01-10T02:31:34,345,resolved
INV-07083,A-09052,ORG-011,ANALYST-20,2025-05-19T22:38:29,2025-05-20T03:06:01,158,resolved
INV-07084,A-09053,ORG-011,ANALYST-19,2025-04-25T11:19:52,2025-04-25T15:44:59,442,escalated
INV-07085,A-09054,ORG-011,ANALYST-18,2025-03-12T21:41:51,2025-03-13T05:06:58,457,escalated
INV-07086,A-09056,ORG-011,ANALYST-16,2025-02-10T19:23:39,2025-02-10T20:14:41,670,resolved
INV-07087,A-09059,ORG-011,ANALYST-06,2025-02-05T23:57:39,2025-02-06T02:34:18,292,open
INV-07088,A-09061,ORG-011,ANALYST-04,2025-03-31T14:52:42,2025-03-31T20:11:40,748,false_positive
INV-07089,A-09062,ORG-011,ANALYST-20,2025-02-24T20:43:41,2025-02-25T03:34:32,603,resolved
INV-07090,A-09063,ORG-011,ANALYST-20,2025-04-29T19:58:35,2025-04-29T21:01:17,396,resolved
INV-07091,A-09066,ORG-011,ANALYST-07,2025-03-20T12:49:10,2025-03-20T16:30:50,554,resolved
INV-07092,A-09068,ORG-011,ANALYST-18,2025-04-03T04:40:10,2025-04-03T11:10:34,646,resolved
INV-07093,A-09069,ORG-011,ANALYST-14,2025-03-23T18:22:14,2025-03-23T19:42:59,291,resolved
INV-07094,A-09070,ORG-011,ANALYST-15,2025-04-04T12:14:44,2025-04-04T15:56:26,144,resolved
INV-07095,A-09071,ORG-011,ANALYST-19,2025-02-02T15:09:02,2025-02-02T22:27:16,79,escalated
INV-07096,A-09072,ORG-011,ANALYST-02,2025-06-19T15:50:01,2025-06-19T18:54:52,128,false_positive
INV-07097,A-09076,ORG-011,ANALYST-19,2025-02-09T01:46:34,2025-02-09T05:51:37,309,escalated
INV-07098,A-09077,ORG-011,ANALYST-10,2025-02-22T15:30:05,2025-02-22T21:05:49,179,resolved
INV-07099,A-09078,ORG-011,ANALYST-18,2025-03-20T11:24:29,2025-03-20T18:53:21,700,false_positive
INV-07100,A-09079,ORG-011,ANALYST-11,2025-03-19T10:43:48,2025-03-19T13:27:48,521,false_positive
INV-07101,A-09080,ORG-011,ANALYST-10,2025-02-25T05:02:07,2025-02-25T08:31:50,325,resolved
INV-07102,A-09083,ORG-011,ANALYST-11,2025-02-14T08:01:01,2025-02-14T14:49:18,825,resolved
INV-07103,A-09084,ORG-011,ANALYST-04,2025-03-27T19:02:53,2025-03-28T00:46:12,514,resolved
INV-07104,A-09085,ORG-011,ANALYST-12,2025-02-26T07:28:14,2025-02-26T08:21:28,668,open
INV-07105,A-09086,ORG-011,ANALYST-10,2025-01-31T00:24:03,2025-01-31T02:31:33,602,false_positive
INV-07106,A-09087,ORG-011,ANALYST-08,2025-06-05T21:44:40,2025-06-06T02:57:17,478,resolved
INV-07107,A-09088,ORG-011,ANALYST-13,2025-05-16T14:18:54,2025-05-16T19:50:52,358,resolved
INV-07108,A-09089,ORG-011,ANALYST-15,2025-06-14T09:57:11,2025-06-14T12:14:02,620,resolved
INV-07109,A-09090,ORG-011,ANALYST-08,2025-05-13T00:25:52,2025-05-13T07:12:40,535,false_positive
INV-07110,A-09091,ORG-011,ANALYST-13,2025-04-02T20:17:22,2025-04-02T22:35:46,383,resolved
INV-07111,A-09092,ORG-011,ANALYST-10,2025-03-02T13:48:34,2025-03-02T21:34:24,415,escalated
INV-07112,A-09093,ORG-011,ANALYST-17,2025-06-16T23:29:02,2025-06-17T05:59:34,114,escalated
INV-07113,A-09094,ORG-011,ANALYST-18,2025-01-29T18:59:48,2025-01-30T00:46:55,394,escalated
INV-07114,A-09096,ORG-011,ANALYST-11,2025-01-21T00:38:04,2025-01-21T04:36:27,107,escalated
INV-07115,A-09097,ORG-011,ANALYST-12,2025-01-06T08:29:00,2025-01-06T13:05:43,145,resolved
INV-07116,A-09098,ORG-011,ANALYST-08,2025-04-17T08:52:42,2025-04-17T12:38:48,246,resolved
INV-07117,A-09099,ORG-011,ANALYST-15,2025-06-18T01:53:33,2025-06-18T06:07:33,664,escalated
INV-07118,A-09100,ORG-011,ANALYST-20,2025-02-24T18:35:17,2025-02-25T02:13:33,306,resolved
INV-07119,A-09101,ORG-011,ANALYST-18,2025-04-27T07:30:31,2025-04-27T12:47:38,460,false_positive
INV-07120,A-09102,ORG-011,ANALYST-14,2025-05-08T00:34:42,2025-05-08T03:05:19,742,resolved
INV-07121,A-09103,ORG-011,ANALYST-17,2025-03-23T07:31:56,2025-03-23T13:55:52,155,resolved
INV-07122,A-09104,ORG-011,ANALYST-06,2025-05-21T16:01:04,2025-05-21T18:26:24,587,resolved
INV-07123,A-09105,ORG-011,ANALYST-09,2025-04-23T17:08:00,2025-04-23T21:02:05,259,resolved
INV-07124,A-09106,ORG-011,ANALYST-04,2025-06-15T11:19:35,2025-06-15T11:50:39,256,resolved
INV-07125,A-09107,ORG-011,ANALYST-08,2025-04-20T03:11:53,2025-04-20T07:34:41,718,false_positive
INV-07126,A-09108,ORG-011,ANALYST-15,2025-04-26T07:45:52,2025-04-26T10:21:06,411,false_positive
INV-07127,A-09109,ORG-011,ANALYST-19,2025-05-29T09:35:29,2025-05-29T12:08:26,144,escalated
INV-07128,A-09110,ORG-011,ANALYST-18,2025-04-19T23:41:56,2025-04-20T06:07:40,469,resolved
INV-07129,A-09111,ORG-011,ANALYST-01,2025-06-11T18:15:09,2025-06-11T21:19:52,427,resolved
INV-07130,A-09112,ORG-011,ANALYST-16,2025-02-27T01:07:45,2025-02-27T05:46:22,376,false_positive
INV-07131,A-09113,ORG-011,ANALYST-12,2025-05-08T09:55:30,2025-05-08T16:27:59,307,false_positive
INV-07132,A-09114,ORG-011,ANALYST-16,2025-05-12T12:26:48,2025-05-12T18:46:42,347,escalated
INV-07133,A-09115,ORG-011,ANALYST-16,2025-06-21T16:56:01,2025-06-21T21:23:39,422,escalated
INV-07134,A-09116,ORG-011,ANALYST-16,2025-01-07T03:49:56,2025-01-07T05:01:19,727,false_positive
INV-07135,A-09119,ORG-011,ANALYST-10,2025-06-01T21:14:38,2025-06-02T04:40:55,586,resolved
INV-07136,A-09120,ORG-011,ANALYST-20,2025-02-05T01:17:19,2025-02-05T06:35:08,385,resolved
INV-07137,A-09123,ORG-011,ANALYST-10,2025-05-12T05:32:21,2025-05-12T12:54:23,337,resolved
INV-07138,A-09124,ORG-011,ANALYST-12,2025-05-25T07:39:14,2025-05-25T13:42:25,437,resolved
INV-07139,A-09127,ORG-011,ANALYST-19,2025-05-27T07:47:59,2025-05-27T15:37:17,101,resolved
INV-07140,A-09128,ORG-011,ANALYST-10,2025-03-05T19:29:31,2025-03-05T22:36:52,582,escalated
INV-07141,A-09129,ORG-011,ANALYST-06,2025-04-03T03:12:49,2025-04-03T04:06:50,411,resolved
INV-07142,A-09130,ORG-011,ANALYST-03,2025-05-04T03:15:52,2025-05-04T05:13:44,484,resolved
INV-07143,A-09131,ORG-011,ANALYST-15,2025-03-23T03:51:01,2025-03-23T05:43:16,836,escalated
INV-07144,A-09132,ORG-011,ANALYST-14,2025-03-05T18:46:17,2025-03-06T02:17:27,348,escalated
INV-07145,A-09133,ORG-011,ANALYST-19,2025-01-05T01:40:10,2025-01-05T06:02:46,187,false_positive
INV-07146,A-09135,ORG-011,ANALYST-11,2025-06-08T17:57:33,2025-06-08T19:45:03,272,escalated
INV-07147,A-09137,ORG-011,ANALYST-19,2025-05-29T13:25:52,2025-05-29T19:35:03,870,escalated
INV-07148,A-09138,ORG-011,ANALYST-05,2025-06-18T05:38:56,2025-06-18T13:23:55,146,resolved
INV-07149,A-09139,ORG-011,ANALYST-15,2025-03-01T03:54:59,2025-03-01T09:24:03,853,escalated
INV-07150,A-09140,ORG-011,ANALYST-09,2025-03-02T20:08:19,2025-03-02T21:51:17,485,escalated
INV-07151,A-09142,ORG-011,ANALYST-07,2025-05-19T00:39:14,2025-05-19T06:53:17,509,resolved
INV-07152,A-09143,ORG-011,ANALYST-07,2025-04-30T19:39:55,2025-05-01T03:08:19,108,resolved
INV-07153,A-09144,ORG-011,ANALYST-02,2025-01-29T07:58:04,2025-01-29T11:46:55,118,resolved
INV-07154,A-09145,ORG-011,ANALYST-17,2025-03-05T05:24:10,2025-03-05T06:35:55,344,open
INV-07155,A-09146,ORG-011,ANALYST-18,2025-05-19T11:23:10,2025-05-19T19:03:34,212,resolved
INV-07156,A-09147,ORG-011,ANALYST-13,2025-04-11T23:02:28,2025-04-12T05:16:53,259,escalated
INV-07157,A-09148,ORG-011,ANALYST-16,2025-06-27T01:42:23,2025-06-27T07:41:23,405,resolved
INV-07158,A-09149,ORG-011,ANALYST-09,2025-06-10T02:12:36,2025-06-10T03:33:09,323,resolved
INV-07159,A-09150,ORG-011,ANALYST-10,2025-04-17T03:25:40,2025-04-17T09:18:37,739,escalated
INV-07160,A-09152,ORG-011,ANALYST-19,2025-02-23T17:26:16,2025-02-23T18:11:06,456,escalated
INV-07161,A-09155,ORG-011,ANALYST-12,2025-06-08T04:03:51,2025-06-08T04:48:45,214,resolved
INV-07162,A-09156,ORG-011,ANALYST-19,2025-06-20T10:37:01,2025-06-20T12:29:12,333,resolved
INV-07163,A-09157,ORG-011,ANALYST-05,2025-06-13T03:55:29,2025-06-13T09:30:29,706,resolved
INV-07164,A-09158,ORG-011,ANALYST-10,2025-02-05T07:47:39,2025-02-05T09:23:58,487,escalated
INV-07165,A-09159,ORG-011,ANALYST-12,2025-01-09T18:19:02,2025-01-09T18:50:41,461,escalated
INV-07166,A-09160,ORG-011,ANALYST-16,2025-05-10T21:03:07,2025-05-10T22:38:36,165,escalated
INV-07167,A-09161,ORG-011,ANALYST-16,2025-01-26T13:12:17,2025-01-26T15:58:40,251,resolved
INV-07168,A-09162,ORG-011,ANALYST-15,2025-01-15T05:26:05,2025-01-15T08:52:48,586,resolved
INV-07169,A-09163,ORG-011,ANALYST-07,2025-05-17T07:46:33,2025-05-17T12:22:51,249,resolved
INV-07170,A-09164,ORG-011,ANALYST-17,2025-01-28T11:37:50,2025-01-28T12:43:59,248,resolved
INV-07171,A-09165,ORG-011,ANALYST-12,2025-05-31T14:36:08,2025-05-31T18:06:10,289,escalated
INV-07172,A-09166,ORG-011,ANALYST-13,2025-05-12T07:22:55,2025-05-12T12:04:12,674,resolved
INV-07173,A-09168,ORG-011,ANALYST-05,2025-05-12T06:16:40,2025-05-12T12:33:08,200,resolved
INV-07174,A-09169,ORG-011,ANALYST-17,2025-03-31T09:09:02,2025-03-31T16:40:56,457,resolved
INV-07175,A-09170,ORG-011,ANALYST-10,2025-04-23T15:48:55,2025-04-23T18:07:39,396,resolved
INV-07176,A-09171,ORG-011,ANALYST-13,2025-03-04T21:51:07,2025-03-05T05:05:46,520,escalated
INV-07177,A-09172,ORG-011,ANALYST-06,2025-03-28T17:16:53,2025-03-28T21:47:46,800,escalated
INV-07178,A-09173,ORG-011,ANALYST-01,2025-05-31T23:51:25,2025-06-01T01:15:41,423,open
INV-07179,A-09174,ORG-011,ANALYST-04,2025-06-08T08:11:45,2025-06-08T13:05:00,594,resolved
INV-07180,A-09175,ORG-011,ANALYST-06,2025-01-28T15:08:35,2025-01-28T15:58:18,832,resolved
INV-07181,A-09176,ORG-011,ANALYST-10,2025-04-23T11:17:49,2025-04-23T12:25:19,831,resolved
INV-07182,A-09177,ORG-011,ANALYST-03,2025-06-09T18:23:35,2025-06-09T20:18:46,620,resolved
INV-07183,A-09178,ORG-011,ANALYST-13,2025-03-26T14:24:01,2025-03-26T17:49:45,223,resolved
INV-07184,A-09179,ORG-011,ANALYST-09,2025-05-08T11:14:41,2025-05-08T12:03:38,725,escalated
INV-07185,A-09180,ORG-011,ANALYST-12,2025-02-04T16:00:29,2025-02-04T18:31:38,888,resolved
INV-07186,A-09181,ORG-011,ANALYST-18,2025-06-30T00:10:38,2025-06-30T07:00:38,187,escalated
INV-07187,A-09182,ORG-011,ANALYST-19,2025-04-17T21:50:26,2025-04-18T02:03:12,215,escalated
INV-07188,A-09183,ORG-011,ANALYST-14,2025-01-20T19:11:26,2025-01-20T21:20:03,613,false_positive
INV-07189,A-09184,ORG-011,ANALYST-05,2025-03-22T01:33:50,2025-03-22T05:34:45,293,false_positive
INV-07190,A-09185,ORG-011,ANALYST-12,2025-03-17T01:08:24,2025-03-17T08:53:52,704,resolved
INV-07191,A-09186,ORG-011,ANALYST-06,2025-05-14T13:51:19,2025-05-14T21:21:33,445,escalated
INV-07192,A-09187,ORG-011,ANALYST-04,2025-03-12T23:53:46,2025-03-13T01:50:18,462,resolved
INV-07193,A-09188,ORG-011,ANALYST-14,2025-04-21T11:04:52,2025-04-21T14:36:29,804,escalated
INV-07194,A-09189,ORG-011,ANALYST-09,2025-05-18T04:35:50,2025-05-18T09:42:33,415,resolved
INV-07195,A-09190,ORG-011,ANALYST-10,2025-05-13T04:21:47,2025-05-13T06:10:04,390,false_positive
INV-07196,A-09192,ORG-011,ANALYST-16,2025-05-15T00:41:40,2025-05-15T01:38:16,561,resolved
INV-07197,A-09193,ORG-011,ANALYST-09,2025-06-01T05:11:07,2025-06-01T09:03:03,248,resolved
INV-07198,A-09195,ORG-011,ANALYST-01,2025-05-06T09:41:52,2025-05-06T13:36:27,218,resolved
INV-07199,A-09196,ORG-011,ANALYST-05,2025-05-10T05:49:12,2025-05-10T09:25:38,434,false_positive
INV-07200,A-09197,ORG-011,ANALYST-06,2025-05-08T08:41:53,2025-05-08T11:14:59,241,resolved
INV-07201,A-09198,ORG-011,ANALYST-11,2025-01-26T21:15:23,2025-01-27T02:45:27,249,escalated
INV-07202,A-09199,ORG-011,ANALYST-07,2025-03-05T04:27:38,2025-03-05T08:49:34,883,resolved
INV-07203,A-09200,ORG-011,ANALYST-06,2025-01-29T07:00:17,2025-01-29T10:51:32,711,resolved
INV-07204,A-09201,ORG-011,ANALYST-07,2025-06-26T19:57:10,2025-06-26T21:26:11,106,resolved
INV-07205,A-09202,ORG-011,ANALYST-12,2025-01-23T21:57:21,2025-01-23T23:16:42,390,resolved
INV-07206,A-09203,ORG-011,ANALYST-13,2025-02-24T23:18:02,2025-02-25T01:29:10,136,resolved
INV-07207,A-09204,ORG-011,ANALYST-12,2025-06-23T07:43:29,2025-06-23T10:57:59,138,resolved
INV-07208,A-09205,ORG-011,ANALYST-14,2025-05-05T04:34:22,2025-05-05T06:38:15,103,resolved
INV-07209,A-09206,ORG-011,ANALYST-08,2025-03-04T17:47:06,2025-03-04T22:04:30,529,resolved
INV-07210,A-09210,ORG-011,ANALYST-17,2025-01-18T16:20:34,2025-01-18T18:51:19,404,resolved
INV-07211,A-09211,ORG-011,ANALYST-15,2025-03-24T09:58:49,2025-03-24T11:36:30,241,escalated
INV-07212,A-09213,ORG-011,ANALYST-01,2025-05-17T21:56:03,2025-05-18T02:25:23,297,resolved
INV-07213,A-09214,ORG-011,ANALYST-11,2025-04-28T04:56:52,2025-04-28T12:10:17,367,escalated
INV-07214,A-09215,ORG-011,ANALYST-15,2025-01-15T14:51:54,2025-01-15T18:17:03,130,open
INV-07215,A-09216,ORG-011,ANALYST-02,2025-03-19T01:38:46,2025-03-19T07:45:40,165,escalated
INV-07216,A-09217,ORG-011,ANALYST-05,2025-06-20T07:56:01,2025-06-20T09:30:08,397,false_positive
INV-07217,A-09218,ORG-011,ANALYST-20,2025-04-29T01:02:41,2025-04-29T06:17:20,425,resolved
INV-07218,A-09219,ORG-011,ANALYST-08,2025-04-09T11:01:42,2025-04-09T18:05:59,457,resolved
INV-07219,A-09221,ORG-011,ANALYST-06,2025-03-31T09:49:38,2025-03-31T10:26:16,230,resolved
INV-07220,A-09222,ORG-011,ANALYST-07,2025-01-11T05:52:15,2025-01-11T12:47:05,165,resolved
INV-07221,A-09224,ORG-011,ANALYST-20,2025-03-31T09:01:48,2025-03-31T13:00:01,425,resolved
INV-07222,A-09225,ORG-011,ANALYST-15,2025-06-02T14:46:43,2025-06-02T16:51:46,475,resolved
INV-07223,A-09226,ORG-011,ANALYST-19,2025-06-01T03:20:17,2025-06-01T06:22:03,446,false_positive
INV-07224,A-09227,ORG-011,ANALYST-01,2025-01-10T04:33:54,2025-01-10T12:06:59,278,escalated
INV-07225,A-09229,ORG-011,ANALYST-18,2025-03-22T18:32:28,2025-03-22T20:21:38,546,resolved
INV-07226,A-09230,ORG-011,ANALYST-09,2025-04-02T16:08:40,2025-04-02T18:33:48,171,resolved
INV-07227,A-09232,ORG-011,ANALYST-01,2025-05-15T12:39:29,2025-05-15T15:14:39,488,escalated
INV-07228,A-09233,ORG-011,ANALYST-20,2025-04-07T00:26:21,2025-04-07T01:27:24,256,resolved
INV-07229,A-09234,ORG-011,ANALYST-13,2025-05-23T22:05:13,2025-05-24T00:52:34,480,false_positive
INV-07230,A-09235,ORG-011,ANALYST-08,2025-01-21T16:14:16,2025-01-21T19:23:44,358,false_positive
INV-07231,A-09236,ORG-011,ANALYST-18,2025-05-29T07:46:11,2025-05-29T09:03:40,334,resolved
INV-07232,A-09237,ORG-011,ANALYST-04,2025-04-20T01:14:15,2025-04-20T04:11:54,101,resolved
INV-07233,A-09238,ORG-011,ANALYST-20,2025-05-26T02:00:20,2025-05-26T09:42:38,660,resolved
INV-07234,A-09239,ORG-011,ANALYST-12,2025-02-01T20:01:39,2025-02-01T23:35:33,123,escalated
INV-07235,A-09240,ORG-011,ANALYST-18,2025-01-25T01:02:51,2025-01-25T02:14:17,644,resolved
INV-07236,A-09241,ORG-011,ANALYST-12,2025-01-08T16:22:58,2025-01-08T22:52:33,582,open
INV-07237,A-09242,ORG-011,ANALYST-19,2025-02-07T16:55:14,2025-02-07T22:21:29,461,escalated
INV-07238,A-09243,ORG-011,ANALYST-01,2025-05-18T09:04:43,2025-05-18T11:46:05,441,resolved
INV-07239,A-09244,ORG-011,ANALYST-16,2025-05-25T08:47:19,2025-05-25T16:04:09,307,resolved
INV-07240,A-09245,ORG-011,ANALYST-06,2025-01-14T06:40:34,2025-01-14T10:02:33,211,resolved
INV-07241,A-09246,ORG-011,ANALYST-10,2025-04-17T22:43:43,2025-04-18T05:48:01,215,resolved
INV-07242,A-09247,ORG-011,ANALYST-15,2025-05-20T08:25:42,2025-05-20T11:46:03,718,escalated
INV-07243,A-09249,ORG-011,ANALYST-04,2025-03-28T14:48:36,2025-03-28T20:15:51,821,resolved
INV-07244,A-09250,ORG-011,ANALYST-09,2025-06-16T10:00:39,2025-06-16T11:18:37,290,resolved
INV-07245,A-09252,ORG-011,ANALYST-13,2025-05-10T08:00:11,2025-05-10T11:06:58,496,resolved
INV-07246,A-09254,ORG-011,ANALYST-11,2025-01-25T15:42:09,2025-01-25T17:25:33,623,resolved
INV-07247,A-09255,ORG-011,ANALYST-09,2025-06-23T12:06:11,2025-06-23T13:36:36,418,open
INV-07248,A-09256,ORG-011,ANALYST-06,2025-06-25T05:21:49,2025-06-25T11:02:08,469,resolved
INV-07249,A-09257,ORG-011,ANALYST-11,2025-04-30T14:40:43,2025-04-30T16:12:41,747,resolved
INV-07250,A-09259,ORG-011,ANALYST-16,2025-05-17T07:15:45,2025-05-17T08:13:28,164,resolved
INV-07251,A-09261,ORG-011,ANALYST-06,2025-06-12T11:31:43,2025-06-12T14:05:49,115,false_positive
INV-07252,A-09262,ORG-011,ANALYST-18,2025-03-03T10:08:23,2025-03-03T14:53:27,155,false_positive
INV-07253,A-09263,ORG-011,ANALYST-03,2025-04-07T00:30:15,2025-04-07T05:44:23,211,resolved
INV-07254,A-09264,ORG-011,ANALYST-11,2025-02-23T09:34:53,2025-02-23T15:07:43,144,false_positive
INV-07255,A-09265,ORG-011,ANALYST-19,2025-03-08T12:30:30,2025-03-08T19:42:46,522,resolved
INV-07256,A-09266,ORG-011,ANALYST-20,2025-04-25T07:34:46,2025-04-25T10:42:46,494,resolved
INV-07257,A-09267,ORG-011,ANALYST-20,2025-02-17T01:59:59,2025-02-17T09:34:04,397,escalated
INV-07258,A-09268,ORG-011,ANALYST-14,2025-03-01T07:15:04,2025-03-01T14:09:16,342,false_positive
INV-07259,A-09269,ORG-011,ANALYST-20,2025-05-29T08:28:18,2025-05-29T15:47:56,306,resolved
INV-07260,A-09270,ORG-011,ANALYST-04,2025-02-18T10:08:14,2025-02-18T16:06:24,602,resolved
INV-07261,A-09271,ORG-011,ANALYST-01,2025-02-18T10:14:53,2025-02-18T11:28:57,877,open
INV-07262,A-09272,ORG-011,ANALYST-03,2025-05-13T11:30:24,2025-05-13T13:37:35,183,false_positive
INV-07263,A-09273,ORG-011,ANALYST-07,2025-04-24T05:21:12,2025-04-24T09:14:46,137,false_positive
INV-07264,A-09275,ORG-011,ANALYST-12,2025-06-02T17:06:56,2025-06-02T19:10:31,276,false_positive
INV-07265,A-09276,ORG-011,ANALYST-10,2025-03-12T22:14:34,2025-03-13T00:22:28,418,escalated
INV-07266,A-09277,ORG-011,ANALYST-02,2025-01-09T04:08:16,2025-01-09T05:05:10,482,escalated
INV-07267,A-09279,ORG-011,ANALYST-19,2025-04-04T17:39:08,2025-04-04T18:28:22,332,resolved
INV-07268,A-09280,ORG-011,ANALYST-09,2025-06-12T07:27:00,2025-06-12T08:56:15,785,resolved
INV-07269,A-09281,ORG-011,ANALYST-05,2025-03-14T13:41:16,2025-03-14T19:45:51,262,resolved
INV-07270,A-09282,ORG-011,ANALYST-18,2025-01-21T05:33:45,2025-01-21T11:39:42,613,resolved
INV-07271,A-09285,ORG-011,ANALYST-07,2025-01-22T20:33:03,2025-01-22T21:20:28,472,false_positive
INV-07272,A-09286,ORG-011,ANALYST-14,2025-02-06T05:17:44,2025-02-06T09:16:09,283,resolved
INV-07273,A-09287,ORG-011,ANALYST-03,2025-05-31T14:36:33,2025-05-31T16:46:53,585,resolved
INV-07274,A-09288,ORG-011,ANALYST-09,2025-03-05T23:37:35,2025-03-06T05:12:19,116,resolved
INV-07275,A-09289,ORG-011,ANALYST-11,2025-03-12T15:20:58,2025-03-12T19:41:29,308,resolved
INV-07276,A-09291,ORG-011,ANALYST-01,2025-04-14T08:25:50,2025-04-14T15:09:05,655,resolved
INV-07277,A-09292,ORG-011,ANALYST-19,2025-06-21T10:10:03,2025-06-21T18:00:39,679,resolved
INV-07278,A-09293,ORG-011,ANALYST-17,2025-05-05T08:12:54,2025-05-05T12:29:29,446,resolved
INV-07279,A-09294,ORG-011,ANALYST-19,2025-02-14T11:11:47,2025-02-14T19:02:47,202,false_positive
INV-07280,A-09295,ORG-011,ANALYST-02,2025-05-22T21:56:58,2025-05-23T03:29:12,661,resolved
INV-07281,A-09296,ORG-011,ANALYST-07,2025-03-29T06:01:07,2025-03-29T11:50:12,297,escalated
INV-07282,A-09297,ORG-011,ANALYST-19,2025-01-21T03:32:23,2025-01-21T09:24:22,552,escalated
INV-07283,A-09298,ORG-011,ANALYST-15,2025-05-13T18:04:21,2025-05-13T18:43:03,204,escalated
INV-07284,A-09299,ORG-011,ANALYST-16,2025-05-27T21:21:05,2025-05-28T02:07:26,377,resolved
INV-07285,A-09300,ORG-011,ANALYST-15,2025-04-08T15:56:28,2025-04-08T22:41:09,567,resolved
INV-07286,A-09301,ORG-011,ANALYST-15,2025-03-27T23:02:07,2025-03-28T04:26:31,651,escalated
INV-07287,A-09303,ORG-011,ANALYST-09,2025-05-09T23:19:18,2025-05-10T01:15:30,815,resolved
INV-07288,A-09304,ORG-011,ANALYST-13,2025-06-22T16:16:06,2025-06-22T18:07:40,288,resolved
INV-07289,A-09305,ORG-011,ANALYST-08,2025-02-08T21:28:31,2025-02-09T04:15:52,290,resolved
INV-07290,A-09306,ORG-011,ANALYST-03,2025-02-07T17:27:33,2025-02-07T18:38:07,232,escalated
INV-07291,A-09308,ORG-011,ANALYST-10,2025-06-04T08:24:09,2025-06-04T09:22:03,111,resolved
INV-07292,A-09309,ORG-011,ANALYST-08,2025-04-06T04:29:58,2025-04-06T08:57:52,497,resolved
INV-07293,A-09310,ORG-011,ANALYST-04,2025-06-09T10:23:51,2025-06-09T18:05:27,469,escalated
INV-07294,A-09311,ORG-011,ANALYST-10,2025-06-12T13:03:28,2025-06-12T20:35:38,370,resolved
INV-07295,A-09312,ORG-011,ANALYST-16,2025-01-03T10:59:50,2025-01-03T13:17:56,135,escalated
INV-07296,A-09313,ORG-011,ANALYST-10,2025-01-17T09:20:10,2025-01-17T14:06:40,257,resolved
INV-07297,A-09314,ORG-011,ANALYST-16,2025-04-10T04:56:47,2025-04-10T12:40:11,65,resolved
INV-07298,A-09315,ORG-011,ANALYST-03,2025-05-02T20:11:26,2025-05-03T01:33:05,385,resolved
INV-07299,A-09316,ORG-011,ANALYST-03,2025-05-04T06:00:00,2025-05-04T13:32:57,363,resolved
INV-07300,A-09317,ORG-011,ANALYST-20,2025-06-20T00:15:33,2025-06-20T07:52:45,598,resolved
INV-07301,A-09318,ORG-011,ANALYST-07,2025-03-14T19:50:42,2025-03-14T21:15:09,320,resolved
INV-07302,A-09319,ORG-011,ANALYST-09,2025-05-19T16:06:21,2025-05-19T19:40:41,254,false_positive
INV-07303,A-09321,ORG-011,ANALYST-09,2025-03-08T13:46:59,2025-03-08T17:06:16,478,resolved
INV-07304,A-09324,ORG-011,ANALYST-06,2025-05-05T11:27:33,2025-05-05T13:44:19,720,false_positive
INV-07305,A-09327,ORG-011,ANALYST-01,2025-05-23T10:06:17,2025-05-23T10:43:20,283,false_positive
INV-07306,A-09328,ORG-011,ANALYST-17,2025-04-28T03:01:19,2025-04-28T08:36:29,60,escalated
INV-07307,A-09331,ORG-011,ANALYST-05,2025-03-15T11:31:36,2025-03-15T13:32:35,153,resolved
INV-07308,A-09332,ORG-011,ANALYST-01,2025-01-17T00:02:26,2025-01-17T02:43:35,101,resolved
INV-07309,A-09333,ORG-011,ANALYST-10,2025-01-26T00:24:08,2025-01-26T03:24:55,405,resolved
INV-07310,A-09334,ORG-011,ANALYST-15,2025-03-19T21:55:23,2025-03-19T22:43:14,571,escalated
INV-07311,A-09335,ORG-011,ANALYST-16,2025-02-09T23:02:07,2025-02-10T00:29:04,728,escalated
INV-07312,A-09336,ORG-011,ANALYST-18,2025-01-15T23:39:23,2025-01-16T01:23:46,693,resolved
INV-07313,A-09337,ORG-011,ANALYST-09,2025-03-10T02:25:46,2025-03-10T05:28:50,218,escalated
INV-07314,A-09338,ORG-011,ANALYST-02,2025-04-02T09:56:08,2025-04-02T11:33:34,490,false_positive
INV-07315,A-09339,ORG-011,ANALYST-05,2025-03-02T20:34:07,2025-03-03T03:48:00,339,resolved
INV-07316,A-09340,ORG-011,ANALYST-03,2025-06-14T16:10:55,2025-06-14T20:21:56,641,resolved
INV-07317,A-09342,ORG-011,ANALYST-20,2025-05-30T00:26:17,2025-05-30T06:20:50,457,resolved
INV-07318,A-09343,ORG-011,ANALYST-04,2025-06-06T22:40:32,2025-06-07T02:04:50,342,resolved
INV-07319,A-09344,ORG-011,ANALYST-07,2025-05-22T07:36:22,2025-05-22T11:18:09,446,resolved
INV-07320,A-09345,ORG-011,ANALYST-06,2025-05-08T05:58:38,2025-05-08T09:03:26,538,false_positive
INV-07321,A-09346,ORG-011,ANALYST-05,2025-03-20T06:41:06,2025-03-20T09:10:25,534,escalated
INV-07322,A-09347,ORG-011,ANALYST-13,2025-06-09T17:26:43,2025-06-09T19:41:15,270,resolved
INV-07323,A-09348,ORG-011,ANALYST-12,2025-04-27T01:15:34,2025-04-27T08:08:34,298,false_positive
INV-07324,A-09349,ORG-011,ANALYST-16,2025-05-13T04:08:31,2025-05-13T06:53:12,311,resolved
INV-07325,A-09351,ORG-011,ANALYST-04,2025-04-04T04:15:12,2025-04-04T11:56:47,465,false_positive
INV-07326,A-09352,ORG-011,ANALYST-12,2025-04-14T13:48:58,2025-04-14T17:39:04,881,resolved
INV-07327,A-09353,ORG-011,ANALYST-02,2025-02-15T06:38:30,2025-02-15T10:46:19,122,escalated
INV-07328,A-09354,ORG-011,ANALYST-08,2025-04-17T01:18:09,2025-04-17T09:04:17,554,resolved
INV-07329,A-09355,ORG-011,ANALYST-04,2025-03-30T09:07:16,2025-03-30T12:09:18,284,escalated
INV-07330,A-09356,ORG-011,ANALYST-10,2025-06-17T08:18:17,2025-06-17T09:09:33,234,resolved
INV-07331,A-09357,ORG-011,ANALYST-15,2025-06-25T02:25:48,2025-06-25T10:21:25,496,false_positive
INV-07332,A-09358,ORG-011,ANALYST-18,2025-05-29T02:21:04,2025-05-29T06:07:06,270,resolved
INV-07333,A-09359,ORG-011,ANALYST-18,2025-03-18T06:43:02,2025-03-18T07:15:18,579,resolved
INV-07334,A-09360,ORG-011,ANALYST-07,2025-06-26T16:42:44,2025-06-26T22:31:40,531,resolved
INV-07335,A-09361,ORG-011,ANALYST-16,2025-06-29T02:24:15,2025-06-29T02:57:20,597,resolved
INV-07336,A-09362,ORG-011,ANALYST-11,2025-06-03T06:11:37,2025-06-03T13:48:38,115,escalated
INV-07337,A-09363,ORG-011,ANALYST-19,2025-06-04T08:45:27,2025-06-04T11:41:06,481,escalated
INV-07338,A-09365,ORG-011,ANALYST-08,2025-01-17T06:49:45,2025-01-17T09:53:17,487,open
INV-07339,A-09368,ORG-011,ANALYST-12,2025-01-21T23:46:32,2025-01-22T06:28:56,194,false_positive
INV-07340,A-09369,ORG-011,ANALYST-01,2025-04-29T13:16:01,2025-04-29T15:39:20,553,false_positive
INV-07341,A-09370,ORG-011,ANALYST-11,2025-04-07T03:50:01,2025-04-07T06:00:31,223,escalated
INV-07342,A-09371,ORG-011,ANALYST-11,2025-01-09T01:17:27,2025-01-09T02:50:30,710,open
INV-07343,A-09372,ORG-011,ANALYST-15,2025-02-09T00:23:01,2025-02-09T06:20:40,505,resolved
INV-07344,A-09373,ORG-011,ANALYST-15,2025-03-01T12:03:05,2025-03-01T13:02:23,665,resolved
INV-07345,A-09374,ORG-011,ANALYST-19,2025-02-05T05:38:04,2025-02-05T06:55:38,324,escalated
INV-07346,A-09375,ORG-011,ANALYST-17,2025-03-01T13:02:37,2025-03-01T15:25:37,601,false_positive
INV-07347,A-09376,ORG-011,ANALYST-08,2025-05-30T00:22:25,2025-05-30T01:19:38,267,resolved
INV-07348,A-09377,ORG-011,ANALYST-17,2025-05-20T16:02:37,2025-05-20T18:23:31,153,escalated
INV-07349,A-09378,ORG-011,ANALYST-12,2025-05-13T02:41:19,2025-05-13T06:18:21,375,escalated
INV-07350,A-09379,ORG-011,ANALYST-14,2025-04-15T01:59:51,2025-04-15T05:27:52,504,resolved
INV-07351,A-09380,ORG-011,ANALYST-01,2025-03-27T15:54:50,2025-03-27T17:06:50,424,resolved
INV-07352,A-09381,ORG-011,ANALYST-16,2025-05-30T03:02:42,2025-05-30T04:23:33,366,false_positive
INV-07353,A-09382,ORG-011,ANALYST-12,2025-05-11T17:42:12,2025-05-12T01:27:59,327,escalated
INV-07354,A-09383,ORG-011,ANALYST-07,2025-05-12T15:54:26,2025-05-12T18:20:22,418,resolved
INV-07355,A-09384,ORG-011,ANALYST-11,2025-05-17T06:10:34,2025-05-17T12:36:45,291,resolved
INV-07356,A-09385,ORG-011,ANALYST-11,2025-01-07T18:40:25,2025-01-07T19:18:05,186,resolved
INV-07357,A-09387,ORG-011,ANALYST-18,2025-05-22T22:25:17,2025-05-23T02:54:05,238,resolved
INV-07358,A-09389,ORG-011,ANALYST-06,2025-02-15T16:17:54,2025-02-15T17:27:43,213,resolved
INV-07359,A-09390,ORG-011,ANALYST-10,2025-03-20T19:01:06,2025-03-21T00:09:53,295,escalated
INV-07360,A-09391,ORG-011,ANALYST-03,2025-05-10T20:50:38,2025-05-11T00:49:15,350,resolved
INV-07361,A-09393,ORG-011,ANALYST-16,2025-02-05T17:18:46,2025-02-05T23:06:31,291,resolved
INV-07362,A-09394,ORG-011,ANALYST-03,2025-03-02T12:25:59,2025-03-02T18:28:52,119,false_positive
INV-07363,A-09395,ORG-011,ANALYST-01,2025-04-19T02:41:43,2025-04-19T06:44:37,740,false_positive
INV-07364,A-09396,ORG-011,ANALYST-17,2025-01-28T22:24:37,2025-01-29T04:27:50,154,escalated
INV-07365,A-09397,ORG-011,ANALYST-18,2025-06-19T16:51:49,2025-06-19T18:12:01,329,escalated
INV-07366,A-09398,ORG-011,ANALYST-04,2025-05-23T00:08:01,2025-05-23T05:35:31,819,open
INV-07367,A-09399,ORG-011,ANALYST-03,2025-01-20T05:48:58,2025-01-20T11:23:38,107,false_positive
INV-07368,A-09400,ORG-011,ANALYST-16,2025-01-23T09:04:34,2025-01-23T15:34:24,637,resolved
INV-07369,A-09401,ORG-011,ANALYST-03,2025-04-18T03:42:01,2025-04-18T09:46:59,503,open
INV-07370,A-09402,ORG-011,ANALYST-02,2025-02-25T03:51:52,2025-02-25T06:14:03,431,resolved
INV-07371,A-09403,ORG-011,ANALYST-02,2025-03-25T05:13:27,2025-03-25T13:10:24,324,resolved
INV-07372,A-09404,ORG-011,ANALYST-19,2025-04-27T17:03:21,2025-04-27T18:58:23,385,resolved
INV-07373,A-09405,ORG-011,ANALYST-01,2025-02-06T19:14:40,2025-02-06T22:06:28,290,resolved
INV-07374,A-09406,ORG-011,ANALYST-01,2025-02-18T14:12:39,2025-02-18T20:57:24,500,escalated
INV-07375,A-09407,ORG-011,ANALYST-03,2025-02-08T17:33:01,2025-02-08T20:44:32,518,resolved
INV-07376,A-09409,ORG-011,ANALYST-06,2025-01-08T15:36:36,2025-01-08T16:49:21,201,resolved
INV-07377,A-09412,ORG-011,ANALYST-11,2025-06-11T15:12:01,2025-06-11T16:11:05,202,escalated
INV-07378,A-09413,ORG-011,ANALYST-05,2025-01-21T06:52:56,2025-01-21T14:48:44,275,escalated
INV-07379,A-09414,ORG-011,ANALYST-19,2025-03-16T01:09:38,2025-03-16T05:28:13,161,resolved
INV-07380,A-09415,ORG-011,ANALYST-01,2025-04-29T22:01:10,2025-04-30T00:27:31,301,resolved
INV-07381,A-09416,ORG-011,ANALYST-19,2025-01-13T11:53:59,2025-01-13T18:12:42,296,false_positive
INV-07382,A-09418,ORG-011,ANALYST-17,2025-01-30T03:55:40,2025-01-30T10:35:30,200,escalated
INV-07383,A-09419,ORG-011,ANALYST-12,2025-02-06T09:43:31,2025-02-06T16:05:50,442,resolved
INV-07384,A-09420,ORG-011,ANALYST-08,2025-01-15T06:54:39,2025-01-15T10:55:51,357,resolved
INV-07385,A-09421,ORG-011,ANALYST-18,2025-04-04T23:01:17,2025-04-05T06:42:41,236,resolved
INV-07386,A-09422,ORG-011,ANALYST-14,2025-05-06T14:38:13,2025-05-06T16:16:23,377,resolved
INV-07387,A-09423,ORG-011,ANALYST-06,2025-03-18T17:45:57,2025-03-18T21:34:22,175,escalated
INV-07388,A-09424,ORG-011,ANALYST-08,2025-02-03T16:28:12,2025-02-03T19:00:23,157,resolved
INV-07389,A-09425,ORG-011,ANALYST-08,2025-01-18T08:12:22,2025-01-18T11:31:11,160,resolved
INV-07390,A-09426,ORG-011,ANALYST-08,2025-06-05T11:41:31,2025-06-05T17:02:32,92,resolved
INV-07391,A-09427,ORG-011,ANALYST-08,2025-01-31T00:32:23,2025-01-31T04:35:13,356,resolved
INV-07392,A-09428,ORG-011,ANALYST-14,2025-05-13T10:22:07,2025-05-13T12:23:51,799,resolved
INV-07393,A-09429,ORG-011,ANALYST-08,2025-02-22T08:02:55,2025-02-22T14:13:10,428,false_positive
INV-07394,A-09430,ORG-011,ANALYST-12,2025-05-15T11:27:00,2025-05-15T17:42:28,275,escalated
INV-07395,A-09431,ORG-011,ANALYST-02,2025-03-06T18:11:42,2025-03-06T23:52:30,473,false_positive
INV-07396,A-09432,ORG-011,ANALYST-07,2025-05-21T11:46:35,2025-05-21T13:18:35,217,resolved
INV-07397,A-09433,ORG-011,ANALYST-05,2025-05-05T10:32:34,2025-05-05T11:36:32,322,escalated
INV-07398,A-09435,ORG-011,ANALYST-06,2025-03-23T03:00:30,2025-03-23T08:46:16,354,escalated
INV-07399,A-09436,ORG-011,ANALYST-02,2025-01-20T23:02:45,2025-01-21T03:05:48,409,false_positive
INV-07400,A-09437,ORG-011,ANALYST-12,2025-02-20T20:09:57,2025-02-20T21:55:08,296,resolved
INV-07401,A-09438,ORG-011,ANALYST-09,2025-05-16T12:06:24,2025-05-16T13:34:16,467,false_positive
INV-07402,A-09439,ORG-011,ANALYST-05,2025-04-17T05:23:37,2025-04-17T07:25:51,107,escalated
INV-07403,A-09440,ORG-011,ANALYST-07,2025-06-04T14:30:20,2025-06-04T16:46:07,133,resolved
INV-07404,A-09442,ORG-011,ANALYST-08,2025-06-23T03:50:03,2025-06-23T11:30:47,107,escalated
INV-07405,A-09447,ORG-011,ANALYST-03,2025-03-01T12:55:40,2025-03-01T16:06:18,387,resolved
INV-07406,A-09448,ORG-011,ANALYST-01,2025-02-23T21:11:25,2025-02-24T03:58:28,198,open
INV-07407,A-09449,ORG-011,ANALYST-01,2025-02-12T08:52:46,2025-02-12T09:33:13,871,resolved
INV-07408,A-09451,ORG-011,ANALYST-08,2025-02-05T12:49:57,2025-02-05T19:40:23,351,open
INV-07409,A-09452,ORG-011,ANALYST-04,2025-04-28T20:47:49,2025-04-29T02:46:27,247,escalated
INV-07410,A-09453,ORG-011,ANALYST-01,2025-02-09T09:35:55,2025-02-09T13:36:59,297,resolved
INV-07411,A-09454,ORG-011,ANALYST-03,2025-01-29T05:09:49,2025-01-29T07:19:19,248,false_positive
INV-07412,A-09455,ORG-011,ANALYST-05,2025-04-21T00:00:35,2025-04-21T04:44:10,807,resolved
INV-07413,A-09457,ORG-011,ANALYST-17,2025-04-12T03:35:52,2025-04-12T10:23:27,411,resolved
INV-07414,A-09458,ORG-011,ANALYST-03,2025-06-15T16:50:39,2025-06-15T22:02:17,122,escalated
INV-07415,A-09459,ORG-011,ANALYST-03,2025-01-31T09:34:06,2025-01-31T15:46:05,891,resolved
INV-07416,A-09461,ORG-011,ANALYST-06,2025-04-06T15:48:02,2025-04-06T18:45:26,272,escalated
INV-07417,A-09462,ORG-011,ANALYST-15,2025-04-09T09:09:13,2025-04-09T10:49:31,307,escalated
INV-07418,A-09463,ORG-011,ANALYST-08,2025-04-06T06:49:56,2025-04-06T14:45:54,207,resolved
INV-07419,A-09464,ORG-011,ANALYST-10,2025-02-01T10:53:29,2025-02-01T18:10:03,399,resolved
INV-07420,A-09465,ORG-011,ANALYST-12,2025-01-12T17:10:58,2025-01-12T20:13:48,381,resolved
INV-07421,A-09466,ORG-011,ANALYST-04,2025-02-20T10:07:03,2025-02-20T17:48:13,156,resolved
INV-07422,A-09467,ORG-011,ANALYST-01,2025-02-24T19:22:22,2025-02-24T21:02:10,326,escalated
INV-07423,A-09468,ORG-011,ANALYST-14,2025-06-02T07:14:19,2025-06-02T10:59:55,820,resolved
INV-07424,A-09469,ORG-011,ANALYST-08,2025-02-20T05:43:42,2025-02-20T07:03:12,426,resolved
INV-07425,A-09471,ORG-011,ANALYST-06,2025-05-11T14:04:47,2025-05-11T16:21:45,268,false_positive
INV-07426,A-09472,ORG-011,ANALYST-09,2025-01-03T20:09:53,2025-01-03T21:41:19,712,resolved
INV-07427,A-09474,ORG-011,ANALYST-10,2025-05-09T02:13:44,2025-05-09T06:28:52,193,resolved
INV-07428,A-09475,ORG-011,ANALYST-18,2025-06-10T21:40:10,2025-06-10T23:38:27,436,resolved
INV-07429,A-09476,ORG-011,ANALYST-18,2025-04-11T02:26:50,2025-04-11T05:27:48,344,resolved
INV-07430,A-09477,ORG-011,ANALYST-05,2025-01-15T00:54:40,2025-01-15T08:18:30,255,resolved
INV-07431,A-09478,ORG-011,ANALYST-12,2025-03-21T06:53:39,2025-03-21T12:13:49,139,resolved
INV-07432,A-09479,ORG-011,ANALYST-10,2025-03-12T04:22:29,2025-03-12T11:03:38,323,resolved
INV-07433,A-09480,ORG-011,ANALYST-06,2025-01-16T20:37:35,2025-01-17T02:09:15,248,resolved
INV-07434,A-09481,ORG-011,ANALYST-07,2025-04-25T09:00:21,2025-04-25T13:44:53,376,escalated
INV-07435,A-09482,ORG-011,ANALYST-06,2025-04-09T22:34:55,2025-04-10T04:34:56,482,escalated
INV-07436,A-09483,ORG-011,ANALYST-10,2025-01-02T15:52:43,2025-01-02T19:41:53,164,resolved
INV-07437,A-09485,ORG-011,ANALYST-09,2025-02-18T04:07:52,2025-02-18T12:03:00,427,resolved
INV-07438,A-09486,ORG-011,ANALYST-01,2025-05-13T22:59:49,2025-05-14T01:11:05,730,resolved
INV-07439,A-09487,ORG-011,ANALYST-01,2025-05-18T12:34:30,2025-05-18T13:41:46,315,resolved
INV-07440,A-09489,ORG-011,ANALYST-10,2025-02-01T23:18:07,2025-02-02T05:53:55,245,resolved
INV-07441,A-09490,ORG-011,ANALYST-14,2025-02-15T13:36:51,2025-02-15T18:27:01,241,resolved
INV-07442,A-09491,ORG-011,ANALYST-20,2025-05-05T22:29:26,2025-05-06T00:10:09,468,false_positive
INV-07443,A-09492,ORG-011,ANALYST-13,2025-05-23T10:44:22,2025-05-23T17:24:40,263,resolved
INV-07444,A-09494,ORG-011,ANALYST-18,2025-02-10T08:40:04,2025-02-10T12:57:28,429,escalated
INV-07445,A-09495,ORG-011,ANALYST-20,2025-03-22T12:35:04,2025-03-22T16:07:44,521,resolved
INV-07446,A-09496,ORG-011,ANALYST-07,2025-06-30T10:21:05,2025-06-30T15:32:57,217,resolved
INV-07447,A-09497,ORG-011,ANALYST-08,2025-03-23T05:29:40,2025-03-23T08:33:25,376,resolved
INV-07448,A-09498,ORG-011,ANALYST-01,2025-05-06T04:15:51,2025-05-06T08:06:41,265,resolved
INV-07449,A-09500,ORG-011,ANALYST-11,2025-02-12T01:52:40,2025-02-12T03:55:24,473,escalated
INV-07450,A-09502,ORG-011,ANALYST-02,2025-01-26T21:54:26,2025-01-27T04:59:30,362,escalated
INV-07451,A-09503,ORG-011,ANALYST-03,2025-06-17T08:40:56,2025-06-17T15:24:57,494,false_positive
INV-07452,A-09505,ORG-011,ANALYST-05,2025-05-15T23:14:38,2025-05-16T03:21:22,370,resolved
INV-07453,A-09506,ORG-011,ANALYST-12,2025-06-30T03:38:27,2025-06-30T09:11:37,410,resolved
INV-07454,A-09507,ORG-011,ANALYST-04,2025-03-23T19:24:25,2025-03-23T21:20:10,395,escalated
INV-07455,A-09508,ORG-011,ANALYST-17,2025-05-14T16:35:33,2025-05-14T21:16:35,247,resolved
INV-07456,A-09509,ORG-011,ANALYST-06,2025-03-27T21:37:32,2025-03-28T00:05:37,353,resolved
INV-07457,A-09510,ORG-011,ANALYST-15,2025-04-02T15:12:34,2025-04-02T21:38:40,485,false_positive
INV-07458,A-09511,ORG-011,ANALYST-02,2025-03-28T11:40:02,2025-03-28T17:22:42,122,escalated
INV-07459,A-09512,ORG-011,ANALYST-09,2025-01-23T05:05:18,2025-01-23T08:25:42,390,open
INV-07460,A-09513,ORG-011,ANALYST-01,2025-02-24T02:04:02,2025-02-24T07:58:34,412,resolved
INV-07461,A-09514,ORG-011,ANALYST-12,2025-05-22T15:59:40,2025-05-22T20:17:59,243,resolved
INV-07462,A-09515,ORG-011,ANALYST-14,2025-05-23T23:29:23,2025-05-24T05:42:24,244,false_positive
INV-07463,A-09516,ORG-011,ANALYST-17,2025-04-18T02:50:20,2025-04-18T03:40:49,169,open
INV-07464,A-09517,ORG-011,ANALYST-07,2025-03-12T12:41:34,2025-03-12T20:30:56,455,resolved
INV-07465,A-09518,ORG-011,ANALYST-04,2025-06-01T06:47:03,2025-06-01T14:27:16,629,false_positive
INV-07466,A-09519,ORG-011,ANALYST-01,2025-02-13T16:32:56,2025-02-13T23:13:01,302,escalated
INV-07467,A-09520,ORG-011,ANALYST-13,2025-06-01T11:37:19,2025-06-01T16:35:33,249,resolved
INV-07468,A-09521,ORG-011,ANALYST-09,2025-02-23T00:24:18,2025-02-23T05:04:47,579,resolved
INV-07469,A-09522,ORG-011,ANALYST-03,2025-02-04T16:43:28,2025-02-04T20:55:47,537,false_positive
INV-07470,A-09523,ORG-011,ANALYST-10,2025-03-07T08:48:52,2025-03-07T13:48:04,453,resolved
INV-07471,A-09524,ORG-011,ANALYST-14,2025-03-11T06:44:01,2025-03-11T12:09:28,418,resolved
INV-07472,A-09526,ORG-011,ANALYST-05,2025-05-27T16:26:55,2025-05-27T19:15:06,115,false_positive
INV-07473,A-09527,ORG-011,ANALYST-02,2025-04-22T15:34:39,2025-04-22T18:51:31,618,resolved
INV-07474,A-09528,ORG-011,ANALYST-08,2025-06-11T01:22:34,2025-06-11T03:07:34,376,resolved
INV-07475,A-09529,ORG-011,ANALYST-02,2025-04-05T19:11:39,2025-04-06T00:06:38,186,resolved
INV-07476,A-09533,ORG-011,ANALYST-07,2025-05-07T16:42:14,2025-05-07T20:10:42,191,escalated
INV-07477,A-09534,ORG-011,ANALYST-14,2025-04-14T22:41:54,2025-04-15T04:51:26,171,resolved
INV-07478,A-09535,ORG-011,ANALYST-10,2025-06-04T18:38:04,2025-06-04T20:29:15,438,false_positive
INV-07479,A-09536,ORG-011,ANALYST-19,2025-06-26T16:54:41,2025-06-26T23:41:36,298,resolved
INV-07480,A-09537,ORG-011,ANALYST-10,2025-05-15T03:01:25,2025-05-15T08:30:05,175,resolved
INV-07481,A-09538,ORG-011,ANALYST-19,2025-03-11T13:09:23,2025-03-11T16:47:52,384,false_positive
INV-07482,A-09539,ORG-011,ANALYST-02,2025-02-02T01:56:03,2025-02-02T07:34:50,250,false_positive
INV-07483,A-09540,ORG-011,ANALYST-14,2025-04-01T09:13:26,2025-04-01T10:12:58,423,resolved
INV-07484,A-09541,ORG-011,ANALYST-06,2025-05-30T22:57:19,2025-05-31T06:48:02,417,escalated
INV-07485,A-09542,ORG-011,ANALYST-20,2025-03-05T08:03:55,2025-03-05T10:57:02,254,false_positive
INV-07486,A-09543,ORG-011,ANALYST-10,2025-04-04T08:33:21,2025-04-04T09:56:10,397,resolved
INV-07487,A-09544,ORG-011,ANALYST-06,2025-03-16T16:29:24,2025-03-16T20:44:36,453,false_positive
INV-07488,A-09545,ORG-011,ANALYST-17,2025-03-08T18:31:45,2025-03-09T00:43:55,784,resolved
INV-07489,A-09546,ORG-011,ANALYST-01,2025-03-24T19:14:32,2025-03-25T01:07:11,218,resolved
INV-07490,A-09547,ORG-011,ANALYST-03,2025-04-07T05:40:05,2025-04-07T12:26:18,594,resolved
INV-07491,A-09548,ORG-011,ANALYST-13,2025-04-16T02:08:27,2025-04-16T05:20:36,279,resolved
INV-07492,A-09549,ORG-011,ANALYST-18,2025-03-11T02:34:13,2025-03-11T06:59:28,89,resolved
INV-07493,A-09550,ORG-011,ANALYST-20,2025-01-31T22:13:55,2025-02-01T01:56:01,355,resolved
INV-07494,A-09551,ORG-011,ANALYST-18,2025-02-20T15:33:59,2025-02-20T16:19:52,691,resolved
INV-07495,A-09553,ORG-011,ANALYST-05,2025-04-21T14:20:33,2025-04-21T21:22:54,244,resolved
INV-07496,A-09555,ORG-011,ANALYST-19,2025-06-08T12:19:37,2025-06-08T13:01:20,467,false_positive
INV-07497,A-09556,ORG-011,ANALYST-03,2025-01-21T14:58:43,2025-01-21T22:44:11,77,open
INV-07498,A-09557,ORG-011,ANALYST-13,2025-01-28T15:19:08,2025-01-28T21:36:39,272,resolved
INV-07499,A-09558,ORG-011,ANALYST-14,2025-03-25T08:17:01,2025-03-25T11:28:10,601,resolved
INV-07500,A-09559,ORG-011,ANALYST-11,2025-06-04T07:27:52,2025-06-04T15:27:35,628,false_positive
INV-07501,A-09562,ORG-011,ANALYST-08,2025-03-18T12:27:47,2025-03-18T17:12:51,898,resolved
INV-07502,A-09563,ORG-011,ANALYST-16,2025-05-22T13:10:11,2025-05-22T18:28:43,62,escalated
INV-07503,A-09565,ORG-011,ANALYST-13,2025-03-29T05:51:47,2025-03-29T12:26:14,143,escalated
INV-07504,A-09566,ORG-011,ANALYST-12,2025-02-18T04:00:48,2025-02-18T07:48:29,204,resolved
INV-07505,A-09567,ORG-011,ANALYST-09,2025-01-06T15:38:56,2025-01-06T16:54:12,149,false_positive
INV-07506,A-09568,ORG-011,ANALYST-15,2025-02-01T16:07:58,2025-02-01T17:00:52,236,resolved
INV-07507,A-09569,ORG-011,ANALYST-07,2025-06-04T12:58:27,2025-06-04T15:02:30,80,resolved
INV-07508,A-09570,ORG-011,ANALYST-05,2025-03-06T06:29:51,2025-03-06T07:44:46,343,resolved
INV-07509,A-09571,ORG-011,ANALYST-04,2025-06-23T08:55:33,2025-06-23T16:38:57,496,resolved
INV-07510,A-09572,ORG-011,ANALYST-04,2025-06-27T22:57:38,2025-06-28T04:41:18,396,false_positive
INV-07511,A-09573,ORG-011,ANALYST-06,2025-03-06T08:04:24,2025-03-06T13:15:12,154,resolved
INV-07512,A-09574,ORG-011,ANALYST-16,2025-02-16T04:05:39,2025-02-16T05:54:34,366,resolved
INV-07513,A-09576,ORG-011,ANALYST-14,2025-01-11T23:25:00,2025-01-12T00:32:20,244,resolved
INV-07514,A-09577,ORG-011,ANALYST-13,2025-04-10T07:37:27,2025-04-10T14:54:00,460,resolved
INV-07515,A-09578,ORG-011,ANALYST-14,2025-01-06T01:04:05,2025-01-06T03:33:23,97,open
INV-07516,A-09579,ORG-011,ANALYST-17,2025-01-14T07:00:06,2025-01-14T07:46:09,684,resolved
INV-07517,A-09580,ORG-011,ANALYST-16,2025-06-27T18:18:36,2025-06-27T21:29:05,370,resolved
INV-07518,A-09581,ORG-011,ANALYST-14,2025-02-08T17:02:37,2025-02-08T22:16:44,339,false_positive
INV-07519,A-09582,ORG-011,ANALYST-16,2025-04-11T12:12:25,2025-04-11T14:40:40,324,escalated
INV-07520,A-09583,ORG-011,ANALYST-04,2025-06-01T02:35:53,2025-06-01T06:11:00,728,escalated
INV-07521,A-09585,ORG-011,ANALYST-18,2025-01-13T14:44:38,2025-01-13T21:22:02,283,resolved
INV-07522,A-09586,ORG-011,ANALYST-16,2025-02-04T11:41:46,2025-02-04T13:37:24,371,escalated
INV-07523,A-09587,ORG-011,ANALYST-16,2025-05-14T15:09:21,2025-05-14T15:52:25,414,resolved
INV-07524,A-09588,ORG-011,ANALYST-17,2025-04-19T19:43:26,2025-04-19T21:25:48,471,resolved
INV-07525,A-09589,ORG-011,ANALYST-14,2025-04-02T10:38:55,2025-04-02T14:10:12,686,resolved
INV-07526,A-09590,ORG-011,ANALYST-11,2025-03-07T21:15:24,2025-03-08T04:13:03,100,false_positive
INV-07527,A-09592,ORG-011,ANALYST-12,2025-06-21T01:23:46,2025-06-21T07:07:26,507,false_positive
INV-07528,A-09593,ORG-011,ANALYST-06,2025-02-09T21:05:59,2025-02-10T02:26:09,75,resolved
INV-07529,A-09594,ORG-011,ANALYST-14,2025-01-24T01:53:40,2025-01-24T06:28:28,122,resolved
INV-07530,A-09596,ORG-011,ANALYST-09,2025-04-03T09:16:47,2025-04-03T10:37:46,550,escalated
INV-07531,A-09598,ORG-011,ANALYST-05,2025-06-04T14:56:03,2025-06-04T20:46:19,425,escalated
INV-07532,A-09600,ORG-011,ANALYST-20,2025-04-12T04:44:52,2025-04-12T05:40:33,210,escalated
INV-07533,A-09601,ORG-011,ANALYST-06,2025-05-26T01:46:58,2025-05-26T03:04:49,119,escalated
INV-07534,A-09602,ORG-011,ANALYST-01,2025-04-30T05:13:10,2025-04-30T07:35:42,294,false_positive
INV-07535,A-09603,ORG-011,ANALYST-16,2025-02-12T16:41:34,2025-02-12T22:49:47,197,resolved
INV-07536,A-09604,ORG-011,ANALYST-17,2025-01-15T16:32:50,2025-01-15T21:11:57,555,resolved
INV-07537,A-09606,ORG-011,ANALYST-05,2025-06-14T13:05:47,2025-06-14T19:55:14,489,resolved
INV-07538,A-09607,ORG-011,ANALYST-04,2025-01-20T14:20:24,2025-01-20T18:38:31,637,open
INV-07539,A-09608,ORG-011,ANALYST-14,2025-06-09T12:23:47,2025-06-09T15:33:14,759,escalated
INV-07540,A-09609,ORG-011,ANALYST-10,2025-04-08T07:25:26,2025-04-08T11:03:15,366,escalated
INV-07541,A-09610,ORG-011,ANALYST-05,2025-02-13T11:38:02,2025-02-13T12:42:39,243,resolved
INV-07542,A-09612,ORG-011,ANALYST-12,2025-02-25T18:32:59,2025-02-25T19:53:02,303,resolved
INV-07543,A-09613,ORG-011,ANALYST-18,2025-05-03T23:31:24,2025-05-04T03:51:33,162,resolved
INV-07544,A-09614,ORG-011,ANALYST-01,2025-02-13T03:50:16,2025-02-13T08:46:49,432,resolved
INV-07545,A-09615,ORG-011,ANALYST-01,2025-01-02T22:09:32,2025-01-03T02:27:38,328,resolved
INV-07546,A-09616,ORG-011,ANALYST-18,2025-04-30T16:03:03,2025-04-30T20:13:14,403,resolved
INV-07547,A-09617,ORG-011,ANALYST-06,2025-05-12T10:54:35,2025-05-12T12:13:02,196,escalated
INV-07548,A-09618,ORG-011,ANALYST-05,2025-01-13T11:59:25,2025-01-13T14:33:53,607,false_positive
INV-07549,A-09619,ORG-011,ANALYST-05,2025-04-11T02:43:13,2025-04-11T06:10:42,675,resolved
INV-07550,A-09620,ORG-011,ANALYST-07,2025-05-14T05:25:49,2025-05-14T08:04:45,224,resolved
INV-07551,A-09621,ORG-011,ANALYST-06,2025-06-26T09:03:15,2025-06-26T13:28:39,300,resolved
INV-07552,A-09622,ORG-011,ANALYST-17,2025-06-06T09:03:51,2025-06-06T12:44:41,558,resolved
INV-07553,A-09623,ORG-011,ANALYST-14,2025-05-05T03:33:51,2025-05-05T05:27:51,513,resolved
INV-07554,A-09624,ORG-011,ANALYST-16,2025-06-13T13:23:11,2025-06-13T15:49:55,391,resolved
INV-07555,A-09625,ORG-011,ANALYST-19,2025-01-13T11:10:30,2025-01-13T12:06:23,180,resolved
INV-07556,A-09626,ORG-011,ANALYST-14,2025-06-30T14:24:18,2025-06-30T17:20:54,212,resolved
INV-07557,A-09628,ORG-011,ANALYST-11,2025-04-19T03:07:23,2025-04-19T07:19:38,68,resolved
INV-07558,A-09629,ORG-011,ANALYST-20,2025-03-09T20:15:52,2025-03-09T22:45:51,656,false_positive
INV-07559,A-09630,ORG-011,ANALYST-09,2025-05-05T05:43:32,2025-05-05T09:20:25,359,resolved
INV-07560,A-09631,ORG-011,ANALYST-11,2025-06-04T09:48:01,2025-06-04T14:46:12,899,resolved
INV-07561,A-09632,ORG-011,ANALYST-05,2025-06-09T13:13:03,2025-06-09T15:36:23,729,escalated
INV-07562,A-09633,ORG-011,ANALYST-13,2025-04-28T09:51:03,2025-04-28T15:44:35,184,escalated
INV-07563,A-09634,ORG-011,ANALYST-13,2025-01-09T01:24:45,2025-01-09T08:46:40,411,resolved
INV-07564,A-09635,ORG-011,ANALYST-06,2025-01-22T22:14:49,2025-01-23T00:16:12,314,resolved
INV-07565,A-09636,ORG-011,ANALYST-18,2025-05-13T03:25:27,2025-05-13T11:12:34,143,escalated
INV-07566,A-09637,ORG-011,ANALYST-01,2025-06-12T07:19:03,2025-06-12T11:57:07,559,resolved
INV-07567,A-09638,ORG-011,ANALYST-15,2025-04-20T15:49:21,2025-04-20T19:14:09,186,resolved
INV-07568,A-09640,ORG-011,ANALYST-14,2025-06-05T04:48:29,2025-06-05T12:04:54,645,resolved
INV-07569,A-09641,ORG-011,ANALYST-12,2025-04-01T02:14:13,2025-04-01T04:16:12,152,escalated
INV-07570,A-09642,ORG-011,ANALYST-03,2025-04-01T03:09:05,2025-04-01T08:59:24,261,open
INV-07571,A-09644,ORG-011,ANALYST-07,2025-02-25T05:32:11,2025-02-25T06:41:17,290,escalated
INV-07572,A-09646,ORG-011,ANALYST-05,2025-04-02T15:07:03,2025-04-02T17:39:54,129,resolved
INV-07573,A-09647,ORG-011,ANALYST-05,2025-06-22T02:52:52,2025-06-22T05:30:28,658,resolved
INV-07574,A-09648,ORG-011,ANALYST-20,2025-03-06T17:30:46,2025-03-06T23:56:35,747,resolved
INV-07575,A-09649,ORG-011,ANALYST-12,2025-03-24T01:18:10,2025-03-24T06:40:06,441,resolved
INV-07576,A-09650,ORG-011,ANALYST-20,2025-01-08T10:34:50,2025-01-08T15:39:56,789,resolved
INV-07577,A-09651,ORG-011,ANALYST-14,2025-03-14T05:47:58,2025-03-14T08:42:53,206,escalated
INV-07578,A-09652,ORG-011,ANALYST-12,2025-03-30T20:11:56,2025-03-30T21:50:28,370,false_positive
INV-07579,A-09653,ORG-011,ANALYST-04,2025-04-05T23:53:11,2025-04-06T01:10:28,724,false_positive
INV-07580,A-09654,ORG-011,ANALYST-05,2025-03-13T13:06:14,2025-03-13T17:57:32,741,resolved
INV-07581,A-09655,ORG-011,ANALYST-13,2025-01-04T23:42:16,2025-01-05T02:06:51,196,false_positive
INV-07582,A-09656,ORG-011,ANALYST-03,2025-03-07T17:43:23,2025-03-07T21:24:58,598,resolved
INV-07583,A-09657,ORG-011,ANALYST-15,2025-04-12T19:44:54,2025-04-13T01:17:35,148,resolved
INV-07584,A-09658,ORG-011,ANALYST-15,2025-01-22T22:42:56,2025-01-23T05:11:59,230,resolved
INV-07585,A-09659,ORG-011,ANALYST-10,2025-04-23T08:57:30,2025-04-23T16:24:54,202,resolved
INV-07586,A-09660,ORG-011,ANALYST-04,2025-04-16T09:45:40,2025-04-16T11:50:15,166,resolved
INV-07587,A-09662,ORG-011,ANALYST-13,2025-01-23T13:32:09,2025-01-23T17:57:13,666,escalated
INV-07588,A-09663,ORG-011,ANALYST-04,2025-03-31T05:45:53,2025-03-31T06:40:45,326,resolved
INV-07589,A-09664,ORG-011,ANALYST-13,2025-04-17T11:29:03,2025-04-17T17:21:41,71,false_positive
INV-07590,A-09665,ORG-011,ANALYST-17,2025-02-28T00:31:35,2025-02-28T05:45:56,584,resolved
INV-07591,A-09666,ORG-011,ANALYST-04,2025-02-11T15:33:28,2025-02-11T17:54:13,279,resolved
INV-07592,A-09667,ORG-011,ANALYST-19,2025-02-15T04:28:38,2025-02-15T09:21:15,222,false_positive
INV-07593,A-09668,ORG-011,ANALYST-07,2025-03-23T04:44:37,2025-03-23T06:10:16,355,resolved
INV-07594,A-09669,ORG-011,ANALYST-19,2025-01-16T23:22:10,2025-01-17T01:26:22,659,resolved
INV-07595,A-09670,ORG-011,ANALYST-07,2025-04-21T05:43:33,2025-04-21T10:33:13,590,resolved
INV-07596,A-09671,ORG-011,ANALYST-03,2025-06-23T04:53:14,2025-06-23T10:25:36,526,escalated
INV-07597,A-09672,ORG-011,ANALYST-10,2025-03-27T00:15:36,2025-03-27T05:11:47,392,escalated
INV-07598,A-09673,ORG-011,ANALYST-08,2025-06-04T17:08:38,2025-06-04T21:49:01,168,resolved
INV-07599,A-09674,ORG-011,ANALYST-13,2025-06-21T05:07:51,2025-06-21T10:38:51,188,resolved
INV-07600,A-09675,ORG-011,ANALYST-11,2025-01-23T23:48:46,2025-01-24T07:27:56,52,escalated
INV-07601,A-09676,ORG-011,ANALYST-10,2025-02-02T19:17:06,2025-02-03T00:05:06,134,resolved
INV-07602,A-09677,ORG-011,ANALYST-07,2025-03-22T05:37:32,2025-03-22T12:03:54,138,resolved
INV-07603,A-09678,ORG-011,ANALYST-07,2025-05-29T10:31:38,2025-05-29T13:07:33,615,resolved
INV-07604,A-09679,ORG-011,ANALYST-16,2025-03-13T18:13:46,2025-03-13T21:48:06,334,resolved
INV-07605,A-09681,ORG-011,ANALYST-02,2025-06-13T18:58:39,2025-06-14T00:02:48,476,resolved
INV-07606,A-09682,ORG-011,ANALYST-04,2025-05-03T11:36:17,2025-05-03T12:48:21,112,resolved
INV-07607,A-09683,ORG-011,ANALYST-05,2025-04-28T02:13:30,2025-04-28T07:34:35,536,false_positive
INV-07608,A-09684,ORG-011,ANALYST-01,2025-06-16T15:24:03,2025-06-16T16:22:08,168,false_positive
INV-07609,A-09686,ORG-011,ANALYST-19,2025-06-14T08:18:25,2025-06-14T12:51:25,401,resolved
INV-07610,A-09687,ORG-011,ANALYST-20,2025-01-05T03:12:48,2025-01-05T03:45:59,235,escalated
INV-07611,A-09688,ORG-011,ANALYST-10,2025-01-23T00:43:51,2025-01-23T08:18:50,632,open
INV-07612,A-09690,ORG-011,ANALYST-05,2025-01-12T01:14:31,2025-01-12T03:41:48,286,false_positive
INV-07613,A-09691,ORG-011,ANALYST-10,2025-03-12T08:29:49,2025-03-12T12:31:50,378,escalated
INV-07614,A-09692,ORG-011,ANALYST-09,2025-06-07T22:24:20,2025-06-08T04:13:59,320,resolved
INV-07615,A-09693,ORG-011,ANALYST-01,2025-04-19T06:58:26,2025-04-19T08:34:43,347,resolved
INV-07616,A-09694,ORG-011,ANALYST-18,2025-04-03T16:22:20,2025-04-03T20:12:17,233,open
INV-07617,A-09695,ORG-011,ANALYST-17,2025-01-31T23:54:52,2025-02-01T05:54:07,339,false_positive
INV-07618,A-09696,ORG-011,ANALYST-03,2025-01-03T01:06:27,2025-01-03T06:27:44,500,false_positive
INV-07619,A-09697,ORG-011,ANALYST-15,2025-05-08T18:38:06,2025-05-08T22:23:18,469,escalated
INV-07620,A-09698,ORG-011,ANALYST-08,2025-02-01T00:57:38,2025-02-01T08:16:31,218,resolved
INV-07621,A-09699,ORG-011,ANALYST-07,2025-04-22T16:34:58,2025-04-22T22:21:58,299,resolved
INV-07622,A-09700,ORG-011,ANALYST-19,2025-01-26T15:43:35,2025-01-26T19:52:54,738,false_positive
INV-07623,A-09701,ORG-011,ANALYST-17,2025-01-04T17:27:23,2025-01-04T22:27:57,215,resolved
INV-07624,A-09702,ORG-011,ANALYST-02,2025-02-10T00:18:56,2025-02-10T05:23:49,202,resolved
INV-07625,A-09705,ORG-011,ANALYST-13,2025-06-17T07:13:12,2025-06-17T10:51:26,223,resolved
INV-07626,A-09708,ORG-011,ANALYST-17,2025-01-28T12:40:32,2025-01-28T14:28:20,495,escalated
INV-07627,A-09709,ORG-011,ANALYST-03,2025-04-24T11:36:17,2025-04-24T12:39:14,166,resolved
INV-07628,A-09710,ORG-011,ANALYST-06,2025-03-03T02:52:33,2025-03-03T07:55:25,286,resolved
INV-07629,A-09711,ORG-012,ANALYST-12,2025-04-01T03:51:46,2025-04-01T11:01:56,262,resolved
INV-07630,A-09712,ORG-012,ANALYST-02,2025-03-08T05:13:01,2025-03-08T09:27:26,145,false_positive
INV-07631,A-09713,ORG-012,ANALYST-17,2025-02-15T17:29:03,2025-02-15T20:30:13,329,resolved
INV-07632,A-09714,ORG-012,ANALYST-16,2025-04-14T09:40:26,2025-04-14T17:38:45,281,false_positive
INV-07633,A-09715,ORG-012,ANALYST-20,2025-06-01T21:07:10,2025-06-02T02:46:53,145,open
INV-07634,A-09716,ORG-012,ANALYST-19,2025-03-15T00:52:34,2025-03-15T07:36:25,345,resolved
INV-07635,A-09717,ORG-012,ANALYST-04,2025-02-04T23:28:39,2025-02-05T06:26:08,467,false_positive
INV-07636,A-09718,ORG-012,ANALYST-17,2025-03-25T15:49:56,2025-03-25T16:32:45,245,resolved
INV-07637,A-09719,ORG-012,ANALYST-18,2025-05-17T23:49:39,2025-05-18T02:03:11,58,resolved
INV-07638,A-09720,ORG-012,ANALYST-01,2025-03-12T02:24:22,2025-03-12T03:05:11,392,escalated
INV-07639,A-09722,ORG-012,ANALYST-10,2025-06-11T00:02:12,2025-06-11T02:57:03,456,resolved
INV-07640,A-09723,ORG-012,ANALYST-03,2025-03-13T20:16:05,2025-03-14T01:38:57,672,open
INV-07641,A-09724,ORG-012,ANALYST-01,2025-04-20T08:08:56,2025-04-20T08:52:34,635,resolved
INV-07642,A-09725,ORG-012,ANALYST-10,2025-03-21T14:30:38,2025-03-21T19:37:30,151,resolved
INV-07643,A-09726,ORG-012,ANALYST-05,2025-05-14T04:32:47,2025-05-14T06:37:27,525,resolved
INV-07644,A-09727,ORG-012,ANALYST-06,2025-01-04T07:02:28,2025-01-04T10:33:54,458,resolved
INV-07645,A-09728,ORG-012,ANALYST-14,2025-01-29T19:43:40,2025-01-30T03:13:52,247,resolved
INV-07646,A-09729,ORG-012,ANALYST-19,2025-02-05T15:11:17,2025-02-05T21:10:15,403,resolved
INV-07647,A-09730,ORG-012,ANALYST-12,2025-03-03T14:32:05,2025-03-03T20:21:38,259,false_positive
INV-07648,A-09731,ORG-012,ANALYST-18,2025-01-08T07:05:18,2025-01-08T09:55:53,651,escalated
INV-07649,A-09732,ORG-012,ANALYST-04,2025-04-03T16:22:00,2025-04-03T21:51:24,192,resolved
INV-07650,A-09733,ORG-012,ANALYST-02,2025-02-12T19:24:14,2025-02-12T23:44:25,690,false_positive
INV-07651,A-09735,ORG-012,ANALYST-03,2025-03-01T06:46:34,2025-03-01T12:44:09,151,resolved
INV-07652,A-09736,ORG-012,ANALYST-11,2025-06-22T15:21:30,2025-06-22T17:44:20,350,resolved
INV-07653,A-09737,ORG-012,ANALYST-13,2025-03-27T11:15:04,2025-03-27T11:49:47,288,resolved
INV-07654,A-09738,ORG-012,ANALYST-06,2025-01-21T12:20:18,2025-01-21T19:40:27,87,escalated
INV-07655,A-09739,ORG-012,ANALYST-03,2025-01-20T10:40:52,2025-01-20T18:00:37,274,resolved
INV-07656,A-09740,ORG-012,ANALYST-14,2025-04-07T02:35:56,2025-04-07T08:39:35,290,resolved
INV-07657,A-09741,ORG-012,ANALYST-15,2025-03-26T10:26:41,2025-03-26T18:13:40,423,escalated
INV-07658,A-09742,ORG-012,ANALYST-14,2025-04-25T03:56:31,2025-04-25T04:37:08,143,escalated
INV-07659,A-09743,ORG-012,ANALYST-08,2025-05-18T10:59:45,2025-05-18T17:57:34,182,false_positive
INV-07660,A-09744,ORG-012,ANALYST-11,2025-03-16T23:03:17,2025-03-17T05:52:44,461,resolved
INV-07661,A-09745,ORG-012,ANALYST-06,2025-06-07T02:32:26,2025-06-07T07:16:15,624,resolved
INV-07662,A-09746,ORG-012,ANALYST-20,2025-06-16T22:33:58,2025-06-17T00:09:41,271,resolved
INV-07663,A-09747,ORG-012,ANALYST-04,2025-03-24T11:52:01,2025-03-24T16:16:54,364,false_positive
INV-07664,A-09748,ORG-012,ANALYST-04,2025-06-30T17:52:56,2025-06-30T20:06:31,474,resolved
INV-07665,A-09749,ORG-012,ANALYST-16,2025-03-14T06:42:33,2025-03-14T14:38:01,459,false_positive
INV-07666,A-09750,ORG-012,ANALYST-10,2025-06-01T00:15:22,2025-06-01T02:31:15,625,false_positive
INV-07667,A-09751,ORG-012,ANALYST-14,2025-02-10T07:02:45,2025-02-10T13:02:00,287,resolved
INV-07668,A-09753,ORG-012,ANALYST-09,2025-06-23T16:42:15,2025-06-23T23:49:31,689,escalated
INV-07669,A-09754,ORG-012,ANALYST-13,2025-06-18T11:01:06,2025-06-18T11:39:24,187,false_positive
INV-07670,A-09755,ORG-012,ANALYST-08,2025-04-22T07:58:29,2025-04-22T13:06:44,227,resolved
INV-07671,A-09756,ORG-012,ANALYST-12,2025-04-15T06:38:50,2025-04-15T11:21:27,527,resolved
INV-07672,A-09757,ORG-012,ANALYST-01,2025-05-22T15:19:25,2025-05-22T20:04:00,232,open
INV-07673,A-09758,ORG-012,ANALYST-17,2025-04-15T11:40:27,2025-04-15T16:12:35,612,resolved
INV-07674,A-09759,ORG-012,ANALYST-03,2025-05-01T07:40:23,2025-05-01T11:19:10,276,escalated
INV-07675,A-09760,ORG-012,ANALYST-19,2025-05-05T15:06:43,2025-05-05T17:44:04,227,resolved
INV-07676,A-09761,ORG-012,ANALYST-16,2025-06-16T12:32:13,2025-06-16T20:01:52,280,resolved
INV-07677,A-09764,ORG-012,ANALYST-02,2025-03-22T20:13:17,2025-03-23T02:08:15,703,escalated
INV-07678,A-09765,ORG-012,ANALYST-20,2025-02-10T12:21:46,2025-02-10T15:53:26,159,resolved
INV-07679,A-09766,ORG-012,ANALYST-18,2025-04-24T06:38:17,2025-04-24T10:49:39,494,resolved
INV-07680,A-09767,ORG-012,ANALYST-09,2025-01-30T02:10:12,2025-01-30T07:38:10,424,false_positive
INV-07681,A-09769,ORG-012,ANALYST-05,2025-05-27T00:50:00,2025-05-27T05:40:32,743,escalated
INV-07682,A-09770,ORG-012,ANALYST-18,2025-05-26T14:41:24,2025-05-26T22:04:08,439,open
INV-07683,A-09771,ORG-012,ANALYST-14,2025-06-09T11:40:42,2025-06-09T13:10:42,541,escalated
INV-07684,A-09772,ORG-012,ANALYST-16,2025-04-03T03:01:57,2025-04-03T09:59:06,135,resolved
INV-07685,A-09773,ORG-012,ANALYST-15,2025-04-18T20:17:28,2025-04-19T03:14:23,219,false_positive
INV-07686,A-09776,ORG-012,ANALYST-13,2025-01-27T03:12:58,2025-01-27T05:55:11,568,resolved
INV-07687,A-09777,ORG-012,ANALYST-18,2025-02-24T07:57:28,2025-02-24T15:29:30,613,false_positive
INV-07688,A-09778,ORG-012,ANALYST-06,2025-05-11T03:27:27,2025-05-11T09:25:02,114,resolved
INV-07689,A-09779,ORG-012,ANALYST-04,2025-06-04T04:47:04,2025-06-04T06:17:19,571,resolved
INV-07690,A-09781,ORG-012,ANALYST-15,2025-01-30T12:03:28,2025-01-30T19:39:19,460,resolved
INV-07691,A-09782,ORG-012,ANALYST-02,2025-05-31T20:39:55,2025-06-01T01:35:44,293,resolved
INV-07692,A-09783,ORG-012,ANALYST-20,2025-01-09T23:13:01,2025-01-10T02:04:46,415,resolved
INV-07693,A-09784,ORG-012,ANALYST-02,2025-04-08T06:38:21,2025-04-08T08:16:00,386,resolved
INV-07694,A-09785,ORG-012,ANALYST-19,2025-04-28T06:26:16,2025-04-28T09:31:26,81,resolved
INV-07695,A-09786,ORG-012,ANALYST-11,2025-01-10T05:43:28,2025-01-10T07:39:03,348,open
INV-07696,A-09787,ORG-012,ANALYST-05,2025-03-23T15:25:57,2025-03-23T16:44:10,607,resolved
INV-07697,A-09789,ORG-012,ANALYST-20,2025-01-25T00:57:17,2025-01-25T06:45:59,251,resolved
INV-07698,A-09790,ORG-012,ANALYST-16,2025-02-20T06:35:11,2025-02-20T08:07:07,409,resolved
INV-07699,A-09791,ORG-012,ANALYST-10,2025-04-22T19:07:25,2025-04-22T21:35:56,92,false_positive
INV-07700,A-09792,ORG-012,ANALYST-07,2025-01-08T00:55:31,2025-01-08T03:51:52,322,resolved
INV-07701,A-09794,ORG-012,ANALYST-09,2025-06-10T16:18:00,2025-06-10T20:53:22,177,resolved
INV-07702,A-09795,ORG-012,ANALYST-03,2025-03-11T17:32:30,2025-03-11T21:11:28,571,false_positive
INV-07703,A-09796,ORG-012,ANALYST-20,2025-05-03T11:57:22,2025-05-03T14:50:47,751,escalated
INV-07704,A-09797,ORG-012,ANALYST-05,2025-03-30T05:00:10,2025-03-30T09:11:10,542,escalated
INV-07705,A-09799,ORG-012,ANALYST-02,2025-01-30T02:23:05,2025-01-30T07:22:09,168,resolved
INV-07706,A-09800,ORG-012,ANALYST-11,2025-03-17T13:06:35,2025-03-17T16:02:03,428,escalated
INV-07707,A-09801,ORG-012,ANALYST-03,2025-02-09T22:11:55,2025-02-10T03:34:16,381,resolved
INV-07708,A-09802,ORG-012,ANALYST-06,2025-02-06T05:39:07,2025-02-06T06:43:50,175,resolved
INV-07709,A-09803,ORG-012,ANALYST-02,2025-01-01T06:24:50,2025-01-01T13:06:16,722,resolved
INV-07710,A-09804,ORG-012,ANALYST-17,2025-05-24T02:56:52,2025-05-24T07:18:17,528,resolved
INV-07711,A-09805,ORG-012,ANALYST-06,2025-04-10T20:42:08,2025-04-10T22:18:23,651,false_positive
INV-07712,A-09806,ORG-012,ANALYST-07,2025-05-02T18:33:25,2025-05-02T22:09:59,614,resolved
INV-07713,A-09807,ORG-012,ANALYST-07,2025-02-05T17:20:30,2025-02-05T23:12:41,468,false_positive
INV-07714,A-09808,ORG-012,ANALYST-06,2025-05-24T01:39:32,2025-05-24T06:28:49,386,escalated
INV-07715,A-09809,ORG-012,ANALYST-04,2025-03-19T18:37:41,2025-03-20T00:31:30,112,resolved
INV-07716,A-09810,ORG-012,ANALYST-03,2025-01-19T19:53:08,2025-01-19T21:37:49,69,resolved
INV-07717,A-09811,ORG-012,ANALYST-17,2025-01-12T09:29:50,2025-01-12T14:36:51,220,escalated
INV-07718,A-09812,ORG-012,ANALYST-01,2025-01-08T12:07:16,2025-01-08T20:01:33,196,open
INV-07719,A-09813,ORG-012,ANALYST-12,2025-03-02T03:53:10,2025-03-02T10:54:57,393,resolved
INV-07720,A-09814,ORG-012,ANALYST-14,2025-01-11T19:19:12,2025-01-12T01:17:05,122,open
INV-07721,A-09815,ORG-012,ANALYST-19,2025-03-19T12:40:22,2025-03-19T17:40:15,242,false_positive
INV-07722,A-09816,ORG-012,ANALYST-09,2025-06-10T02:27:03,2025-06-10T04:48:25,287,resolved
INV-07723,A-09818,ORG-012,ANALYST-17,2025-03-21T14:05:24,2025-03-21T17:23:33,324,resolved
INV-07724,A-09820,ORG-012,ANALYST-14,2025-05-19T11:10:44,2025-05-19T16:55:36,357,resolved
INV-07725,A-09821,ORG-012,ANALYST-13,2025-02-19T19:53:00,2025-02-19T21:45:50,462,escalated
INV-07726,A-09822,ORG-012,ANALYST-04,2025-04-17T04:28:12,2025-04-17T09:31:07,362,false_positive
INV-07727,A-09823,ORG-012,ANALYST-15,2025-03-09T11:14:49,2025-03-09T14:25:47,119,resolved
INV-07728,A-09824,ORG-012,ANALYST-15,2025-03-03T04:46:01,2025-03-03T12:24:38,478,resolved
INV-07729,A-09825,ORG-012,ANALYST-09,2025-04-19T11:07:45,2025-04-19T13:53:52,226,false_positive
INV-07730,A-09828,ORG-012,ANALYST-04,2025-05-13T23:06:04,2025-05-14T02:05:55,56,escalated
INV-07731,A-09829,ORG-012,ANALYST-14,2025-03-21T07:32:17,2025-03-21T09:25:40,218,resolved
INV-07732,A-09830,ORG-012,ANALYST-13,2025-01-24T15:53:14,2025-01-24T17:07:51,413,false_positive
